country,shirt_number,player_name,position,date_of_birth,age,club_or_association,market_value_raw,market_value_eur,player_url,source_url,source_file,fetched_at_utc
Mexico,1,Raúl Rangel,Goalkeeper,25/02/2000,26,Raúl Rangel,€6.50m,6500000.0,https://www.transfermarkt.com/raul-rangel/profil/spieler/802855,https://www.transfermarkt.com/mexiko/startseite/verein/6303,data/raw/20260612_130743_transfermarkt_Mexico_national_team_8cad0cbb4b66.html,2026-06-12T04:07:43+00:00
Mexico,12,Carlos Acevedo,Goalkeeper,19/04/1996,30,Carlos Acevedo,€2.80m,2800000.0,https://www.transfermarkt.com/carlos-acevedo/profil/spieler/356042,https://www.transfermarkt.com/mexiko/startseite/verein/6303,data/raw/20260612_130743_transfermarkt_Mexico_national_team_8cad0cbb4b66.html,2026-06-12T04:07:43+00:00
Mexico,13,Guillermo Ochoa,Goalkeeper,13/07/1985,40,Guillermo Ochoa,€250k,250000.0,https://www.transfermarkt.com/guillermo-ochoa/profil/spieler/29559,https://www.transfermarkt.com/mexiko/startseite/verein/6303,data/raw/20260612_130743_transfermarkt_Mexico_national_team_8cad0cbb4b66.html,2026-06-12T04:07:43+00:00
Mexico,5,Johan Vásquez,Centre-Back,22/10/1998,27,Johan Vásquez,€12.00m,12000000.0,https://www.transfermarkt.com/johan-vasquez/profil/spieler/532937,https://www.transfermarkt.com/mexiko/startseite/verein/6303,data/raw/20260612_130743_transfermarkt_Mexico_national_team_8cad0cbb4b66.html,2026-06-12T04:07:43+00:00
Mexico,3,César Montes,Centre-Back,24/02/1997,29,César Montes,€7.50m,7500000.0,https://www.transfermarkt.com/cesar-montes/profil/spieler/387687,https://www.transfermarkt.com/mexiko/startseite/verein/6303,data/raw/20260612_130743_transfermarkt_Mexico_national_team_8cad0cbb4b66.html,2026-06-12T04:07:43+00:00
Mexico,7,Luis Romo,Centre-Back,05/06/1995,31,Luis Romo,€3.00m,3000000.0,https://www.transfermarkt.com/luis-romo/profil/spieler/532938,https://www.transfermarkt.com/mexiko/startseite/verein/6303,data/raw/20260612_130743_transfermarkt_Mexico_national_team_8cad0cbb4b66.html,2026-06-12T04:07:43+00:00
Mexico,20,Mateo Chávez,Left-Back,12/05/2004,22,Mateo Chávez,€4.00m,4000000.0,https://www.transfermarkt.com/mateo-chavez/profil/spieler/1066953,https://www.transfermarkt.com/mexiko/startseite/verein/6303,data/raw/20260612_130743_transfermarkt_Mexico_national_team_8cad0cbb4b66.html,2026-06-12T04:07:43+00:00
Mexico,23,Jesús Gallardo,Left-Back,15/08/1994,31,Jesús Gallardo,€2.80m,2800000.0,https://www.transfermarkt.com/jesus-gallardo/profil/spieler/344854,https://www.transfermarkt.com/mexiko/startseite/verein/6303,data/raw/20260612_130743_transfermarkt_Mexico_national_team_8cad0cbb4b66.html,2026-06-12T04:07:43+00:00
Mexico,15,Israel Reyes,Right-Back,23/05/2000,26,Israel Reyes,€6.50m,6500000.0,https://www.transfermarkt.com/israel-reyes/profil/spieler/687558,https://www.transfermarkt.com/mexiko/startseite/verein/6303,data/raw/20260612_130743_transfermarkt_Mexico_national_team_8cad0cbb4b66.html,2026-06-12T04:07:43+00:00
Mexico,2,Jorge Sánchez,Right-Back,10/12/1997,28,Jorge Sánchez,€2.00m,2000000.0,https://www.transfermarkt.com/jorge-sanchez/profil/spieler/356044,https://www.transfermarkt.com/mexiko/startseite/verein/6303,data/raw/20260612_130743_transfermarkt_Mexico_national_team_8cad0cbb4b66.html,2026-06-12T04:07:43+00:00
Mexico,4,Edson Álvarez,Defensive Midfield,24/10/1997,28,Edson Álvarez,€15.00m,15000000.0,https://www.transfermarkt.com/edson-alvarez/profil/spieler/401356,https://www.transfermarkt.com/mexiko/startseite/verein/6303,data/raw/20260612_130743_transfermarkt_Mexico_national_team_8cad0cbb4b66.html,2026-06-12T04:07:43+00:00
Mexico,6,Érik Lira,Defensive Midfield,08/05/2000,26,Érik Lira,€12.00m,12000000.0,https://www.transfermarkt.com/erik-lira/profil/spieler/602324,https://www.transfermarkt.com/mexiko/startseite/verein/6303,data/raw/20260612_130743_transfermarkt_Mexico_national_team_8cad0cbb4b66.html,2026-06-12T04:07:43+00:00
Mexico,24,Luis Chávez,Defensive Midfield,15/01/1996,30,Luis Chávez,€6.00m,6000000.0,https://www.transfermarkt.com/luis-chavez/profil/spieler/331059,https://www.transfermarkt.com/mexiko/startseite/verein/6303,data/raw/20260612_130743_transfermarkt_Mexico_national_team_8cad0cbb4b66.html,2026-06-12T04:07:43+00:00
Mexico,18,Obed Vargas,Central Midfield,05/08/2005,20,Obed Vargas,€10.00m,10000000.0,https://www.transfermarkt.com/obed-vargas/profil/spieler/889435,https://www.transfermarkt.com/mexiko/startseite/verein/6303,data/raw/20260612_130743_transfermarkt_Mexico_national_team_8cad0cbb4b66.html,2026-06-12T04:07:43+00:00
Mexico,17,Orbelín Pineda,Central Midfield,24/03/1996,30,Orbelín Pineda,€7.00m,7000000.0,https://www.transfermarkt.com/orbelin-pineda/profil/spieler/334042,https://www.transfermarkt.com/mexiko/startseite/verein/6303,data/raw/20260612_130743_transfermarkt_Mexico_national_team_8cad0cbb4b66.html,2026-06-12T04:07:43+00:00
Mexico,8,Álvaro Fidalgo,Central Midfield,09/04/1997,29,Álvaro Fidalgo,€6.00m,6000000.0,https://www.transfermarkt.com/alvaro-fidalgo/profil/spieler/261503,https://www.transfermarkt.com/mexiko/startseite/verein/6303,data/raw/20260612_130743_transfermarkt_Mexico_national_team_8cad0cbb4b66.html,2026-06-12T04:07:43+00:00
Mexico,19,Gilberto Mora,Attacking Midfield,14/10/2008,17,Gilberto Mora,€10.00m,10000000.0,https://www.transfermarkt.com/gilberto-mora/profil/spieler/1155723,https://www.transfermarkt.com/mexiko/startseite/verein/6303,data/raw/20260612_130743_transfermarkt_Mexico_national_team_8cad0cbb4b66.html,2026-06-12T04:07:43+00:00
Mexico,26,Brian Gutiérrez,Attacking Midfield,17/06/2003,22,Brian Gutiérrez,€8.00m,8000000.0,https://www.transfermarkt.com/brian-gutierrez/profil/spieler/724443,https://www.transfermarkt.com/mexiko/startseite/verein/6303,data/raw/20260612_130743_transfermarkt_Mexico_national_team_8cad0cbb4b66.html,2026-06-12T04:07:43+00:00
Mexico,10,Alexis Vega,Left Winger,25/11/1997,28,Alexis Vega,€8.00m,8000000.0,https://www.transfermarkt.com/alexis-vega/profil/spieler/424689,https://www.transfermarkt.com/mexiko/startseite/verein/6303,data/raw/20260612_130743_transfermarkt_Mexico_national_team_8cad0cbb4b66.html,2026-06-12T04:07:43+00:00
Mexico,21,César Huerta,Left Winger,03/12/2000,25,César Huerta,€3.50m,3500000.0,https://www.transfermarkt.com/cesar-huerta/profil/spieler/540315,https://www.transfermarkt.com/mexiko/startseite/verein/6303,data/raw/20260612_130743_transfermarkt_Mexico_national_team_8cad0cbb4b66.html,2026-06-12T04:07:43+00:00
Mexico,25,Roberto Alvarado,Right Winger,07/09/1998,27,Roberto Alvarado,€7.50m,7500000.0,https://www.transfermarkt.com/roberto-alvarado/profil/spieler/353583,https://www.transfermarkt.com/mexiko/startseite/verein/6303,data/raw/20260612_130743_transfermarkt_Mexico_national_team_8cad0cbb4b66.html,2026-06-12T04:07:43+00:00
Mexico,11,Santiago Gimenez,Centre-Forward,18/04/2001,25,Santiago Gimenez,€18.00m,18000000.0,https://www.transfermarkt.com/santiago-gimenez/profil/spieler/552955,https://www.transfermarkt.com/mexiko/startseite/verein/6303,data/raw/20260612_130743_transfermarkt_Mexico_national_team_8cad0cbb4b66.html,2026-06-12T04:07:43+00:00
Mexico,14,Armando González,Centre-Forward,20/04/2003,23,Armando González,€15.00m,15000000.0,https://www.transfermarkt.com/armando-gonzalez/profil/spieler/837619,https://www.transfermarkt.com/mexiko/startseite/verein/6303,data/raw/20260612_130743_transfermarkt_Mexico_national_team_8cad0cbb4b66.html,2026-06-12T04:07:43+00:00
Mexico,16,Julián Quiñones,Centre-Forward,24/03/1997,29,Julián Quiñones,€14.00m,14000000.0,https://www.transfermarkt.com/julian-quinones/profil/spieler/416090,https://www.transfermarkt.com/mexiko/startseite/verein/6303,data/raw/20260612_130743_transfermarkt_Mexico_national_team_8cad0cbb4b66.html,2026-06-12T04:07:43+00:00
Mexico,9,Raúl Jiménez,Centre-Forward,05/05/1991,35,Raúl Jiménez,€3.00m,3000000.0,https://www.transfermarkt.com/raul-jimenez/profil/spieler/206040,https://www.transfermarkt.com/mexiko/startseite/verein/6303,data/raw/20260612_130743_transfermarkt_Mexico_national_team_8cad0cbb4b66.html,2026-06-12T04:07:43+00:00
Mexico,22,Guillermo Martínez,Centre-Forward,15/03/1995,31,Guillermo Martínez,€1.50m,1500000.0,https://www.transfermarkt.com/guillermo-martinez/profil/spieler/347932,https://www.transfermarkt.com/mexiko/startseite/verein/6303,data/raw/20260612_130743_transfermarkt_Mexico_national_team_8cad0cbb4b66.html,2026-06-12T04:07:43+00:00
South Africa,16,Sipho Chaine,Goalkeeper,14/12/1996,29,Sipho Chaine,€1.60m,1600000.0,https://www.transfermarkt.com/sipho-chaine/profil/spieler/453370,https://www.transfermarkt.com/sudafrika/startseite/verein/3806,data/raw/20260612_130747_transfermarkt_South_Africa_national_team_a0a94759d1b9.html,2026-06-12T04:07:46+00:00
South Africa,1,Ronwen Williams,Goalkeeper,21/01/1992,34,Ronwen Williams,€800k,800000.0,https://www.transfermarkt.com/ronwen-williams/profil/spieler/175577,https://www.transfermarkt.com/sudafrika/startseite/verein/3806,data/raw/20260612_130747_transfermarkt_South_Africa_national_team_a0a94759d1b9.html,2026-06-12T04:07:46+00:00
South Africa,22,Ricardo Goss,Goalkeeper,02/04/1994,32,Ricardo Goss,€350k,350000.0,https://www.transfermarkt.com/ricardo-goss/profil/spieler/258304,https://www.transfermarkt.com/sudafrika/startseite/verein/3806,data/raw/20260612_130747_transfermarkt_South_Africa_national_team_a0a94759d1b9.html,2026-06-12T04:07:46+00:00
South Africa,14,Mbekezeli Mbokazi,Centre-Back,19/09/2005,20,Mbekezeli Mbokazi,€3.50m,3500000.0,https://www.transfermarkt.com/mbekezeli-mbokazi/profil/spieler/1378320,https://www.transfermarkt.com/sudafrika/startseite/verein/3806,data/raw/20260612_130747_transfermarkt_South_Africa_national_team_a0a94759d1b9.html,2026-06-12T04:07:46+00:00
South Africa,21,Ime Okon,Centre-Back,20/02/2004,22,Ime Okon,€2.00m,2000000.0,https://www.transfermarkt.com/ime-okon/profil/spieler/1107265,https://www.transfermarkt.com/sudafrika/startseite/verein/3806,data/raw/20260612_130747_transfermarkt_South_Africa_national_team_a0a94759d1b9.html,2026-06-12T04:07:46+00:00
South Africa,24,Olwethu Makhanya,Centre-Back,30/04/2004,22,Olwethu Makhanya,€2.00m,2000000.0,https://www.transfermarkt.com/olwethu-makhanya/profil/spieler/1069801,https://www.transfermarkt.com/sudafrika/startseite/verein/3806,data/raw/20260612_130747_transfermarkt_South_Africa_national_team_a0a94759d1b9.html,2026-06-12T04:07:46+00:00
South Africa,19,Nkosinathi Sibisi,Centre-Back,22/09/1995,30,Nkosinathi Sibisi,€1.60m,1600000.0,https://www.transfermarkt.com/nkosinathi-sibisi/profil/spieler/399068,https://www.transfermarkt.com/sudafrika/startseite/verein/3806,data/raw/20260612_130747_transfermarkt_South_Africa_national_team_a0a94759d1b9.html,2026-06-12T04:07:46+00:00
South Africa,3,Khulumani Ndamane,Centre-Back,05/02/2004,22,Khulumani Ndamane,€1.20m,1200000.0,https://www.transfermarkt.com/khulumani-ndamane/profil/spieler/1283140,https://www.transfermarkt.com/sudafrika/startseite/verein/3806,data/raw/20260612_130747_transfermarkt_South_Africa_national_team_a0a94759d1b9.html,2026-06-12T04:07:46+00:00
South Africa,18,Samukele Kabini,Left-Back,15/03/2004,22,Samukele Kabini,€2.50m,2500000.0,https://www.transfermarkt.com/samukele-kabini/profil/spieler/1175086,https://www.transfermarkt.com/sudafrika/startseite/verein/3806,data/raw/20260612_130747_transfermarkt_South_Africa_national_team_a0a94759d1b9.html,2026-06-12T04:07:46+00:00
South Africa,6,Aubrey Modiba,Left-Back,22/07/1995,30,Aubrey Modiba,€1.80m,1800000.0,https://www.transfermarkt.com/aubrey-modiba/profil/spieler/353432,https://www.transfermarkt.com/sudafrika/startseite/verein/3806,data/raw/20260612_130747_transfermarkt_South_Africa_national_team_a0a94759d1b9.html,2026-06-12T04:07:46+00:00
South Africa,26,Bradley Cross,Left-Back,30/01/2001,25,Bradley Cross,€1.00m,1000000.0,https://www.transfermarkt.com/bradley-cross/profil/spieler/555209,https://www.transfermarkt.com/sudafrika/startseite/verein/3806,data/raw/20260612_130747_transfermarkt_South_Africa_national_team_a0a94759d1b9.html,2026-06-12T04:07:46+00:00
South Africa,2,Thabang Matuludi,Right-Back,14/01/1999,27,Thabang Matuludi,€1.20m,1200000.0,https://www.transfermarkt.com/thabang-matuludi/profil/spieler/1109254,https://www.transfermarkt.com/sudafrika/startseite/verein/3806,data/raw/20260612_130747_transfermarkt_South_Africa_national_team_a0a94759d1b9.html,2026-06-12T04:07:46+00:00
South Africa,20,Khuliso Mudau,Right-Back,26/04/1995,31,Khuliso Mudau,€1.20m,1200000.0,https://www.transfermarkt.com/khuliso-mudau/profil/spieler/450806,https://www.transfermarkt.com/sudafrika/startseite/verein/3806,data/raw/20260612_130747_transfermarkt_South_Africa_national_team_a0a94759d1b9.html,2026-06-12T04:07:46+00:00
South Africa,25,Kamogelo Sebelebele,Right-Back,21/07/2002,23,Kamogelo Sebelebele,€1.20m,1200000.0,https://www.transfermarkt.com/kamogelo-sebelebele/profil/spieler/994370,https://www.transfermarkt.com/sudafrika/startseite/verein/3806,data/raw/20260612_130747_transfermarkt_South_Africa_national_team_a0a94759d1b9.html,2026-06-12T04:07:46+00:00
South Africa,4,Teboho Mokoena,Defensive Midfield,24/01/1997,29,Teboho Mokoena,€2.80m,2800000.0,https://www.transfermarkt.com/teboho-mokoena/profil/spieler/436372,https://www.transfermarkt.com/sudafrika/startseite/verein/3806,data/raw/20260612_130747_transfermarkt_South_Africa_national_team_a0a94759d1b9.html,2026-06-12T04:07:46+00:00
South Africa,5,Thalente Mbatha,Central Midfield,06/03/2000,26,Thalente Mbatha,€2.00m,2000000.0,https://www.transfermarkt.com/thalente-mbatha/profil/spieler/735697,https://www.transfermarkt.com/sudafrika/startseite/verein/3806,data/raw/20260612_130747_transfermarkt_South_Africa_national_team_a0a94759d1b9.html,2026-06-12T04:07:46+00:00
South Africa,23,Jayden Adams,Central Midfield,05/05/2001,25,Jayden Adams,€1.80m,1800000.0,https://www.transfermarkt.com/jayden-adams/profil/spieler/804472,https://www.transfermarkt.com/sudafrika/startseite/verein/3806,data/raw/20260612_130747_transfermarkt_South_Africa_national_team_a0a94759d1b9.html,2026-06-12T04:07:46+00:00
South Africa,13,Yaya Sithole,Central Midfield,03/03/1999,27,Yaya Sithole,€600k,600000.0,https://www.transfermarkt.com/yaya-sithole/profil/spieler/401736,https://www.transfermarkt.com/sudafrika/startseite/verein/3806,data/raw/20260612_130747_transfermarkt_South_Africa_national_team_a0a94759d1b9.html,2026-06-12T04:07:46+00:00
South Africa,11,Themba Zwane,Attacking Midfield,03/08/1989,36,Themba Zwane,€250k,250000.0,https://www.transfermarkt.com/themba-zwane/profil/spieler/176578,https://www.transfermarkt.com/sudafrika/startseite/verein/3806,data/raw/20260612_130747_transfermarkt_South_Africa_national_team_a0a94759d1b9.html,2026-06-12T04:07:46+00:00
South Africa,10,Relebohile Mofokeng,Left Winger,23/10/2004,21,Relebohile Mofokeng,€3.00m,3000000.0,https://www.transfermarkt.com/relebohile-mofokeng/profil/spieler/1125037,https://www.transfermarkt.com/sudafrika/startseite/verein/3806,data/raw/20260612_130747_transfermarkt_South_Africa_national_team_a0a94759d1b9.html,2026-06-12T04:07:46+00:00
South Africa,7,Oswin Appollis,Left Winger,25/08/2001,24,Oswin Appollis,€2.50m,2500000.0,https://www.transfermarkt.com/oswin-appollis/profil/spieler/673381,https://www.transfermarkt.com/sudafrika/startseite/verein/3806,data/raw/20260612_130747_transfermarkt_South_Africa_national_team_a0a94759d1b9.html,2026-06-12T04:07:46+00:00
South Africa,8,Tshepang Moremi,Left Winger,02/10/2000,25,Tshepang Moremi,€1.40m,1400000.0,https://www.transfermarkt.com/tshepang-moremi/profil/spieler/844485,https://www.transfermarkt.com/sudafrika/startseite/verein/3806,data/raw/20260612_130747_transfermarkt_South_Africa_national_team_a0a94759d1b9.html,2026-06-12T04:07:46+00:00
South Africa,12,Thapelo Maseko,Left Winger,11/11/2003,22,Thapelo Maseko,€750k,750000.0,https://www.transfermarkt.com/thapelo-maseko/profil/spieler/983330,https://www.transfermarkt.com/sudafrika/startseite/verein/3806,data/raw/20260612_130747_transfermarkt_South_Africa_national_team_a0a94759d1b9.html,2026-06-12T04:07:46+00:00
South Africa,9,Lyle Foster,Centre-Forward,03/09/2000,25,Lyle Foster,€8.00m,8000000.0,https://www.transfermarkt.com/lyle-foster/profil/spieler/467623,https://www.transfermarkt.com/sudafrika/startseite/verein/3806,data/raw/20260612_130747_transfermarkt_South_Africa_national_team_a0a94759d1b9.html,2026-06-12T04:07:46+00:00
South Africa,15,Iqraam Rayners,Centre-Forward,19/12/1995,30,Iqraam Rayners,€2.80m,2800000.0,https://www.transfermarkt.com/iqraam-rayners/profil/spieler/337884,https://www.transfermarkt.com/sudafrika/startseite/verein/3806,data/raw/20260612_130747_transfermarkt_South_Africa_national_team_a0a94759d1b9.html,2026-06-12T04:07:46+00:00
South Africa,17,Evidence Makgopa,Centre-Forward,05/06/2000,26,Evidence Makgopa,€1.40m,1400000.0,https://www.transfermarkt.com/evidence-makgopa/profil/spieler/746781,https://www.transfermarkt.com/sudafrika/startseite/verein/3806,data/raw/20260612_130747_transfermarkt_South_Africa_national_team_a0a94759d1b9.html,2026-06-12T04:07:46+00:00
South Korea,12,Bum-keun Song,Goalkeeper,15/10/1997,28,Bum-keun Song,€1.00m,1000000.0,https://www.transfermarkt.com/bum-keun-song/profil/spieler/508237,https://www.transfermarkt.com/sudkorea/startseite/verein/3589,data/raw/20260612_130751_transfermarkt_South_Korea_national_team_3d9e4b53dbd7.html,2026-06-12T04:07:50+00:00
South Korea,21,Hyeon-woo Jo,Goalkeeper,25/09/1991,34,Hyeon-woo Jo,€650k,650000.0,https://www.transfermarkt.com/hyeon-woo-jo/profil/spieler/260171,https://www.transfermarkt.com/sudkorea/startseite/verein/3589,data/raw/20260612_130751_transfermarkt_South_Korea_national_team_3d9e4b53dbd7.html,2026-06-12T04:07:50+00:00
South Korea,1,Seung-gyu Kim,Goalkeeper,30/09/1990,35,Seung-gyu Kim,€500k,500000.0,https://www.transfermarkt.com/seung-gyu-kim/profil/spieler/92076,https://www.transfermarkt.com/sudkorea/startseite/verein/3589,data/raw/20260612_130751_transfermarkt_South_Korea_national_team_3d9e4b53dbd7.html,2026-06-12T04:07:50+00:00
South Korea,4,Min-jae Kim,Centre-Back,15/11/1996,29,Min-jae Kim,€20.00m,20000000.0,https://www.transfermarkt.com/min-jae-kim/profil/spieler/503482,https://www.transfermarkt.com/sudkorea/startseite/verein/3589,data/raw/20260612_130751_transfermarkt_South_Korea_national_team_3d9e4b53dbd7.html,2026-06-12T04:07:50+00:00
South Korea,2,Han-beom Lee,Centre-Back,17/06/2002,23,Han-beom Lee,€3.00m,3000000.0,https://www.transfermarkt.com/han-beom-lee/profil/spieler/706963,https://www.transfermarkt.com/sudkorea/startseite/verein/3589,data/raw/20260612_130751_transfermarkt_South_Korea_national_team_3d9e4b53dbd7.html,2026-06-12T04:07:50+00:00
South Korea,5,Tae-hyeon Kim,Centre-Back,17/09/2000,25,Tae-hyeon Kim,€1.20m,1200000.0,https://www.transfermarkt.com/tae-hyeon-kim/profil/spieler/645847,https://www.transfermarkt.com/sudkorea/startseite/verein/3589,data/raw/20260612_130751_transfermarkt_South_Korea_national_team_3d9e4b53dbd7.html,2026-06-12T04:07:50+00:00
South Korea,3,Gi-hyuk Lee,Centre-Back,07/07/2000,25,Gi-hyuk Lee,€800k,800000.0,https://www.transfermarkt.com/gi-hyuk-lee/profil/spieler/763349,https://www.transfermarkt.com/sudkorea/startseite/verein/3589,data/raw/20260612_130751_transfermarkt_South_Korea_national_team_3d9e4b53dbd7.html,2026-06-12T04:07:50+00:00
South Korea,14,Wi-je Cho,Centre-Back,25/08/2001,24,Wi-je Cho,€550k,550000.0,https://www.transfermarkt.com/wi-je-cho/profil/spieler/550978,https://www.transfermarkt.com/sudkorea/startseite/verein/3589,data/raw/20260612_130751_transfermarkt_South_Korea_national_team_3d9e4b53dbd7.html,2026-06-12T04:07:50+00:00
South Korea,13,Tae-seok Lee,Left-Back,28/07/2002,23,Tae-seok Lee,€2.00m,2000000.0,https://www.transfermarkt.com/tae-seok-lee/profil/spieler/639027,https://www.transfermarkt.com/sudkorea/startseite/verein/3589,data/raw/20260612_130751_transfermarkt_South_Korea_national_team_3d9e4b53dbd7.html,2026-06-12T04:07:50+00:00
South Korea,22,Young-woo Seol,Right-Back,05/12/1998,27,Young-woo Seol,€6.50m,6500000.0,https://www.transfermarkt.com/young-woo-seol/profil/spieler/639414,https://www.transfermarkt.com/sudkorea/startseite/verein/3589,data/raw/20260612_130751_transfermarkt_South_Korea_national_team_3d9e4b53dbd7.html,2026-06-12T04:07:50+00:00
South Korea,15,Moon-hwan Kim,Right-Back,01/08/1995,30,Moon-hwan Kim,€750k,750000.0,https://www.transfermarkt.com/moon-hwan-kim/profil/spieler/524592,https://www.transfermarkt.com/sudkorea/startseite/verein/3589,data/raw/20260612_130751_transfermarkt_South_Korea_national_team_3d9e4b53dbd7.html,2026-06-12T04:07:50+00:00
South Korea,6,In-beom Hwang,Defensive Midfield,20/09/1996,29,In-beom Hwang,€7.00m,7000000.0,https://www.transfermarkt.com/in-beom-hwang/profil/spieler/365394,https://www.transfermarkt.com/sudkorea/startseite/verein/3589,data/raw/20260612_130751_transfermarkt_South_Korea_national_team_3d9e4b53dbd7.html,2026-06-12T04:07:50+00:00
South Korea,16,Jin-seob Park,Defensive Midfield,23/10/1995,30,Jin-seob Park,€1.00m,1000000.0,https://www.transfermarkt.com/jin-seob-park/profil/spieler/557469,https://www.transfermarkt.com/sudkorea/startseite/verein/3589,data/raw/20260612_130751_transfermarkt_South_Korea_national_team_3d9e4b53dbd7.html,2026-06-12T04:07:50+00:00
South Korea,23,Jens Castrop,Central Midfield,29/07/2003,22,Jens Castrop,€10.00m,10000000.0,https://www.transfermarkt.com/jens-castrop/profil/spieler/613192,https://www.transfermarkt.com/sudkorea/startseite/verein/3589,data/raw/20260612_130751_transfermarkt_South_Korea_national_team_3d9e4b53dbd7.html,2026-06-12T04:07:50+00:00
South Korea,8,Seung-ho Paik,Central Midfield,17/03/1997,29,Seung-ho Paik,€2.00m,2000000.0,https://www.transfermarkt.com/seung-ho-paik/profil/spieler/282689,https://www.transfermarkt.com/sudkorea/startseite/verein/3589,data/raw/20260612_130751_transfermarkt_South_Korea_national_team_3d9e4b53dbd7.html,2026-06-12T04:07:50+00:00
South Korea,24,Jin-gyu Kim,Central Midfield,24/02/1997,29,Jin-gyu Kim,€1.20m,1200000.0,https://www.transfermarkt.com/jin-gyu-kim/profil/spieler/365377,https://www.transfermarkt.com/sudkorea/startseite/verein/3589,data/raw/20260612_130751_transfermarkt_South_Korea_national_team_3d9e4b53dbd7.html,2026-06-12T04:07:50+00:00
South Korea,19,Kang-in Lee,Attacking Midfield,19/02/2001,25,Kang-in Lee,€28.00m,28000000.0,https://www.transfermarkt.com/kang-in-lee/profil/spieler/557149,https://www.transfermarkt.com/sudkorea/startseite/verein/3589,data/raw/20260612_130751_transfermarkt_South_Korea_national_team_3d9e4b53dbd7.html,2026-06-12T04:07:50+00:00
South Korea,17,Jun-ho Bae,Attacking Midfield,21/08/2003,22,Jun-ho Bae,€4.00m,4000000.0,https://www.transfermarkt.com/jun-ho-bae/profil/spieler/912081,https://www.transfermarkt.com/sudkorea/startseite/verein/3589,data/raw/20260612_130751_transfermarkt_South_Korea_national_team_3d9e4b53dbd7.html,2026-06-12T04:07:50+00:00
South Korea,10,Jae-sung Lee,Attacking Midfield,10/08/1992,33,Jae-sung Lee,€2.00m,2000000.0,https://www.transfermarkt.com/jae-sung-lee/profil/spieler/314398,https://www.transfermarkt.com/sudkorea/startseite/verein/3589,data/raw/20260612_130751_transfermarkt_South_Korea_national_team_3d9e4b53dbd7.html,2026-06-12T04:07:50+00:00
South Korea,26,Dong-gyeong Lee,Attacking Midfield,20/09/1997,28,Dong-gyeong Lee,€1.60m,1600000.0,https://www.transfermarkt.com/dong-gyeong-lee/profil/spieler/558086,https://www.transfermarkt.com/sudkorea/startseite/verein/3589,data/raw/20260612_130751_transfermarkt_South_Korea_national_team_3d9e4b53dbd7.html,2026-06-12T04:07:50+00:00
South Korea,7,Heung-min Son,Left Winger,08/07/1992,33,Heung-min Son,€15.00m,15000000.0,https://www.transfermarkt.com/heung-min-son/profil/spieler/91845,https://www.transfermarkt.com/sudkorea/startseite/verein/3589,data/raw/20260612_130751_transfermarkt_South_Korea_national_team_3d9e4b53dbd7.html,2026-06-12T04:07:50+00:00
South Korea,25,Ji-sung Eom,Left Winger,09/05/2002,24,Ji-sung Eom,€1.80m,1800000.0,https://www.transfermarkt.com/ji-sung-eom/profil/spieler/706968,https://www.transfermarkt.com/sudkorea/startseite/verein/3589,data/raw/20260612_130751_transfermarkt_South_Korea_national_team_3d9e4b53dbd7.html,2026-06-12T04:07:50+00:00
South Korea,20,Hyun-jun Yang,Right Winger,25/05/2002,24,Hyun-jun Yang,€5.00m,5000000.0,https://www.transfermarkt.com/hyun-jun-yang/profil/spieler/853110,https://www.transfermarkt.com/sudkorea/startseite/verein/3589,data/raw/20260612_130751_transfermarkt_South_Korea_national_team_3d9e4b53dbd7.html,2026-06-12T04:07:50+00:00
South Korea,18,Hyeon-gyu Oh,Centre-Forward,12/04/2001,25,Hyeon-gyu Oh,€15.00m,15000000.0,https://www.transfermarkt.com/hyeon-gyu-oh/profil/spieler/639246,https://www.transfermarkt.com/sudkorea/startseite/verein/3589,data/raw/20260612_130751_transfermarkt_South_Korea_national_team_3d9e4b53dbd7.html,2026-06-12T04:07:50+00:00
South Korea,11,Hee-chan Hwang,Centre-Forward,26/01/1996,30,Hee-chan Hwang,€6.00m,6000000.0,https://www.transfermarkt.com/hee-chan-hwang/profil/spieler/292246,https://www.transfermarkt.com/sudkorea/startseite/verein/3589,data/raw/20260612_130751_transfermarkt_South_Korea_national_team_3d9e4b53dbd7.html,2026-06-12T04:07:50+00:00
South Korea,9,Gue-sung Cho,Centre-Forward,25/01/1998,28,Gue-sung Cho,€2.50m,2500000.0,https://www.transfermarkt.com/gue-sung-cho/profil/spieler/652537,https://www.transfermarkt.com/sudkorea/startseite/verein/3589,data/raw/20260612_130751_transfermarkt_South_Korea_national_team_3d9e4b53dbd7.html,2026-06-12T04:07:50+00:00
Czech Republic,23,Lukas Hornicek,Goalkeeper,13/07/2002,23,Lukas Hornicek,€18.00m,18000000.0,https://www.transfermarkt.com/lukas-hornicek/profil/spieler/629773,https://www.transfermarkt.com/tschechien/startseite/verein/3445,data/raw/20260612_130755_transfermarkt_Czech_Republic_national_team_e88442e71c31.html,2026-06-12T04:07:54+00:00
Czech Republic,1,Matej Kovar,Goalkeeper,17/05/2000,26,Matej Kovar,€8.00m,8000000.0,https://www.transfermarkt.com/matej-kovar/profil/spieler/550829,https://www.transfermarkt.com/tschechien/startseite/verein/3445,data/raw/20260612_130755_transfermarkt_Czech_Republic_national_team_e88442e71c31.html,2026-06-12T04:07:54+00:00
Czech Republic,16,Jindrich Stanek,Goalkeeper,27/04/1996,30,Jindrich Stanek,€2.00m,2000000.0,https://www.transfermarkt.com/jindrich-stanek/profil/spieler/242089,https://www.transfermarkt.com/tschechien/startseite/verein/3445,data/raw/20260612_130755_transfermarkt_Czech_Republic_national_team_e88442e71c31.html,2026-06-12T04:07:54+00:00
Czech Republic,7,Ladislav Krejčí,Centre-Back,20/04/1999,27,Ladislav Krejčí,€22.00m,22000000.0,https://www.transfermarkt.com/ladislav-krejci/profil/spieler/345911,https://www.transfermarkt.com/tschechien/startseite/verein/3445,data/raw/20260612_130755_transfermarkt_Czech_Republic_national_team_e88442e71c31.html,2026-06-12T04:07:54+00:00
Czech Republic,4,Robin Hranac,Centre-Back,29/01/2000,26,Robin Hranac,€10.00m,10000000.0,https://www.transfermarkt.com/robin-hranac/profil/spieler/620217,https://www.transfermarkt.com/tschechien/startseite/verein/3445,data/raw/20260612_130755_transfermarkt_Czech_Republic_national_team_e88442e71c31.html,2026-06-12T04:07:54+00:00
Czech Republic,6,Stepan Chaloupek,Centre-Back,08/03/2003,23,Stepan Chaloupek,€10.00m,10000000.0,https://www.transfermarkt.com/stepan-chaloupek/profil/spieler/944827,https://www.transfermarkt.com/tschechien/startseite/verein/3445,data/raw/20260612_130755_transfermarkt_Czech_Republic_national_team_e88442e71c31.html,2026-06-12T04:07:54+00:00
Czech Republic,2,David Zima,Centre-Back,08/11/2000,25,David Zima,€7.00m,7000000.0,https://www.transfermarkt.com/david-zima/profil/spieler/544149,https://www.transfermarkt.com/tschechien/startseite/verein/3445,data/raw/20260612_130755_transfermarkt_Czech_Republic_national_team_e88442e71c31.html,2026-06-12T04:07:54+00:00
Czech Republic,3,Tomas Holes,Centre-Back,31/03/1993,33,Tomas Holes,€1.00m,1000000.0,https://www.transfermarkt.com/tomas-holes/profil/spieler/216278,https://www.transfermarkt.com/tschechien/startseite/verein/3445,data/raw/20260612_130755_transfermarkt_Czech_Republic_national_team_e88442e71c31.html,2026-06-12T04:07:54+00:00
Czech Republic,20,Jaroslav Zelený,Centre-Back,20/08/1992,33,Jaroslav Zelený,€600k,600000.0,https://www.transfermarkt.com/jaroslav-zeleny/profil/spieler/142219,https://www.transfermarkt.com/tschechien/startseite/verein/3445,data/raw/20260612_130755_transfermarkt_Czech_Republic_national_team_e88442e71c31.html,2026-06-12T04:07:54+00:00
Czech Republic,14,David Jurásek,Left-Back,07/08/2000,25,David Jurásek,€5.00m,5000000.0,https://www.transfermarkt.com/david-jurasek/profil/spieler/500054,https://www.transfermarkt.com/tschechien/startseite/verein/3445,data/raw/20260612_130755_transfermarkt_Czech_Republic_national_team_e88442e71c31.html,2026-06-12T04:07:54+00:00
Czech Republic,5,Vladimír Coufal,Right-Back,22/08/1992,33,Vladimír Coufal,€2.50m,2500000.0,https://www.transfermarkt.com/vladimir-coufal/profil/spieler/157672,https://www.transfermarkt.com/tschechien/startseite/verein/3445,data/raw/20260612_130755_transfermarkt_Czech_Republic_national_team_e88442e71c31.html,2026-06-12T04:07:54+00:00
Czech Republic,22,Tomáš Souček,Defensive Midfield,27/02/1995,31,Tomáš Souček,€10.00m,10000000.0,https://www.transfermarkt.com/tomas-soucek/profil/spieler/283628,https://www.transfermarkt.com/tschechien/startseite/verein/3445,data/raw/20260612_130755_transfermarkt_Czech_Republic_national_team_e88442e71c31.html,2026-06-12T04:07:54+00:00
Czech Republic,18,Michal Sadílek,Central Midfield,31/05/1999,27,Michal Sadílek,€8.00m,8000000.0,https://www.transfermarkt.com/michal-sadilek/profil/spieler/321204,https://www.transfermarkt.com/tschechien/startseite/verein/3445,data/raw/20260612_130755_transfermarkt_Czech_Republic_national_team_e88442e71c31.html,2026-06-12T04:07:54+00:00
Czech Republic,12,Lukas Cerv,Central Midfield,10/04/2001,25,Lukas Cerv,€6.00m,6000000.0,https://www.transfermarkt.com/lukas-cerv/profil/spieler/611049,https://www.transfermarkt.com/tschechien/startseite/verein/3445,data/raw/20260612_130755_transfermarkt_Czech_Republic_national_team_e88442e71c31.html,2026-06-12T04:07:54+00:00
Czech Republic,25,Hugo Sochurek,Central Midfield,07/06/2008,18,Hugo Sochurek,€3.50m,3500000.0,https://www.transfermarkt.com/hugo-sochurek/profil/spieler/1206877,https://www.transfermarkt.com/tschechien/startseite/verein/3445,data/raw/20260612_130755_transfermarkt_Czech_Republic_national_team_e88442e71c31.html,2026-06-12T04:07:54+00:00
Czech Republic,24,Alexandr Sojka,Central Midfield,02/04/2003,23,Alexandr Sojka,€2.30m,2300000.0,https://www.transfermarkt.com/alexandr-sojka/profil/spieler/826103,https://www.transfermarkt.com/tschechien/startseite/verein/3445,data/raw/20260612_130755_transfermarkt_Czech_Republic_national_team_e88442e71c31.html,2026-06-12T04:07:54+00:00
Czech Republic,8,Vladimír Darida,Central Midfield,08/08/1990,35,Vladimír Darida,€375k,375000.0,https://www.transfermarkt.com/vladimir-darida/profil/spieler/179643,https://www.transfermarkt.com/tschechien/startseite/verein/3445,data/raw/20260612_130755_transfermarkt_Czech_Republic_national_team_e88442e71c31.html,2026-06-12T04:07:54+00:00
Czech Republic,21,David Doudera,Right Midfield,31/05/1998,28,David Doudera,€3.50m,3500000.0,https://www.transfermarkt.com/david-doudera/profil/spieler/493758,https://www.transfermarkt.com/tschechien/startseite/verein/3445,data/raw/20260612_130755_transfermarkt_Czech_Republic_national_team_e88442e71c31.html,2026-06-12T04:07:54+00:00
Czech Republic,15,Pavel Sulc,Attacking Midfield,29/12/2000,25,Pavel Sulc,€20.00m,20000000.0,https://www.transfermarkt.com/pavel-sulc/profil/spieler/500053,https://www.transfermarkt.com/tschechien/startseite/verein/3445,data/raw/20260612_130755_transfermarkt_Czech_Republic_national_team_e88442e71c31.html,2026-06-12T04:07:54+00:00
Czech Republic,26,Denis Visinsky,Attacking Midfield,21/03/2003,23,Denis Visinsky,€3.00m,3000000.0,https://www.transfermarkt.com/denis-visinsky/profil/spieler/652060,https://www.transfermarkt.com/tschechien/startseite/verein/3445,data/raw/20260612_130755_transfermarkt_Czech_Republic_national_team_e88442e71c31.html,2026-06-12T04:07:54+00:00
Czech Republic,17,Lukas Provod,Left Winger,23/10/1996,29,Lukas Provod,€8.00m,8000000.0,https://www.transfermarkt.com/lukas-provod/profil/spieler/292779,https://www.transfermarkt.com/tschechien/startseite/verein/3445,data/raw/20260612_130755_transfermarkt_Czech_Republic_national_team_e88442e71c31.html,2026-06-12T04:07:54+00:00
Czech Republic,10,Patrik Schick,Centre-Forward,24/01/1996,30,Patrik Schick,€18.00m,18000000.0,https://www.transfermarkt.com/patrik-schick/profil/spieler/242086,https://www.transfermarkt.com/tschechien/startseite/verein/3445,data/raw/20260612_130755_transfermarkt_Czech_Republic_national_team_e88442e71c31.html,2026-06-12T04:07:54+00:00
Czech Republic,9,Adam Hlozek,Centre-Forward,25/07/2002,23,Adam Hlozek,€10.00m,10000000.0,https://www.transfermarkt.com/adam-hlozek/profil/spieler/552057,https://www.transfermarkt.com/tschechien/startseite/verein/3445,data/raw/20260612_130755_transfermarkt_Czech_Republic_national_team_e88442e71c31.html,2026-06-12T04:07:54+00:00
Czech Republic,13,Mojmír Chytil,Centre-Forward,29/04/1999,27,Mojmír Chytil,€4.00m,4000000.0,https://www.transfermarkt.com/mojmir-chytil/profil/spieler/405855,https://www.transfermarkt.com/tschechien/startseite/verein/3445,data/raw/20260612_130755_transfermarkt_Czech_Republic_national_team_e88442e71c31.html,2026-06-12T04:07:54+00:00
Czech Republic,11,Jan Kuchta,Centre-Forward,08/01/1997,29,Jan Kuchta,€2.70m,2700000.0,https://www.transfermarkt.com/jan-kuchta/profil/spieler/334802,https://www.transfermarkt.com/tschechien/startseite/verein/3445,data/raw/20260612_130755_transfermarkt_Czech_Republic_national_team_e88442e71c31.html,2026-06-12T04:07:54+00:00
Czech Republic,19,Tomas Chory,Centre-Forward,26/01/1995,31,Tomas Chory,€2.70m,2700000.0,https://www.transfermarkt.com/tomas-chory/profil/spieler/198614,https://www.transfermarkt.com/tschechien/startseite/verein/3445,data/raw/20260612_130755_transfermarkt_Czech_Republic_national_team_e88442e71c31.html,2026-06-12T04:07:54+00:00
Canada,1,Dayne St. Clair,Goalkeeper,09/05/1997,29,Dayne St. Clair,€3.50m,3500000.0,https://www.transfermarkt.com/dayne-st-clair/profil/spieler/439750,https://www.transfermarkt.com/kanada/startseite/verein/3510,data/raw/20260612_130759_transfermarkt_Canada_national_team_81f0e7f4373a.html,2026-06-12T04:07:58+00:00
Canada,16,Maxime Crépeau,Goalkeeper,11/05/1994,32,Maxime Crépeau,€1.80m,1800000.0,https://www.transfermarkt.com/maxime-crepeau/profil/spieler/189014,https://www.transfermarkt.com/kanada/startseite/verein/3510,data/raw/20260612_130759_transfermarkt_Canada_national_team_81f0e7f4373a.html,2026-06-12T04:07:58+00:00
Canada,18,Owen Goodman,Goalkeeper,27/11/2003,22,Owen Goodman,€550k,550000.0,https://www.transfermarkt.com/owen-goodman/profil/spieler/814848,https://www.transfermarkt.com/kanada/startseite/verein/3510,data/raw/20260612_130759_transfermarkt_Canada_national_team_81f0e7f4373a.html,2026-06-12T04:07:58+00:00
Canada,15,Moïse Bombito,Centre-Back,30/03/2000,26,Moïse Bombito,€7.00m,7000000.0,https://www.transfermarkt.com/moise-bombito/profil/spieler/1089202,https://www.transfermarkt.com/kanada/startseite/verein/3510,data/raw/20260612_130759_transfermarkt_Canada_national_team_81f0e7f4373a.html,2026-06-12T04:07:58+00:00
Canada,3,Alfie Jones,Centre-Back,07/10/1997,28,Alfie Jones,€6.00m,6000000.0,https://www.transfermarkt.com/alfie-jones/profil/spieler/340990,https://www.transfermarkt.com/kanada/startseite/verein/3510,data/raw/20260612_130759_transfermarkt_Canada_national_team_81f0e7f4373a.html,2026-06-12T04:07:58+00:00
Canada,13,Derek Cornelius,Centre-Back,25/11/1997,28,Derek Cornelius,€2.50m,2500000.0,https://www.transfermarkt.com/derek-cornelius/profil/spieler/328609,https://www.transfermarkt.com/kanada/startseite/verein/3510,data/raw/20260612_130759_transfermarkt_Canada_national_team_81f0e7f4373a.html,2026-06-12T04:07:58+00:00
Canada,5,Joel Waterman,Centre-Back,24/01/1996,30,Joel Waterman,€2.00m,2000000.0,https://www.transfermarkt.com/joel-waterman/profil/spieler/441738,https://www.transfermarkt.com/kanada/startseite/verein/3510,data/raw/20260612_130759_transfermarkt_Canada_national_team_81f0e7f4373a.html,2026-06-12T04:07:58+00:00
Canada,4,Luc De Fougerolles,Centre-Back,12/10/2005,20,Luc De Fougerolles,€1.00m,1000000.0,https://www.transfermarkt.com/luc-de-fougerolles/profil/spieler/921995,https://www.transfermarkt.com/kanada/startseite/verein/3510,data/raw/20260612_130759_transfermarkt_Canada_national_team_81f0e7f4373a.html,2026-06-12T04:07:58+00:00
Canada,19,Alphonso Davies,Left-Back,02/11/2000,25,Alphonso Davies,€40.00m,40000000.0,https://www.transfermarkt.com/alphonso-davies/profil/spieler/424204,https://www.transfermarkt.com/kanada/startseite/verein/3510,data/raw/20260612_130759_transfermarkt_Canada_national_team_81f0e7f4373a.html,2026-06-12T04:07:58+00:00
Canada,2,Alistair Johnston,Right-Back,08/10/1998,27,Alistair Johnston,€8.00m,8000000.0,https://www.transfermarkt.com/alistair-johnston/profil/spieler/637446,https://www.transfermarkt.com/kanada/startseite/verein/3510,data/raw/20260612_130759_transfermarkt_Canada_national_team_81f0e7f4373a.html,2026-06-12T04:07:58+00:00
Canada,22,Richie Laryea,Right-Back,07/01/1995,31,Richie Laryea,€1.00m,1000000.0,https://www.transfermarkt.com/richie-laryea/profil/spieler/417348,https://www.transfermarkt.com/kanada/startseite/verein/3510,data/raw/20260612_130759_transfermarkt_Canada_national_team_81f0e7f4373a.html,2026-06-12T04:07:58+00:00
Canada,23,Niko Sigur,Defensive Midfield,09/09/2003,22,Niko Sigur,€4.00m,4000000.0,https://www.transfermarkt.com/niko-sigur/profil/spieler/1045375,https://www.transfermarkt.com/kanada/startseite/verein/3510,data/raw/20260612_130759_transfermarkt_Canada_national_team_81f0e7f4373a.html,2026-06-12T04:07:58+00:00
Canada,8,Ismaël Koné,Central Midfield,16/06/2002,23,Ismaël Koné,€25.00m,25000000.0,https://www.transfermarkt.com/ismael-kone/profil/spieler/921655,https://www.transfermarkt.com/kanada/startseite/verein/3510,data/raw/20260612_130759_transfermarkt_Canada_national_team_81f0e7f4373a.html,2026-06-12T04:07:58+00:00
Canada,25,Nathan-Dylan Saliba,Central Midfield,07/02/2004,22,Nathan-Dylan Saliba,€7.50m,7500000.0,https://www.transfermarkt.com/nathan-dylan-saliba/profil/spieler/842420,https://www.transfermarkt.com/kanada/startseite/verein/3510,data/raw/20260612_130759_transfermarkt_Canada_national_team_81f0e7f4373a.html,2026-06-12T04:07:58+00:00
Canada,7,Stephen Eustaquio,Central Midfield,21/12/1996,29,Stephen Eustaquio,€6.00m,6000000.0,https://www.transfermarkt.com/stephen-eustaquio/profil/spieler/512913,https://www.transfermarkt.com/kanada/startseite/verein/3510,data/raw/20260612_130759_transfermarkt_Canada_national_team_81f0e7f4373a.html,2026-06-12T04:07:58+00:00
Canada,21,Jonathan Osorio,Central Midfield,12/06/1992,34,Jonathan Osorio,€1.00m,1000000.0,https://www.transfermarkt.com/jonathan-osorio/profil/spieler/260807,https://www.transfermarkt.com/kanada/startseite/verein/3510,data/raw/20260612_130759_transfermarkt_Canada_national_team_81f0e7f4373a.html,2026-06-12T04:07:58+00:00
Canada,6,Mathieu Choinière,Central Midfield,07/02/1999,27,Mathieu Choinière,€800k,800000.0,https://www.transfermarkt.com/mathieu-choiniere/profil/spieler/589006,https://www.transfermarkt.com/kanada/startseite/verein/3510,data/raw/20260612_130759_transfermarkt_Canada_national_team_81f0e7f4373a.html,2026-06-12T04:07:58+00:00
Canada,20,Ali Ahmed,Left Midfield,10/10/2000,25,Ali Ahmed,€5.00m,5000000.0,https://www.transfermarkt.com/ali-ahmed/profil/spieler/995642,https://www.transfermarkt.com/kanada/startseite/verein/3510,data/raw/20260612_130759_transfermarkt_Canada_national_team_81f0e7f4373a.html,2026-06-12T04:07:58+00:00
Canada,11,Liam Millar,Left Winger,27/09/1999,26,Liam Millar,€3.00m,3000000.0,https://www.transfermarkt.com/liam-millar/profil/spieler/487417,https://www.transfermarkt.com/kanada/startseite/verein/3510,data/raw/20260612_130759_transfermarkt_Canada_national_team_81f0e7f4373a.html,2026-06-12T04:07:58+00:00
Canada,14,Jacob Shaffelburg,Left Winger,26/11/1999,26,Jacob Shaffelburg,€2.50m,2500000.0,https://www.transfermarkt.com/jacob-shaffelburg/profil/spieler/637632,https://www.transfermarkt.com/kanada/startseite/verein/3510,data/raw/20260612_130759_transfermarkt_Canada_national_team_81f0e7f4373a.html,2026-06-12T04:07:58+00:00
Canada,7,Jayden Nelson,Left Winger,26/09/2002,23,Jayden Nelson,€2.00m,2000000.0,https://www.transfermarkt.com/jayden-nelson/profil/spieler/635445,https://www.transfermarkt.com/kanada/startseite/verein/3510,data/raw/20260612_130759_transfermarkt_Canada_national_team_81f0e7f4373a.html,2026-06-12T04:07:58+00:00
Canada,17,Tajon Buchanan,Right Winger,08/02/1999,27,Tajon Buchanan,€12.00m,12000000.0,https://www.transfermarkt.com/tajon-buchanan/profil/spieler/638793,https://www.transfermarkt.com/kanada/startseite/verein/3510,data/raw/20260612_130759_transfermarkt_Canada_national_team_81f0e7f4373a.html,2026-06-12T04:07:58+00:00
Canada,10,Jonathan David,Centre-Forward,14/01/2000,26,Jonathan David,€30.00m,30000000.0,https://www.transfermarkt.com/jonathan-david/profil/spieler/533738,https://www.transfermarkt.com/kanada/startseite/verein/3510,data/raw/20260612_130759_transfermarkt_Canada_national_team_81f0e7f4373a.html,2026-06-12T04:07:58+00:00
Canada,24,Promise David,Centre-Forward,03/07/2001,24,Promise David,€17.00m,17000000.0,https://www.transfermarkt.com/promise-david/profil/spieler/888785,https://www.transfermarkt.com/kanada/startseite/verein/3510,data/raw/20260612_130759_transfermarkt_Canada_national_team_81f0e7f4373a.html,2026-06-12T04:07:58+00:00
Canada,12,Tani Oluwaseyi,Centre-Forward,15/05/2000,26,Tani Oluwaseyi,€7.00m,7000000.0,https://www.transfermarkt.com/tani-oluwaseyi/profil/spieler/972465,https://www.transfermarkt.com/kanada/startseite/verein/3510,data/raw/20260612_130759_transfermarkt_Canada_national_team_81f0e7f4373a.html,2026-06-12T04:07:58+00:00
Canada,9,Cyle Larin,Centre-Forward,17/04/1995,31,Cyle Larin,€2.50m,2500000.0,https://www.transfermarkt.com/cyle-larin/profil/spieler/343463,https://www.transfermarkt.com/kanada/startseite/verein/3510,data/raw/20260612_130759_transfermarkt_Canada_national_team_81f0e7f4373a.html,2026-06-12T04:07:58+00:00
Qatar,22,Meshaal Barsham,Goalkeeper,14/02/1998,28,Meshaal Barsham,€700k,700000.0,https://www.transfermarkt.com/meshaal-barsham/profil/spieler/560423,https://www.transfermarkt.com/katar/startseite/verein/14162,data/raw/20260612_130802_transfermarkt_Qatar_national_team_a0f35ffabbeb.html,2026-06-12T04:08:02+00:00
Qatar,1,Mahmoud Abunada,Goalkeeper,05/02/2000,26,Mahmoud Abunada,€400k,400000.0,https://www.transfermarkt.com/mahmoud-abunada/profil/spieler/669629,https://www.transfermarkt.com/katar/startseite/verein/14162,data/raw/20260612_130802_transfermarkt_Qatar_national_team_a0f35ffabbeb.html,2026-06-12T04:08:02+00:00
Qatar,21,Salah Zakaria,Goalkeeper,24/04/1999,27,Salah Zakaria,€400k,400000.0,https://www.transfermarkt.com/salah-zakaria/profil/spieler/632912,https://www.transfermarkt.com/katar/startseite/verein/14162,data/raw/20260612_130802_transfermarkt_Qatar_national_team_a0f35ffabbeb.html,2026-06-12T04:08:02+00:00
Qatar,3,Lucas Mendes,Centre-Back,03/07/1990,35,Lucas Mendes,€350k,350000.0,https://www.transfermarkt.com/lucas-mendes/profil/spieler/83983,https://www.transfermarkt.com/katar/startseite/verein/14162,data/raw/20260612_130802_transfermarkt_Qatar_national_team_a0f35ffabbeb.html,2026-06-12T04:08:02+00:00
Qatar,25,Al-Hashmi Al-Hussain,Centre-Back,15/08/2003,22,Al-Hashmi Al-Hussain,€250k,250000.0,https://www.transfermarkt.com/al-hashmi-al-hussain/profil/spieler/943150,https://www.transfermarkt.com/katar/startseite/verein/14162,data/raw/20260612_130802_transfermarkt_Qatar_national_team_a0f35ffabbeb.html,2026-06-12T04:08:02+00:00
Qatar,4,Issa Laye,Centre-Back,22/12/1997,28,Issa Laye,€200k,200000.0,https://www.transfermarkt.com/issa-laye/profil/spieler/1264176,https://www.transfermarkt.com/katar/startseite/verein/14162,data/raw/20260612_130802_transfermarkt_Qatar_national_team_a0f35ffabbeb.html,2026-06-12T04:08:02+00:00
Qatar,16,Boualem Khoukhi,Centre-Back,09/07/1990,35,Boualem Khoukhi,€200k,200000.0,https://www.transfermarkt.com/boualem-khoukhi/profil/spieler/222669,https://www.transfermarkt.com/katar/startseite/verein/14162,data/raw/20260612_130802_transfermarkt_Qatar_national_team_a0f35ffabbeb.html,2026-06-12T04:08:02+00:00
Qatar,2,Pedro Miguel,Centre-Back,06/08/1990,35,Pedro Miguel,€150k,150000.0,https://www.transfermarkt.com/pedro-miguel/profil/spieler/228727,https://www.transfermarkt.com/katar/startseite/verein/14162,data/raw/20260612_130802_transfermarkt_Qatar_national_team_a0f35ffabbeb.html,2026-06-12T04:08:02+00:00
Qatar,14,Homam Al-Amin,Left-Back,25/08/1999,26,Homam Al-Amin,€500k,500000.0,https://www.transfermarkt.com/homam-al-amin/profil/spieler/556713,https://www.transfermarkt.com/katar/startseite/verein/14162,data/raw/20260612_130802_transfermarkt_Qatar_national_team_a0f35ffabbeb.html,2026-06-12T04:08:02+00:00
Qatar,18,Sultan Al-Brake,Left-Back,07/04/1996,30,Sultan Al-Brake,€300k,300000.0,https://www.transfermarkt.com/sultan-al-brake/profil/spieler/336665,https://www.transfermarkt.com/katar/startseite/verein/14162,data/raw/20260612_130802_transfermarkt_Qatar_national_team_a0f35ffabbeb.html,2026-06-12T04:08:02+00:00
Qatar,13,Ayoub Al-Oui,Right-Back,11/03/2005,21,Ayoub Al-Oui,€375k,375000.0,https://www.transfermarkt.com/ayoub-al-oui/profil/spieler/1054631,https://www.transfermarkt.com/katar/startseite/verein/14162,data/raw/20260612_130802_transfermarkt_Qatar_national_team_a0f35ffabbeb.html,2026-06-12T04:08:02+00:00
Qatar,5,Jassem Gaber,Defensive Midfield,20/02/2002,24,Jassem Gaber,€500k,500000.0,https://www.transfermarkt.com/jassem-gaber/profil/spieler/735813,https://www.transfermarkt.com/katar/startseite/verein/14162,data/raw/20260612_130802_transfermarkt_Qatar_national_team_a0f35ffabbeb.html,2026-06-12T04:08:02+00:00
Qatar,26,Mohamed Al-Mannai,Defensive Midfield,30/10/2003,22,Mohamed Al-Mannai,€500k,500000.0,https://www.transfermarkt.com/mohamed-al-mannai/profil/spieler/822935,https://www.transfermarkt.com/katar/startseite/verein/14162,data/raw/20260612_130802_transfermarkt_Qatar_national_team_a0f35ffabbeb.html,2026-06-12T04:08:02+00:00
Qatar,23,Assim Madibo,Defensive Midfield,22/10/1996,29,Assim Madibo,€350k,350000.0,https://www.transfermarkt.com/assim-madibo/profil/spieler/336667,https://www.transfermarkt.com/katar/startseite/verein/14162,data/raw/20260612_130802_transfermarkt_Qatar_national_team_a0f35ffabbeb.html,2026-06-12T04:08:02+00:00
Qatar,20,Ahmed Fathi,Defensive Midfield,25/01/1993,33,Ahmed Fathi,€250k,250000.0,https://www.transfermarkt.com/ahmed-fathi/profil/spieler/251183,https://www.transfermarkt.com/katar/startseite/verein/14162,data/raw/20260612_130802_transfermarkt_Qatar_national_team_a0f35ffabbeb.html,2026-06-12T04:08:02+00:00
Qatar,12,Karim Boudiaf,Defensive Midfield,16/09/1990,35,Karim Boudiaf,€175k,175000.0,https://www.transfermarkt.com/karim-boudiaf/profil/spieler/222385,https://www.transfermarkt.com/katar/startseite/verein/14162,data/raw/20260612_130802_transfermarkt_Qatar_national_team_a0f35ffabbeb.html,2026-06-12T04:08:02+00:00
Qatar,6,Abdulaziz Hatim,Central Midfield,28/10/1990,35,Abdulaziz Hatim,€250k,250000.0,https://www.transfermarkt.com/abdulaziz-hatim/profil/spieler/113915,https://www.transfermarkt.com/katar/startseite/verein/14162,data/raw/20260612_130802_transfermarkt_Qatar_national_team_a0f35ffabbeb.html,2026-06-12T04:08:02+00:00
Qatar,10,Hasan Al-Haydos,Attacking Midfield,11/12/1990,35,Hasan Al-Haydos,€300k,300000.0,https://www.transfermarkt.com/hasan-al-haydos/profil/spieler/86286,https://www.transfermarkt.com/katar/startseite/verein/14162,data/raw/20260612_130802_transfermarkt_Qatar_national_team_a0f35ffabbeb.html,2026-06-12T04:08:02+00:00
Qatar,11,Akram Afif,Left Winger,18/11/1996,29,Akram Afif,€8.00m,8000000.0,https://www.transfermarkt.com/akram-afif/profil/spieler/336646,https://www.transfermarkt.com/katar/startseite/verein/14162,data/raw/20260612_130802_transfermarkt_Qatar_national_team_a0f35ffabbeb.html,2026-06-12T04:08:02+00:00
Qatar,8,Edmílson Junior,Left Winger,19/08/1994,31,Edmílson Junior,€1.80m,1800000.0,https://www.transfermarkt.com/edmilson-junior/profil/spieler/237846,https://www.transfermarkt.com/katar/startseite/verein/14162,data/raw/20260612_130802_transfermarkt_Qatar_national_team_a0f35ffabbeb.html,2026-06-12T04:08:02+00:00
Qatar,15,Yusuf Abdurisag,Left Winger,06/08/1999,26,Yusuf Abdurisag,€275k,275000.0,https://www.transfermarkt.com/yusuf-abdurisag/profil/spieler/589099,https://www.transfermarkt.com/katar/startseite/verein/14162,data/raw/20260612_130802_transfermarkt_Qatar_national_team_a0f35ffabbeb.html,2026-06-12T04:08:02+00:00
Qatar,24,Tahsin Mohammed Jamshid,Left Winger,16/06/2006,19,Tahsin Mohammed Jamshid,€200k,200000.0,https://www.transfermarkt.com/tahsin-mohammed-jamshid/profil/spieler/1143849,https://www.transfermarkt.com/katar/startseite/verein/14162,data/raw/20260612_130802_transfermarkt_Qatar_national_team_a0f35ffabbeb.html,2026-06-12T04:08:02+00:00
Qatar,17,Ahmed Al-Ganehi,Right Winger,22/09/2000,25,Ahmed Al-Ganehi,€500k,500000.0,https://www.transfermarkt.com/ahmed-al-ganehi/profil/spieler/670659,https://www.transfermarkt.com/katar/startseite/verein/14162,data/raw/20260612_130802_transfermarkt_Qatar_national_team_a0f35ffabbeb.html,2026-06-12T04:08:02+00:00
Qatar,19,Almoez Ali,Centre-Forward,19/08/1996,29,Almoez Ali,€2.50m,2500000.0,https://www.transfermarkt.com/almoez-ali/profil/spieler/345095,https://www.transfermarkt.com/katar/startseite/verein/14162,data/raw/20260612_130802_transfermarkt_Qatar_national_team_a0f35ffabbeb.html,2026-06-12T04:08:02+00:00
Qatar,7,Ahmed Alaaeldin,Centre-Forward,31/01/1993,33,Ahmed Alaaeldin,€300k,300000.0,https://www.transfermarkt.com/ahmed-alaaeldin/profil/spieler/187987,https://www.transfermarkt.com/katar/startseite/verein/14162,data/raw/20260612_130802_transfermarkt_Qatar_national_team_a0f35ffabbeb.html,2026-06-12T04:08:02+00:00
Qatar,9,Mohammed Muntari,Centre-Forward,20/12/1993,32,Mohammed Muntari,€200k,200000.0,https://www.transfermarkt.com/mohammed-muntari/profil/spieler/266935,https://www.transfermarkt.com/katar/startseite/verein/14162,data/raw/20260612_130802_transfermarkt_Qatar_national_team_a0f35ffabbeb.html,2026-06-12T04:08:02+00:00
Switzerland,1,Gregor Kobel,Goalkeeper,06/12/1997,28,Gregor Kobel,€40.00m,40000000.0,https://www.transfermarkt.com/gregor-kobel/profil/spieler/257814,https://www.transfermarkt.com/schweiz/startseite/verein/3384,data/raw/20260612_130806_transfermarkt_Switzerland_national_team_f6d939b10c72.html,2026-06-12T04:08:05+00:00
Switzerland,21,Marvin Keller,Goalkeeper,03/07/2002,23,Marvin Keller,€6.00m,6000000.0,https://www.transfermarkt.com/marvin-keller/profil/spieler/500763,https://www.transfermarkt.com/schweiz/startseite/verein/3384,data/raw/20260612_130806_transfermarkt_Switzerland_national_team_f6d939b10c72.html,2026-06-12T04:08:05+00:00
Switzerland,12,Yvon Mvogo,Goalkeeper,06/06/1994,32,Yvon Mvogo,€2.50m,2500000.0,https://www.transfermarkt.com/yvon-mvogo/profil/spieler/147051,https://www.transfermarkt.com/schweiz/startseite/verein/3384,data/raw/20260612_130806_transfermarkt_Switzerland_national_team_f6d939b10c72.html,2026-06-12T04:08:05+00:00
Switzerland,5,Manuel Akanji,Centre-Back,19/07/1995,30,Manuel Akanji,€17.00m,17000000.0,https://www.transfermarkt.com/manuel-akanji/profil/spieler/284730,https://www.transfermarkt.com/schweiz/startseite/verein/3384,data/raw/20260612_130806_transfermarkt_Switzerland_national_team_f6d939b10c72.html,2026-06-12T04:08:05+00:00
Switzerland,24,Aurèle Amenda,Centre-Back,31/07/2003,22,Aurèle Amenda,€10.00m,10000000.0,https://www.transfermarkt.com/aurele-amenda/profil/spieler/635645,https://www.transfermarkt.com/schweiz/startseite/verein/3384,data/raw/20260612_130806_transfermarkt_Switzerland_national_team_f6d939b10c72.html,2026-06-12T04:08:05+00:00
Switzerland,25,Luca Jaquez,Centre-Back,02/06/2003,23,Luca Jaquez,€10.00m,10000000.0,https://www.transfermarkt.com/luca-jaquez/profil/spieler/539798,https://www.transfermarkt.com/schweiz/startseite/verein/3384,data/raw/20260612_130806_transfermarkt_Switzerland_national_team_f6d939b10c72.html,2026-06-12T04:08:05+00:00
Switzerland,4,Nico Elvedi,Centre-Back,30/09/1996,29,Nico Elvedi,€8.00m,8000000.0,https://www.transfermarkt.com/nico-elvedi/profil/spieler/192635,https://www.transfermarkt.com/schweiz/startseite/verein/3384,data/raw/20260612_130806_transfermarkt_Switzerland_national_team_f6d939b10c72.html,2026-06-12T04:08:05+00:00
Switzerland,18,Eray Cömert,Centre-Back,04/02/1998,28,Eray Cömert,€2.50m,2500000.0,https://www.transfermarkt.com/eray-comert/profil/spieler/298583,https://www.transfermarkt.com/schweiz/startseite/verein/3384,data/raw/20260612_130806_transfermarkt_Switzerland_national_team_f6d939b10c72.html,2026-06-12T04:08:05+00:00
Switzerland,2,Miro Muheim,Left-Back,24/03/1998,28,Miro Muheim,€5.00m,5000000.0,https://www.transfermarkt.com/miro-muheim/profil/spieler/298603,https://www.transfermarkt.com/schweiz/startseite/verein/3384,data/raw/20260612_130806_transfermarkt_Switzerland_national_team_f6d939b10c72.html,2026-06-12T04:08:05+00:00
Switzerland,13,Ricardo Rodríguez,Left-Back,25/08/1992,33,Ricardo Rodríguez,€1.40m,1400000.0,https://www.transfermarkt.com/ricardo-rodriguez/profil/spieler/86784,https://www.transfermarkt.com/schweiz/startseite/verein/3384,data/raw/20260612_130806_transfermarkt_Switzerland_national_team_f6d939b10c72.html,2026-06-12T04:08:05+00:00
Switzerland,3,Silvan Widmer,Right-Back,05/03/1993,33,Silvan Widmer,€800k,800000.0,https://www.transfermarkt.com/silvan-widmer/profil/spieler/168989,https://www.transfermarkt.com/schweiz/startseite/verein/3384,data/raw/20260612_130806_transfermarkt_Switzerland_national_team_f6d939b10c72.html,2026-06-12T04:08:05+00:00
Switzerland,6,Denis Zakaria,Defensive Midfield,20/11/1996,29,Denis Zakaria,€25.00m,25000000.0,https://www.transfermarkt.com/denis-zakaria/profil/spieler/334526,https://www.transfermarkt.com/schweiz/startseite/verein/3384,data/raw/20260612_130806_transfermarkt_Switzerland_national_team_f6d939b10c72.html,2026-06-12T04:08:05+00:00
Switzerland,14,Ardon Jashari,Defensive Midfield,30/07/2002,23,Ardon Jashari,€25.00m,25000000.0,https://www.transfermarkt.com/ardon-jashari/profil/spieler/608172,https://www.transfermarkt.com/schweiz/startseite/verein/3384,data/raw/20260612_130806_transfermarkt_Switzerland_national_team_f6d939b10c72.html,2026-06-12T04:08:05+00:00
Switzerland,10,Granit Xhaka,Defensive Midfield,27/09/1992,33,Granit Xhaka,€8.00m,8000000.0,https://www.transfermarkt.com/granit-xhaka/profil/spieler/111455,https://www.transfermarkt.com/schweiz/startseite/verein/3384,data/raw/20260612_130806_transfermarkt_Switzerland_national_team_f6d939b10c72.html,2026-06-12T04:08:05+00:00
Switzerland,9,Johan Manzambi,Central Midfield,14/10/2005,20,Johan Manzambi,€50.00m,50000000.0,https://www.transfermarkt.com/johan-manzambi/profil/spieler/927353,https://www.transfermarkt.com/schweiz/startseite/verein/3384,data/raw/20260612_130806_transfermarkt_Switzerland_national_team_f6d939b10c72.html,2026-06-12T04:08:05+00:00
Switzerland,15,Djibril Sow,Central Midfield,06/02/1997,29,Djibril Sow,€7.50m,7500000.0,https://www.transfermarkt.com/djibril-sow/profil/spieler/212723,https://www.transfermarkt.com/schweiz/startseite/verein/3384,data/raw/20260612_130806_transfermarkt_Switzerland_national_team_f6d939b10c72.html,2026-06-12T04:08:05+00:00
Switzerland,20,Michel Aebischer,Central Midfield,06/01/1997,29,Michel Aebischer,€4.00m,4000000.0,https://www.transfermarkt.com/michel-aebischer/profil/spieler/237658,https://www.transfermarkt.com/schweiz/startseite/verein/3384,data/raw/20260612_130806_transfermarkt_Switzerland_national_team_f6d939b10c72.html,2026-06-12T04:08:05+00:00
Switzerland,8,Remo Freuler,Central Midfield,15/04/1992,34,Remo Freuler,€3.00m,3000000.0,https://www.transfermarkt.com/remo-freuler/profil/spieler/148252,https://www.transfermarkt.com/schweiz/startseite/verein/3384,data/raw/20260612_130806_transfermarkt_Switzerland_national_team_f6d939b10c72.html,2026-06-12T04:08:05+00:00
Switzerland,22,Fabian Rieder,Attacking Midfield,16/02/2002,24,Fabian Rieder,€12.00m,12000000.0,https://www.transfermarkt.com/fabian-rieder/profil/spieler/507341,https://www.transfermarkt.com/schweiz/startseite/verein/3384,data/raw/20260612_130806_transfermarkt_Switzerland_national_team_f6d939b10c72.html,2026-06-12T04:08:05+00:00
Switzerland,16,Christian Fassnacht,Attacking Midfield,11/11/1993,32,Christian Fassnacht,€2.00m,2000000.0,https://www.transfermarkt.com/christian-fassnacht/profil/spieler/250490,https://www.transfermarkt.com/schweiz/startseite/verein/3384,data/raw/20260612_130806_transfermarkt_Switzerland_national_team_f6d939b10c72.html,2026-06-12T04:08:05+00:00
Switzerland,19,Noah Okafor,Left Winger,24/05/2000,26,Noah Okafor,€25.00m,25000000.0,https://www.transfermarkt.com/noah-okafor/profil/spieler/346890,https://www.transfermarkt.com/schweiz/startseite/verein/3384,data/raw/20260612_130806_transfermarkt_Switzerland_national_team_f6d939b10c72.html,2026-06-12T04:08:05+00:00
Switzerland,17,Rubén Vargas,Left Winger,05/08/1998,27,Rubén Vargas,€12.00m,12000000.0,https://www.transfermarkt.com/ruben-vargas/profil/spieler/345886,https://www.transfermarkt.com/schweiz/startseite/verein/3384,data/raw/20260612_130806_transfermarkt_Switzerland_national_team_f6d939b10c72.html,2026-06-12T04:08:05+00:00
Switzerland,11,Dan Ndoye,Right Winger,25/10/2000,25,Dan Ndoye,€32.00m,32000000.0,https://www.transfermarkt.com/dan-ndoye/profil/spieler/365108,https://www.transfermarkt.com/schweiz/startseite/verein/3384,data/raw/20260612_130806_transfermarkt_Switzerland_national_team_f6d939b10c72.html,2026-06-12T04:08:05+00:00
Switzerland,7,Breel Embolo,Centre-Forward,14/02/1997,29,Breel Embolo,€15.00m,15000000.0,https://www.transfermarkt.com/breel-embolo/profil/spieler/237662,https://www.transfermarkt.com/schweiz/startseite/verein/3384,data/raw/20260612_130806_transfermarkt_Switzerland_national_team_f6d939b10c72.html,2026-06-12T04:08:05+00:00
Switzerland,23,Zeki Amdouni,Centre-Forward,04/12/2000,25,Zeki Amdouni,€7.00m,7000000.0,https://www.transfermarkt.com/zeki-amdouni/profil/spieler/548729,https://www.transfermarkt.com/schweiz/startseite/verein/3384,data/raw/20260612_130806_transfermarkt_Switzerland_national_team_f6d939b10c72.html,2026-06-12T04:08:05+00:00
Switzerland,26,Cedric Itten,Centre-Forward,27/12/1996,29,Cedric Itten,€1.80m,1800000.0,https://www.transfermarkt.com/cedric-itten/profil/spieler/243856,https://www.transfermarkt.com/schweiz/startseite/verein/3384,data/raw/20260612_130806_transfermarkt_Switzerland_national_team_f6d939b10c72.html,2026-06-12T04:08:05+00:00
Bosnia and Herzegovina,1,Nikola Vasilj,Goalkeeper,02/12/1995,30,Nikola Vasilj,€4.50m,4500000.0,https://www.transfermarkt.com/nikola-vasilj/profil/spieler/248454,https://www.transfermarkt.com/bosnien-herzegowina/startseite/verein/3446,data/raw/20260612_130810_transfermarkt_Bosnia_and_Herzegovina_national_team_720436ce35d9.html,2026-06-12T04:08:09+00:00
Bosnia and Herzegovina,22,Martin Zlomislic,Goalkeeper,16/08/1998,27,Martin Zlomislic,€2.00m,2000000.0,https://www.transfermarkt.com/martin-zlomislic/profil/spieler/495320,https://www.transfermarkt.com/bosnien-herzegowina/startseite/verein/3446,data/raw/20260612_130810_transfermarkt_Bosnia_and_Herzegovina_national_team_720436ce35d9.html,2026-06-12T04:08:09+00:00
Bosnia and Herzegovina,12,Mladen Jurkas,Goalkeeper,07/10/2007,18,Mladen Jurkas,€700k,700000.0,https://www.transfermarkt.com/mladen-jurkas/profil/spieler/952692,https://www.transfermarkt.com/bosnien-herzegowina/startseite/verein/3446,data/raw/20260612_130810_transfermarkt_Bosnia_and_Herzegovina_national_team_720436ce35d9.html,2026-06-12T04:08:09+00:00
Bosnia and Herzegovina,4,Tarik Muharemović,Centre-Back,28/02/2003,23,Tarik Muharemović,€25.00m,25000000.0,https://www.transfermarkt.com/tarik-muharemovic/profil/spieler/679423,https://www.transfermarkt.com/bosnien-herzegowina/startseite/verein/3446,data/raw/20260612_130810_transfermarkt_Bosnia_and_Herzegovina_national_team_720436ce35d9.html,2026-06-12T04:08:09+00:00
Bosnia and Herzegovina,24,Nidal Celik,Centre-Back,17/07/2006,19,Nidal Celik,€7.00m,7000000.0,https://www.transfermarkt.com/nidal-celik/profil/spieler/819566,https://www.transfermarkt.com/bosnien-herzegowina/startseite/verein/3446,data/raw/20260612_130810_transfermarkt_Bosnia_and_Herzegovina_national_team_720436ce35d9.html,2026-06-12T04:08:09+00:00
Bosnia and Herzegovina,5,Sead Kolasinac,Centre-Back,20/06/1993,32,Sead Kolasinac,€4.00m,4000000.0,https://www.transfermarkt.com/sead-kolasinac/profil/spieler/94005,https://www.transfermarkt.com/bosnien-herzegowina/startseite/verein/3446,data/raw/20260612_130810_transfermarkt_Bosnia_and_Herzegovina_national_team_720436ce35d9.html,2026-06-12T04:08:09+00:00
Bosnia and Herzegovina,21,Stjepan Radeljic,Centre-Back,05/09/1997,28,Stjepan Radeljic,€2.80m,2800000.0,https://www.transfermarkt.com/stjepan-radeljic/profil/spieler/384568,https://www.transfermarkt.com/bosnien-herzegowina/startseite/verein/3446,data/raw/20260612_130810_transfermarkt_Bosnia_and_Herzegovina_national_team_720436ce35d9.html,2026-06-12T04:08:09+00:00
Bosnia and Herzegovina,18,Nikola Katic,Centre-Back,10/10/1996,29,Nikola Katic,€1.80m,1800000.0,https://www.transfermarkt.com/nikola-katic/profil/spieler/422051,https://www.transfermarkt.com/bosnien-herzegowina/startseite/verein/3446,data/raw/20260612_130810_transfermarkt_Bosnia_and_Herzegovina_national_team_720436ce35d9.html,2026-06-12T04:08:09+00:00
Bosnia and Herzegovina,2,Nihad Mujakic,Centre-Back,15/04/1998,28,Nihad Mujakic,€1.20m,1200000.0,https://www.transfermarkt.com/nihad-mujakic/profil/spieler/380919,https://www.transfermarkt.com/bosnien-herzegowina/startseite/verein/3446,data/raw/20260612_130810_transfermarkt_Bosnia_and_Herzegovina_national_team_720436ce35d9.html,2026-06-12T04:08:09+00:00
Bosnia and Herzegovina,3,Dennis Hadzikadunic,Centre-Back,09/07/1998,27,Dennis Hadzikadunic,€1.20m,1200000.0,https://www.transfermarkt.com/dennis-hadzikadunic/profil/spieler/322065,https://www.transfermarkt.com/bosnien-herzegowina/startseite/verein/3446,data/raw/20260612_130810_transfermarkt_Bosnia_and_Herzegovina_national_team_720436ce35d9.html,2026-06-12T04:08:09+00:00
Bosnia and Herzegovina,7,Amar Dedić,Right-Back,18/08/2002,23,Amar Dedić,€16.00m,16000000.0,https://www.transfermarkt.com/amar-dedic/profil/spieler/519184,https://www.transfermarkt.com/bosnien-herzegowina/startseite/verein/3446,data/raw/20260612_130810_transfermarkt_Bosnia_and_Herzegovina_national_team_720436ce35d9.html,2026-06-12T04:08:09+00:00
Bosnia and Herzegovina,16,Amir Hadziahmetovic,Defensive Midfield,08/03/1997,29,Amir Hadziahmetovic,€4.00m,4000000.0,https://www.transfermarkt.com/amir-hadziahmetovic/profil/spieler/293213,https://www.transfermarkt.com/bosnien-herzegowina/startseite/verein/3446,data/raw/20260612_130810_transfermarkt_Bosnia_and_Herzegovina_national_team_720436ce35d9.html,2026-06-12T04:08:09+00:00
Bosnia and Herzegovina,14,Ivan Šunjić,Defensive Midfield,09/10/1996,29,Ivan Šunjić,€2.00m,2000000.0,https://www.transfermarkt.com/ivan-sunjic/profil/spieler/226097,https://www.transfermarkt.com/bosnien-herzegowina/startseite/verein/3446,data/raw/20260612_130810_transfermarkt_Bosnia_and_Herzegovina_national_team_720436ce35d9.html,2026-06-12T04:08:09+00:00
Bosnia and Herzegovina,17,Dzenis Burnic,Defensive Midfield,22/05/1998,28,Dzenis Burnic,€1.20m,1200000.0,https://www.transfermarkt.com/dzenis-burnic/profil/spieler/251295,https://www.transfermarkt.com/bosnien-herzegowina/startseite/verein/3446,data/raw/20260612_130810_transfermarkt_Bosnia_and_Herzegovina_national_team_720436ce35d9.html,2026-06-12T04:08:09+00:00
Bosnia and Herzegovina,6,Benjamin Tahirović,Central Midfield,03/03/2003,23,Benjamin Tahirović,€4.50m,4500000.0,https://www.transfermarkt.com/benjamin-tahirovic/profil/spieler/787907,https://www.transfermarkt.com/bosnien-herzegowina/startseite/verein/3446,data/raw/20260612_130810_transfermarkt_Bosnia_and_Herzegovina_national_team_720436ce35d9.html,2026-06-12T04:08:09+00:00
Bosnia and Herzegovina,8,Armin Gigovic,Central Midfield,06/04/2002,24,Armin Gigovic,€2.50m,2500000.0,https://www.transfermarkt.com/armin-gigovic/profil/spieler/651269,https://www.transfermarkt.com/bosnien-herzegowina/startseite/verein/3446,data/raw/20260612_130810_transfermarkt_Bosnia_and_Herzegovina_national_team_720436ce35d9.html,2026-06-12T04:08:09+00:00
Bosnia and Herzegovina,13,Ivan Basic,Central Midfield,30/04/2002,24,Ivan Basic,€1.50m,1500000.0,https://www.transfermarkt.com/ivan-basic/profil/spieler/620560,https://www.transfermarkt.com/bosnien-herzegowina/startseite/verein/3446,data/raw/20260612_130810_transfermarkt_Bosnia_and_Herzegovina_national_team_720436ce35d9.html,2026-06-12T04:08:09+00:00
Bosnia and Herzegovina,15,Amar Memić,Right Midfield,20/01/2001,25,Amar Memić,€4.50m,4500000.0,https://www.transfermarkt.com/amar-memic/profil/spieler/638990,https://www.transfermarkt.com/bosnien-herzegowina/startseite/verein/3446,data/raw/20260612_130810_transfermarkt_Bosnia_and_Herzegovina_national_team_720436ce35d9.html,2026-06-12T04:08:09+00:00
Bosnia and Herzegovina,26,Ermin Mahmic,Attacking Midfield,14/03/2005,21,Ermin Mahmic,€5.00m,5000000.0,https://www.transfermarkt.com/ermin-mahmic/profil/spieler/803049,https://www.transfermarkt.com/bosnien-herzegowina/startseite/verein/3446,data/raw/20260612_130810_transfermarkt_Bosnia_and_Herzegovina_national_team_720436ce35d9.html,2026-06-12T04:08:09+00:00
Bosnia and Herzegovina,19,Kerim Alajbegovic,Left Winger,21/09/2007,18,Kerim Alajbegovic,€22.00m,22000000.0,https://www.transfermarkt.com/kerim-alajbegovic/profil/spieler/929994,https://www.transfermarkt.com/bosnien-herzegowina/startseite/verein/3446,data/raw/20260612_130810_transfermarkt_Bosnia_and_Herzegovina_national_team_720436ce35d9.html,2026-06-12T04:08:09+00:00
Bosnia and Herzegovina,20,Esmir Bajraktarevic,Right Winger,10/03/2005,21,Esmir Bajraktarevic,€8.00m,8000000.0,https://www.transfermarkt.com/esmir-bajraktarevic/profil/spieler/925862,https://www.transfermarkt.com/bosnien-herzegowina/startseite/verein/3446,data/raw/20260612_130810_transfermarkt_Bosnia_and_Herzegovina_national_team_720436ce35d9.html,2026-06-12T04:08:09+00:00
Bosnia and Herzegovina,10,Ermedin Demirovic,Centre-Forward,25/03/1998,28,Ermedin Demirovic,€22.00m,22000000.0,https://www.transfermarkt.com/ermedin-demirovic/profil/spieler/335457,https://www.transfermarkt.com/bosnien-herzegowina/startseite/verein/3446,data/raw/20260612_130810_transfermarkt_Bosnia_and_Herzegovina_national_team_720436ce35d9.html,2026-06-12T04:08:09+00:00
Bosnia and Herzegovina,23,Haris Tabakovic,Centre-Forward,20/06/1994,31,Haris Tabakovic,€3.50m,3500000.0,https://www.transfermarkt.com/haris-tabakovic/profil/spieler/203123,https://www.transfermarkt.com/bosnien-herzegowina/startseite/verein/3446,data/raw/20260612_130810_transfermarkt_Bosnia_and_Herzegovina_national_team_720436ce35d9.html,2026-06-12T04:08:09+00:00
Bosnia and Herzegovina,25,Jovo Lukić,Centre-Forward,28/11/1998,27,Jovo Lukić,€2.20m,2200000.0,https://www.transfermarkt.com/jovo-lukic/profil/spieler/457738,https://www.transfermarkt.com/bosnien-herzegowina/startseite/verein/3446,data/raw/20260612_130810_transfermarkt_Bosnia_and_Herzegovina_national_team_720436ce35d9.html,2026-06-12T04:08:09+00:00
Bosnia and Herzegovina,9,Samed Bazdar,Centre-Forward,31/01/2004,22,Samed Bazdar,€1.50m,1500000.0,https://www.transfermarkt.com/samed-bazdar/profil/spieler/710969,https://www.transfermarkt.com/bosnien-herzegowina/startseite/verein/3446,data/raw/20260612_130810_transfermarkt_Bosnia_and_Herzegovina_national_team_720436ce35d9.html,2026-06-12T04:08:09+00:00
Bosnia and Herzegovina,11,Edin Dzeko,Centre-Forward,17/03/1986,40,Edin Dzeko,€1.00m,1000000.0,https://www.transfermarkt.com/edin-dzeko/profil/spieler/28396,https://www.transfermarkt.com/bosnien-herzegowina/startseite/verein/3446,data/raw/20260612_130810_transfermarkt_Bosnia_and_Herzegovina_national_team_720436ce35d9.html,2026-06-12T04:08:09+00:00
Brazil,23,Ederson,Goalkeeper,17/08/1993,31,Ederson,€30.00m,30000000.0,https://www.transfermarkt.com/ederson/profil/spieler/238223,https://www.transfermarkt.com/brasilien/startseite/verein/3439,data/raw/20260612_130814_transfermarkt_Brazil_national_team_8510a9c52963.html,2026-06-12T04:08:13+00:00
Brazil,1,Alisson,Goalkeeper,02/10/1992,32,Alisson,€25.00m,25000000.0,https://www.transfermarkt.com/alisson/profil/spieler/105470,https://www.transfermarkt.com/brasilien/startseite/verein/3439,data/raw/20260612_130814_transfermarkt_Brazil_national_team_8510a9c52963.html,2026-06-12T04:08:13+00:00
Brazil,-,Bento,Goalkeeper,10/06/1999,25,Bento,€12.00m,12000000.0,https://www.transfermarkt.com/bento/profil/spieler/691906,https://www.transfermarkt.com/brasilien/startseite/verein/3439,data/raw/20260612_130814_transfermarkt_Brazil_national_team_8510a9c52963.html,2026-06-12T04:08:13+00:00
Brazil,-,Lucas Perri,Goalkeeper,10/12/1997,27,Lucas Perri,€8.00m,8000000.0,https://www.transfermarkt.com/lucas-perri/profil/spieler/352041,https://www.transfermarkt.com/brasilien/startseite/verein/3439,data/raw/20260612_130814_transfermarkt_Brazil_national_team_8510a9c52963.html,2026-06-12T04:08:13+00:00
Brazil,-,Hugo Souza,Goalkeeper,31/01/1999,25,Hugo Souza,€8.00m,8000000.0,https://www.transfermarkt.com/hugo-souza/profil/spieler/574901,https://www.transfermarkt.com/brasilien/startseite/verein/3439,data/raw/20260612_130814_transfermarkt_Brazil_national_team_8510a9c52963.html,2026-06-12T04:08:13+00:00
Brazil,-,John Victor,Goalkeeper,13/02/1996,28,John Victor,€7.00m,7000000.0,https://www.transfermarkt.com/john-victor/profil/spieler/432914,https://www.transfermarkt.com/brasilien/startseite/verein/3439,data/raw/20260612_130814_transfermarkt_Brazil_national_team_8510a9c52963.html,2026-06-12T04:08:13+00:00
Brazil,12,Weverton,Goalkeeper,13/12/1987,37,Weverton,€1.80m,1800000.0,https://www.transfermarkt.com/weverton/profil/spieler/69400,https://www.transfermarkt.com/brasilien/startseite/verein/3439,data/raw/20260612_130814_transfermarkt_Brazil_national_team_8510a9c52963.html,2026-06-12T04:08:13+00:00
Brazil,3,Gabriel,Centre-Back,19/12/1997,27,Gabriel,€75.00m,75000000.0,https://www.transfermarkt.com/gabriel/profil/spieler/435338,https://www.transfermarkt.com/brasilien/startseite/verein/3439,data/raw/20260612_130814_transfermarkt_Brazil_national_team_8510a9c52963.html,2026-06-12T04:08:13+00:00
Brazil,-,Murillo,Centre-Back,04/07/2002,22,Murillo,€50.00m,50000000.0,https://www.transfermarkt.com/murillo/profil/spieler/1005649,https://www.transfermarkt.com/brasilien/startseite/verein/3439,data/raw/20260612_130814_transfermarkt_Brazil_national_team_8510a9c52963.html,2026-06-12T04:08:13+00:00
Brazil,-,Éder Militão,Centre-Back,18/01/1998,26,Éder Militão,€40.00m,40000000.0,https://www.transfermarkt.com/eder-militao/profil/spieler/401530,https://www.transfermarkt.com/brasilien/startseite/verein/3439,data/raw/20260612_130814_transfermarkt_Brazil_national_team_8510a9c52963.html,2026-06-12T04:08:13+00:00
Brazil,4,Marquinhos,Centre-Back,14/05/1994,30,Marquinhos,€40.00m,40000000.0,https://www.transfermarkt.com/marquinhos/profil/spieler/181767,https://www.transfermarkt.com/brasilien/startseite/verein/3439,data/raw/20260612_130814_transfermarkt_Brazil_national_team_8510a9c52963.html,2026-06-12T04:08:13+00:00
Brazil,-,Lucas Beraldo,Centre-Back,24/11/2003,21,Lucas Beraldo,€30.00m,30000000.0,https://www.transfermarkt.com/lucas-beraldo/profil/spieler/872171,https://www.transfermarkt.com/brasilien/startseite/verein/3439,data/raw/20260612_130814_transfermarkt_Brazil_national_team_8510a9c52963.html,2026-06-12T04:08:13+00:00
Brazil,-,Alexsandro,Centre-Back,09/08/1999,25,Alexsandro,€12.00m,12000000.0,https://www.transfermarkt.com/alexsandro/profil/spieler/648020,https://www.transfermarkt.com/brasilien/startseite/verein/3439,data/raw/20260612_130814_transfermarkt_Brazil_national_team_8510a9c52963.html,2026-06-12T04:08:13+00:00
Brazil,-,Léo Ortiz,Centre-Back,03/01/1996,28,Léo Ortiz,€11.00m,11000000.0,https://www.transfermarkt.com/leo-ortiz/profil/spieler/374136,https://www.transfermarkt.com/brasilien/startseite/verein/3439,data/raw/20260612_130814_transfermarkt_Brazil_national_team_8510a9c52963.html,2026-06-12T04:08:13+00:00
Brazil,-,Fabrício Bruno,Centre-Back,12/02/1996,28,Fabrício Bruno,€7.00m,7000000.0,https://www.transfermarkt.com/fabricio-bruno/profil/spieler/432773,https://www.transfermarkt.com/brasilien/startseite/verein/3439,data/raw/20260612_130814_transfermarkt_Brazil_national_team_8510a9c52963.html,2026-06-12T04:08:13+00:00
Brazil,13,Danilo,Centre-Back,15/07/1991,33,Danilo,€4.00m,4000000.0,https://www.transfermarkt.com/danilo/profil/spieler/145707,https://www.transfermarkt.com/brasilien/startseite/verein/3439,data/raw/20260612_130814_transfermarkt_Brazil_national_team_8510a9c52963.html,2026-06-12T04:08:13+00:00
Brazil,-,Carlos Augusto,Left-Back,07/01/1999,25,Carlos Augusto,€22.00m,22000000.0,https://www.transfermarkt.com/carlos-augusto/profil/spieler/585982,https://www.transfermarkt.com/brasilien/startseite/verein/3439,data/raw/20260612_130814_transfermarkt_Brazil_national_team_8510a9c52963.html,2026-06-12T04:08:13+00:00
Brazil,-,Caio Henrique,Left-Back,31/07/1997,27,Caio Henrique,€18.00m,18000000.0,https://www.transfermarkt.com/caio-henrique/profil/spieler/420064,https://www.transfermarkt.com/brasilien/startseite/verein/3439,data/raw/20260612_130814_transfermarkt_Brazil_national_team_8510a9c52963.html,2026-06-12T04:08:13+00:00
Brazil,-,Guilherme Arana,Left-Back,14/04/1997,27,Guilherme Arana,€13.00m,13000000.0,https://www.transfermarkt.com/guilherme-arana/profil/spieler/346766,https://www.transfermarkt.com/brasilien/startseite/verein/3439,data/raw/20260612_130814_transfermarkt_Brazil_national_team_8510a9c52963.html,2026-06-12T04:08:13+00:00
Brazil,16,Douglas Santos,Left-Back,22/03/1994,30,Douglas Santos,€10.00m,10000000.0,https://www.transfermarkt.com/douglas-santos/profil/spieler/220793,https://www.transfermarkt.com/brasilien/startseite/verein/3439,data/raw/20260612_130814_transfermarkt_Brazil_national_team_8510a9c52963.html,2026-06-12T04:08:13+00:00
Brazil,-,Luciano Juba,Left-Back,29/08/1999,25,Luciano Juba,€3.00m,3000000.0,https://www.transfermarkt.com/luciano-juba/profil/spieler/676035,https://www.transfermarkt.com/brasilien/startseite/verein/3439,data/raw/20260612_130814_transfermarkt_Brazil_national_team_8510a9c52963.html,2026-06-12T04:08:13+00:00
Brazil,6,Alex Sandro,Left-Back,26/01/1991,33,Alex Sandro,€1.80m,1800000.0,https://www.transfermarkt.com/alex-sandro/profil/spieler/79960,https://www.transfermarkt.com/brasilien/startseite/verein/3439,data/raw/20260612_130814_transfermarkt_Brazil_national_team_8510a9c52963.html,2026-06-12T04:08:13+00:00
Brazil,-,Vanderson,Right-Back,21/06/2001,23,Vanderson,€20.00m,20000000.0,https://www.transfermarkt.com/vanderson/profil/spieler/789082,https://www.transfermarkt.com/brasilien/startseite/verein/3439,data/raw/20260612_130814_transfermarkt_Brazil_national_team_8510a9c52963.html,2026-06-12T04:08:13+00:00
Brazil,-,Wesley,Right-Back,06/09/2003,21,Wesley,€9.00m,9000000.0,https://www.transfermarkt.com/wesley/profil/spieler/964580,https://www.transfermarkt.com/brasilien/startseite/verein/3439,data/raw/20260612_130814_transfermarkt_Brazil_national_team_8510a9c52963.html,2026-06-12T04:08:13+00:00
Brazil,-,Vitinho,Right-Back,23/07/1999,25,Vitinho,€6.00m,6000000.0,https://www.transfermarkt.com/vitinho/profil/spieler/468249,https://www.transfermarkt.com/brasilien/startseite/verein/3439,data/raw/20260612_130814_transfermarkt_Brazil_national_team_8510a9c52963.html,2026-06-12T04:08:13+00:00
Brazil,-,Paulo Henrique,Right-Back,25/07/1996,28,Paulo Henrique,€1.70m,1700000.0,https://www.transfermarkt.com/paulo-henrique/profil/spieler/412594,https://www.transfermarkt.com/brasilien/startseite/verein/3439,data/raw/20260612_130814_transfermarkt_Brazil_national_team_8510a9c52963.html,2026-06-12T04:08:13+00:00
Brazil,-,André,Defensive Midfield,16/07/2001,23,André,€25.00m,25000000.0,https://www.transfermarkt.com/andre/profil/spieler/800176,https://www.transfermarkt.com/brasilien/startseite/verein/3439,data/raw/20260612_130814_transfermarkt_Brazil_national_team_8510a9c52963.html,2026-06-12T04:08:13+00:00
Brazil,17,Fabinho,Defensive Midfield,23/10/1993,31,Fabinho,€18.00m,18000000.0,https://www.transfermarkt.com/fabinho/profil/spieler/225693,https://www.transfermarkt.com/brasilien/startseite/verein/3439,data/raw/20260612_130814_transfermarkt_Brazil_national_team_8510a9c52963.html,2026-06-12T04:08:13+00:00
Brazil,5,Casemiro,Defensive Midfield,23/02/1992,32,Casemiro,€12.00m,12000000.0,https://www.transfermarkt.com/casemiro/profil/spieler/16306,https://www.transfermarkt.com/brasilien/startseite/verein/3439,data/raw/20260612_130814_transfermarkt_Brazil_national_team_8510a9c52963.html,2026-06-12T04:08:13+00:00
Brazil,8,Bruno Guimarães,Central Midfield,16/11/1997,27,Bruno Guimarães,€80.00m,80000000.0,https://www.transfermarkt.com/bruno-guimaraes/profil/spieler/520624,https://www.transfermarkt.com/brasilien/startseite/verein/3439,data/raw/20260612_130814_transfermarkt_Brazil_national_team_8510a9c52963.html,2026-06-12T04:08:13+00:00
Brazil,2,Éderson,Central Midfield,07/07/1999,25,Éderson,€50.00m,50000000.0,https://www.transfermarkt.com/ederson/profil/spieler/607854,https://www.transfermarkt.com/brasilien/startseite/verein/3439,data/raw/20260612_130814_transfermarkt_Brazil_national_team_8510a9c52963.html,2026-06-12T04:08:13+00:00
Brazil,-,Joelinton,Central Midfield,14/08/1996,28,Joelinton,€40.00m,40000000.0,https://www.transfermarkt.com/joelinton/profil/spieler/333241,https://www.transfermarkt.com/brasilien/startseite/verein/3439,data/raw/20260612_130814_transfermarkt_Brazil_national_team_8510a9c52963.html,2026-06-12T04:08:13+00:00
Brazil,-,João Gomes,Central Midfield,12/02/2001,23,João Gomes,€40.00m,40000000.0,https://www.transfermarkt.com/joao-gomes/profil/spieler/735570,https://www.transfermarkt.com/brasilien/startseite/verein/3439,data/raw/20260612_130814_transfermarkt_Brazil_national_team_8510a9c52963.html,2026-06-12T04:08:13+00:00
Brazil,-,Andrey Santos,Central Midfield,03/05/2004,20,Andrey Santos,€25.00m,25000000.0,https://www.transfermarkt.com/andrey-santos/profil/spieler/743600,https://www.transfermarkt.com/brasilien/startseite/verein/3439,data/raw/20260612_130814_transfermarkt_Brazil_national_team_8510a9c52963.html,2026-06-12T04:08:13+00:00
Brazil,-,Andreas Pereira,Central Midfield,01/01/1996,28,Andreas Pereira,€20.00m,20000000.0,https://www.transfermarkt.com/andreas-pereira/profil/spieler/203394,https://www.transfermarkt.com/brasilien/startseite/verein/3439,data/raw/20260612_130814_transfermarkt_Brazil_national_team_8510a9c52963.html,2026-06-12T04:08:13+00:00
Brazil,-,Gerson,Central Midfield,20/05/1997,27,Gerson,€20.00m,20000000.0,https://www.transfermarkt.com/gerson/profil/spieler/341705,https://www.transfermarkt.com/brasilien/startseite/verein/3439,data/raw/20260612_130814_transfermarkt_Brazil_national_team_8510a9c52963.html,2026-06-12T04:08:13+00:00
Brazil,-,Jean Lucas,Central Midfield,22/06/1998,26,Jean Lucas,€8.00m,8000000.0,https://www.transfermarkt.com/jean-lucas/profil/spieler/578872,https://www.transfermarkt.com/brasilien/startseite/verein/3439,data/raw/20260612_130814_transfermarkt_Brazil_national_team_8510a9c52963.html,2026-06-12T04:08:13+00:00
Brazil,20,Lucas Paquetá,Attacking Midfield,27/08/1997,27,Lucas Paquetá,€40.00m,40000000.0,https://www.transfermarkt.com/lucas-paqueta/profil/spieler/444523,https://www.transfermarkt.com/brasilien/startseite/verein/3439,data/raw/20260612_130814_transfermarkt_Brazil_national_team_8510a9c52963.html,2026-06-12T04:08:13+00:00
Brazil,7,Vinicius Junior,Left Winger,12/07/2000,24,Vinicius Junior,€200.00m,200000000.0,https://www.transfermarkt.com/vinicius-junior/profil/spieler/371998,https://www.transfermarkt.com/brasilien/startseite/verein/3439,data/raw/20260612_130814_transfermarkt_Brazil_national_team_8510a9c52963.html,2026-06-12T04:08:13+00:00
Brazil,11,Raphinha,Left Winger,14/12/1996,28,Raphinha,€80.00m,80000000.0,https://www.transfermarkt.com/raphinha/profil/spieler/411295,https://www.transfermarkt.com/brasilien/startseite/verein/3439,data/raw/20260612_130814_transfermarkt_Brazil_national_team_8510a9c52963.html,2026-06-12T04:08:13+00:00
Brazil,-,Savinho,Left Winger,10/04/2004,20,Savinho,€55.00m,55000000.0,https://www.transfermarkt.com/savinho/profil/spieler/743591,https://www.transfermarkt.com/brasilien/startseite/verein/3439,data/raw/20260612_130814_transfermarkt_Brazil_national_team_8510a9c52963.html,2026-06-12T04:08:13+00:00
Brazil,22,Gabriel Martinelli,Left Winger,18/06/2001,23,Gabriel Martinelli,€55.00m,55000000.0,https://www.transfermarkt.com/gabriel-martinelli/profil/spieler/655488,https://www.transfermarkt.com/brasilien/startseite/verein/3439,data/raw/20260612_130814_transfermarkt_Brazil_national_team_8510a9c52963.html,2026-06-12T04:08:13+00:00
Brazil,9,Matheus Cunha,Left Winger,27/05/1999,25,Matheus Cunha,€50.00m,50000000.0,https://www.transfermarkt.com/matheus-cunha/profil/spieler/517894,https://www.transfermarkt.com/brasilien/startseite/verein/3439,data/raw/20260612_130814_transfermarkt_Brazil_national_team_8510a9c52963.html,2026-06-12T04:08:13+00:00
Brazil,-,Samuel Lino,Left Winger,23/12/1999,25,Samuel Lino,€25.00m,25000000.0,https://www.transfermarkt.com/samuel-lino/profil/spieler/694928,https://www.transfermarkt.com/brasilien/startseite/verein/3439,data/raw/20260612_130814_transfermarkt_Brazil_national_team_8510a9c52963.html,2026-06-12T04:08:13+00:00
Brazil,-,Rodrygo,Right Winger,09/01/2001,23,Rodrygo,€100.00m,100000000.0,https://www.transfermarkt.com/rodrygo/profil/spieler/412363,https://www.transfermarkt.com/brasilien/startseite/verein/3439,data/raw/20260612_130814_transfermarkt_Brazil_national_team_8510a9c52963.html,2026-06-12T04:08:13+00:00
Brazil,-,Estêvão,Right Winger,24/04/2007,17,Estêvão,€50.00m,50000000.0,https://www.transfermarkt.com/estevao/profil/spieler/1056993,https://www.transfermarkt.com/brasilien/startseite/verein/3439,data/raw/20260612_130814_transfermarkt_Brazil_national_team_8510a9c52963.html,2026-06-12T04:08:13+00:00
Brazil,21,Luiz Henrique,Right Winger,02/01/2001,23,Luiz Henrique,€22.00m,22000000.0,https://www.transfermarkt.com/luiz-henrique/profil/spieler/800175,https://www.transfermarkt.com/brasilien/startseite/verein/3439,data/raw/20260612_130814_transfermarkt_Brazil_national_team_8510a9c52963.html,2026-06-12T04:08:13+00:00
Brazil,-,Antony,Right Winger,24/02/2000,24,Antony,€20.00m,20000000.0,https://www.transfermarkt.com/antony/profil/spieler/602105,https://www.transfermarkt.com/brasilien/startseite/verein/3439,data/raw/20260612_130814_transfermarkt_Brazil_national_team_8510a9c52963.html,2026-06-12T04:08:13+00:00
Brazil,-,João Pedro,Centre-Forward,26/09/2001,23,João Pedro,€50.00m,50000000.0,https://www.transfermarkt.com/joao-pedro/profil/spieler/626724,https://www.transfermarkt.com/brasilien/startseite/verein/3439,data/raw/20260612_130814_transfermarkt_Brazil_national_team_8510a9c52963.html,2026-06-12T04:08:13+00:00
Brazil,19,Endrick,Centre-Forward,21/07/2006,18,Endrick,€40.00m,40000000.0,https://www.transfermarkt.com/endrick/profil/spieler/971570,https://www.transfermarkt.com/brasilien/startseite/verein/3439,data/raw/20260612_130814_transfermarkt_Brazil_national_team_8510a9c52963.html,2026-06-12T04:08:13+00:00
Brazil,-,Richarlison,Centre-Forward,10/05/1997,27,Richarlison,€30.00m,30000000.0,https://www.transfermarkt.com/richarlison/profil/spieler/378710,https://www.transfermarkt.com/brasilien/startseite/verein/3439,data/raw/20260612_130814_transfermarkt_Brazil_national_team_8510a9c52963.html,2026-06-12T04:08:13+00:00
Brazil,-,Vitor Roque,Centre-Forward,28/02/2005,19,Vitor Roque,€20.00m,20000000.0,https://www.transfermarkt.com/vitor-roque/profil/spieler/943837,https://www.transfermarkt.com/brasilien/startseite/verein/3439,data/raw/20260612_130814_transfermarkt_Brazil_national_team_8510a9c52963.html,2026-06-12T04:08:13+00:00
Brazil,-,Igor Jesus,Centre-Forward,25/02/2001,23,Igor Jesus,€15.00m,15000000.0,https://www.transfermarkt.com/igor-jesus/profil/spieler/432164,https://www.transfermarkt.com/brasilien/startseite/verein/3439,data/raw/20260612_130814_transfermarkt_Brazil_national_team_8510a9c52963.html,2026-06-12T04:08:13+00:00
Brazil,-,Kaio Jorge,Centre-Forward,24/01/2002,22,Kaio Jorge,€4.50m,4500000.0,https://www.transfermarkt.com/kaio-jorge/profil/spieler/620477,https://www.transfermarkt.com/brasilien/startseite/verein/3439,data/raw/20260612_130814_transfermarkt_Brazil_national_team_8510a9c52963.html,2026-06-12T04:08:13+00:00
Morocco,1,Yassine Bounou,Goalkeeper,05/04/1991,33,Yassine Bounou,€7.00m,7000000.0,https://www.transfermarkt.com/yassine-bounou/profil/spieler/207834,https://www.transfermarkt.com/marokko/startseite/verein/3575,data/raw/20260612_130817_transfermarkt_Morocco_national_team_2cfbc05173fd.html,2026-06-12T04:08:17+00:00
Morocco,-,El Mehdi Benabid,Goalkeeper,24/01/1998,26,El Mehdi Benabid,€1.60m,1600000.0,https://www.transfermarkt.com/el-mehdi-benabid/profil/spieler/544414,https://www.transfermarkt.com/marokko/startseite/verein/3575,data/raw/20260612_130817_transfermarkt_Morocco_national_team_2cfbc05173fd.html,2026-06-12T04:08:17+00:00
Morocco,-,Salaheddine Chihab,Goalkeeper,23/02/1993,31,Salaheddine Chihab,€1.00m,1000000.0,https://www.transfermarkt.com/salaheddine-chihab/profil/spieler/356586,https://www.transfermarkt.com/marokko/startseite/verein/3575,data/raw/20260612_130817_transfermarkt_Morocco_national_team_2cfbc05173fd.html,2026-06-12T04:08:17+00:00
Morocco,12,Munir El Kajoui,Goalkeeper,10/05/1989,35,Munir El Kajoui,€850k,850000.0,https://www.transfermarkt.com/munir-el-kajoui/profil/spieler/97925,https://www.transfermarkt.com/marokko/startseite/verein/3575,data/raw/20260612_130817_transfermarkt_Morocco_national_team_2cfbc05173fd.html,2026-06-12T04:08:17+00:00
Morocco,-,El Mehdi Al Harrar,Goalkeeper,30/11/2000,24,El Mehdi Al Harrar,€200k,200000.0,https://www.transfermarkt.com/el-mehdi-al-harrar/profil/spieler/822538,https://www.transfermarkt.com/marokko/startseite/verein/3575,data/raw/20260612_130817_transfermarkt_Morocco_national_team_2cfbc05173fd.html,2026-06-12T04:08:17+00:00
Morocco,-,Rachid Ghanimi,Goalkeeper,25/04/2001,23,Rachid Ghanimi,€25k,25000.0,https://www.transfermarkt.com/rachid-ghanimi/profil/spieler/981522,https://www.transfermarkt.com/marokko/startseite/verein/3575,data/raw/20260612_130817_transfermarkt_Morocco_national_team_2cfbc05173fd.html,2026-06-12T04:08:17+00:00
Morocco,-,Nayef Aguerd,Centre-Back,30/03/1996,28,Nayef Aguerd,€35.00m,35000000.0,https://www.transfermarkt.com/nayef-aguerd/profil/spieler/361914,https://www.transfermarkt.com/marokko/startseite/verein/3575,data/raw/20260612_130817_transfermarkt_Morocco_national_team_2cfbc05173fd.html,2026-06-12T04:08:17+00:00
Morocco,-,Abdel Abqar,Centre-Back,10/03/1999,25,Abdel Abqar,€7.50m,7500000.0,https://www.transfermarkt.com/abdel-abqar/profil/spieler/559979,https://www.transfermarkt.com/marokko/startseite/verein/3575,data/raw/20260612_130817_transfermarkt_Morocco_national_team_2cfbc05173fd.html,2026-06-12T04:08:17+00:00
Morocco,-,Romain Saïss,Centre-Back,26/03/1990,34,Romain Saïss,€3.00m,3000000.0,https://www.transfermarkt.com/romain-saiss/profil/spieler/204198,https://www.transfermarkt.com/marokko/startseite/verein/3575,data/raw/20260612_130817_transfermarkt_Morocco_national_team_2cfbc05173fd.html,2026-06-12T04:08:17+00:00
Morocco,-,Soufiane Bouftini,Centre-Back,03/05/1994,30,Soufiane Bouftini,€1.80m,1800000.0,https://www.transfermarkt.com/soufiane-bouftini/profil/spieler/531007,https://www.transfermarkt.com/marokko/startseite/verein/3575,data/raw/20260612_130817_transfermarkt_Morocco_national_team_2cfbc05173fd.html,2026-06-12T04:08:17+00:00
Morocco,-,Jawad El Yamiq,Centre-Back,29/02/1992,32,Jawad El Yamiq,€1.50m,1500000.0,https://www.transfermarkt.com/jawad-el-yamiq/profil/spieler/235412,https://www.transfermarkt.com/marokko/startseite/verein/3575,data/raw/20260612_130817_transfermarkt_Morocco_national_team_2cfbc05173fd.html,2026-06-12T04:08:17+00:00
Morocco,-,Adam Masina,Centre-Back,02/01/1994,30,Adam Masina,€1.50m,1500000.0,https://www.transfermarkt.com/adam-masina/profil/spieler/286949,https://www.transfermarkt.com/marokko/startseite/verein/3575,data/raw/20260612_130817_transfermarkt_Morocco_national_team_2cfbc05173fd.html,2026-06-12T04:08:17+00:00
Morocco,-,Jamal Harkass,Centre-Back,24/11/1995,29,Jamal Harkass,€1.40m,1400000.0,https://www.transfermarkt.com/jamal-harkass/profil/spieler/612041,https://www.transfermarkt.com/marokko/startseite/verein/3575,data/raw/20260612_130817_transfermarkt_Morocco_national_team_2cfbc05173fd.html,2026-06-12T04:08:17+00:00
Morocco,-,Marouane Louadni,Centre-Back,01/01/1995,29,Marouane Louadni,€650k,650000.0,https://www.transfermarkt.com/marouane-louadni/profil/spieler/518801,https://www.transfermarkt.com/marokko/startseite/verein/3575,data/raw/20260612_130817_transfermarkt_Morocco_national_team_2cfbc05173fd.html,2026-06-12T04:08:17+00:00
Morocco,-,Abdelhak Assal,Centre-Back,08/06/1998,26,Abdelhak Assal,€650k,650000.0,https://www.transfermarkt.com/abdelhak-assal/profil/spieler/842418,https://www.transfermarkt.com/marokko/startseite/verein/3575,data/raw/20260612_130817_transfermarkt_Morocco_national_team_2cfbc05173fd.html,2026-06-12T04:08:17+00:00
Morocco,5,Marwane Saadane,Centre-Back,17/01/1992,32,Marwane Saadane,€600k,600000.0,https://www.transfermarkt.com/marwane-saadane/profil/spieler/210009,https://www.transfermarkt.com/marokko/startseite/verein/3575,data/raw/20260612_130817_transfermarkt_Morocco_national_team_2cfbc05173fd.html,2026-06-12T04:08:17+00:00
Morocco,-,Bouchaib Arrassi,Centre-Back,06/01/2000,24,Bouchaib Arrassi,€250k,250000.0,https://www.transfermarkt.com/bouchaib-arrassi/profil/spieler/969934,https://www.transfermarkt.com/marokko/startseite/verein/3575,data/raw/20260612_130817_transfermarkt_Morocco_national_team_2cfbc05173fd.html,2026-06-12T04:08:17+00:00
Morocco,-,Mehdi Mchakhchekh,Centre-Back,23/02/2004,20,Mehdi Mchakhchekh,€10k,10000.0,https://www.transfermarkt.com/mehdi-mchakhchekh/profil/spieler/988205,https://www.transfermarkt.com/marokko/startseite/verein/3575,data/raw/20260612_130817_transfermarkt_Morocco_national_team_2cfbc05173fd.html,2026-06-12T04:08:17+00:00
Morocco,-,Abdelhamid Ait Boudlal,Centre-Back,16/04/2006,18,Abdelhamid Ait Boudlal,-,,https://www.transfermarkt.com/abdelhamid-ait-boudlal/profil/spieler/1134251,https://www.transfermarkt.com/marokko/startseite/verein/3575,data/raw/20260612_130817_transfermarkt_Morocco_national_team_2cfbc05173fd.html,2026-06-12T04:08:17+00:00
Morocco,-,Souffian El Karouani,Left-Back,19/10/2000,24,Souffian El Karouani,€5.00m,5000000.0,https://www.transfermarkt.com/souffian-el-karouani/profil/spieler/541134,https://www.transfermarkt.com/marokko/startseite/verein/3575,data/raw/20260612_130817_transfermarkt_Morocco_national_team_2cfbc05173fd.html,2026-06-12T04:08:17+00:00
Morocco,26,Anass Salah-Eddine,Left-Back,18/01/2002,22,Anass Salah-Eddine,€5.00m,5000000.0,https://www.transfermarkt.com/anass-salah-eddine/profil/spieler/485584,https://www.transfermarkt.com/marokko/startseite/verein/3575,data/raw/20260612_130817_transfermarkt_Morocco_national_team_2cfbc05173fd.html,2026-06-12T04:08:17+00:00
Morocco,-,Adam Aznou,Left-Back,02/06/2006,18,Adam Aznou,€3.00m,3000000.0,https://www.transfermarkt.com/adam-aznou/profil/spieler/938146,https://www.transfermarkt.com/marokko/startseite/verein/3575,data/raw/20260612_130817_transfermarkt_Morocco_national_team_2cfbc05173fd.html,2026-06-12T04:08:17+00:00
Morocco,19,Youssef Belammari,Left-Back,20/09/1998,26,Youssef Belammari,€1.70m,1700000.0,https://www.transfermarkt.com/youssef-belammari/profil/spieler/518804,https://www.transfermarkt.com/marokko/startseite/verein/3575,data/raw/20260612_130817_transfermarkt_Morocco_national_team_2cfbc05173fd.html,2026-06-12T04:08:17+00:00
Morocco,-,Hamza El Moussaoui,Left-Back,07/04/1993,31,Hamza El Moussaoui,€900k,900000.0,https://www.transfermarkt.com/hamza-el-moussaoui/profil/spieler/348772,https://www.transfermarkt.com/marokko/startseite/verein/3575,data/raw/20260612_130817_transfermarkt_Morocco_national_team_2cfbc05173fd.html,2026-06-12T04:08:17+00:00
Morocco,-,Mahmoud Bentayg,Left-Back,30/10/1999,25,Mahmoud Bentayg,€400k,400000.0,https://www.transfermarkt.com/mahmoud-bentayg/profil/spieler/840920,https://www.transfermarkt.com/marokko/startseite/verein/3575,data/raw/20260612_130817_transfermarkt_Morocco_national_team_2cfbc05173fd.html,2026-06-12T04:08:17+00:00
Morocco,-,Fouad Zahouani,Left-Back,18/04/2006,18,Fouad Zahouani,-,,https://www.transfermarkt.com/fouad-zahouani/profil/spieler/1134255,https://www.transfermarkt.com/marokko/startseite/verein/3575,data/raw/20260612_130817_transfermarkt_Morocco_national_team_2cfbc05173fd.html,2026-06-12T04:08:17+00:00
Morocco,2,Achraf Hakimi,Right-Back,04/11/1998,26,Achraf Hakimi,€60.00m,60000000.0,https://www.transfermarkt.com/achraf-hakimi/profil/spieler/398073,https://www.transfermarkt.com/marokko/startseite/verein/3575,data/raw/20260612_130817_transfermarkt_Morocco_national_team_2cfbc05173fd.html,2026-06-12T04:08:17+00:00
Morocco,3,Noussair Mazraoui,Right-Back,14/11/1997,27,Noussair Mazraoui,€32.00m,32000000.0,https://www.transfermarkt.com/noussair-mazraoui/profil/spieler/340456,https://www.transfermarkt.com/marokko/startseite/verein/3575,data/raw/20260612_130817_transfermarkt_Morocco_national_team_2cfbc05173fd.html,2026-06-12T04:08:17+00:00
Morocco,13,Zakaria El Ouahdi,Right-Back,31/12/2001,23,Zakaria El Ouahdi,€10.00m,10000000.0,https://www.transfermarkt.com/zakaria-el-ouahdi/profil/spieler/820474,https://www.transfermarkt.com/marokko/startseite/verein/3575,data/raw/20260612_130817_transfermarkt_Morocco_national_team_2cfbc05173fd.html,2026-06-12T04:08:17+00:00
Morocco,-,Omar El Hilali,Right-Back,12/09/2003,21,Omar El Hilali,€3.00m,3000000.0,https://www.transfermarkt.com/omar-el-hilali/profil/spieler/822331,https://www.transfermarkt.com/marokko/startseite/verein/3575,data/raw/20260612_130817_transfermarkt_Morocco_national_team_2cfbc05173fd.html,2026-06-12T04:08:17+00:00
Morocco,-,Mohamed Chibi,Right-Back,21/01/1993,31,Mohamed Chibi,€1.20m,1200000.0,https://www.transfermarkt.com/mohamed-chibi/profil/spieler/197714,https://www.transfermarkt.com/marokko/startseite/verein/3575,data/raw/20260612_130817_transfermarkt_Morocco_national_team_2cfbc05173fd.html,2026-06-12T04:08:17+00:00
Morocco,-,Mohamed Moufid,Right-Back,12/01/2000,24,Mohamed Moufid,€850k,850000.0,https://www.transfermarkt.com/mohamed-moufid/profil/spieler/800363,https://www.transfermarkt.com/marokko/startseite/verein/3575,data/raw/20260612_130817_transfermarkt_Morocco_national_team_2cfbc05173fd.html,2026-06-12T04:08:17+00:00
Morocco,-,Mohamed Boulacsout,Right-Back,23/09/1998,26,Mohamed Boulacsout,€800k,800000.0,https://www.transfermarkt.com/mohamed-boulacsout/profil/spieler/560873,https://www.transfermarkt.com/marokko/startseite/verein/3575,data/raw/20260612_130817_transfermarkt_Morocco_national_team_2cfbc05173fd.html,2026-06-12T04:08:17+00:00
Morocco,4,Sofyan Amrabat,Defensive Midfield,21/08/1996,28,Sofyan Amrabat,€22.00m,22000000.0,https://www.transfermarkt.com/sofyan-amrabat/profil/spieler/287579,https://www.transfermarkt.com/marokko/startseite/verein/3575,data/raw/20260612_130817_transfermarkt_Morocco_national_team_2cfbc05173fd.html,2026-06-12T04:08:17+00:00
Morocco,-,Aschraf El Mahdioui,Defensive Midfield,24/05/1996,28,Aschraf El Mahdioui,€3.00m,3000000.0,https://www.transfermarkt.com/aschraf-el-mahdioui/profil/spieler/295764,https://www.transfermarkt.com/marokko/startseite/verein/3575,data/raw/20260612_130817_transfermarkt_Morocco_national_team_2cfbc05173fd.html,2026-06-12T04:08:17+00:00
Morocco,-,Oussama Targhalline,Defensive Midfield,20/05/2002,22,Oussama Targhalline,€3.00m,3000000.0,https://www.transfermarkt.com/oussama-targhalline/profil/spieler/667965,https://www.transfermarkt.com/marokko/startseite/verein/3575,data/raw/20260612_130817_transfermarkt_Morocco_national_team_2cfbc05173fd.html,2026-06-12T04:08:17+00:00
Morocco,-,Oussama El Azzouzi,Defensive Midfield,29/05/2001,23,Oussama El Azzouzi,€2.00m,2000000.0,https://www.transfermarkt.com/oussama-el-azzouzi/profil/spieler/531065,https://www.transfermarkt.com/marokko/startseite/verein/3575,data/raw/20260612_130817_transfermarkt_Morocco_national_team_2cfbc05173fd.html,2026-06-12T04:08:17+00:00
Morocco,-,Mohamed Rabie Hrimat,Defensive Midfield,07/08/1994,30,Mohamed Rabie Hrimat,€1.60m,1600000.0,https://www.transfermarkt.com/mohamed-rabie-hrimat/profil/spieler/553100,https://www.transfermarkt.com/marokko/startseite/verein/3575,data/raw/20260612_130817_transfermarkt_Morocco_national_team_2cfbc05173fd.html,2026-06-12T04:08:17+00:00
Morocco,-,Anas Bach,Defensive Midfield,10/02/1998,26,Anas Bach,€750k,750000.0,https://www.transfermarkt.com/anas-bach/profil/spieler/518802,https://www.transfermarkt.com/marokko/startseite/verein/3575,data/raw/20260612_130817_transfermarkt_Morocco_national_team_2cfbc05173fd.html,2026-06-12T04:08:17+00:00
Morocco,8,Azzedine Ounahi,Central Midfield,19/04/2000,24,Azzedine Ounahi,€10.00m,10000000.0,https://www.transfermarkt.com/azzedine-ounahi/profil/spieler/593482,https://www.transfermarkt.com/marokko/startseite/verein/3575,data/raw/20260612_130817_transfermarkt_Morocco_national_team_2cfbc05173fd.html,2026-06-12T04:08:17+00:00
Morocco,-,Amir Richardson,Central Midfield,24/01/2002,22,Amir Richardson,€9.00m,9000000.0,https://www.transfermarkt.com/amir-richardson/profil/spieler/893675,https://www.transfermarkt.com/marokko/startseite/verein/3575,data/raw/20260612_130817_transfermarkt_Morocco_national_team_2cfbc05173fd.html,2026-06-12T04:08:17+00:00
Morocco,24,Neil El Aynaoui,Central Midfield,02/07/2001,23,Neil El Aynaoui,€8.00m,8000000.0,https://www.transfermarkt.com/neil-el-aynaoui/profil/spieler/901019,https://www.transfermarkt.com/marokko/startseite/verein/3575,data/raw/20260612_130817_transfermarkt_Morocco_national_team_2cfbc05173fd.html,2026-06-12T04:08:17+00:00
Morocco,-,Walid El Karti,Central Midfield,23/07/1994,30,Walid El Karti,€1.50m,1500000.0,https://www.transfermarkt.com/walid-el-karti/profil/spieler/235381,https://www.transfermarkt.com/marokko/startseite/verein/3575,data/raw/20260612_130817_transfermarkt_Morocco_national_team_2cfbc05173fd.html,2026-06-12T04:08:17+00:00
Morocco,-,Bilal Nadir,Central Midfield,28/11/2003,21,Bilal Nadir,€500k,500000.0,https://www.transfermarkt.com/bilal-nadir/profil/spieler/659520,https://www.transfermarkt.com/marokko/startseite/verein/3575,data/raw/20260612_130817_transfermarkt_Morocco_national_team_2cfbc05173fd.html,2026-06-12T04:08:17+00:00
Morocco,-,Ayoub Khairi,Central Midfield,16/02/2000,24,Ayoub Khairi,€500k,500000.0,https://www.transfermarkt.com/ayoub-khairi/profil/spieler/665738,https://www.transfermarkt.com/marokko/startseite/verein/3575,data/raw/20260612_130817_transfermarkt_Morocco_national_team_2cfbc05173fd.html,2026-06-12T04:08:17+00:00
Morocco,23,Bilal El Khannouss,Attacking Midfield,10/05/2004,20,Bilal El Khannouss,€30.00m,30000000.0,https://www.transfermarkt.com/bilal-el-khannouss/profil/spieler/654982,https://www.transfermarkt.com/marokko/startseite/verein/3575,data/raw/20260612_130817_transfermarkt_Morocco_national_team_2cfbc05173fd.html,2026-06-12T04:08:17+00:00
Morocco,11,Ismael Saibari,Attacking Midfield,28/01/2001,23,Ismael Saibari,€23.00m,23000000.0,https://www.transfermarkt.com/ismael-saibari/profil/spieler/702869,https://www.transfermarkt.com/marokko/startseite/verein/3575,data/raw/20260612_130817_transfermarkt_Morocco_national_team_2cfbc05173fd.html,2026-06-12T04:08:17+00:00
Morocco,-,Oussama Tannane,Attacking Midfield,23/03/1994,30,Oussama Tannane,€1.60m,1600000.0,https://www.transfermarkt.com/oussama-tannane/profil/spieler/235540,https://www.transfermarkt.com/marokko/startseite/verein/3575,data/raw/20260612_130817_transfermarkt_Morocco_national_team_2cfbc05173fd.html,2026-06-12T04:08:17+00:00
Morocco,-,Amine Zouhzouh,Attacking Midfield,11/08/2000,24,Amine Zouhzouh,€1.50m,1500000.0,https://www.transfermarkt.com/amine-zouhzouh/profil/spieler/859134,https://www.transfermarkt.com/marokko/startseite/verein/3575,data/raw/20260612_130817_transfermarkt_Morocco_national_team_2cfbc05173fd.html,2026-06-12T04:08:17+00:00
Morocco,-,Sabir Bougrine,Attacking Midfield,10/07/1996,28,Sabir Bougrine,€800k,800000.0,https://www.transfermarkt.com/sabir-bougrine/profil/spieler/318904,https://www.transfermarkt.com/marokko/startseite/verein/3575,data/raw/20260612_130817_transfermarkt_Morocco_national_team_2cfbc05173fd.html,2026-06-12T04:08:17+00:00
Morocco,-,Khalid Aït Ouarkhane,Attacking Midfield,22/04/2000,24,Khalid Aït Ouarkhane,€500k,500000.0,https://www.transfermarkt.com/khalid-ait-ouarkhane/profil/spieler/631508,https://www.transfermarkt.com/marokko/startseite/verein/3575,data/raw/20260612_130817_transfermarkt_Morocco_national_team_2cfbc05173fd.html,2026-06-12T04:08:17+00:00
Morocco,-,Hossam Essadak,Attacking Midfield,30/07/2005,19,Hossam Essadak,€225k,225000.0,https://www.transfermarkt.com/hossam-essadak/profil/spieler/1074351,https://www.transfermarkt.com/marokko/startseite/verein/3575,data/raw/20260612_130817_transfermarkt_Morocco_national_team_2cfbc05173fd.html,2026-06-12T04:08:17+00:00
Morocco,-,Reda Hajji,Attacking Midfield,26/08/2000,24,Reda Hajji,€150k,150000.0,https://www.transfermarkt.com/reda-hajji/profil/spieler/882910,https://www.transfermarkt.com/marokko/startseite/verein/3575,data/raw/20260612_130817_transfermarkt_Morocco_national_team_2cfbc05173fd.html,2026-06-12T04:08:17+00:00
Morocco,-,Eliesse Ben Seghir,Left Winger,16/02/2005,19,Eliesse Ben Seghir,€30.00m,30000000.0,https://www.transfermarkt.com/eliesse-ben-seghir/profil/spieler/810895,https://www.transfermarkt.com/marokko/startseite/verein/3575,data/raw/20260612_130817_transfermarkt_Morocco_national_team_2cfbc05173fd.html,2026-06-12T04:08:17+00:00
Morocco,-,Amine Adli,Left Winger,10/05/2000,24,Amine Adli,€22.00m,22000000.0,https://www.transfermarkt.com/amine-adli/profil/spieler/532776,https://www.transfermarkt.com/marokko/startseite/verein/3575,data/raw/20260612_130817_transfermarkt_Morocco_national_team_2cfbc05173fd.html,2026-06-12T04:08:17+00:00
Morocco,-,Abde Ezzalzouli,Left Winger,17/12/2001,23,Abde Ezzalzouli,€15.00m,15000000.0,https://www.transfermarkt.com/abde-ezzalzouli/profil/spieler/724520,https://www.transfermarkt.com/marokko/startseite/verein/3575,data/raw/20260612_130817_transfermarkt_Morocco_national_team_2cfbc05173fd.html,2026-06-12T04:08:17+00:00
Morocco,-,Sofiane Diop,Left Winger,09/06/2000,24,Sofiane Diop,€12.00m,12000000.0,https://www.transfermarkt.com/sofiane-diop/profil/spieler/569389,https://www.transfermarkt.com/marokko/startseite/verein/3575,data/raw/20260612_130817_transfermarkt_Morocco_national_team_2cfbc05173fd.html,2026-06-12T04:08:17+00:00
Morocco,-,Osame Sahraoui,Left Winger,11/06/2001,23,Osame Sahraoui,€12.00m,12000000.0,https://www.transfermarkt.com/osame-sahraoui/profil/spieler/580657,https://www.transfermarkt.com/marokko/startseite/verein/3575,data/raw/20260612_130817_transfermarkt_Morocco_national_team_2cfbc05173fd.html,2026-06-12T04:08:17+00:00
Morocco,9,Soufiane Rahimi,Left Winger,02/06/1996,28,Soufiane Rahimi,€7.50m,7500000.0,https://www.transfermarkt.com/soufiane-rahimi/profil/spieler/598506,https://www.transfermarkt.com/marokko/startseite/verein/3575,data/raw/20260612_130817_transfermarkt_Morocco_national_team_2cfbc05173fd.html,2026-06-12T04:08:17+00:00
Morocco,-,Mounir Chouiar,Left Winger,23/01/1999,25,Mounir Chouiar,€3.00m,3000000.0,https://www.transfermarkt.com/mounir-chouiar/profil/spieler/355641,https://www.transfermarkt.com/marokko/startseite/verein/3575,data/raw/20260612_130817_transfermarkt_Morocco_national_team_2cfbc05173fd.html,2026-06-12T04:08:17+00:00
Morocco,-,Youssef Mehri,Left Winger,07/09/1999,25,Youssef Mehri,€800k,800000.0,https://www.transfermarkt.com/youssef-mehri/profil/spieler/868636,https://www.transfermarkt.com/marokko/startseite/verein/3575,data/raw/20260612_130817_transfermarkt_Morocco_national_team_2cfbc05173fd.html,2026-06-12T04:08:17+00:00
Morocco,-,Anas El Mahraoui,Left Winger,29/03/2001,23,Anas El Mahraoui,€50k,50000.0,https://www.transfermarkt.com/anas-el-mahraoui/profil/spieler/1203845,https://www.transfermarkt.com/marokko/startseite/verein/3575,data/raw/20260612_130817_transfermarkt_Morocco_national_team_2cfbc05173fd.html,2026-06-12T04:08:17+00:00
Morocco,10,Brahim Díaz,Right Winger,03/08/1999,25,Brahim Díaz,€35.00m,35000000.0,https://www.transfermarkt.com/brahim-diaz/profil/spieler/314678,https://www.transfermarkt.com/marokko/startseite/verein/3575,data/raw/20260612_130817_transfermarkt_Morocco_national_team_2cfbc05173fd.html,2026-06-12T04:08:17+00:00
Morocco,-,Ilias Akhomach,Right Winger,16/04/2004,20,Ilias Akhomach,€15.00m,15000000.0,https://www.transfermarkt.com/ilias-akhomach/profil/spieler/709969,https://www.transfermarkt.com/marokko/startseite/verein/3575,data/raw/20260612_130817_transfermarkt_Morocco_national_team_2cfbc05173fd.html,2026-06-12T04:08:17+00:00
Morocco,7,Chemsdine Talbi,Right Winger,09/05/2005,19,Chemsdine Talbi,€3.00m,3000000.0,https://www.transfermarkt.com/chemsdine-talbi/profil/spieler/743384,https://www.transfermarkt.com/marokko/startseite/verein/3575,data/raw/20260612_130817_transfermarkt_Morocco_national_team_2cfbc05173fd.html,2026-06-12T04:08:17+00:00
Morocco,-,Amine Souane,Right Winger,17/09/2001,23,Amine Souane,€600k,600000.0,https://www.transfermarkt.com/amine-souane/profil/spieler/738951,https://www.transfermarkt.com/marokko/startseite/verein/3575,data/raw/20260612_130817_transfermarkt_Morocco_national_team_2cfbc05173fd.html,2026-06-12T04:08:17+00:00
Morocco,-,Saifeddine Bouhra,Right Winger,05/03/2000,24,Saifeddine Bouhra,€450k,450000.0,https://www.transfermarkt.com/saifeddine-bouhra/profil/spieler/692595,https://www.transfermarkt.com/marokko/startseite/verein/3575,data/raw/20260612_130817_transfermarkt_Morocco_national_team_2cfbc05173fd.html,2026-06-12T04:08:17+00:00
Morocco,-,Imad Riahi,Right Winger,28/07/2000,24,Imad Riahi,€450k,450000.0,https://www.transfermarkt.com/imad-riahi/profil/spieler/838829,https://www.transfermarkt.com/marokko/startseite/verein/3575,data/raw/20260612_130817_transfermarkt_Morocco_national_team_2cfbc05173fd.html,2026-06-12T04:08:17+00:00
Morocco,-,Khalid Baba,Right Winger,13/01/2000,24,Khalid Baba,€175k,175000.0,https://www.transfermarkt.com/khalid-baba/profil/spieler/863506,https://www.transfermarkt.com/marokko/startseite/verein/3575,data/raw/20260612_130817_transfermarkt_Morocco_national_team_2cfbc05173fd.html,2026-06-12T04:08:17+00:00
Morocco,-,Salaheddine Errahouli,Right Winger,12/10/2002,22,Salaheddine Errahouli,€150k,150000.0,https://www.transfermarkt.com/salaheddine-errahouli/profil/spieler/846437,https://www.transfermarkt.com/marokko/startseite/verein/3575,data/raw/20260612_130817_transfermarkt_Morocco_national_team_2cfbc05173fd.html,2026-06-12T04:08:17+00:00
Morocco,-,Youssef En-Nesyri,Centre-Forward,01/06/1997,27,Youssef En-Nesyri,€22.00m,22000000.0,https://www.transfermarkt.com/youssef-en-nesyri/profil/spieler/433049,https://www.transfermarkt.com/marokko/startseite/verein/3575,data/raw/20260612_130817_transfermarkt_Morocco_national_team_2cfbc05173fd.html,2026-06-12T04:08:17+00:00
Morocco,-,Tarik Tissoudali,Centre-Forward,02/04/1993,31,Tarik Tissoudali,€5.00m,5000000.0,https://www.transfermarkt.com/tarik-tissoudali/profil/spieler/245228,https://www.transfermarkt.com/marokko/startseite/verein/3575,data/raw/20260612_130817_transfermarkt_Morocco_national_team_2cfbc05173fd.html,2026-06-12T04:08:17+00:00
Morocco,20,Ayoub El Kaabi,Centre-Forward,25/06/1993,31,Ayoub El Kaabi,€5.00m,5000000.0,https://www.transfermarkt.com/ayoub-el-kaabi/profil/spieler/521127,https://www.transfermarkt.com/marokko/startseite/verein/3575,data/raw/20260612_130817_transfermarkt_Morocco_national_team_2cfbc05173fd.html,2026-06-12T04:08:17+00:00
Morocco,-,Walid Azaro,Centre-Forward,11/06/1995,29,Walid Azaro,€4.50m,4500000.0,https://www.transfermarkt.com/walid-azaro/profil/spieler/471776,https://www.transfermarkt.com/marokko/startseite/verein/3575,data/raw/20260612_130817_transfermarkt_Morocco_national_team_2cfbc05173fd.html,2026-06-12T04:08:17+00:00
Morocco,-,Hamza Igamane,Centre-Forward,02/11/2002,22,Hamza Igamane,€2.50m,2500000.0,https://www.transfermarkt.com/hamza-igamane/profil/spieler/885445,https://www.transfermarkt.com/marokko/startseite/verein/3575,data/raw/20260612_130817_transfermarkt_Morocco_national_team_2cfbc05173fd.html,2026-06-12T04:08:17+00:00
Morocco,-,Abderrazak Hamdallah,Centre-Forward,17/12/1990,34,Abderrazak Hamdallah,€2.00m,2000000.0,https://www.transfermarkt.com/abderrazak-hamdallah/profil/spieler/235052,https://www.transfermarkt.com/marokko/startseite/verein/3575,data/raw/20260612_130817_transfermarkt_Morocco_national_team_2cfbc05173fd.html,2026-06-12T04:08:17+00:00
Morocco,-,Karim El Berkaoui,Centre-Forward,29/03/1995,29,Karim El Berkaoui,€1.00m,1000000.0,https://www.transfermarkt.com/karim-el-berkaoui/profil/spieler/362278,https://www.transfermarkt.com/marokko/startseite/verein/3575,data/raw/20260612_130817_transfermarkt_Morocco_national_team_2cfbc05173fd.html,2026-06-12T04:08:17+00:00
Morocco,-,Oussama Lamlioui,Centre-Forward,02/01/1996,28,Oussama Lamlioui,€550k,550000.0,https://www.transfermarkt.com/oussama-lamlioui/profil/spieler/732950,https://www.transfermarkt.com/marokko/startseite/verein/3575,data/raw/20260612_130817_transfermarkt_Morocco_national_team_2cfbc05173fd.html,2026-06-12T04:08:17+00:00
Morocco,-,Hamza Hannouri,Centre-Forward,22/01/1998,26,Hamza Hannouri,€500k,500000.0,https://www.transfermarkt.com/hamza-hannouri/profil/spieler/517712,https://www.transfermarkt.com/marokko/startseite/verein/3575,data/raw/20260612_130817_transfermarkt_Morocco_national_team_2cfbc05173fd.html,2026-06-12T04:08:17+00:00
Morocco,-,Maroan Sannadi,Centre-Forward,01/02/2001,23,Maroan Sannadi,€400k,400000.0,https://www.transfermarkt.com/maroan-sannadi/profil/spieler/1054934,https://www.transfermarkt.com/marokko/startseite/verein/3575,data/raw/20260612_130817_transfermarkt_Morocco_national_team_2cfbc05173fd.html,2026-06-12T04:08:17+00:00
Morocco,-,Ayoub Mouloua,Centre-Forward,30/09/2002,22,Ayoub Mouloua,€100k,100000.0,https://www.transfermarkt.com/ayoub-mouloua/profil/spieler/844300,https://www.transfermarkt.com/marokko/startseite/verein/3575,data/raw/20260612_130817_transfermarkt_Morocco_national_team_2cfbc05173fd.html,2026-06-12T04:08:17+00:00
Morocco,-,Youness El Kaabi,Centre-Forward,12/12/2000,24,Youness El Kaabi,-,,https://www.transfermarkt.com/youness-el-kaabi/profil/spieler/1210200,https://www.transfermarkt.com/marokko/startseite/verein/3575,data/raw/20260612_130817_transfermarkt_Morocco_national_team_2cfbc05173fd.html,2026-06-12T04:08:17+00:00
Haiti,12,Alexandre Pierre,Goalkeeper,25/02/2001,25,Alexandre Pierre,€700k,700000.0,https://www.transfermarkt.com/alexandre-pierre/profil/spieler/838947,https://www.transfermarkt.com/haiti/startseite/verein/14161,data/raw/20260612_130821_transfermarkt_Haiti_national_team_f943a2fe07f8.html,2026-06-12T04:08:20+00:00
Haiti,1,Johny Placide,Goalkeeper,29/01/1988,38,Johny Placide,€150k,150000.0,https://www.transfermarkt.com/johny-placide/profil/spieler/51035,https://www.transfermarkt.com/haiti/startseite/verein/14161,data/raw/20260612_130821_transfermarkt_Haiti_national_team_f943a2fe07f8.html,2026-06-12T04:08:20+00:00
Haiti,23,Josué Duverger,Goalkeeper,27/04/2000,26,Josué Duverger,€50k,50000.0,https://www.transfermarkt.com/josue-duverger/profil/spieler/490369,https://www.transfermarkt.com/haiti/startseite/verein/14161,data/raw/20260612_130821_transfermarkt_Haiti_national_team_f943a2fe07f8.html,2026-06-12T04:08:20+00:00
Haiti,5,Hannes Delcroix,Centre-Back,28/02/1999,27,Hannes Delcroix,€2.00m,2000000.0,https://www.transfermarkt.com/hannes-delcroix/profil/spieler/338635,https://www.transfermarkt.com/haiti/startseite/verein/14161,data/raw/20260612_130821_transfermarkt_Haiti_national_team_f943a2fe07f8.html,2026-06-12T04:08:20+00:00
Haiti,22,Jean-Kévin Duverne,Centre-Back,12/07/1997,28,Jean-Kévin Duverne,€2.00m,2000000.0,https://www.transfermarkt.com/jean-kevin-duverne/profil/spieler/344864,https://www.transfermarkt.com/haiti/startseite/verein/14161,data/raw/20260612_130821_transfermarkt_Haiti_national_team_f943a2fe07f8.html,2026-06-12T04:08:20+00:00
Haiti,4,Ricardo Adé,Centre-Back,21/05/1990,36,Ricardo Adé,€300k,300000.0,https://www.transfermarkt.com/ricardo-ade/profil/spieler/278145,https://www.transfermarkt.com/haiti/startseite/verein/14161,data/raw/20260612_130821_transfermarkt_Haiti_national_team_f943a2fe07f8.html,2026-06-12T04:08:20+00:00
Haiti,3,Keeto Thermoncy,Centre-Back,29/03/2006,20,Keeto Thermoncy,€100k,100000.0,https://www.transfermarkt.com/keeto-thermoncy/profil/spieler/1061046,https://www.transfermarkt.com/haiti/startseite/verein/14161,data/raw/20260612_130821_transfermarkt_Haiti_national_team_f943a2fe07f8.html,2026-06-12T04:08:20+00:00
Haiti,8,Martin Expérience,Left-Back,09/03/1999,27,Martin Expérience,€350k,350000.0,https://www.transfermarkt.com/martin-experience/profil/spieler/804885,https://www.transfermarkt.com/haiti/startseite/verein/14161,data/raw/20260612_130821_transfermarkt_Haiti_national_team_f943a2fe07f8.html,2026-06-12T04:08:20+00:00
Haiti,13,Duke Lacroix,Left-Back,14/10/1993,32,Duke Lacroix,€125k,125000.0,https://www.transfermarkt.com/duke-lacroix/profil/spieler/375472,https://www.transfermarkt.com/haiti/startseite/verein/14161,data/raw/20260612_130821_transfermarkt_Haiti_national_team_f943a2fe07f8.html,2026-06-12T04:08:20+00:00
Haiti,2,Carlens Arcus,Right-Back,28/06/1996,29,Carlens Arcus,€1.80m,1800000.0,https://www.transfermarkt.com/carlens-arcus/profil/spieler/371686,https://www.transfermarkt.com/haiti/startseite/verein/14161,data/raw/20260612_130821_transfermarkt_Haiti_national_team_f943a2fe07f8.html,2026-06-12T04:08:20+00:00
Haiti,24,Wilguens Paugain,Right-Back,24/08/2001,24,Wilguens Paugain,€800k,800000.0,https://www.transfermarkt.com/wilguens-paugain/profil/spieler/609691,https://www.transfermarkt.com/haiti/startseite/verein/14161,data/raw/20260612_130821_transfermarkt_Haiti_national_team_f943a2fe07f8.html,2026-06-12T04:08:20+00:00
Haiti,17,Danley Jean Jacques,Defensive Midfield,20/05/2000,26,Danley Jean Jacques,€3.00m,3000000.0,https://www.transfermarkt.com/danley-jean-jacques/profil/spieler/628834,https://www.transfermarkt.com/haiti/startseite/verein/14161,data/raw/20260612_130821_transfermarkt_Haiti_national_team_f943a2fe07f8.html,2026-06-12T04:08:20+00:00
Haiti,14,Leverton Pierre,Defensive Midfield,09/03/1998,28,Leverton Pierre,€200k,200000.0,https://www.transfermarkt.com/leverton-pierre/profil/spieler/552467,https://www.transfermarkt.com/haiti/startseite/verein/14161,data/raw/20260612_130821_transfermarkt_Haiti_national_team_f943a2fe07f8.html,2026-06-12T04:08:20+00:00
Haiti,25,Dominique Simon,Defensive Midfield,29/07/2000,25,Dominique Simon,€200k,200000.0,https://www.transfermarkt.com/dominique-simon/profil/spieler/988188,https://www.transfermarkt.com/haiti/startseite/verein/14161,data/raw/20260612_130821_transfermarkt_Haiti_national_team_f943a2fe07f8.html,2026-06-12T04:08:20+00:00
Haiti,6,Carl Sainté,Defensive Midfield,09/08/2002,23,Carl Sainté,€125k,125000.0,https://www.transfermarkt.com/carl-sainte/profil/spieler/718244,https://www.transfermarkt.com/haiti/startseite/verein/14161,data/raw/20260612_130821_transfermarkt_Haiti_national_team_f943a2fe07f8.html,2026-06-12T04:08:20+00:00
Haiti,26,Woodensky Pierre,Defensive Midfield,30/12/2004,21,Woodensky Pierre,€100k,100000.0,https://www.transfermarkt.com/woodensky-pierre/profil/spieler/1017735,https://www.transfermarkt.com/haiti/startseite/verein/14161,data/raw/20260612_130821_transfermarkt_Haiti_national_team_f943a2fe07f8.html,2026-06-12T04:08:20+00:00
Haiti,10,Jean-Ricner Bellegarde,Central Midfield,27/06/1998,27,Jean-Ricner Bellegarde,€16.00m,16000000.0,https://www.transfermarkt.com/jean-ricner-bellegarde/profil/spieler/450050,https://www.transfermarkt.com/haiti/startseite/verein/14161,data/raw/20260612_130821_transfermarkt_Haiti_national_team_f943a2fe07f8.html,2026-06-12T04:08:20+00:00
Haiti,7,Derrick Etienne Jr.,Left Winger,25/11/1996,29,Derrick Etienne Jr.,€800k,800000.0,https://www.transfermarkt.com/derrick-etienne-jr-/profil/spieler/354763,https://www.transfermarkt.com/haiti/startseite/verein/14161,data/raw/20260612_130821_transfermarkt_Haiti_national_team_f943a2fe07f8.html,2026-06-12T04:08:20+00:00
Haiti,15,Ruben Providence,Left Winger,07/07/2001,24,Ruben Providence,€300k,300000.0,https://www.transfermarkt.com/ruben-providence/profil/spieler/536520,https://www.transfermarkt.com/haiti/startseite/verein/14161,data/raw/20260612_130821_transfermarkt_Haiti_national_team_f943a2fe07f8.html,2026-06-12T04:08:20+00:00
Haiti,21,Josué Casimir,Right Winger,24/09/2001,24,Josué Casimir,€3.00m,3000000.0,https://www.transfermarkt.com/josue-casimir/profil/spieler/763182,https://www.transfermarkt.com/haiti/startseite/verein/14161,data/raw/20260612_130821_transfermarkt_Haiti_national_team_f943a2fe07f8.html,2026-06-12T04:08:20+00:00
Haiti,11,Louicius Deedson,Right Winger,11/02/2001,25,Louicius Deedson,€1.20m,1200000.0,https://www.transfermarkt.com/louicius-deedson/profil/spieler/646108,https://www.transfermarkt.com/haiti/startseite/verein/14161,data/raw/20260612_130821_transfermarkt_Haiti_national_team_f943a2fe07f8.html,2026-06-12T04:08:20+00:00
Haiti,18,Wilson Isidor,Centre-Forward,27/08/2000,25,Wilson Isidor,€18.00m,18000000.0,https://www.transfermarkt.com/wilson-isidor/profil/spieler/494237,https://www.transfermarkt.com/haiti/startseite/verein/14161,data/raw/20260612_130821_transfermarkt_Haiti_national_team_f943a2fe07f8.html,2026-06-12T04:08:20+00:00
Haiti,16,Lenny Joseph,Centre-Forward,12/10/2000,25,Lenny Joseph,€2.00m,2000000.0,https://www.transfermarkt.com/lenny-joseph/profil/spieler/815359,https://www.transfermarkt.com/haiti/startseite/verein/14161,data/raw/20260612_130821_transfermarkt_Haiti_national_team_f943a2fe07f8.html,2026-06-12T04:08:20+00:00
Haiti,20,Frantzdy Pierrot,Centre-Forward,29/03/1995,31,Frantzdy Pierrot,€1.50m,1500000.0,https://www.transfermarkt.com/frantzdy-pierrot/profil/spieler/492955,https://www.transfermarkt.com/haiti/startseite/verein/14161,data/raw/20260612_130821_transfermarkt_Haiti_national_team_f943a2fe07f8.html,2026-06-12T04:08:20+00:00
Haiti,9,Duckens Nazon,Centre-Forward,07/04/1994,32,Duckens Nazon,€800k,800000.0,https://www.transfermarkt.com/duckens-nazon/profil/spieler/345763,https://www.transfermarkt.com/haiti/startseite/verein/14161,data/raw/20260612_130821_transfermarkt_Haiti_national_team_f943a2fe07f8.html,2026-06-12T04:08:20+00:00
Haiti,19,Yassin Fortuné,Centre-Forward,30/01/1999,27,Yassin Fortuné,€300k,300000.0,https://www.transfermarkt.com/yassin-fortune/profil/spieler/342878,https://www.transfermarkt.com/haiti/startseite/verein/14161,data/raw/20260612_130821_transfermarkt_Haiti_national_team_f943a2fe07f8.html,2026-06-12T04:08:20+00:00
Scotland,1,Angus Gunn,Goalkeeper,22/01/1996,28,Angus Gunn,€2.50m,2500000.0,https://www.transfermarkt.com/angus-gunn/profil/spieler/201574,https://www.transfermarkt.com/schottland/startseite/verein/3380,data/raw/20260612_130824_transfermarkt_Scotland_national_team_0cdc0c995499.html,2026-06-12T04:08:24+00:00
Scotland,12,Liam Kelly,Goalkeeper,23/01/1996,28,Liam Kelly,€800k,800000.0,https://www.transfermarkt.com/liam-kelly/profil/spieler/208772,https://www.transfermarkt.com/schottland/startseite/verein/3380,data/raw/20260612_130824_transfermarkt_Scotland_national_team_0cdc0c995499.html,2026-06-12T04:08:24+00:00
Scotland,-,Zander Clark,Goalkeeper,26/06/1992,32,Zander Clark,€500k,500000.0,https://www.transfermarkt.com/zander-clark/profil/spieler/98067,https://www.transfermarkt.com/schottland/startseite/verein/3380,data/raw/20260612_130824_transfermarkt_Scotland_national_team_0cdc0c995499.html,2026-06-12T04:08:24+00:00
Scotland,-,Robby McCrorie,Goalkeeper,18/03/1998,26,Robby McCrorie,€500k,500000.0,https://www.transfermarkt.com/robby-mccrorie/profil/spieler/244260,https://www.transfermarkt.com/schottland/startseite/verein/3380,data/raw/20260612_130824_transfermarkt_Scotland_national_team_0cdc0c995499.html,2026-06-12T04:08:24+00:00
Scotland,-,Cieran Slicker,Goalkeeper,15/09/2002,22,Cieran Slicker,€300k,300000.0,https://www.transfermarkt.com/cieran-slicker/profil/spieler/621997,https://www.transfermarkt.com/schottland/startseite/verein/3380,data/raw/20260612_130824_transfermarkt_Scotland_national_team_0cdc0c995499.html,2026-06-12T04:08:24+00:00
Scotland,-,Ross Doohan,Goalkeeper,29/03/1998,26,Ross Doohan,€250k,250000.0,https://www.transfermarkt.com/ross-doohan/profil/spieler/285283,https://www.transfermarkt.com/schottland/startseite/verein/3380,data/raw/20260612_130824_transfermarkt_Scotland_national_team_0cdc0c995499.html,2026-06-12T04:08:24+00:00
Scotland,-,Scott Bain,Goalkeeper,22/11/1991,33,Scott Bain,€200k,200000.0,https://www.transfermarkt.com/scott-bain/profil/spieler/85627,https://www.transfermarkt.com/schottland/startseite/verein/3380,data/raw/20260612_130824_transfermarkt_Scotland_national_team_0cdc0c995499.html,2026-06-12T04:08:24+00:00
Scotland,-,Callan McKenna,Goalkeeper,22/12/2006,18,Callan McKenna,€100k,100000.0,https://www.transfermarkt.com/callan-mckenna/profil/spieler/983248,https://www.transfermarkt.com/schottland/startseite/verein/3380,data/raw/20260612_130824_transfermarkt_Scotland_national_team_0cdc0c995499.html,2026-06-12T04:08:24+00:00
Scotland,21,Craig Gordon,Goalkeeper,31/12/1982,42,Craig Gordon,€100k,100000.0,https://www.transfermarkt.com/craig-gordon/profil/spieler/12589,https://www.transfermarkt.com/schottland/startseite/verein/3380,data/raw/20260612_130824_transfermarkt_Scotland_national_team_0cdc0c995499.html,2026-06-12T04:08:24+00:00
Scotland,26,Scott McKenna,Centre-Back,12/11/1996,28,Scott McKenna,€6.00m,6000000.0,https://www.transfermarkt.com/scott-mckenna/profil/spieler/255906,https://www.transfermarkt.com/schottland/startseite/verein/3380,data/raw/20260612_130824_transfermarkt_Scotland_national_team_0cdc0c995499.html,2026-06-12T04:08:24+00:00
Scotland,15,John Souttar,Centre-Back,25/09/1996,28,John Souttar,€4.50m,4500000.0,https://www.transfermarkt.com/john-souttar/profil/spieler/235767,https://www.transfermarkt.com/schottland/startseite/verein/3380,data/raw/20260612_130824_transfermarkt_Scotland_national_team_0cdc0c995499.html,2026-06-12T04:08:24+00:00
Scotland,-,Ryan Porteous,Centre-Back,25/03/1999,25,Ryan Porteous,€3.00m,3000000.0,https://www.transfermarkt.com/ryan-porteous/profil/spieler/446093,https://www.transfermarkt.com/schottland/startseite/verein/3380,data/raw/20260612_130824_transfermarkt_Scotland_national_team_0cdc0c995499.html,2026-06-12T04:08:24+00:00
Scotland,13,Jack Hendry,Centre-Back,07/05/1995,29,Jack Hendry,€2.50m,2500000.0,https://www.transfermarkt.com/jack-hendry/profil/spieler/363223,https://www.transfermarkt.com/schottland/startseite/verein/3380,data/raw/20260612_130824_transfermarkt_Scotland_national_team_0cdc0c995499.html,2026-06-12T04:08:24+00:00
Scotland,5,Grant Hanley,Centre-Back,20/11/1991,33,Grant Hanley,€700k,700000.0,https://www.transfermarkt.com/grant-hanley/profil/spieler/121385,https://www.transfermarkt.com/schottland/startseite/verein/3380,data/raw/20260612_130824_transfermarkt_Scotland_national_team_0cdc0c995499.html,2026-06-12T04:08:24+00:00
Scotland,3,Andrew Robertson,Left-Back,11/03/1994,30,Andrew Robertson,€25.00m,25000000.0,https://www.transfermarkt.com/andrew-robertson/profil/spieler/234803,https://www.transfermarkt.com/schottland/startseite/verein/3380,data/raw/20260612_130824_transfermarkt_Scotland_national_team_0cdc0c995499.html,2026-06-12T04:08:24+00:00
Scotland,6,Kieran Tierney,Left-Back,05/06/1997,27,Kieran Tierney,€10.00m,10000000.0,https://www.transfermarkt.com/kieran-tierney/profil/spieler/300716,https://www.transfermarkt.com/schottland/startseite/verein/3380,data/raw/20260612_130824_transfermarkt_Scotland_national_team_0cdc0c995499.html,2026-06-12T04:08:24+00:00
Scotland,-,Josh Doig,Left-Back,18/05/2002,22,Josh Doig,€4.50m,4500000.0,https://www.transfermarkt.com/josh-doig/profil/spieler/567129,https://www.transfermarkt.com/schottland/startseite/verein/3380,data/raw/20260612_130824_transfermarkt_Scotland_national_team_0cdc0c995499.html,2026-06-12T04:08:24+00:00
Scotland,2,Aaron Hickey,Right-Back,10/06/2002,22,Aaron Hickey,€22.00m,22000000.0,https://www.transfermarkt.com/aaron-hickey/profil/spieler/591949,https://www.transfermarkt.com/schottland/startseite/verein/3380,data/raw/20260612_130824_transfermarkt_Scotland_national_team_0cdc0c995499.html,2026-06-12T04:08:24+00:00
Scotland,22,Nathan Patterson,Right-Back,16/10/2001,23,Nathan Patterson,€15.00m,15000000.0,https://www.transfermarkt.com/nathan-patterson/profil/spieler/424015,https://www.transfermarkt.com/schottland/startseite/verein/3380,data/raw/20260612_130824_transfermarkt_Scotland_national_team_0cdc0c995499.html,2026-06-12T04:08:24+00:00
Scotland,24,Anthony Ralston,Right-Back,16/11/1998,26,Anthony Ralston,€2.00m,2000000.0,https://www.transfermarkt.com/anthony-ralston/profil/spieler/388171,https://www.transfermarkt.com/schottland/startseite/verein/3380,data/raw/20260612_130824_transfermarkt_Scotland_national_team_0cdc0c995499.html,2026-06-12T04:08:24+00:00
Scotland,-,Max Johnston,Right-Back,26/12/2003,21,Max Johnston,€1.50m,1500000.0,https://www.transfermarkt.com/max-johnston/profil/spieler/652632,https://www.transfermarkt.com/schottland/startseite/verein/3380,data/raw/20260612_130824_transfermarkt_Scotland_national_team_0cdc0c995499.html,2026-06-12T04:08:24+00:00
Scotland,-,Billy Gilmour,Defensive Midfield,11/06/2001,23,Billy Gilmour,€16.00m,16000000.0,https://www.transfermarkt.com/billy-gilmour/profil/spieler/423744,https://www.transfermarkt.com/schottland/startseite/verein/3380,data/raw/20260612_130824_transfermarkt_Scotland_national_team_0cdc0c995499.html,2026-06-12T04:08:24+00:00
Scotland,-,Connor Barron,Defensive Midfield,29/08/2002,22,Connor Barron,€2.50m,2500000.0,https://www.transfermarkt.com/connor-barron/profil/spieler/567151,https://www.transfermarkt.com/schottland/startseite/verein/3380,data/raw/20260612_130824_transfermarkt_Scotland_national_team_0cdc0c995499.html,2026-06-12T04:08:24+00:00
Scotland,4,Scott McTominay,Central Midfield,08/12/1996,28,Scott McTominay,€40.00m,40000000.0,https://www.transfermarkt.com/scott-mctominay/profil/spieler/315969,https://www.transfermarkt.com/schottland/startseite/verein/3380,data/raw/20260612_130824_transfermarkt_Scotland_national_team_0cdc0c995499.html,2026-06-12T04:08:24+00:00
Scotland,7,John McGinn,Central Midfield,18/10/1994,30,John McGinn,€23.00m,23000000.0,https://www.transfermarkt.com/john-mcginn/profil/spieler/193116,https://www.transfermarkt.com/schottland/startseite/verein/3380,data/raw/20260612_130824_transfermarkt_Scotland_national_team_0cdc0c995499.html,2026-06-12T04:08:24+00:00
Scotland,19,Lewis Ferguson,Central Midfield,24/08/1999,25,Lewis Ferguson,€22.00m,22000000.0,https://www.transfermarkt.com/lewis-ferguson/profil/spieler/428563,https://www.transfermarkt.com/schottland/startseite/verein/3380,data/raw/20260612_130824_transfermarkt_Scotland_national_team_0cdc0c995499.html,2026-06-12T04:08:24+00:00
Scotland,11,Ryan Christie,Central Midfield,22/02/1995,29,Ryan Christie,€12.00m,12000000.0,https://www.transfermarkt.com/ryan-christie/profil/spieler/188077,https://www.transfermarkt.com/schottland/startseite/verein/3380,data/raw/20260612_130824_transfermarkt_Scotland_national_team_0cdc0c995499.html,2026-06-12T04:08:24+00:00
Scotland,-,Andrew Irving,Central Midfield,13/05/2000,24,Andrew Irving,€5.00m,5000000.0,https://www.transfermarkt.com/andrew-irving/profil/spieler/430310,https://www.transfermarkt.com/schottland/startseite/verein/3380,data/raw/20260612_130824_transfermarkt_Scotland_national_team_0cdc0c995499.html,2026-06-12T04:08:24+00:00
Scotland,-,Lennon Miller,Central Midfield,25/08/2006,18,Lennon Miller,€4.00m,4000000.0,https://www.transfermarkt.com/lennon-miller/profil/spieler/924857,https://www.transfermarkt.com/schottland/startseite/verein/3380,data/raw/20260612_130824_transfermarkt_Scotland_national_team_0cdc0c995499.html,2026-06-12T04:08:24+00:00
Scotland,23,Kenny McLean,Central Midfield,08/01/1992,32,Kenny McLean,€800k,800000.0,https://www.transfermarkt.com/kenny-mclean/profil/spieler/126600,https://www.transfermarkt.com/schottland/startseite/verein/3380,data/raw/20260612_130824_transfermarkt_Scotland_national_team_0cdc0c995499.html,2026-06-12T04:08:24+00:00
Scotland,-,Josh Mulligan,Central Midfield,12/11/2002,22,Josh Mulligan,€400k,400000.0,https://www.transfermarkt.com/josh-mulligan/profil/spieler/674809,https://www.transfermarkt.com/schottland/startseite/verein/3380,data/raw/20260612_130824_transfermarkt_Scotland_national_team_0cdc0c995499.html,2026-06-12T04:08:24+00:00
Scotland,17,Ben Gannon-Doak,Right Winger,11/11/2005,19,Ben Gannon-Doak,€10.00m,10000000.0,https://www.transfermarkt.com/ben-gannon-doak/profil/spieler/719673,https://www.transfermarkt.com/schottland/startseite/verein/3380,data/raw/20260612_130824_transfermarkt_Scotland_national_team_0cdc0c995499.html,2026-06-12T04:08:24+00:00
Scotland,10,Ché Adams,Centre-Forward,13/07/1996,28,Ché Adams,€15.00m,15000000.0,https://www.transfermarkt.com/che-adams/profil/spieler/346779,https://www.transfermarkt.com/schottland/startseite/verein/3380,data/raw/20260612_130824_transfermarkt_Scotland_national_team_0cdc0c995499.html,2026-06-12T04:08:24+00:00
Scotland,-,Tommy Conway,Centre-Forward,06/08/2002,22,Tommy Conway,€6.00m,6000000.0,https://www.transfermarkt.com/tommy-conway/profil/spieler/801426,https://www.transfermarkt.com/schottland/startseite/verein/3380,data/raw/20260612_130824_transfermarkt_Scotland_national_team_0cdc0c995499.html,2026-06-12T04:08:24+00:00
Scotland,18,George Hirst,Centre-Forward,15/02/1999,25,George Hirst,€5.00m,5000000.0,https://www.transfermarkt.com/george-hirst/profil/spieler/420808,https://www.transfermarkt.com/schottland/startseite/verein/3380,data/raw/20260612_130824_transfermarkt_Scotland_national_team_0cdc0c995499.html,2026-06-12T04:08:24+00:00
Scotland,20,Lawrence Shankland,Centre-Forward,10/08/1995,29,Lawrence Shankland,€3.00m,3000000.0,https://www.transfermarkt.com/lawrence-shankland/profil/spieler/225744,https://www.transfermarkt.com/schottland/startseite/verein/3380,data/raw/20260612_130824_transfermarkt_Scotland_national_team_0cdc0c995499.html,2026-06-12T04:08:24+00:00
Scotland,-,Kevin Nisbet,Centre-Forward,08/03/1997,27,Kevin Nisbet,€2.50m,2500000.0,https://www.transfermarkt.com/kevin-nisbet/profil/spieler/360661,https://www.transfermarkt.com/schottland/startseite/verein/3380,data/raw/20260612_130824_transfermarkt_Scotland_national_team_0cdc0c995499.html,2026-06-12T04:08:24+00:00
Scotland,9,Lyndon Dykes,Centre-Forward,07/10/1995,29,Lyndon Dykes,€1.50m,1500000.0,https://www.transfermarkt.com/lyndon-dykes/profil/spieler/347138,https://www.transfermarkt.com/schottland/startseite/verein/3380,data/raw/20260612_130824_transfermarkt_Scotland_national_team_0cdc0c995499.html,2026-06-12T04:08:24+00:00
Scotland,-,James Wilson,Centre-Forward,06/03/2007,17,James Wilson,€800k,800000.0,https://www.transfermarkt.com/james-wilson/profil/spieler/1041600,https://www.transfermarkt.com/schottland/startseite/verein/3380,data/raw/20260612_130824_transfermarkt_Scotland_national_team_0cdc0c995499.html,2026-06-12T04:08:24+00:00
Scotland,-,Kieron Bowie,Centre-Forward,21/09/2002,22,Kieron Bowie,€500k,500000.0,https://www.transfermarkt.com/kieron-bowie/profil/spieler/647280,https://www.transfermarkt.com/schottland/startseite/verein/3380,data/raw/20260612_130824_transfermarkt_Scotland_national_team_0cdc0c995499.html,2026-06-12T04:08:24+00:00
United States,1,Matt Turner,Goalkeeper,24/06/1994,31,Matt Turner,€2.50m,2500000.0,https://www.transfermarkt.com/matt-turner/profil/spieler/425306,https://www.transfermarkt.com/vereinigte-staaten/startseite/verein/3505,data/raw/20260612_130828_transfermarkt_United_States_national_team_3b77eaa2b23a.html,2026-06-12T04:08:28+00:00
United States,25,Chris Brady,Goalkeeper,03/03/2004,22,Chris Brady,€2.50m,2500000.0,https://www.transfermarkt.com/chris-brady/profil/spieler/765504,https://www.transfermarkt.com/vereinigte-staaten/startseite/verein/3505,data/raw/20260612_130828_transfermarkt_United_States_national_team_3b77eaa2b23a.html,2026-06-12T04:08:28+00:00
United States,24,Matt Freese,Goalkeeper,02/09/1998,27,Matt Freese,€2.00m,2000000.0,https://www.transfermarkt.com/matt-freese/profil/spieler/500309,https://www.transfermarkt.com/vereinigte-staaten/startseite/verein/3505,data/raw/20260612_130828_transfermarkt_United_States_national_team_3b77eaa2b23a.html,2026-06-12T04:08:28+00:00
United States,3,Chris Richards,Centre-Back,28/03/2000,26,Chris Richards,€28.00m,28000000.0,https://www.transfermarkt.com/chris-richards/profil/spieler/578539,https://www.transfermarkt.com/vereinigte-staaten/startseite/verein/3505,data/raw/20260612_130828_transfermarkt_United_States_national_team_3b77eaa2b23a.html,2026-06-12T04:08:28+00:00
United States,22,Mark McKenzie,Centre-Back,25/02/1999,27,Mark McKenzie,€7.00m,7000000.0,https://www.transfermarkt.com/mark-mckenzie/profil/spieler/429259,https://www.transfermarkt.com/vereinigte-staaten/startseite/verein/3505,data/raw/20260612_130828_transfermarkt_United_States_national_team_3b77eaa2b23a.html,2026-06-12T04:08:28+00:00
United States,6,Auston Trusty,Centre-Back,12/08/1998,27,Auston Trusty,€6.00m,6000000.0,https://www.transfermarkt.com/auston-trusty/profil/spieler/389253,https://www.transfermarkt.com/vereinigte-staaten/startseite/verein/3505,data/raw/20260612_130828_transfermarkt_United_States_national_team_3b77eaa2b23a.html,2026-06-12T04:08:28+00:00
United States,12,Miles Robinson,Centre-Back,14/03/1997,29,Miles Robinson,€3.50m,3500000.0,https://www.transfermarkt.com/miles-robinson/profil/spieler/468022,https://www.transfermarkt.com/vereinigte-staaten/startseite/verein/3505,data/raw/20260612_130828_transfermarkt_United_States_national_team_3b77eaa2b23a.html,2026-06-12T04:08:28+00:00
United States,13,Tim Ream,Centre-Back,05/10/1987,38,Tim Ream,€150k,150000.0,https://www.transfermarkt.com/tim-ream/profil/spieler/145466,https://www.transfermarkt.com/vereinigte-staaten/startseite/verein/3505,data/raw/20260612_130828_transfermarkt_United_States_national_team_3b77eaa2b23a.html,2026-06-12T04:08:28+00:00
United States,5,Antonee Robinson,Left-Back,08/08/1997,28,Antonee Robinson,€22.00m,22000000.0,https://www.transfermarkt.com/antonee-robinson/profil/spieler/349701,https://www.transfermarkt.com/vereinigte-staaten/startseite/verein/3505,data/raw/20260612_130828_transfermarkt_United_States_national_team_3b77eaa2b23a.html,2026-06-12T04:08:28+00:00
United States,2,Sergiño Dest,Right-Back,03/11/2000,25,Sergiño Dest,€18.00m,18000000.0,https://www.transfermarkt.com/sergino-dest/profil/spieler/361104,https://www.transfermarkt.com/vereinigte-staaten/startseite/verein/3505,data/raw/20260612_130828_transfermarkt_United_States_national_team_3b77eaa2b23a.html,2026-06-12T04:08:28+00:00
United States,23,Joe Scally,Right-Back,31/12/2002,23,Joe Scally,€7.00m,7000000.0,https://www.transfermarkt.com/joe-scally/profil/spieler/504153,https://www.transfermarkt.com/vereinigte-staaten/startseite/verein/3505,data/raw/20260612_130828_transfermarkt_United_States_national_team_3b77eaa2b23a.html,2026-06-12T04:08:28+00:00
United States,16,Alex Freeman,Right-Back,09/08/2004,21,Alex Freeman,€3.50m,3500000.0,https://www.transfermarkt.com/alex-freeman/profil/spieler/985806,https://www.transfermarkt.com/vereinigte-staaten/startseite/verein/3505,data/raw/20260612_130828_transfermarkt_United_States_national_team_3b77eaa2b23a.html,2026-06-12T04:08:28+00:00
United States,4,Tyler Adams,Defensive Midfield,14/02/1999,27,Tyler Adams,€25.00m,25000000.0,https://www.transfermarkt.com/tyler-adams/profil/spieler/332705,https://www.transfermarkt.com/vereinigte-staaten/startseite/verein/3505,data/raw/20260612_130828_transfermarkt_United_States_national_team_3b77eaa2b23a.html,2026-06-12T04:08:28+00:00
United States,8,Weston McKennie,Central Midfield,28/08/1998,27,Weston McKennie,€30.00m,30000000.0,https://www.transfermarkt.com/weston-mckennie/profil/spieler/332697,https://www.transfermarkt.com/vereinigte-staaten/startseite/verein/3505,data/raw/20260612_130828_transfermarkt_United_States_national_team_3b77eaa2b23a.html,2026-06-12T04:08:28+00:00
United States,14,Sebastian Berhalter,Central Midfield,10/05/2001,25,Sebastian Berhalter,€8.00m,8000000.0,https://www.transfermarkt.com/sebastian-berhalter/profil/spieler/734761,https://www.transfermarkt.com/vereinigte-staaten/startseite/verein/3505,data/raw/20260612_130828_transfermarkt_United_States_national_team_3b77eaa2b23a.html,2026-06-12T04:08:28+00:00
United States,15,Cristian Roldán,Central Midfield,03/06/1995,31,Cristian Roldán,€3.50m,3500000.0,https://www.transfermarkt.com/cristian-roldan/profil/spieler/354792,https://www.transfermarkt.com/vereinigte-staaten/startseite/verein/3505,data/raw/20260612_130828_transfermarkt_United_States_national_team_3b77eaa2b23a.html,2026-06-12T04:08:28+00:00
United States,21,Timothy Weah,Right Midfield,22/02/2000,26,Timothy Weah,€20.00m,20000000.0,https://www.transfermarkt.com/timothy-weah/profil/spieler/370846,https://www.transfermarkt.com/vereinigte-staaten/startseite/verein/3505,data/raw/20260612_130828_transfermarkt_United_States_national_team_3b77eaa2b23a.html,2026-06-12T04:08:28+00:00
United States,17,Malik Tillman,Attacking Midfield,28/05/2002,24,Malik Tillman,€30.00m,30000000.0,https://www.transfermarkt.com/malik-tillman/profil/spieler/467437,https://www.transfermarkt.com/vereinigte-staaten/startseite/verein/3505,data/raw/20260612_130828_transfermarkt_United_States_national_team_3b77eaa2b23a.html,2026-06-12T04:08:28+00:00
United States,11,Brenden Aaronson,Attacking Midfield,22/10/2000,25,Brenden Aaronson,€22.00m,22000000.0,https://www.transfermarkt.com/brenden-aaronson/profil/spieler/393323,https://www.transfermarkt.com/vereinigte-staaten/startseite/verein/3505,data/raw/20260612_130828_transfermarkt_United_States_national_team_3b77eaa2b23a.html,2026-06-12T04:08:28+00:00
United States,7,Giovanni Reyna,Attacking Midfield,13/11/2002,23,Giovanni Reyna,€4.00m,4000000.0,https://www.transfermarkt.com/giovanni-reyna/profil/spieler/504215,https://www.transfermarkt.com/vereinigte-staaten/startseite/verein/3505,data/raw/20260612_130828_transfermarkt_United_States_national_team_3b77eaa2b23a.html,2026-06-12T04:08:28+00:00
United States,18,Max Arfsten,Left Winger,19/04/2001,25,Max Arfsten,€5.00m,5000000.0,https://www.transfermarkt.com/max-arfsten/profil/spieler/993063,https://www.transfermarkt.com/vereinigte-staaten/startseite/verein/3505,data/raw/20260612_130828_transfermarkt_United_States_national_team_3b77eaa2b23a.html,2026-06-12T04:08:28+00:00
United States,10,Christian Pulisic,Right Winger,18/09/1998,27,Christian Pulisic,€40.00m,40000000.0,https://www.transfermarkt.com/christian-pulisic/profil/spieler/315779,https://www.transfermarkt.com/vereinigte-staaten/startseite/verein/3505,data/raw/20260612_130828_transfermarkt_United_States_national_team_3b77eaa2b23a.html,2026-06-12T04:08:28+00:00
United States,26,Álex Zendejas,Right Winger,07/02/1998,28,Álex Zendejas,€10.00m,10000000.0,https://www.transfermarkt.com/alex-zendejas/profil/spieler/351505,https://www.transfermarkt.com/vereinigte-staaten/startseite/verein/3505,data/raw/20260612_130828_transfermarkt_United_States_national_team_3b77eaa2b23a.html,2026-06-12T04:08:28+00:00
United States,20,Folarin Balogun,Centre-Forward,03/07/2001,24,Folarin Balogun,€40.00m,40000000.0,https://www.transfermarkt.com/folarin-balogun/profil/spieler/503770,https://www.transfermarkt.com/vereinigte-staaten/startseite/verein/3505,data/raw/20260612_130828_transfermarkt_United_States_national_team_3b77eaa2b23a.html,2026-06-12T04:08:28+00:00
United States,9,Ricardo Pepi,Centre-Forward,09/01/2003,23,Ricardo Pepi,€30.00m,30000000.0,https://www.transfermarkt.com/ricardo-pepi/profil/spieler/627207,https://www.transfermarkt.com/vereinigte-staaten/startseite/verein/3505,data/raw/20260612_130828_transfermarkt_United_States_national_team_3b77eaa2b23a.html,2026-06-12T04:08:28+00:00
United States,19,Haji Wright,Centre-Forward,27/03/1998,28,Haji Wright,€16.00m,16000000.0,https://www.transfermarkt.com/haji-wright/profil/spieler/315291,https://www.transfermarkt.com/vereinigte-staaten/startseite/verein/3505,data/raw/20260612_130828_transfermarkt_United_States_national_team_3b77eaa2b23a.html,2026-06-12T04:08:28+00:00
Paraguay,-,Carlos Coronel,Goalkeeper,29/12/1996,28,Carlos Coronel,€1.50m,1500000.0,https://www.transfermarkt.com/carlos-coronel/profil/spieler/378871,https://www.transfermarkt.com/paraguay/startseite/verein/3581,data/raw/20260612_130831_transfermarkt_Paraguay_national_team_437ad19c7e3f.html,2026-06-12T04:08:31+00:00
Paraguay,-,Juan Espínola,Goalkeeper,02/11/1994,30,Juan Espínola,€800k,800000.0,https://www.transfermarkt.com/juan-espinola/profil/spieler/532557,https://www.transfermarkt.com/paraguay/startseite/verein/3581,data/raw/20260612_130831_transfermarkt_Paraguay_national_team_437ad19c7e3f.html,2026-06-12T04:08:31+00:00
Paraguay,1,Roberto Fernández,Goalkeeper,29/03/1988,36,Roberto Fernández,€250k,250000.0,https://www.transfermarkt.com/roberto-fernandez/profil/spieler/107318,https://www.transfermarkt.com/paraguay/startseite/verein/3581,data/raw/20260612_130831_transfermarkt_Paraguay_national_team_437ad19c7e3f.html,2026-06-12T04:08:31+00:00
Paraguay,-,Aldo Pérez,Goalkeeper,03/11/2000,24,Aldo Pérez,€200k,200000.0,https://www.transfermarkt.com/aldo-perez/profil/spieler/491583,https://www.transfermarkt.com/paraguay/startseite/verein/3581,data/raw/20260612_130831_transfermarkt_Paraguay_national_team_437ad19c7e3f.html,2026-06-12T04:08:31+00:00
Paraguay,12,Orlando Gill,Goalkeeper,11/06/2000,24,Orlando Gill,-,,https://www.transfermarkt.com/orlando-gill/profil/spieler/643259,https://www.transfermarkt.com/paraguay/startseite/verein/3581,data/raw/20260612_130831_transfermarkt_Paraguay_national_team_437ad19c7e3f.html,2026-06-12T04:08:31+00:00
Paraguay,6,Júnior Alonso,Centre-Back,09/02/1993,31,Júnior Alonso,€6.00m,6000000.0,https://www.transfermarkt.com/junior-alonso/profil/spieler/273000,https://www.transfermarkt.com/paraguay/startseite/verein/3581,data/raw/20260612_130831_transfermarkt_Paraguay_national_team_437ad19c7e3f.html,2026-06-12T04:08:31+00:00
Paraguay,15,Gustavo Gómez,Centre-Back,06/05/1993,31,Gustavo Gómez,€6.00m,6000000.0,https://www.transfermarkt.com/gustavo-gomez/profil/spieler/215390,https://www.transfermarkt.com/paraguay/startseite/verein/3581,data/raw/20260612_130831_transfermarkt_Paraguay_national_team_437ad19c7e3f.html,2026-06-12T04:08:31+00:00
Paraguay,3,Omar Alderete,Centre-Back,26/12/1996,28,Omar Alderete,€5.00m,5000000.0,https://www.transfermarkt.com/omar-alderete/profil/spieler/353032,https://www.transfermarkt.com/paraguay/startseite/verein/3581,data/raw/20260612_130831_transfermarkt_Paraguay_national_team_437ad19c7e3f.html,2026-06-12T04:08:31+00:00
Paraguay,-,Alexis Duarte,Centre-Back,12/03/2000,24,Alexis Duarte,€3.00m,3000000.0,https://www.transfermarkt.com/alexis-duarte/profil/spieler/491587,https://www.transfermarkt.com/paraguay/startseite/verein/3581,data/raw/20260612_130831_transfermarkt_Paraguay_national_team_437ad19c7e3f.html,2026-06-12T04:08:31+00:00
Paraguay,5,Fabián Balbuena,Centre-Back,23/08/1991,33,Fabián Balbuena,€2.80m,2800000.0,https://www.transfermarkt.com/fabian-balbuena/profil/spieler/285548,https://www.transfermarkt.com/paraguay/startseite/verein/3581,data/raw/20260612_130831_transfermarkt_Paraguay_national_team_437ad19c7e3f.html,2026-06-12T04:08:31+00:00
Paraguay,2,Gustavo Velázquez,Centre-Back,17/04/1991,33,Gustavo Velázquez,€1.30m,1300000.0,https://www.transfermarkt.com/gustavo-velazquez/profil/spieler/389399,https://www.transfermarkt.com/paraguay/startseite/verein/3581,data/raw/20260612_130831_transfermarkt_Paraguay_national_team_437ad19c7e3f.html,2026-06-12T04:08:31+00:00
Paraguay,-,Ronaldo Dejesús,Centre-Back,21/04/2001,23,Ronaldo Dejesús,€700k,700000.0,https://www.transfermarkt.com/ronaldo-dejesus/profil/spieler/847074,https://www.transfermarkt.com/paraguay/startseite/verein/3581,data/raw/20260612_130831_transfermarkt_Paraguay_national_team_437ad19c7e3f.html,2026-06-12T04:08:31+00:00
Paraguay,-,Diego León,Left-Back,03/04/2007,17,Diego León,€4.00m,4000000.0,https://www.transfermarkt.com/diego-leon/profil/spieler/1283997,https://www.transfermarkt.com/paraguay/startseite/verein/3581,data/raw/20260612_130831_transfermarkt_Paraguay_national_team_437ad19c7e3f.html,2026-06-12T04:08:31+00:00
Paraguay,-,Agustín Sández,Left-Back,16/01/2001,23,Agustín Sández,€1.50m,1500000.0,https://www.transfermarkt.com/agustin-sandez/profil/spieler/847023,https://www.transfermarkt.com/paraguay/startseite/verein/3581,data/raw/20260612_130831_transfermarkt_Paraguay_national_team_437ad19c7e3f.html,2026-06-12T04:08:31+00:00
Paraguay,-,Blas Riveros,Left-Back,03/02/1998,26,Blas Riveros,€800k,800000.0,https://www.transfermarkt.com/blas-riveros/profil/spieler/401732,https://www.transfermarkt.com/paraguay/startseite/verein/3581,data/raw/20260612_130831_transfermarkt_Paraguay_national_team_437ad19c7e3f.html,2026-06-12T04:08:31+00:00
Paraguay,4,Juan José Cáceres,Right-Back,01/06/2000,24,Juan José Cáceres,€1.00m,1000000.0,https://www.transfermarkt.com/juan-jose-caceres/profil/spieler/756494,https://www.transfermarkt.com/paraguay/startseite/verein/3581,data/raw/20260612_130831_transfermarkt_Paraguay_national_team_437ad19c7e3f.html,2026-06-12T04:08:31+00:00
Paraguay,-,Alan Benítez,Right-Back,25/01/1994,30,Alan Benítez,€450k,450000.0,https://www.transfermarkt.com/alan-benitez/profil/spieler/344676,https://www.transfermarkt.com/paraguay/startseite/verein/3581,data/raw/20260612_130831_transfermarkt_Paraguay_national_team_437ad19c7e3f.html,2026-06-12T04:08:31+00:00
Paraguay,-,Mathías Villasanti,Defensive Midfield,24/01/1997,27,Mathías Villasanti,€10.00m,10000000.0,https://www.transfermarkt.com/mathias-villasanti/profil/spieler/436385,https://www.transfermarkt.com/paraguay/startseite/verein/3581,data/raw/20260612_130831_transfermarkt_Paraguay_national_team_437ad19c7e3f.html,2026-06-12T04:08:31+00:00
Paraguay,14,Andrés Cubas,Defensive Midfield,22/05/1996,28,Andrés Cubas,€4.00m,4000000.0,https://www.transfermarkt.com/andres-cubas/profil/spieler/323872,https://www.transfermarkt.com/paraguay/startseite/verein/3581,data/raw/20260612_130831_transfermarkt_Paraguay_national_team_437ad19c7e3f.html,2026-06-12T04:08:31+00:00
Paraguay,20,Braian Ojeda,Defensive Midfield,27/06/2000,24,Braian Ojeda,€4.00m,4000000.0,https://www.transfermarkt.com/braian-ojeda/profil/spieler/491596,https://www.transfermarkt.com/paraguay/startseite/verein/3581,data/raw/20260612_130831_transfermarkt_Paraguay_national_team_437ad19c7e3f.html,2026-06-12T04:08:31+00:00
Paraguay,-,Lucas Romero,Defensive Midfield,29/08/2002,22,Lucas Romero,€100k,100000.0,https://www.transfermarkt.com/lucas-romero/profil/spieler/1127335,https://www.transfermarkt.com/paraguay/startseite/verein/3581,data/raw/20260612_130831_transfermarkt_Paraguay_national_team_437ad19c7e3f.html,2026-06-12T04:08:31+00:00
Paraguay,8,Diego Gómez,Central Midfield,27/03/2003,21,Diego Gómez,€12.00m,12000000.0,https://www.transfermarkt.com/diego-gomez/profil/spieler/996897,https://www.transfermarkt.com/paraguay/startseite/verein/3581,data/raw/20260612_130831_transfermarkt_Paraguay_national_team_437ad19c7e3f.html,2026-06-12T04:08:31+00:00
Paraguay,16,Damián Bobadilla,Central Midfield,11/07/2001,23,Damián Bobadilla,€2.50m,2500000.0,https://www.transfermarkt.com/damian-bobadilla/profil/spieler/861852,https://www.transfermarkt.com/paraguay/startseite/verein/3581,data/raw/20260612_130831_transfermarkt_Paraguay_national_team_437ad19c7e3f.html,2026-06-12T04:08:31+00:00
Paraguay,23,Matías Galarza,Central Midfield,11/02/2002,22,Matías Galarza,€2.50m,2500000.0,https://www.transfermarkt.com/matias-galarza/profil/spieler/661269,https://www.transfermarkt.com/paraguay/startseite/verein/3581,data/raw/20260612_130831_transfermarkt_Paraguay_national_team_437ad19c7e3f.html,2026-06-12T04:08:31+00:00
Paraguay,19,Julio Enciso,Attacking Midfield,23/01/2004,20,Julio Enciso,€22.00m,22000000.0,https://www.transfermarkt.com/julio-enciso/profil/spieler/660867,https://www.transfermarkt.com/paraguay/startseite/verein/3581,data/raw/20260612_130831_transfermarkt_Paraguay_national_team_437ad19c7e3f.html,2026-06-12T04:08:31+00:00
Paraguay,17,Kaku,Attacking Midfield,11/01/1995,29,Kaku,€5.00m,5000000.0,https://www.transfermarkt.com/kaku/profil/spieler/355817,https://www.transfermarkt.com/paraguay/startseite/verein/3581,data/raw/20260612_130831_transfermarkt_Paraguay_national_team_437ad19c7e3f.html,2026-06-12T04:08:31+00:00
Paraguay,-,Hugo Cuenca,Attacking Midfield,08/01/2005,19,Hugo Cuenca,€100k,100000.0,https://www.transfermarkt.com/hugo-cuenca/profil/spieler/906315,https://www.transfermarkt.com/paraguay/startseite/verein/3581,data/raw/20260612_130831_transfermarkt_Paraguay_national_team_437ad19c7e3f.html,2026-06-12T04:08:31+00:00
Paraguay,-,Rubén Lezcano,Left Winger,09/02/2004,20,Rubén Lezcano,€4.00m,4000000.0,https://www.transfermarkt.com/ruben-lezcano/profil/spieler/1039533,https://www.transfermarkt.com/paraguay/startseite/verein/3581,data/raw/20260612_130831_transfermarkt_Paraguay_national_team_437ad19c7e3f.html,2026-06-12T04:08:31+00:00
Paraguay,10,Miguel Almirón,Right Winger,10/02/1994,30,Miguel Almirón,€16.00m,16000000.0,https://www.transfermarkt.com/miguel-almiron/profil/spieler/272999,https://www.transfermarkt.com/paraguay/startseite/verein/3581,data/raw/20260612_130831_transfermarkt_Paraguay_national_team_437ad19c7e3f.html,2026-06-12T04:08:31+00:00
Paraguay,-,Ángel Romero,Right Winger,04/07/1992,32,Ángel Romero,€1.20m,1200000.0,https://www.transfermarkt.com/angel-romero/profil/spieler/262262,https://www.transfermarkt.com/paraguay/startseite/verein/3581,data/raw/20260612_130831_transfermarkt_Paraguay_national_team_437ad19c7e3f.html,2026-06-12T04:08:31+00:00
Paraguay,-,Diego González,Right Winger,07/01/2003,21,Diego González,€700k,700000.0,https://www.transfermarkt.com/diego-gonzalez/profil/spieler/873981,https://www.transfermarkt.com/paraguay/startseite/verein/3581,data/raw/20260612_130831_transfermarkt_Paraguay_national_team_437ad19c7e3f.html,2026-06-12T04:08:31+00:00
Paraguay,7,Ramón Sosa,Second Striker,31/08/1999,25,Ramón Sosa,€13.00m,13000000.0,https://www.transfermarkt.com/ramon-sosa/profil/spieler/745191,https://www.transfermarkt.com/paraguay/startseite/verein/3581,data/raw/20260612_130831_transfermarkt_Paraguay_national_team_437ad19c7e3f.html,2026-06-12T04:08:31+00:00
Paraguay,9,Antonio Sanabria,Centre-Forward,04/03/1996,28,Antonio Sanabria,€6.00m,6000000.0,https://www.transfermarkt.com/antonio-sanabria/profil/spieler/234523,https://www.transfermarkt.com/paraguay/startseite/verein/3581,data/raw/20260612_130831_transfermarkt_Paraguay_national_team_437ad19c7e3f.html,2026-06-12T04:08:31+00:00
Paraguay,25,Isidro Pitta,Centre-Forward,14/08/1999,25,Isidro Pitta,€5.50m,5500000.0,https://www.transfermarkt.com/isidro-pitta/profil/spieler/675178,https://www.transfermarkt.com/paraguay/startseite/verein/3581,data/raw/20260612_130831_transfermarkt_Paraguay_national_team_437ad19c7e3f.html,2026-06-12T04:08:31+00:00
Paraguay,18,Álex Arce,Centre-Forward,16/06/1995,29,Álex Arce,€5.00m,5000000.0,https://www.transfermarkt.com/alex-arce/profil/spieler/970518,https://www.transfermarkt.com/paraguay/startseite/verein/3581,data/raw/20260612_130831_transfermarkt_Paraguay_national_team_437ad19c7e3f.html,2026-06-12T04:08:31+00:00
Paraguay,-,Ronaldo Martínez,Centre-Forward,25/04/1996,28,Ronaldo Martínez,€1.20m,1200000.0,https://www.transfermarkt.com/ronaldo-martinez/profil/spieler/567736,https://www.transfermarkt.com/paraguay/startseite/verein/3581,data/raw/20260612_130831_transfermarkt_Paraguay_national_team_437ad19c7e3f.html,2026-06-12T04:08:31+00:00
Paraguay,21,Gabriel Ávalos,Centre-Forward,12/10/1990,34,Gabriel Ávalos,€1.20m,1200000.0,https://www.transfermarkt.com/gabriel-avalos/profil/spieler/358418,https://www.transfermarkt.com/paraguay/startseite/verein/3581,data/raw/20260612_130831_transfermarkt_Paraguay_national_team_437ad19c7e3f.html,2026-06-12T04:08:31+00:00
Paraguay,-,Adrián Alcaraz,Centre-Forward,28/09/1999,25,Adrián Alcaraz,€500k,500000.0,https://www.transfermarkt.com/adrian-alcaraz/profil/spieler/975188,https://www.transfermarkt.com/paraguay/startseite/verein/3581,data/raw/20260612_130831_transfermarkt_Paraguay_national_team_437ad19c7e3f.html,2026-06-12T04:08:31+00:00
Australia,1,Mathew Ryan,Goalkeeper,08/04/1992,34,Mathew Ryan,€1.80m,1800000.0,https://www.transfermarkt.com/mathew-ryan/profil/spieler/128969,https://www.transfermarkt.com/australien/startseite/verein/3433,data/raw/20260612_130835_transfermarkt_Australia_national_team_4cf3b05f98aa.html,2026-06-12T04:08:34+00:00
Australia,18,Patrick Beach,Goalkeeper,06/08/2003,22,Patrick Beach,€1.00m,1000000.0,https://www.transfermarkt.com/patrick-beach/profil/spieler/983578,https://www.transfermarkt.com/australien/startseite/verein/3433,data/raw/20260612_130835_transfermarkt_Australia_national_team_4cf3b05f98aa.html,2026-06-12T04:08:34+00:00
Australia,12,Paul Izzo,Goalkeeper,06/01/1995,31,Paul Izzo,€500k,500000.0,https://www.transfermarkt.com/paul-izzo/profil/spieler/181921,https://www.transfermarkt.com/australien/startseite/verein/3433,data/raw/20260612_130835_transfermarkt_Australia_national_team_4cf3b05f98aa.html,2026-06-12T04:08:34+00:00
Australia,3,Alessandro Circati,Centre-Back,10/10/2003,22,Alessandro Circati,€12.00m,12000000.0,https://www.transfermarkt.com/alessandro-circati/profil/spieler/867137,https://www.transfermarkt.com/australien/startseite/verein/3433,data/raw/20260612_130835_transfermarkt_Australia_national_team_4cf3b05f98aa.html,2026-06-12T04:08:34+00:00
Australia,25,Lucas Herrington,Centre-Back,05/09/2007,18,Lucas Herrington,€4.50m,4500000.0,https://www.transfermarkt.com/lucas-herrington/profil/spieler/1279984,https://www.transfermarkt.com/australien/startseite/verein/3433,data/raw/20260612_130835_transfermarkt_Australia_national_team_4cf3b05f98aa.html,2026-06-12T04:08:34+00:00
Australia,19,Harry Souttar,Centre-Back,22/10/1998,27,Harry Souttar,€3.50m,3500000.0,https://www.transfermarkt.com/harry-souttar/profil/spieler/298091,https://www.transfermarkt.com/australien/startseite/verein/3433,data/raw/20260612_130835_transfermarkt_Australia_national_team_4cf3b05f98aa.html,2026-06-12T04:08:34+00:00
Australia,21,Cameron Burgess,Centre-Back,21/10/1995,30,Cameron Burgess,€1.50m,1500000.0,https://www.transfermarkt.com/cameron-burgess/profil/spieler/255788,https://www.transfermarkt.com/australien/startseite/verein/3433,data/raw/20260612_130835_transfermarkt_Australia_national_team_4cf3b05f98aa.html,2026-06-12T04:08:34+00:00
Australia,2,Milos Degenek,Centre-Back,28/04/1994,32,Milos Degenek,€450k,450000.0,https://www.transfermarkt.com/milos-degenek/profil/spieler/187353,https://www.transfermarkt.com/australien/startseite/verein/3433,data/raw/20260612_130835_transfermarkt_Australia_national_team_4cf3b05f98aa.html,2026-06-12T04:08:34+00:00
Australia,5,Jordan Bos,Left-Back,29/10/2002,23,Jordan Bos,€12.00m,12000000.0,https://www.transfermarkt.com/jordan-bos/profil/spieler/855731,https://www.transfermarkt.com/australien/startseite/verein/3433,data/raw/20260612_130835_transfermarkt_Australia_national_team_4cf3b05f98aa.html,2026-06-12T04:08:34+00:00
Australia,16,Aziz Behich,Left-Back,16/12/1990,35,Aziz Behich,€250k,250000.0,https://www.transfermarkt.com/aziz-behich/profil/spieler/136834,https://www.transfermarkt.com/australien/startseite/verein/3433,data/raw/20260612_130835_transfermarkt_Australia_national_team_4cf3b05f98aa.html,2026-06-12T04:08:34+00:00
Australia,4,Jacob Italiano,Right-Back,30/07/2001,24,Jacob Italiano,€600k,600000.0,https://www.transfermarkt.com/jacob-italiano/profil/spieler/545810,https://www.transfermarkt.com/australien/startseite/verein/3433,data/raw/20260612_130835_transfermarkt_Australia_national_team_4cf3b05f98aa.html,2026-06-12T04:08:34+00:00
Australia,6,Jason Geria,Right-Back,10/05/1993,33,Jason Geria,€350k,350000.0,https://www.transfermarkt.com/jason-geria/profil/spieler/185175,https://www.transfermarkt.com/australien/startseite/verein/3433,data/raw/20260612_130835_transfermarkt_Australia_national_team_4cf3b05f98aa.html,2026-06-12T04:08:34+00:00
Australia,13,Aiden O'Neill,Defensive Midfield,04/07/1998,27,Aiden O'Neill,€3.00m,3000000.0,https://www.transfermarkt.com/aiden-oneill/profil/spieler/385918,https://www.transfermarkt.com/australien/startseite/verein/3433,data/raw/20260612_130835_transfermarkt_Australia_national_team_4cf3b05f98aa.html,2026-06-12T04:08:34+00:00
Australia,15,Kai Trewin,Defensive Midfield,18/05/2001,25,Kai Trewin,€1.80m,1800000.0,https://www.transfermarkt.com/kai-trewin/profil/spieler/691326,https://www.transfermarkt.com/australien/startseite/verein/3433,data/raw/20260612_130835_transfermarkt_Australia_national_team_4cf3b05f98aa.html,2026-06-12T04:08:34+00:00
Australia,24,Paul Okon-Engstler,Defensive Midfield,24/01/2005,21,Paul Okon-Engstler,€1.20m,1200000.0,https://www.transfermarkt.com/paul-okon-engstler/profil/spieler/1064377,https://www.transfermarkt.com/australien/startseite/verein/3433,data/raw/20260612_130835_transfermarkt_Australia_national_team_4cf3b05f98aa.html,2026-06-12T04:08:34+00:00
Australia,14,Cammy Devlin,Central Midfield,07/06/1998,28,Cammy Devlin,€2.00m,2000000.0,https://www.transfermarkt.com/cammy-devlin/profil/spieler/399162,https://www.transfermarkt.com/australien/startseite/verein/3433,data/raw/20260612_130835_transfermarkt_Australia_national_team_4cf3b05f98aa.html,2026-06-12T04:08:34+00:00
Australia,8,Connor Metcalfe,Central Midfield,05/11/1999,26,Connor Metcalfe,€1.50m,1500000.0,https://www.transfermarkt.com/connor-metcalfe/profil/spieler/522223,https://www.transfermarkt.com/australien/startseite/verein/3433,data/raw/20260612_130835_transfermarkt_Australia_national_team_4cf3b05f98aa.html,2026-06-12T04:08:34+00:00
Australia,22,Jackson Irvine,Central Midfield,07/03/1993,33,Jackson Irvine,€1.00m,1000000.0,https://www.transfermarkt.com/jackson-irvine/profil/spieler/192557,https://www.transfermarkt.com/australien/startseite/verein/3433,data/raw/20260612_130835_transfermarkt_Australia_national_team_4cf3b05f98aa.html,2026-06-12T04:08:34+00:00
Australia,10,Ajdin Hrustic,Central Midfield,05/07/1996,29,Ajdin Hrustic,€600k,600000.0,https://www.transfermarkt.com/ajdin-hrustic/profil/spieler/265625,https://www.transfermarkt.com/australien/startseite/verein/3433,data/raw/20260612_130835_transfermarkt_Australia_national_team_4cf3b05f98aa.html,2026-06-12T04:08:34+00:00
Australia,20,Cristian Volpato,Attacking Midfield,15/11/2003,22,Cristian Volpato,€10.00m,10000000.0,https://www.transfermarkt.com/cristian-volpato/profil/spieler/746891,https://www.transfermarkt.com/australien/startseite/verein/3433,data/raw/20260612_130835_transfermarkt_Australia_national_team_4cf3b05f98aa.html,2026-06-12T04:08:34+00:00
Australia,23,Nishan Velupillay,Left Winger,07/05/2001,25,Nishan Velupillay,€650k,650000.0,https://www.transfermarkt.com/nishan-velupillay/profil/spieler/888140,https://www.transfermarkt.com/australien/startseite/verein/3433,data/raw/20260612_130835_transfermarkt_Australia_national_team_4cf3b05f98aa.html,2026-06-12T04:08:34+00:00
Australia,11,Awer Mabil,Left Winger,15/09/1995,30,Awer Mabil,€500k,500000.0,https://www.transfermarkt.com/awer-mabil/profil/spieler/255729,https://www.transfermarkt.com/australien/startseite/verein/3433,data/raw/20260612_130835_transfermarkt_Australia_national_team_4cf3b05f98aa.html,2026-06-12T04:08:34+00:00
Australia,7,Mathew Leckie,Left Winger,04/02/1991,35,Mathew Leckie,€300k,300000.0,https://www.transfermarkt.com/mathew-leckie/profil/spieler/126214,https://www.transfermarkt.com/australien/startseite/verein/3433,data/raw/20260612_130835_transfermarkt_Australia_national_team_4cf3b05f98aa.html,2026-06-12T04:08:34+00:00
Australia,17,Nestory Irankunda,Right Winger,09/02/2006,20,Nestory Irankunda,€8.00m,8000000.0,https://www.transfermarkt.com/nestory-irankunda/profil/spieler/956920,https://www.transfermarkt.com/australien/startseite/verein/3433,data/raw/20260612_130835_transfermarkt_Australia_national_team_4cf3b05f98aa.html,2026-06-12T04:08:34+00:00
Australia,9,Mohamed Touré,Centre-Forward,26/03/2004,22,Mohamed Touré,€8.00m,8000000.0,https://www.transfermarkt.com/mohamed-toure/profil/spieler/742770,https://www.transfermarkt.com/australien/startseite/verein/3433,data/raw/20260612_130835_transfermarkt_Australia_national_team_4cf3b05f98aa.html,2026-06-12T04:08:34+00:00
Australia,26,Tete Yengi,Centre-Forward,28/11/2000,25,Tete Yengi,€450k,450000.0,https://www.transfermarkt.com/tete-yengi/profil/spieler/849429,https://www.transfermarkt.com/australien/startseite/verein/3433,data/raw/20260612_130835_transfermarkt_Australia_national_team_4cf3b05f98aa.html,2026-06-12T04:08:34+00:00
Turkey,23,Uğurcan Çakır,Goalkeeper,05/04/1996,30,Uğurcan Çakır,€15.00m,15000000.0,https://www.transfermarkt.com/ugurcan-cakir/profil/spieler/292199,https://www.transfermarkt.com/turkei/startseite/verein/3381,data/raw/20260612_130839_transfermarkt_Turkey_national_team_7a032d2b855d.html,2026-06-12T04:08:38+00:00
Turkey,12,Altay Bayındır,Goalkeeper,14/04/1998,28,Altay Bayındır,€5.00m,5000000.0,https://www.transfermarkt.com/altay-bayindir/profil/spieler/336077,https://www.transfermarkt.com/turkei/startseite/verein/3381,data/raw/20260612_130839_transfermarkt_Turkey_national_team_7a032d2b855d.html,2026-06-12T04:08:38+00:00
Turkey,1,Mert Günok,Goalkeeper,01/03/1989,37,Mert Günok,€500k,500000.0,https://www.transfermarkt.com/mert-gunok/profil/spieler/51894,https://www.transfermarkt.com/turkei/startseite/verein/3381,data/raw/20260612_130839_transfermarkt_Turkey_national_team_7a032d2b855d.html,2026-06-12T04:08:38+00:00
Turkey,15,Ozan Kabak,Centre-Back,25/03/2000,26,Ozan Kabak,€15.00m,15000000.0,https://www.transfermarkt.com/ozan-kabak/profil/spieler/361260,https://www.transfermarkt.com/turkei/startseite/verein/3381,data/raw/20260612_130839_transfermarkt_Turkey_national_team_7a032d2b855d.html,2026-06-12T04:08:38+00:00
Turkey,3,Merih Demiral,Centre-Back,05/03/1998,28,Merih Demiral,€12.00m,12000000.0,https://www.transfermarkt.com/merih-demiral/profil/spieler/340879,https://www.transfermarkt.com/turkei/startseite/verein/3381,data/raw/20260612_130839_transfermarkt_Turkey_national_team_7a032d2b855d.html,2026-06-12T04:08:38+00:00
Turkey,14,Abdülkerim Bardakcı,Centre-Back,07/09/1994,31,Abdülkerim Bardakcı,€6.50m,6500000.0,https://www.transfermarkt.com/abdulkerim-bardakci/profil/spieler/199316,https://www.transfermarkt.com/turkei/startseite/verein/3381,data/raw/20260612_130839_transfermarkt_Turkey_national_team_7a032d2b855d.html,2026-06-12T04:08:38+00:00
Turkey,4,Çağlar Söyüncü,Centre-Back,23/05/1996,30,Çağlar Söyüncü,€3.50m,3500000.0,https://www.transfermarkt.com/caglar-soyuncu/profil/spieler/320141,https://www.transfermarkt.com/turkei/startseite/verein/3381,data/raw/20260612_130839_transfermarkt_Turkey_national_team_7a032d2b855d.html,2026-06-12T04:08:38+00:00
Turkey,25,Samet Akaydin,Centre-Back,13/03/1994,32,Samet Akaydin,€1.20m,1200000.0,https://www.transfermarkt.com/samet-akaydin/profil/spieler/295024,https://www.transfermarkt.com/turkei/startseite/verein/3381,data/raw/20260612_130839_transfermarkt_Turkey_national_team_7a032d2b855d.html,2026-06-12T04:08:38+00:00
Turkey,20,Ferdi Kadıoğlu,Left-Back,07/10/1999,26,Ferdi Kadıoğlu,€35.00m,35000000.0,https://www.transfermarkt.com/ferdi-kadioglu/profil/spieler/369316,https://www.transfermarkt.com/turkei/startseite/verein/3381,data/raw/20260612_130839_transfermarkt_Turkey_national_team_7a032d2b855d.html,2026-06-12T04:08:38+00:00
Turkey,13,Eren Elmalı,Left-Back,07/07/2000,25,Eren Elmalı,€5.00m,5000000.0,https://www.transfermarkt.com/eren-elmali/profil/spieler/616894,https://www.transfermarkt.com/turkei/startseite/verein/3381,data/raw/20260612_130839_transfermarkt_Turkey_national_team_7a032d2b855d.html,2026-06-12T04:08:38+00:00
Turkey,2,Zeki Çelik,Right-Back,17/02/1997,29,Zeki Çelik,€14.00m,14000000.0,https://www.transfermarkt.com/zeki-celik/profil/spieler/251075,https://www.transfermarkt.com/turkei/startseite/verein/3381,data/raw/20260612_130839_transfermarkt_Turkey_national_team_7a032d2b855d.html,2026-06-12T04:08:38+00:00
Turkey,18,Mert Müldür,Right-Back,03/04/1999,27,Mert Müldür,€7.00m,7000000.0,https://www.transfermarkt.com/mert-muldur/profil/spieler/353922,https://www.transfermarkt.com/turkei/startseite/verein/3381,data/raw/20260612_130839_transfermarkt_Turkey_national_team_7a032d2b855d.html,2026-06-12T04:08:38+00:00
Turkey,10,Hakan Çalhanoğlu,Defensive Midfield,08/02/1994,32,Hakan Çalhanoğlu,€16.00m,16000000.0,https://www.transfermarkt.com/hakan-calhanoglu/profil/spieler/126414,https://www.transfermarkt.com/turkei/startseite/verein/3381,data/raw/20260612_130839_transfermarkt_Turkey_national_team_7a032d2b855d.html,2026-06-12T04:08:38+00:00
Turkey,16,İsmail Yüksek,Defensive Midfield,26/01/1999,27,İsmail Yüksek,€15.00m,15000000.0,https://www.transfermarkt.com/ismail-yuksek/profil/spieler/613725,https://www.transfermarkt.com/turkei/startseite/verein/3381,data/raw/20260612_130839_transfermarkt_Turkey_national_team_7a032d2b855d.html,2026-06-12T04:08:38+00:00
Turkey,5,Salih Özcan,Defensive Midfield,11/01/1998,28,Salih Özcan,€3.50m,3500000.0,https://www.transfermarkt.com/salih-ozcan/profil/spieler/244940,https://www.transfermarkt.com/turkei/startseite/verein/3381,data/raw/20260612_130839_transfermarkt_Turkey_national_team_7a032d2b855d.html,2026-06-12T04:08:38+00:00
Turkey,22,Kaan Ayhan,Defensive Midfield,10/11/1994,31,Kaan Ayhan,€1.50m,1500000.0,https://www.transfermarkt.com/kaan-ayhan/profil/spieler/119031,https://www.transfermarkt.com/turkei/startseite/verein/3381,data/raw/20260612_130839_transfermarkt_Turkey_national_team_7a032d2b855d.html,2026-06-12T04:08:38+00:00
Turkey,6,Orkun Kökçü,Central Midfield,29/12/2000,25,Orkun Kökçü,€25.00m,25000000.0,https://www.transfermarkt.com/orkun-kokcu/profil/spieler/454567,https://www.transfermarkt.com/turkei/startseite/verein/3381,data/raw/20260612_130839_transfermarkt_Turkey_national_team_7a032d2b855d.html,2026-06-12T04:08:38+00:00
Turkey,8,Arda Güler,Attacking Midfield,25/02/2005,21,Arda Güler,€90.00m,90000000.0,https://www.transfermarkt.com/arda-guler/profil/spieler/861410,https://www.transfermarkt.com/turkei/startseite/verein/3381,data/raw/20260612_130839_transfermarkt_Turkey_national_team_7a032d2b855d.html,2026-06-12T04:08:38+00:00
Turkey,26,Can Uzun,Attacking Midfield,11/11/2005,20,Can Uzun,€45.00m,45000000.0,https://www.transfermarkt.com/can-uzun/profil/spieler/816585,https://www.transfermarkt.com/turkei/startseite/verein/3381,data/raw/20260612_130839_transfermarkt_Turkey_national_team_7a032d2b855d.html,2026-06-12T04:08:38+00:00
Turkey,11,Kenan Yıldız,Left Winger,04/05/2005,21,Kenan Yıldız,€75.00m,75000000.0,https://www.transfermarkt.com/kenan-yildiz/profil/spieler/845654,https://www.transfermarkt.com/turkei/startseite/verein/3381,data/raw/20260612_130839_transfermarkt_Turkey_national_team_7a032d2b855d.html,2026-06-12T04:08:38+00:00
Turkey,21,Barış Alper Yılmaz,Left Winger,23/05/2000,26,Barış Alper Yılmaz,€30.00m,30000000.0,https://www.transfermarkt.com/baris-alper-yilmaz/profil/spieler/541537,https://www.transfermarkt.com/turkei/startseite/verein/3381,data/raw/20260612_130839_transfermarkt_Turkey_national_team_7a032d2b855d.html,2026-06-12T04:08:38+00:00
Turkey,7,Kerem Aktürkoğlu,Left Winger,21/10/1998,27,Kerem Aktürkoğlu,€20.00m,20000000.0,https://www.transfermarkt.com/kerem-akturkoglu/profil/spieler/382528,https://www.transfermarkt.com/turkei/startseite/verein/3381,data/raw/20260612_130839_transfermarkt_Turkey_national_team_7a032d2b855d.html,2026-06-12T04:08:38+00:00
Turkey,19,Yunus Akgün,Right Winger,07/07/2000,25,Yunus Akgün,€18.00m,18000000.0,https://www.transfermarkt.com/yunus-akgun/profil/spieler/396908,https://www.transfermarkt.com/turkei/startseite/verein/3381,data/raw/20260612_130839_transfermarkt_Turkey_national_team_7a032d2b855d.html,2026-06-12T04:08:38+00:00
Turkey,24,Oğuz Aydın,Right Winger,27/10/2000,25,Oğuz Aydın,€7.00m,7000000.0,https://www.transfermarkt.com/oguz-aydin/profil/spieler/563749,https://www.transfermarkt.com/turkei/startseite/verein/3381,data/raw/20260612_130839_transfermarkt_Turkey_national_team_7a032d2b855d.html,2026-06-12T04:08:38+00:00
Turkey,17,İrfan Can Kahveci,Right Winger,15/07/1995,30,İrfan Can Kahveci,€3.00m,3000000.0,https://www.transfermarkt.com/irfan-can-kahveci/profil/spieler/216603,https://www.transfermarkt.com/turkei/startseite/verein/3381,data/raw/20260612_130839_transfermarkt_Turkey_national_team_7a032d2b855d.html,2026-06-12T04:08:38+00:00
Turkey,9,Deniz Gül,Centre-Forward,02/07/2004,21,Deniz Gül,€5.00m,5000000.0,https://www.transfermarkt.com/deniz-gul/profil/spieler/1063292,https://www.transfermarkt.com/turkei/startseite/verein/3381,data/raw/20260612_130839_transfermarkt_Turkey_national_team_7a032d2b855d.html,2026-06-12T04:08:38+00:00
Germany,21,Alexander Nübel,Goalkeeper,30/09/1996,29,Alexander Nübel,€12.00m,12000000.0,https://www.transfermarkt.com/alexander-nubel/profil/spieler/195778,https://www.transfermarkt.com/deutschland/startseite/verein/3262,data/raw/20260612_130842_transfermarkt_Germany_national_team_754f20063c42.html,2026-06-12T04:08:42+00:00
Germany,1,Manuel Neuer,Goalkeeper,27/03/1986,40,Manuel Neuer,€4.00m,4000000.0,https://www.transfermarkt.com/manuel-neuer/profil/spieler/17259,https://www.transfermarkt.com/deutschland/startseite/verein/3262,data/raw/20260612_130842_transfermarkt_Germany_national_team_754f20063c42.html,2026-06-12T04:08:42+00:00
Germany,12,Oliver Baumann,Goalkeeper,02/06/1990,36,Oliver Baumann,€2.50m,2500000.0,https://www.transfermarkt.com/oliver-baumann/profil/spieler/55089,https://www.transfermarkt.com/deutschland/startseite/verein/3262,data/raw/20260612_130842_transfermarkt_Germany_national_team_754f20063c42.html,2026-06-12T04:08:42+00:00
Germany,15,Nico Schlotterbeck,Centre-Back,01/12/1999,26,Nico Schlotterbeck,€55.00m,55000000.0,https://www.transfermarkt.com/nico-schlotterbeck/profil/spieler/388198,https://www.transfermarkt.com/deutschland/startseite/verein/3262,data/raw/20260612_130842_transfermarkt_Germany_national_team_754f20063c42.html,2026-06-12T04:08:42+00:00
Germany,24,Malick Thiaw,Centre-Back,08/08/2001,24,Malick Thiaw,€45.00m,45000000.0,https://www.transfermarkt.com/malick-thiaw/profil/spieler/521964,https://www.transfermarkt.com/deutschland/startseite/verein/3262,data/raw/20260612_130842_transfermarkt_Germany_national_team_754f20063c42.html,2026-06-12T04:08:42+00:00
Germany,4,Jonathan Tah,Centre-Back,11/02/1996,30,Jonathan Tah,€28.00m,28000000.0,https://www.transfermarkt.com/jonathan-tah/profil/spieler/196357,https://www.transfermarkt.com/deutschland/startseite/verein/3262,data/raw/20260612_130842_transfermarkt_Germany_national_team_754f20063c42.html,2026-06-12T04:08:42+00:00
Germany,3,Waldemar Anton,Centre-Back,20/07/1996,29,Waldemar Anton,€18.00m,18000000.0,https://www.transfermarkt.com/waldemar-anton/profil/spieler/193004,https://www.transfermarkt.com/deutschland/startseite/verein/3262,data/raw/20260612_130842_transfermarkt_Germany_national_team_754f20063c42.html,2026-06-12T04:08:42+00:00
Germany,2,Antonio Rüdiger,Centre-Back,03/03/1993,33,Antonio Rüdiger,€6.00m,6000000.0,https://www.transfermarkt.com/antonio-rudiger/profil/spieler/86202,https://www.transfermarkt.com/deutschland/startseite/verein/3262,data/raw/20260612_130842_transfermarkt_Germany_national_team_754f20063c42.html,2026-06-12T04:08:42+00:00
Germany,18,Nathaniel Brown,Left-Back,16/06/2003,22,Nathaniel Brown,€40.00m,40000000.0,https://www.transfermarkt.com/nathaniel-brown/profil/spieler/691892,https://www.transfermarkt.com/deutschland/startseite/verein/3262,data/raw/20260612_130842_transfermarkt_Germany_national_team_754f20063c42.html,2026-06-12T04:08:42+00:00
Germany,22,David Raum,Left-Back,22/04/1998,28,David Raum,€25.00m,25000000.0,https://www.transfermarkt.com/david-raum/profil/spieler/318204,https://www.transfermarkt.com/deutschland/startseite/verein/3262,data/raw/20260612_130842_transfermarkt_Germany_national_team_754f20063c42.html,2026-06-12T04:08:42+00:00
Germany,5,Aleksandar Pavlovic,Defensive Midfield,03/05/2004,22,Aleksandar Pavlovic,€90.00m,90000000.0,https://www.transfermarkt.com/aleksandar-pavlovic/profil/spieler/792380,https://www.transfermarkt.com/deutschland/startseite/verein/3262,data/raw/20260612_130842_transfermarkt_Germany_national_team_754f20063c42.html,2026-06-12T04:08:42+00:00
Germany,16,Angelo Stiller,Defensive Midfield,04/04/2001,25,Angelo Stiller,€45.00m,45000000.0,https://www.transfermarkt.com/angelo-stiller/profil/spieler/443710,https://www.transfermarkt.com/deutschland/startseite/verein/3262,data/raw/20260612_130842_transfermarkt_Germany_national_team_754f20063c42.html,2026-06-12T04:08:42+00:00
Germany,6,Joshua Kimmich,Defensive Midfield,08/02/1995,31,Joshua Kimmich,€35.00m,35000000.0,https://www.transfermarkt.com/joshua-kimmich/profil/spieler/161056,https://www.transfermarkt.com/deutschland/startseite/verein/3262,data/raw/20260612_130842_transfermarkt_Germany_national_team_754f20063c42.html,2026-06-12T04:08:42+00:00
Germany,23,Felix Nmecha,Central Midfield,10/10/2000,25,Felix Nmecha,€50.00m,50000000.0,https://www.transfermarkt.com/felix-nmecha/profil/spieler/406640,https://www.transfermarkt.com/deutschland/startseite/verein/3262,data/raw/20260612_130842_transfermarkt_Germany_national_team_754f20063c42.html,2026-06-12T04:08:42+00:00
Germany,25,Assan Ouédraogo,Central Midfield,09/05/2006,20,Assan Ouédraogo,€28.00m,28000000.0,https://www.transfermarkt.com/assan-ouedraogo/profil/spieler/897424,https://www.transfermarkt.com/deutschland/startseite/verein/3262,data/raw/20260612_130842_transfermarkt_Germany_national_team_754f20063c42.html,2026-06-12T04:08:42+00:00
Germany,20,Nadiem Amiri,Central Midfield,27/10/1996,29,Nadiem Amiri,€17.00m,17000000.0,https://www.transfermarkt.com/nadiem-amiri/profil/spieler/232454,https://www.transfermarkt.com/deutschland/startseite/verein/3262,data/raw/20260612_130842_transfermarkt_Germany_national_team_754f20063c42.html,2026-06-12T04:08:42+00:00
Germany,8,Leon Goretzka,Central Midfield,06/02/1995,31,Leon Goretzka,€12.00m,12000000.0,https://www.transfermarkt.com/leon-goretzka/profil/spieler/153084,https://www.transfermarkt.com/deutschland/startseite/verein/3262,data/raw/20260612_130842_transfermarkt_Germany_national_team_754f20063c42.html,2026-06-12T04:08:42+00:00
Germany,13,Pascal Groß,Central Midfield,15/06/1991,34,Pascal Groß,€2.50m,2500000.0,https://www.transfermarkt.com/pascal-gross/profil/spieler/82873,https://www.transfermarkt.com/deutschland/startseite/verein/3262,data/raw/20260612_130842_transfermarkt_Germany_national_team_754f20063c42.html,2026-06-12T04:08:42+00:00
Germany,10,Jamal Musiala,Attacking Midfield,26/02/2003,23,Jamal Musiala,€100.00m,100000000.0,https://www.transfermarkt.com/jamal-musiala/profil/spieler/580195,https://www.transfermarkt.com/deutschland/startseite/verein/3262,data/raw/20260612_130842_transfermarkt_Germany_national_team_754f20063c42.html,2026-06-12T04:08:42+00:00
Germany,17,Florian Wirtz,Attacking Midfield,03/05/2003,23,Florian Wirtz,€100.00m,100000000.0,https://www.transfermarkt.com/florian-wirtz/profil/spieler/598577,https://www.transfermarkt.com/deutschland/startseite/verein/3262,data/raw/20260612_130842_transfermarkt_Germany_national_team_754f20063c42.html,2026-06-12T04:08:42+00:00
Germany,9,Jamie Leweling,Right Winger,26/02/2001,25,Jamie Leweling,€40.00m,40000000.0,https://www.transfermarkt.com/jamie-leweling/profil/spieler/518505,https://www.transfermarkt.com/deutschland/startseite/verein/3262,data/raw/20260612_130842_transfermarkt_Germany_national_team_754f20063c42.html,2026-06-12T04:08:42+00:00
Germany,19,Leroy Sané,Right Winger,11/01/1996,30,Leroy Sané,€20.00m,20000000.0,https://www.transfermarkt.com/leroy-sane/profil/spieler/192565,https://www.transfermarkt.com/deutschland/startseite/verein/3262,data/raw/20260612_130842_transfermarkt_Germany_national_team_754f20063c42.html,2026-06-12T04:08:42+00:00
Germany,7,Kai Havertz,Centre-Forward,11/06/1999,27,Kai Havertz,€55.00m,55000000.0,https://www.transfermarkt.com/kai-havertz/profil/spieler/309400,https://www.transfermarkt.com/deutschland/startseite/verein/3262,data/raw/20260612_130842_transfermarkt_Germany_national_team_754f20063c42.html,2026-06-12T04:08:42+00:00
Germany,11,Nick Woltemade,Centre-Forward,14/02/2002,24,Nick Woltemade,€55.00m,55000000.0,https://www.transfermarkt.com/nick-woltemade/profil/spieler/455661,https://www.transfermarkt.com/deutschland/startseite/verein/3262,data/raw/20260612_130842_transfermarkt_Germany_national_team_754f20063c42.html,2026-06-12T04:08:42+00:00
Germany,14,Maximilian Beier,Centre-Forward,17/10/2002,23,Maximilian Beier,€40.00m,40000000.0,https://www.transfermarkt.com/maximilian-beier/profil/spieler/578392,https://www.transfermarkt.com/deutschland/startseite/verein/3262,data/raw/20260612_130842_transfermarkt_Germany_national_team_754f20063c42.html,2026-06-12T04:08:42+00:00
Germany,26,Deniz Undav,Centre-Forward,19/07/1996,29,Deniz Undav,€22.00m,22000000.0,https://www.transfermarkt.com/deniz-undav/profil/spieler/339314,https://www.transfermarkt.com/deutschland/startseite/verein/3262,data/raw/20260612_130842_transfermarkt_Germany_national_team_754f20063c42.html,2026-06-12T04:08:42+00:00
Curaçao,1,Eloy Room,Goalkeeper,06/02/1989,37,Eloy Room,€150k,150000.0,https://www.transfermarkt.com/eloy-room/profil/spieler/79294,https://www.transfermarkt.com/curacao/startseite/verein/32364,data/raw/20260612_130847_transfermarkt_Curaçao_national_team_e8e377086d74.html,2026-06-12T04:08:46+00:00
Curaçao,26,Trevor Doornbusch,Goalkeeper,06/07/1999,26,Trevor Doornbusch,€50k,50000.0,https://www.transfermarkt.com/trevor-doornbusch/profil/spieler/390814,https://www.transfermarkt.com/curacao/startseite/verein/32364,data/raw/20260612_130847_transfermarkt_Curaçao_national_team_e8e377086d74.html,2026-06-12T04:08:46+00:00
Curaçao,25,Tyrick Bodak,Goalkeeper,15/05/2002,24,Tyrick Bodak,€25k,25000.0,https://www.transfermarkt.com/tyrick-bodak/profil/spieler/663961,https://www.transfermarkt.com/curacao/startseite/verein/32364,data/raw/20260612_130847_transfermarkt_Curaçao_national_team_e8e377086d74.html,2026-06-12T04:08:46+00:00
Curaçao,18,Armando Obispo,Centre-Back,05/03/1999,27,Armando Obispo,€4.00m,4000000.0,https://www.transfermarkt.com/armando-obispo/profil/spieler/339337,https://www.transfermarkt.com/curacao/startseite/verein/32364,data/raw/20260612_130847_transfermarkt_Curaçao_national_team_e8e377086d74.html,2026-06-12T04:08:46+00:00
Curaçao,23,Riechedly Bazoer,Centre-Back,12/10/1996,29,Riechedly Bazoer,€1.50m,1500000.0,https://www.transfermarkt.com/riechedly-bazoer/profil/spieler/216443,https://www.transfermarkt.com/curacao/startseite/verein/32364,data/raw/20260612_130847_transfermarkt_Curaçao_national_team_e8e377086d74.html,2026-06-12T04:08:46+00:00
Curaçao,24,Deveron Fonville,Centre-Back,16/05/2003,23,Deveron Fonville,€1.50m,1500000.0,https://www.transfermarkt.com/deveron-fonville/profil/spieler/708989,https://www.transfermarkt.com/curacao/startseite/verein/32364,data/raw/20260612_130847_transfermarkt_Curaçao_national_team_e8e377086d74.html,2026-06-12T04:08:46+00:00
Curaçao,4,Roshon van Eijma,Centre-Back,09/06/1998,28,Roshon van Eijma,€375k,375000.0,https://www.transfermarkt.com/roshon-van-eijma/profil/spieler/401029,https://www.transfermarkt.com/curacao/startseite/verein/32364,data/raw/20260612_130847_transfermarkt_Curaçao_national_team_e8e377086d74.html,2026-06-12T04:08:46+00:00
Curaçao,3,Juriën Gaari,Centre-Back,23/12/1993,32,Juriën Gaari,€350k,350000.0,https://www.transfermarkt.com/jurien-gaari/profil/spieler/328455,https://www.transfermarkt.com/curacao/startseite/verein/32364,data/raw/20260612_130847_transfermarkt_Curaçao_national_team_e8e377086d74.html,2026-06-12T04:08:46+00:00
Curaçao,5,Sherel Floranus,Left-Back,23/08/1998,27,Sherel Floranus,€800k,800000.0,https://www.transfermarkt.com/sherel-floranus/profil/spieler/315211,https://www.transfermarkt.com/curacao/startseite/verein/32364,data/raw/20260612_130847_transfermarkt_Curaçao_national_team_e8e377086d74.html,2026-06-12T04:08:46+00:00
Curaçao,2,Shurandy Sambo,Right-Back,19/08/2001,24,Shurandy Sambo,€1.30m,1300000.0,https://www.transfermarkt.com/shurandy-sambo/profil/spieler/412937,https://www.transfermarkt.com/curacao/startseite/verein/32364,data/raw/20260612_130847_transfermarkt_Curaçao_national_team_e8e377086d74.html,2026-06-12T04:08:46+00:00
Curaçao,20,Joshua Brenet,Right-Back,20/03/1994,32,Joshua Brenet,€1.00m,1000000.0,https://www.transfermarkt.com/joshua-brenet/profil/spieler/207006,https://www.transfermarkt.com/curacao/startseite/verein/32364,data/raw/20260612_130847_transfermarkt_Curaçao_national_team_e8e377086d74.html,2026-06-12T04:08:46+00:00
Curaçao,8,Livano Comenencia,Right-Back,03/02/2004,22,Livano Comenencia,€500k,500000.0,https://www.transfermarkt.com/livano-comenencia/profil/spieler/626764,https://www.transfermarkt.com/curacao/startseite/verein/32364,data/raw/20260612_130847_transfermarkt_Curaçao_national_team_e8e377086d74.html,2026-06-12T04:08:46+00:00
Curaçao,22,Kevin Felida,Defensive Midfield,11/11/1999,26,Kevin Felida,€400k,400000.0,https://www.transfermarkt.com/kevin-felida/profil/spieler/433933,https://www.transfermarkt.com/curacao/startseite/verein/32364,data/raw/20260612_130847_transfermarkt_Curaçao_national_team_e8e377086d74.html,2026-06-12T04:08:46+00:00
Curaçao,6,Godfried Roemeratoe,Defensive Midfield,19/08/1999,26,Godfried Roemeratoe,€350k,350000.0,https://www.transfermarkt.com/godfried-roemeratoe/profil/spieler/393241,https://www.transfermarkt.com/curacao/startseite/verein/32364,data/raw/20260612_130847_transfermarkt_Curaçao_national_team_e8e377086d74.html,2026-06-12T04:08:46+00:00
Curaçao,7,Juninho Bacuna,Central Midfield,07/08/1997,28,Juninho Bacuna,€1.70m,1700000.0,https://www.transfermarkt.com/juninho-bacuna/profil/spieler/348863,https://www.transfermarkt.com/curacao/startseite/verein/32364,data/raw/20260612_130847_transfermarkt_Curaçao_national_team_e8e377086d74.html,2026-06-12T04:08:46+00:00
Curaçao,10,Leandro Bacuna,Central Midfield,21/08/1991,34,Leandro Bacuna,€250k,250000.0,https://www.transfermarkt.com/leandro-bacuna/profil/spieler/126014,https://www.transfermarkt.com/curacao/startseite/verein/32364,data/raw/20260612_130847_transfermarkt_Curaçao_national_team_e8e377086d74.html,2026-06-12T04:08:46+00:00
Curaçao,13,Tyrese Noslin,Right Midfield,11/09/2002,23,Tyrese Noslin,€750k,750000.0,https://www.transfermarkt.com/tyrese-noslin/profil/spieler/708005,https://www.transfermarkt.com/curacao/startseite/verein/32364,data/raw/20260612_130847_transfermarkt_Curaçao_national_team_e8e377086d74.html,2026-06-12T04:08:46+00:00
Curaçao,21,Tahith Chong,Attacking Midfield,04/12/1999,26,Tahith Chong,€3.50m,3500000.0,https://www.transfermarkt.com/tahith-chong/profil/spieler/344830,https://www.transfermarkt.com/curacao/startseite/verein/32364,data/raw/20260612_130847_transfermarkt_Curaçao_national_team_e8e377086d74.html,2026-06-12T04:08:46+00:00
Curaçao,16,Jearl Margaritha,Left Winger,10/04/2000,26,Jearl Margaritha,€1.00m,1000000.0,https://www.transfermarkt.com/jearl-margaritha/profil/spieler/538958,https://www.transfermarkt.com/curacao/startseite/verein/32364,data/raw/20260612_130847_transfermarkt_Curaçao_national_team_e8e377086d74.html,2026-06-12T04:08:46+00:00
Curaçao,11,Jeremy Antonisse,Left Winger,29/03/2002,24,Jeremy Antonisse,€800k,800000.0,https://www.transfermarkt.com/jeremy-antonisse/profil/spieler/594273,https://www.transfermarkt.com/curacao/startseite/verein/32364,data/raw/20260612_130847_transfermarkt_Curaçao_national_team_e8e377086d74.html,2026-06-12T04:08:46+00:00
Curaçao,14,Kenji Gorré,Left Winger,29/09/1994,31,Kenji Gorré,€600k,600000.0,https://www.transfermarkt.com/kenji-gorre/profil/spieler/374889,https://www.transfermarkt.com/curacao/startseite/verein/32364,data/raw/20260612_130847_transfermarkt_Curaçao_national_team_e8e377086d74.html,2026-06-12T04:08:46+00:00
Curaçao,12,Sontje Hansen,Right Winger,18/05/2002,24,Sontje Hansen,€3.50m,3500000.0,https://www.transfermarkt.com/sontje-hansen/profil/spieler/485582,https://www.transfermarkt.com/curacao/startseite/verein/32364,data/raw/20260612_130847_transfermarkt_Curaçao_national_team_e8e377086d74.html,2026-06-12T04:08:46+00:00
Curaçao,15,Ar'jany Martha,Right Winger,04/09/2003,22,Ar'jany Martha,€700k,700000.0,https://www.transfermarkt.com/arjany-martha/profil/spieler/572519,https://www.transfermarkt.com/curacao/startseite/verein/32364,data/raw/20260612_130847_transfermarkt_Curaçao_national_team_e8e377086d74.html,2026-06-12T04:08:46+00:00
Curaçao,17,Brandley Kuwas,Right Winger,19/09/1992,33,Brandley Kuwas,€250k,250000.0,https://www.transfermarkt.com/brandley-kuwas/profil/spieler/232219,https://www.transfermarkt.com/curacao/startseite/verein/32364,data/raw/20260612_130847_transfermarkt_Curaçao_national_team_e8e377086d74.html,2026-06-12T04:08:46+00:00
Curaçao,19,Gervane Kastaneer,Centre-Forward,09/06/1996,30,Gervane Kastaneer,€225k,225000.0,https://www.transfermarkt.com/gervane-kastaneer/profil/spieler/240752,https://www.transfermarkt.com/curacao/startseite/verein/32364,data/raw/20260612_130847_transfermarkt_Curaçao_national_team_e8e377086d74.html,2026-06-12T04:08:46+00:00
Curaçao,9,Jürgen Locadia,Centre-Forward,07/11/1993,32,Jürgen Locadia,€200k,200000.0,https://www.transfermarkt.com/jurgen-locadia/profil/spieler/166240,https://www.transfermarkt.com/curacao/startseite/verein/32364,data/raw/20260612_130847_transfermarkt_Curaçao_national_team_e8e377086d74.html,2026-06-12T04:08:46+00:00
Ivory Coast,1,Yahia Fofana,Goalkeeper,21/08/2000,25,Yahia Fofana,€5.00m,5000000.0,https://www.transfermarkt.com/yahia-fofana/profil/spieler/418651,https://www.transfermarkt.com/elfenbeinkuste/startseite/verein/3591,data/raw/20260612_130850_transfermarkt_Ivory_Coast_national_team_2fd0c4ead2fe.html,2026-06-12T04:08:50+00:00
Ivory Coast,23,Alban Lafont,Goalkeeper,23/01/1999,27,Alban Lafont,€3.00m,3000000.0,https://www.transfermarkt.com/alban-lafont/profil/spieler/357117,https://www.transfermarkt.com/elfenbeinkuste/startseite/verein/3591,data/raw/20260612_130850_transfermarkt_Ivory_Coast_national_team_2fd0c4ead2fe.html,2026-06-12T04:08:50+00:00
Ivory Coast,16,Mohamed Koné,Goalkeeper,07/03/2002,24,Mohamed Koné,€2.00m,2000000.0,https://www.transfermarkt.com/mohamed-kone/profil/spieler/911985,https://www.transfermarkt.com/elfenbeinkuste/startseite/verein/3591,data/raw/20260612_130850_transfermarkt_Ivory_Coast_national_team_2fd0c4ead2fe.html,2026-06-12T04:08:50+00:00
Ivory Coast,2,Ousmane Diomande,Centre-Back,04/12/2003,22,Ousmane Diomande,€42.00m,42000000.0,https://www.transfermarkt.com/ousmane-diomande/profil/spieler/974982,https://www.transfermarkt.com/elfenbeinkuste/startseite/verein/3591,data/raw/20260612_130850_transfermarkt_Ivory_Coast_national_team_2fd0c4ead2fe.html,2026-06-12T04:08:50+00:00
Ivory Coast,21,Evan Ndicka,Centre-Back,20/08/1999,26,Evan Ndicka,€35.00m,35000000.0,https://www.transfermarkt.com/evan-ndicka/profil/spieler/371149,https://www.transfermarkt.com/elfenbeinkuste/startseite/verein/3591,data/raw/20260612_130850_transfermarkt_Ivory_Coast_national_team_2fd0c4ead2fe.html,2026-06-12T04:08:50+00:00
Ivory Coast,5,Wilfried Singo,Centre-Back,25/12/2000,25,Wilfried Singo,€23.00m,23000000.0,https://www.transfermarkt.com/wilfried-singo/profil/spieler/648779,https://www.transfermarkt.com/elfenbeinkuste/startseite/verein/3591,data/raw/20260612_130850_transfermarkt_Ivory_Coast_national_team_2fd0c4ead2fe.html,2026-06-12T04:08:50+00:00
Ivory Coast,20,Emmanuel Agbadou,Centre-Back,17/06/1997,28,Emmanuel Agbadou,€16.00m,16000000.0,https://www.transfermarkt.com/emmanuel-agbadou/profil/spieler/683895,https://www.transfermarkt.com/elfenbeinkuste/startseite/verein/3591,data/raw/20260612_130850_transfermarkt_Ivory_Coast_national_team_2fd0c4ead2fe.html,2026-06-12T04:08:50+00:00
Ivory Coast,7,Odilon Kossounou,Centre-Back,04/01/2001,25,Odilon Kossounou,€15.00m,15000000.0,https://www.transfermarkt.com/odilon-kossounou/profil/spieler/644771,https://www.transfermarkt.com/elfenbeinkuste/startseite/verein/3591,data/raw/20260612_130850_transfermarkt_Ivory_Coast_national_team_2fd0c4ead2fe.html,2026-06-12T04:08:50+00:00
Ivory Coast,13,Christopher Operi,Left-Back,29/04/1997,29,Christopher Operi,€4.00m,4000000.0,https://www.transfermarkt.com/christopher-operi/profil/spieler/469976,https://www.transfermarkt.com/elfenbeinkuste/startseite/verein/3591,data/raw/20260612_130850_transfermarkt_Ivory_Coast_national_team_2fd0c4ead2fe.html,2026-06-12T04:08:50+00:00
Ivory Coast,3,Ghislain Konan,Left-Back,27/12/1995,30,Ghislain Konan,€3.00m,3000000.0,https://www.transfermarkt.com/ghislain-konan/profil/spieler/422850,https://www.transfermarkt.com/elfenbeinkuste/startseite/verein/3591,data/raw/20260612_130850_transfermarkt_Ivory_Coast_national_team_2fd0c4ead2fe.html,2026-06-12T04:08:50+00:00
Ivory Coast,17,Guéla Doué,Right-Back,17/10/2002,23,Guéla Doué,€20.00m,20000000.0,https://www.transfermarkt.com/guela-doue/profil/spieler/711980,https://www.transfermarkt.com/elfenbeinkuste/startseite/verein/3591,data/raw/20260612_130850_transfermarkt_Ivory_Coast_national_team_2fd0c4ead2fe.html,2026-06-12T04:08:50+00:00
Ivory Coast,18,Ibrahim Sangaré,Defensive Midfield,02/12/1997,28,Ibrahim Sangaré,€20.00m,20000000.0,https://www.transfermarkt.com/ibrahim-sangare/profil/spieler/375885,https://www.transfermarkt.com/elfenbeinkuste/startseite/verein/3591,data/raw/20260612_130850_transfermarkt_Ivory_Coast_national_team_2fd0c4ead2fe.html,2026-06-12T04:08:50+00:00
Ivory Coast,4,Jean Michaël Seri,Defensive Midfield,19/07/1991,34,Jean Michaël Seri,€100k,100000.0,https://www.transfermarkt.com/jean-michael-seri/profil/spieler/178614,https://www.transfermarkt.com/elfenbeinkuste/startseite/verein/3591,data/raw/20260612_130850_transfermarkt_Ivory_Coast_national_team_2fd0c4ead2fe.html,2026-06-12T04:08:50+00:00
Ivory Coast,26,Christ Inao Oulaï,Central Midfield,06/04/2006,20,Christ Inao Oulaï,€23.00m,23000000.0,https://www.transfermarkt.com/christ-inao-oulai/profil/spieler/1279526,https://www.transfermarkt.com/elfenbeinkuste/startseite/verein/3591,data/raw/20260612_130850_transfermarkt_Ivory_Coast_national_team_2fd0c4ead2fe.html,2026-06-12T04:08:50+00:00
Ivory Coast,8,Franck Kessié,Central Midfield,19/12/1996,29,Franck Kessié,€12.00m,12000000.0,https://www.transfermarkt.com/franck-kessie/profil/spieler/294808,https://www.transfermarkt.com/elfenbeinkuste/startseite/verein/3591,data/raw/20260612_130850_transfermarkt_Ivory_Coast_national_team_2fd0c4ead2fe.html,2026-06-12T04:08:50+00:00
Ivory Coast,6,Seko Fofana,Central Midfield,07/05/1995,31,Seko Fofana,€8.00m,8000000.0,https://www.transfermarkt.com/seko-fofana/profil/spieler/182893,https://www.transfermarkt.com/elfenbeinkuste/startseite/verein/3591,data/raw/20260612_130850_transfermarkt_Ivory_Coast_national_team_2fd0c4ead2fe.html,2026-06-12T04:08:50+00:00
Ivory Coast,11,Yan Diomande,Left Winger,14/11/2006,19,Yan Diomande,€90.00m,90000000.0,https://www.transfermarkt.com/yan-diomande/profil/spieler/1390649,https://www.transfermarkt.com/elfenbeinkuste/startseite/verein/3591,data/raw/20260612_130850_transfermarkt_Ivory_Coast_national_team_2fd0c4ead2fe.html,2026-06-12T04:08:50+00:00
Ivory Coast,24,Bazoumana Touré,Left Winger,02/03/2006,20,Bazoumana Touré,€40.00m,40000000.0,https://www.transfermarkt.com/bazoumana-toure/profil/spieler/1067904,https://www.transfermarkt.com/elfenbeinkuste/startseite/verein/3591,data/raw/20260612_130850_transfermarkt_Ivory_Coast_national_team_2fd0c4ead2fe.html,2026-06-12T04:08:50+00:00
Ivory Coast,10,Simon Adingra,Left Winger,01/01/2002,24,Simon Adingra,€22.00m,22000000.0,https://www.transfermarkt.com/simon-adingra/profil/spieler/658536,https://www.transfermarkt.com/elfenbeinkuste/startseite/verein/3591,data/raw/20260612_130850_transfermarkt_Ivory_Coast_national_team_2fd0c4ead2fe.html,2026-06-12T04:08:50+00:00
Ivory Coast,25,Parfait Guiagon,Left Winger,22/02/2001,25,Parfait Guiagon,€5.00m,5000000.0,https://www.transfermarkt.com/parfait-guiagon/profil/spieler/624913,https://www.transfermarkt.com/elfenbeinkuste/startseite/verein/3591,data/raw/20260612_130850_transfermarkt_Ivory_Coast_national_team_2fd0c4ead2fe.html,2026-06-12T04:08:50+00:00
Ivory Coast,15,Amad Diallo,Right Winger,11/07/2002,23,Amad Diallo,€45.00m,45000000.0,https://www.transfermarkt.com/amad-diallo/profil/spieler/536835,https://www.transfermarkt.com/elfenbeinkuste/startseite/verein/3591,data/raw/20260612_130850_transfermarkt_Ivory_Coast_national_team_2fd0c4ead2fe.html,2026-06-12T04:08:50+00:00
Ivory Coast,22,Evann Guessand,Right Winger,01/07/2001,24,Evann Guessand,€25.00m,25000000.0,https://www.transfermarkt.com/evann-guessand/profil/spieler/500689,https://www.transfermarkt.com/elfenbeinkuste/startseite/verein/3591,data/raw/20260612_130850_transfermarkt_Ivory_Coast_national_team_2fd0c4ead2fe.html,2026-06-12T04:08:50+00:00
Ivory Coast,19,Nicolas Pépé,Right Winger,29/05/1995,31,Nicolas Pépé,€6.00m,6000000.0,https://www.transfermarkt.com/nicolas-pepe/profil/spieler/343052,https://www.transfermarkt.com/elfenbeinkuste/startseite/verein/3591,data/raw/20260612_130850_transfermarkt_Ivory_Coast_national_team_2fd0c4ead2fe.html,2026-06-12T04:08:50+00:00
Ivory Coast,9,Ange-Yoan Bonny,Centre-Forward,25/10/2003,22,Ange-Yoan Bonny,€35.00m,35000000.0,https://www.transfermarkt.com/ange-yoan-bonny/profil/spieler/827734,https://www.transfermarkt.com/elfenbeinkuste/startseite/verein/3591,data/raw/20260612_130850_transfermarkt_Ivory_Coast_national_team_2fd0c4ead2fe.html,2026-06-12T04:08:50+00:00
Ivory Coast,12,Elye Wahi,Centre-Forward,02/01/2003,23,Elye Wahi,€18.00m,18000000.0,https://www.transfermarkt.com/elye-wahi/profil/spieler/659542,https://www.transfermarkt.com/elfenbeinkuste/startseite/verein/3591,data/raw/20260612_130850_transfermarkt_Ivory_Coast_national_team_2fd0c4ead2fe.html,2026-06-12T04:08:50+00:00
Ivory Coast,14,Oumar Diakité,Centre-Forward,20/12/2003,22,Oumar Diakité,€5.00m,5000000.0,https://www.transfermarkt.com/oumar-diakite/profil/spieler/847279,https://www.transfermarkt.com/elfenbeinkuste/startseite/verein/3591,data/raw/20260612_130850_transfermarkt_Ivory_Coast_national_team_2fd0c4ead2fe.html,2026-06-12T04:08:50+00:00
Ecuador,22,Gonzalo Valle,Goalkeeper,28/02/1996,30,Gonzalo Valle,€1.80m,1800000.0,https://www.transfermarkt.com/gonzalo-valle/profil/spieler/351941,https://www.transfermarkt.com/ecuador/startseite/verein/5750,data/raw/20260612_130854_transfermarkt_Ecuador_national_team_f117399e9dee.html,2026-06-12T04:08:53+00:00
Ecuador,12,Moisés Ramírez,Goalkeeper,09/09/2000,25,Moisés Ramírez,€800k,800000.0,https://www.transfermarkt.com/moises-ramirez/profil/spieler/450233,https://www.transfermarkt.com/ecuador/startseite/verein/5750,data/raw/20260612_130854_transfermarkt_Ecuador_national_team_f117399e9dee.html,2026-06-12T04:08:53+00:00
Ecuador,1,Hernán Galíndez,Goalkeeper,30/03/1987,39,Hernán Galíndez,€300k,300000.0,https://www.transfermarkt.com/hernan-galindez/profil/spieler/77127,https://www.transfermarkt.com/ecuador/startseite/verein/5750,data/raw/20260612_130854_transfermarkt_Ecuador_national_team_f117399e9dee.html,2026-06-12T04:08:53+00:00
Ecuador,6,Willian Pacho,Centre-Back,16/10/2001,24,Willian Pacho,€80.00m,80000000.0,https://www.transfermarkt.com/willian-pacho/profil/spieler/661171,https://www.transfermarkt.com/ecuador/startseite/verein/5750,data/raw/20260612_130854_transfermarkt_Ecuador_national_team_f117399e9dee.html,2026-06-12T04:08:53+00:00
Ecuador,3,Piero Hincapié,Centre-Back,09/01/2002,24,Piero Hincapié,€50.00m,50000000.0,https://www.transfermarkt.com/piero-hincapie/profil/spieler/659813,https://www.transfermarkt.com/ecuador/startseite/verein/5750,data/raw/20260612_130854_transfermarkt_Ecuador_national_team_f117399e9dee.html,2026-06-12T04:08:53+00:00
Ecuador,4,Joel Ordóñez,Centre-Back,21/04/2004,22,Joel Ordóñez,€33.00m,33000000.0,https://www.transfermarkt.com/joel-ordonez/profil/spieler/893661,https://www.transfermarkt.com/ecuador/startseite/verein/5750,data/raw/20260612_130854_transfermarkt_Ecuador_national_team_f117399e9dee.html,2026-06-12T04:08:53+00:00
Ecuador,25,Jackson Porozo,Centre-Back,04/08/2000,25,Jackson Porozo,€2.50m,2500000.0,https://www.transfermarkt.com/jackson-porozo/profil/spieler/491616,https://www.transfermarkt.com/ecuador/startseite/verein/5750,data/raw/20260612_130854_transfermarkt_Ecuador_national_team_f117399e9dee.html,2026-06-12T04:08:53+00:00
Ecuador,2,Félix Torres,Centre-Back,11/01/1997,29,Félix Torres,€1.00m,1000000.0,https://www.transfermarkt.com/felix-torres/profil/spieler/468174,https://www.transfermarkt.com/ecuador/startseite/verein/5750,data/raw/20260612_130854_transfermarkt_Ecuador_national_team_f117399e9dee.html,2026-06-12T04:08:53+00:00
Ecuador,7,Pervis Estupiñán,Left-Back,21/01/1998,28,Pervis Estupiñán,€12.00m,12000000.0,https://www.transfermarkt.com/pervis-estupinan/profil/spieler/349599,https://www.transfermarkt.com/ecuador/startseite/verein/5750,data/raw/20260612_130854_transfermarkt_Ecuador_national_team_f117399e9dee.html,2026-06-12T04:08:53+00:00
Ecuador,26,Yaimar Medina,Left-Back,05/11/2004,21,Yaimar Medina,€4.00m,4000000.0,https://www.transfermarkt.com/yaimar-medina/profil/spieler/893659,https://www.transfermarkt.com/ecuador/startseite/verein/5750,data/raw/20260612_130854_transfermarkt_Ecuador_national_team_f117399e9dee.html,2026-06-12T04:08:53+00:00
Ecuador,17,Angelo Preciado,Right-Back,18/02/1998,28,Angelo Preciado,€3.50m,3500000.0,https://www.transfermarkt.com/angelo-preciado/profil/spieler/450241,https://www.transfermarkt.com/ecuador/startseite/verein/5750,data/raw/20260612_130854_transfermarkt_Ecuador_national_team_f117399e9dee.html,2026-06-12T04:08:53+00:00
Ecuador,23,Moisés Caicedo,Defensive Midfield,02/11/2001,24,Moisés Caicedo,€100.00m,100000000.0,https://www.transfermarkt.com/moises-caicedo/profil/spieler/687626,https://www.transfermarkt.com/ecuador/startseite/verein/5750,data/raw/20260612_130854_transfermarkt_Ecuador_national_team_f117399e9dee.html,2026-06-12T04:08:53+00:00
Ecuador,5,Jordy Alcívar,Defensive Midfield,05/08/1999,26,Jordy Alcívar,€2.00m,2000000.0,https://www.transfermarkt.com/jordy-alcivar/profil/spieler/598145,https://www.transfermarkt.com/ecuador/startseite/verein/5750,data/raw/20260612_130854_transfermarkt_Ecuador_national_team_f117399e9dee.html,2026-06-12T04:08:53+00:00
Ecuador,18,Denil Castillo,Central Midfield,24/03/2004,22,Denil Castillo,€7.00m,7000000.0,https://www.transfermarkt.com/denil-castillo/profil/spieler/941418,https://www.transfermarkt.com/ecuador/startseite/verein/5750,data/raw/20260612_130854_transfermarkt_Ecuador_national_team_f117399e9dee.html,2026-06-12T04:08:53+00:00
Ecuador,21,Alan Franco,Central Midfield,21/08/1998,27,Alan Franco,€4.50m,4500000.0,https://www.transfermarkt.com/alan-franco/profil/spieler/400960,https://www.transfermarkt.com/ecuador/startseite/verein/5750,data/raw/20260612_130854_transfermarkt_Ecuador_national_team_f117399e9dee.html,2026-06-12T04:08:53+00:00
Ecuador,10,Kendry Páez,Attacking Midfield,04/05/2007,19,Kendry Páez,€8.00m,8000000.0,https://www.transfermarkt.com/kendry-paez/profil/spieler/1052439,https://www.transfermarkt.com/ecuador/startseite/verein/5750,data/raw/20260612_130854_transfermarkt_Ecuador_national_team_f117399e9dee.html,2026-06-12T04:08:53+00:00
Ecuador,15,Pedro Vite,Attacking Midfield,09/03/2002,24,Pedro Vite,€6.00m,6000000.0,https://www.transfermarkt.com/pedro-vite/profil/spieler/659806,https://www.transfermarkt.com/ecuador/startseite/verein/5750,data/raw/20260612_130854_transfermarkt_Ecuador_national_team_f117399e9dee.html,2026-06-12T04:08:53+00:00
Ecuador,20,Nilson Angulo,Left Winger,19/06/2003,22,Nilson Angulo,€17.00m,17000000.0,https://www.transfermarkt.com/nilson-angulo/profil/spieler/903611,https://www.transfermarkt.com/ecuador/startseite/verein/5750,data/raw/20260612_130854_transfermarkt_Ecuador_national_team_f117399e9dee.html,2026-06-12T04:08:53+00:00
Ecuador,19,Gonzalo Plata,Right Winger,01/11/2000,25,Gonzalo Plata,€9.00m,9000000.0,https://www.transfermarkt.com/gonzalo-plata/profil/spieler/592735,https://www.transfermarkt.com/ecuador/startseite/verein/5750,data/raw/20260612_130854_transfermarkt_Ecuador_national_team_f117399e9dee.html,2026-06-12T04:08:53+00:00
Ecuador,14,Alan Minda,Right Winger,14/05/2003,23,Alan Minda,€3.00m,3000000.0,https://www.transfermarkt.com/alan-minda/profil/spieler/897051,https://www.transfermarkt.com/ecuador/startseite/verein/5750,data/raw/20260612_130854_transfermarkt_Ecuador_national_team_f117399e9dee.html,2026-06-12T04:08:53+00:00
Ecuador,8,Anthony Valencia,Right Winger,21/07/2003,22,Anthony Valencia,€1.80m,1800000.0,https://www.transfermarkt.com/anthony-valencia/profil/spieler/974374,https://www.transfermarkt.com/ecuador/startseite/verein/5750,data/raw/20260612_130854_transfermarkt_Ecuador_national_team_f117399e9dee.html,2026-06-12T04:08:53+00:00
Ecuador,9,John Yeboah,Second Striker,23/06/2000,25,John Yeboah,€5.50m,5500000.0,https://www.transfermarkt.com/john-yeboah/profil/spieler/439914,https://www.transfermarkt.com/ecuador/startseite/verein/5750,data/raw/20260612_130854_transfermarkt_Ecuador_national_team_f117399e9dee.html,2026-06-12T04:08:53+00:00
Ecuador,24,Jeremy Arévalo,Centre-Forward,19/03/2005,21,Jeremy Arévalo,€7.00m,7000000.0,https://www.transfermarkt.com/jeremy-arevalo/profil/spieler/971663,https://www.transfermarkt.com/ecuador/startseite/verein/5750,data/raw/20260612_130854_transfermarkt_Ecuador_national_team_f117399e9dee.html,2026-06-12T04:08:53+00:00
Ecuador,11,Kevin Rodríguez,Centre-Forward,04/03/2000,26,Kevin Rodríguez,€6.00m,6000000.0,https://www.transfermarkt.com/kevin-rodriguez/profil/spieler/684159,https://www.transfermarkt.com/ecuador/startseite/verein/5750,data/raw/20260612_130854_transfermarkt_Ecuador_national_team_f117399e9dee.html,2026-06-12T04:08:53+00:00
Ecuador,16,Jordy Caicedo,Centre-Forward,18/11/1997,28,Jordy Caicedo,€2.00m,2000000.0,https://www.transfermarkt.com/jordy-caicedo/profil/spieler/360412,https://www.transfermarkt.com/ecuador/startseite/verein/5750,data/raw/20260612_130854_transfermarkt_Ecuador_national_team_f117399e9dee.html,2026-06-12T04:08:53+00:00
Ecuador,13,Enner Valencia,Centre-Forward,04/11/1989,36,Enner Valencia,€1.00m,1000000.0,https://www.transfermarkt.com/enner-valencia/profil/spieler/139503,https://www.transfermarkt.com/ecuador/startseite/verein/5750,data/raw/20260612_130854_transfermarkt_Ecuador_national_team_f117399e9dee.html,2026-06-12T04:08:53+00:00
Netherlands,1,Bart Verbruggen,Goalkeeper,18/08/2002,23,Bart Verbruggen,€40.00m,40000000.0,https://www.transfermarkt.com/bart-verbruggen/profil/spieler/565093,https://www.transfermarkt.com/niederlande/startseite/verein/3379,data/raw/20260612_130858_transfermarkt_Netherlands_national_team_add1fa4df9e4.html,2026-06-12T04:08:57+00:00
Netherlands,13,Robin Roefs,Goalkeeper,17/01/2003,23,Robin Roefs,€28.00m,28000000.0,https://www.transfermarkt.com/robin-roefs/profil/spieler/646991,https://www.transfermarkt.com/niederlande/startseite/verein/3379,data/raw/20260612_130858_transfermarkt_Netherlands_national_team_add1fa4df9e4.html,2026-06-12T04:08:57+00:00
Netherlands,23,Mark Flekken,Goalkeeper,13/06/1993,32,Mark Flekken,€6.00m,6000000.0,https://www.transfermarkt.com/mark-flekken/profil/spieler/125714,https://www.transfermarkt.com/niederlande/startseite/verein/3379,data/raw/20260612_130858_transfermarkt_Netherlands_national_team_add1fa4df9e4.html,2026-06-12T04:08:57+00:00
Netherlands,15,Micky van de Ven,Centre-Back,19/04/2001,25,Micky van de Ven,€50.00m,50000000.0,https://www.transfermarkt.com/micky-van-de-ven/profil/spieler/557459,https://www.transfermarkt.com/niederlande/startseite/verein/3379,data/raw/20260612_130858_transfermarkt_Netherlands_national_team_add1fa4df9e4.html,2026-06-12T04:08:57+00:00
Netherlands,6,Jan Paul van Hecke,Centre-Back,08/06/2000,26,Jan Paul van Hecke,€45.00m,45000000.0,https://www.transfermarkt.com/jan-paul-van-hecke/profil/spieler/576314,https://www.transfermarkt.com/niederlande/startseite/verein/3379,data/raw/20260612_130858_transfermarkt_Netherlands_national_team_add1fa4df9e4.html,2026-06-12T04:08:57+00:00
Netherlands,4,Virgil van Dijk,Centre-Back,08/07/1991,34,Virgil van Dijk,€15.00m,15000000.0,https://www.transfermarkt.com/virgil-van-dijk/profil/spieler/139208,https://www.transfermarkt.com/niederlande/startseite/verein/3379,data/raw/20260612_130858_transfermarkt_Netherlands_national_team_add1fa4df9e4.html,2026-06-12T04:08:57+00:00
Netherlands,5,Nathan Aké,Centre-Back,18/02/1995,31,Nathan Aké,€12.00m,12000000.0,https://www.transfermarkt.com/nathan-ake/profil/spieler/177476,https://www.transfermarkt.com/niederlande/startseite/verein/3379,data/raw/20260612_130858_transfermarkt_Netherlands_national_team_add1fa4df9e4.html,2026-06-12T04:08:57+00:00
Netherlands,25,Jorrel Hato,Left-Back,07/03/2006,20,Jorrel Hato,€40.00m,40000000.0,https://www.transfermarkt.com/jorrel-hato/profil/spieler/904802,https://www.transfermarkt.com/niederlande/startseite/verein/3379,data/raw/20260612_130858_transfermarkt_Netherlands_national_team_add1fa4df9e4.html,2026-06-12T04:08:57+00:00
Netherlands,12,Mats Wieffer,Right-Back,16/11/1999,26,Mats Wieffer,€25.00m,25000000.0,https://www.transfermarkt.com/mats-wieffer/profil/spieler/415381,https://www.transfermarkt.com/niederlande/startseite/verein/3379,data/raw/20260612_130858_transfermarkt_Netherlands_national_team_add1fa4df9e4.html,2026-06-12T04:08:57+00:00
Netherlands,22,Denzel Dumfries,Right-Back,18/04/1996,30,Denzel Dumfries,€25.00m,25000000.0,https://www.transfermarkt.com/denzel-dumfries/profil/spieler/321528,https://www.transfermarkt.com/niederlande/startseite/verein/3379,data/raw/20260612_130858_transfermarkt_Netherlands_national_team_add1fa4df9e4.html,2026-06-12T04:08:57+00:00
Netherlands,2,Lutsharel Geertruida,Right-Back,18/07/2000,25,Lutsharel Geertruida,€20.00m,20000000.0,https://www.transfermarkt.com/lutsharel-geertruida/profil/spieler/420210,https://www.transfermarkt.com/niederlande/startseite/verein/3379,data/raw/20260612_130858_transfermarkt_Netherlands_national_team_add1fa4df9e4.html,2026-06-12T04:08:57+00:00
Netherlands,8,Ryan Gravenberch,Defensive Midfield,16/05/2002,24,Ryan Gravenberch,€80.00m,80000000.0,https://www.transfermarkt.com/ryan-gravenberch/profil/spieler/478573,https://www.transfermarkt.com/niederlande/startseite/verein/3379,data/raw/20260612_130858_transfermarkt_Netherlands_national_team_add1fa4df9e4.html,2026-06-12T04:08:57+00:00
Netherlands,20,Teun Koopmeiners,Defensive Midfield,28/02/1998,28,Teun Koopmeiners,€14.00m,14000000.0,https://www.transfermarkt.com/teun-koopmeiners/profil/spieler/360518,https://www.transfermarkt.com/niederlande/startseite/verein/3379,data/raw/20260612_130858_transfermarkt_Netherlands_national_team_add1fa4df9e4.html,2026-06-12T04:08:57+00:00
Netherlands,3,Marten de Roon,Defensive Midfield,29/03/1991,35,Marten de Roon,€3.20m,3200000.0,https://www.transfermarkt.com/marten-de-roon/profil/spieler/133179,https://www.transfermarkt.com/niederlande/startseite/verein/3379,data/raw/20260612_130858_transfermarkt_Netherlands_national_team_add1fa4df9e4.html,2026-06-12T04:08:57+00:00
Netherlands,14,Tijjani Reijnders,Central Midfield,29/07/1998,27,Tijjani Reijnders,€50.00m,50000000.0,https://www.transfermarkt.com/tijjani-reijnders/profil/spieler/460939,https://www.transfermarkt.com/niederlande/startseite/verein/3379,data/raw/20260612_130858_transfermarkt_Netherlands_national_team_add1fa4df9e4.html,2026-06-12T04:08:57+00:00
Netherlands,21,Frenkie de Jong,Central Midfield,12/05/1997,29,Frenkie de Jong,€35.00m,35000000.0,https://www.transfermarkt.com/frenkie-de-jong/profil/spieler/326330,https://www.transfermarkt.com/niederlande/startseite/verein/3379,data/raw/20260612_130858_transfermarkt_Netherlands_national_team_add1fa4df9e4.html,2026-06-12T04:08:57+00:00
Netherlands,26,Quinten Timber,Central Midfield,17/06/2001,24,Quinten Timber,€25.00m,25000000.0,https://www.transfermarkt.com/quinten-timber/profil/spieler/420213,https://www.transfermarkt.com/niederlande/startseite/verein/3379,data/raw/20260612_130858_transfermarkt_Netherlands_national_team_add1fa4df9e4.html,2026-06-12T04:08:57+00:00
Netherlands,7,Justin Kluivert,Attacking Midfield,05/05/1999,27,Justin Kluivert,€25.00m,25000000.0,https://www.transfermarkt.com/justin-kluivert/profil/spieler/330659,https://www.transfermarkt.com/niederlande/startseite/verein/3379,data/raw/20260612_130858_transfermarkt_Netherlands_national_team_add1fa4df9e4.html,2026-06-12T04:08:57+00:00
Netherlands,16,Guus Til,Attacking Midfield,22/12/1997,28,Guus Til,€15.00m,15000000.0,https://www.transfermarkt.com/guus-til/profil/spieler/372267,https://www.transfermarkt.com/niederlande/startseite/verein/3379,data/raw/20260612_130858_transfermarkt_Netherlands_national_team_add1fa4df9e4.html,2026-06-12T04:08:57+00:00
Netherlands,11,Cody Gakpo,Left Winger,07/05/1999,27,Cody Gakpo,€60.00m,60000000.0,https://www.transfermarkt.com/cody-gakpo/profil/spieler/434675,https://www.transfermarkt.com/niederlande/startseite/verein/3379,data/raw/20260612_130858_transfermarkt_Netherlands_national_team_add1fa4df9e4.html,2026-06-12T04:08:57+00:00
Netherlands,24,Crysencio Summerville,Left Winger,30/10/2001,24,Crysencio Summerville,€35.00m,35000000.0,https://www.transfermarkt.com/crysencio-summerville/profil/spieler/474701,https://www.transfermarkt.com/niederlande/startseite/verein/3379,data/raw/20260612_130858_transfermarkt_Netherlands_national_team_add1fa4df9e4.html,2026-06-12T04:08:57+00:00
Netherlands,17,Noa Lang,Left Winger,17/06/1999,26,Noa Lang,€22.00m,22000000.0,https://www.transfermarkt.com/noa-lang/profil/spieler/339332,https://www.transfermarkt.com/niederlande/startseite/verein/3379,data/raw/20260612_130858_transfermarkt_Netherlands_national_team_add1fa4df9e4.html,2026-06-12T04:08:57+00:00
Netherlands,18,Donyell Malen,Centre-Forward,19/01/1999,27,Donyell Malen,€45.00m,45000000.0,https://www.transfermarkt.com/donyell-malen/profil/spieler/326029,https://www.transfermarkt.com/niederlande/startseite/verein/3379,data/raw/20260612_130858_transfermarkt_Netherlands_national_team_add1fa4df9e4.html,2026-06-12T04:08:57+00:00
Netherlands,19,Brian Brobbey,Centre-Forward,01/02/2002,24,Brian Brobbey,€30.00m,30000000.0,https://www.transfermarkt.com/brian-brobbey/profil/spieler/473169,https://www.transfermarkt.com/niederlande/startseite/verein/3379,data/raw/20260612_130858_transfermarkt_Netherlands_national_team_add1fa4df9e4.html,2026-06-12T04:08:57+00:00
Netherlands,10,Memphis Depay,Centre-Forward,13/02/1994,32,Memphis Depay,€7.00m,7000000.0,https://www.transfermarkt.com/memphis-depay/profil/spieler/167850,https://www.transfermarkt.com/niederlande/startseite/verein/3379,data/raw/20260612_130858_transfermarkt_Netherlands_national_team_add1fa4df9e4.html,2026-06-12T04:08:57+00:00
Netherlands,9,Wout Weghorst,Centre-Forward,07/08/1992,33,Wout Weghorst,€2.00m,2000000.0,https://www.transfermarkt.com/wout-weghorst/profil/spieler/228645,https://www.transfermarkt.com/niederlande/startseite/verein/3379,data/raw/20260612_130858_transfermarkt_Netherlands_national_team_add1fa4df9e4.html,2026-06-12T04:08:57+00:00
Japan,1,Zion Suzuki,Goalkeeper,21/08/2002,22,Zion Suzuki,€9.00m,9000000.0,https://www.transfermarkt.com/zion-suzuki/profil/spieler/432298,https://www.transfermarkt.com/japan/startseite/verein/3435,data/raw/20260612_130902_transfermarkt_Japan_national_team_ae482a7f921a.html,2026-06-12T04:09:01+00:00
Japan,-,Leo Kokubo,Goalkeeper,23/01/2001,23,Leo Kokubo,€2.50m,2500000.0,https://www.transfermarkt.com/leo-kokubo/profil/spieler/501737,https://www.transfermarkt.com/japan/startseite/verein/3435,data/raw/20260612_130902_transfermarkt_Japan_national_team_ae482a7f921a.html,2026-06-12T04:09:01+00:00
Japan,12,Keisuke Osako,Goalkeeper,28/07/1999,25,Keisuke Osako,€1.70m,1700000.0,https://www.transfermarkt.com/keisuke-osako/profil/spieler/415521,https://www.transfermarkt.com/japan/startseite/verein/3435,data/raw/20260612_130902_transfermarkt_Japan_national_team_ae482a7f921a.html,2026-06-12T04:09:01+00:00
Japan,-,Kosei Tani,Goalkeeper,22/11/2000,24,Kosei Tani,€1.00m,1000000.0,https://www.transfermarkt.com/kosei-tani/profil/spieler/405382,https://www.transfermarkt.com/japan/startseite/verein/3435,data/raw/20260612_130902_transfermarkt_Japan_national_team_ae482a7f921a.html,2026-06-12T04:09:01+00:00
Japan,23,Tomoki Hayakawa,Goalkeeper,03/03/1999,25,Tomoki Hayakawa,€850k,850000.0,https://www.transfermarkt.com/tomoki-hayakawa/profil/spieler/683271,https://www.transfermarkt.com/japan/startseite/verein/3435,data/raw/20260612_130902_transfermarkt_Japan_national_team_ae482a7f921a.html,2026-06-12T04:09:01+00:00
Japan,-,Taishi Brandon Nozawa,Goalkeeper,25/12/2002,22,Taishi Brandon Nozawa,€800k,800000.0,https://www.transfermarkt.com/taishi-brandon-nozawa/profil/spieler/617377,https://www.transfermarkt.com/japan/startseite/verein/3435,data/raw/20260612_130902_transfermarkt_Japan_national_team_ae482a7f921a.html,2026-06-12T04:09:01+00:00
Japan,-,Alexandre Pisano,Goalkeeper,10/01/2006,18,Alexandre Pisano,€50k,50000.0,https://www.transfermarkt.com/alexandre-pisano/profil/spieler/916599,https://www.transfermarkt.com/japan/startseite/verein/3435,data/raw/20260612_130902_transfermarkt_Japan_national_team_ae482a7f921a.html,2026-06-12T04:09:01+00:00
Japan,21,Hiroki Ito,Centre-Back,12/05/1999,25,Hiroki Ito,€30.00m,30000000.0,https://www.transfermarkt.com/hiroki-ito/profil/spieler/353892,https://www.transfermarkt.com/japan/startseite/verein/3435,data/raw/20260612_130902_transfermarkt_Japan_national_team_ae482a7f921a.html,2026-06-12T04:09:01+00:00
Japan,4,Ko Itakura,Centre-Back,27/01/1997,27,Ko Itakura,€15.00m,15000000.0,https://www.transfermarkt.com/ko-itakura/profil/spieler/355816,https://www.transfermarkt.com/japan/startseite/verein/3435,data/raw/20260612_130902_transfermarkt_Japan_national_team_ae482a7f921a.html,2026-06-12T04:09:01+00:00
Japan,-,Koki Machida,Centre-Back,25/08/1997,27,Koki Machida,€10.00m,10000000.0,https://www.transfermarkt.com/koki-machida/profil/spieler/415035,https://www.transfermarkt.com/japan/startseite/verein/3435,data/raw/20260612_130902_transfermarkt_Japan_national_team_ae482a7f921a.html,2026-06-12T04:09:01+00:00
Japan,16,Tsuyoshi Watanabe,Centre-Back,05/02/1997,27,Tsuyoshi Watanabe,€9.00m,9000000.0,https://www.transfermarkt.com/tsuyoshi-watanabe/profil/spieler/598791,https://www.transfermarkt.com/japan/startseite/verein/3435,data/raw/20260612_130902_transfermarkt_Japan_national_team_ae482a7f921a.html,2026-06-12T04:09:01+00:00
Japan,-,Hayato Araki,Centre-Back,07/08/1996,28,Hayato Araki,€1.40m,1400000.0,https://www.transfermarkt.com/hayato-araki/profil/spieler/602314,https://www.transfermarkt.com/japan/startseite/verein/3435,data/raw/20260612_130902_transfermarkt_Japan_national_team_ae482a7f921a.html,2026-06-12T04:09:01+00:00
Japan,3,Shogo Taniguchi,Centre-Back,15/07/1991,33,Shogo Taniguchi,€1.20m,1200000.0,https://www.transfermarkt.com/shogo-taniguchi/profil/spieler/307870,https://www.transfermarkt.com/japan/startseite/verein/3435,data/raw/20260612_130902_transfermarkt_Japan_national_team_ae482a7f921a.html,2026-06-12T04:09:01+00:00
Japan,-,Naomichi Ueda,Centre-Back,24/10/1994,30,Naomichi Ueda,€1.00m,1000000.0,https://www.transfermarkt.com/naomichi-ueda/profil/spieler/188915,https://www.transfermarkt.com/japan/startseite/verein/3435,data/raw/20260612_130902_transfermarkt_Japan_national_team_ae482a7f921a.html,2026-06-12T04:09:01+00:00
Japan,-,Yuta Nakayama,Centre-Back,16/02/1997,27,Yuta Nakayama,€1.00m,1000000.0,https://www.transfermarkt.com/yuta-nakayama/profil/spieler/346647,https://www.transfermarkt.com/japan/startseite/verein/3435,data/raw/20260612_130902_transfermarkt_Japan_national_team_ae482a7f921a.html,2026-06-12T04:09:01+00:00
Japan,-,Taiyo Koga,Centre-Back,28/10/1998,26,Taiyo Koga,€1.00m,1000000.0,https://www.transfermarkt.com/taiyo-koga/profil/spieler/489072,https://www.transfermarkt.com/japan/startseite/verein/3435,data/raw/20260612_130902_transfermarkt_Japan_national_team_ae482a7f921a.html,2026-06-12T04:09:01+00:00
Japan,20,Ayumu Seko,Centre-Back,07/06/2000,24,Ayumu Seko,€1.00m,1000000.0,https://www.transfermarkt.com/ayumu-seko/profil/spieler/405389,https://www.transfermarkt.com/japan/startseite/verein/3435,data/raw/20260612_130902_transfermarkt_Japan_national_team_ae482a7f921a.html,2026-06-12T04:09:01+00:00
Japan,-,Kota Takai,Centre-Back,04/09/2004,20,Kota Takai,€550k,550000.0,https://www.transfermarkt.com/kota-takai/profil/spieler/671108,https://www.transfermarkt.com/japan/startseite/verein/3435,data/raw/20260612_130902_transfermarkt_Japan_national_team_ae482a7f921a.html,2026-06-12T04:09:01+00:00
Japan,-,Yuto Tsunashima,Centre-Back,15/08/2000,24,Yuto Tsunashima,€500k,500000.0,https://www.transfermarkt.com/yuto-tsunashima/profil/spieler/1030663,https://www.transfermarkt.com/japan/startseite/verein/3435,data/raw/20260612_130902_transfermarkt_Japan_national_team_ae482a7f921a.html,2026-06-12T04:09:01+00:00
Japan,-,Tomoya Ando,Centre-Back,10/01/1999,25,Tomoya Ando,€350k,350000.0,https://www.transfermarkt.com/tomoya-ando/profil/spieler/610795,https://www.transfermarkt.com/japan/startseite/verein/3435,data/raw/20260612_130902_transfermarkt_Japan_national_team_ae482a7f921a.html,2026-06-12T04:09:01+00:00
Japan,25,Junnosuke Suzuki,Centre-Back,12/07/2003,21,Junnosuke Suzuki,€350k,350000.0,https://www.transfermarkt.com/junnosuke-suzuki/profil/spieler/848856,https://www.transfermarkt.com/japan/startseite/verein/3435,data/raw/20260612_130902_transfermarkt_Japan_national_team_ae482a7f921a.html,2026-06-12T04:09:01+00:00
Japan,5,Yuto Nagatomo,Left-Back,12/09/1986,38,Yuto Nagatomo,€150k,150000.0,https://www.transfermarkt.com/yuto-nagatomo/profil/spieler/79522,https://www.transfermarkt.com/japan/startseite/verein/3435,data/raw/20260612_130902_transfermarkt_Japan_national_team_ae482a7f921a.html,2026-06-12T04:09:01+00:00
Japan,2,Yukinari Sugawara,Right-Back,28/06/2000,24,Yukinari Sugawara,€12.00m,12000000.0,https://www.transfermarkt.com/yukinari-sugawara/profil/spieler/405385,https://www.transfermarkt.com/japan/startseite/verein/3435,data/raw/20260612_130902_transfermarkt_Japan_national_team_ae482a7f921a.html,2026-06-12T04:09:01+00:00
Japan,-,Daiki Hashioka,Right-Back,17/05/1999,25,Daiki Hashioka,€2.00m,2000000.0,https://www.transfermarkt.com/daiki-hashioka/profil/spieler/387191,https://www.transfermarkt.com/japan/startseite/verein/3435,data/raw/20260612_130902_transfermarkt_Japan_national_team_ae482a7f921a.html,2026-06-12T04:09:01+00:00
Japan,-,Hiroki Sekine,Right-Back,11/08/2002,22,Hiroki Sekine,€800k,800000.0,https://www.transfermarkt.com/hiroki-sekine/profil/spieler/1137808,https://www.transfermarkt.com/japan/startseite/verein/3435,data/raw/20260612_130902_transfermarkt_Japan_national_team_ae482a7f921a.html,2026-06-12T04:09:01+00:00
Japan,-,Henry Heroki Mochizuki,Right-Back,20/09/2001,23,Henry Heroki Mochizuki,€450k,450000.0,https://www.transfermarkt.com/henry-heroki-mochizuki/profil/spieler/1137518,https://www.transfermarkt.com/japan/startseite/verein/3435,data/raw/20260612_130902_transfermarkt_Japan_national_team_ae482a7f921a.html,2026-06-12T04:09:01+00:00
Japan,-,Wataru Endo,Defensive Midfield,09/02/1993,31,Wataru Endo,€12.00m,12000000.0,https://www.transfermarkt.com/wataru-endo/profil/spieler/146310,https://www.transfermarkt.com/japan/startseite/verein/3435,data/raw/20260612_130902_transfermarkt_Japan_national_team_ae482a7f921a.html,2026-06-12T04:09:01+00:00
Japan,24,Kaishu Sano,Defensive Midfield,30/12/2000,24,Kaishu Sano,€7.00m,7000000.0,https://www.transfermarkt.com/kaishu-sano/profil/spieler/643574,https://www.transfermarkt.com/japan/startseite/verein/3435,data/raw/20260612_130902_transfermarkt_Japan_national_team_ae482a7f921a.html,2026-06-12T04:09:01+00:00
Japan,-,Satoshi Tanaka,Defensive Midfield,13/08/2002,22,Satoshi Tanaka,€900k,900000.0,https://www.transfermarkt.com/satoshi-tanaka/profil/spieler/665618,https://www.transfermarkt.com/japan/startseite/verein/3435,data/raw/20260612_130902_transfermarkt_Japan_national_team_ae482a7f921a.html,2026-06-12T04:09:01+00:00
Japan,-,Sho Inagaki,Defensive Midfield,25/12/1991,33,Sho Inagaki,€750k,750000.0,https://www.transfermarkt.com/sho-inagaki/profil/spieler/290660,https://www.transfermarkt.com/japan/startseite/verein/3435,data/raw/20260612_130902_transfermarkt_Japan_national_team_ae482a7f921a.html,2026-06-12T04:09:01+00:00
Japan,-,Zento Uno,Defensive Midfield,20/11/2003,21,Zento Uno,€400k,400000.0,https://www.transfermarkt.com/zento-uno/profil/spieler/957526,https://www.transfermarkt.com/japan/startseite/verein/3435,data/raw/20260612_130902_transfermarkt_Japan_national_team_ae482a7f921a.html,2026-06-12T04:09:01+00:00
Japan,-,Koki Kumasaka,Defensive Midfield,15/04/2001,23,Koki Kumasaka,€125k,125000.0,https://www.transfermarkt.com/koki-kumasaka/profil/spieler/1156272,https://www.transfermarkt.com/japan/startseite/verein/3435,data/raw/20260612_130902_transfermarkt_Japan_national_team_ae482a7f921a.html,2026-06-12T04:09:01+00:00
Japan,-,Hidemasa Morita,Central Midfield,10/05/1995,29,Hidemasa Morita,€15.00m,15000000.0,https://www.transfermarkt.com/hidemasa-morita/profil/spieler/524315,https://www.transfermarkt.com/japan/startseite/verein/3435,data/raw/20260612_130902_transfermarkt_Japan_national_team_ae482a7f921a.html,2026-06-12T04:09:01+00:00
Japan,-,Reo Hatate,Central Midfield,21/11/1997,27,Reo Hatate,€11.00m,11000000.0,https://www.transfermarkt.com/reo-hatate/profil/spieler/496656,https://www.transfermarkt.com/japan/startseite/verein/3435,data/raw/20260612_130902_transfermarkt_Japan_national_team_ae482a7f921a.html,2026-06-12T04:09:01+00:00
Japan,-,Hayao Kawabe,Central Midfield,08/09/1995,29,Hayao Kawabe,€4.00m,4000000.0,https://www.transfermarkt.com/hayao-kawabe/profil/spieler/262489,https://www.transfermarkt.com/japan/startseite/verein/3435,data/raw/20260612_130902_transfermarkt_Japan_national_team_ae482a7f921a.html,2026-06-12T04:09:01+00:00
Japan,-,Kodai Sano,Central Midfield,25/09/2003,21,Kodai Sano,€4.00m,4000000.0,https://www.transfermarkt.com/kodai-sano/profil/spieler/957544,https://www.transfermarkt.com/japan/startseite/verein/3435,data/raw/20260612_130902_transfermarkt_Japan_national_team_ae482a7f921a.html,2026-06-12T04:09:01+00:00
Japan,7,Ao Tanaka,Central Midfield,10/09/1998,26,Ao Tanaka,€4.00m,4000000.0,https://www.transfermarkt.com/ao-tanaka/profil/spieler/489359,https://www.transfermarkt.com/japan/startseite/verein/3435,data/raw/20260612_130902_transfermarkt_Japan_national_team_ae482a7f921a.html,2026-06-12T04:09:01+00:00
Japan,-,Joel Chima Fujita,Central Midfield,16/02/2002,22,Joel Chima Fujita,€1.80m,1800000.0,https://www.transfermarkt.com/joel-chima-fujita/profil/spieler/697277,https://www.transfermarkt.com/japan/startseite/verein/3435,data/raw/20260612_130902_transfermarkt_Japan_national_team_ae482a7f921a.html,2026-06-12T04:09:01+00:00
Japan,-,Sota Kitano,Right Midfield,13/08/2004,20,Sota Kitano,€450k,450000.0,https://www.transfermarkt.com/sota-kitano/profil/spieler/671114,https://www.transfermarkt.com/japan/startseite/verein/3435,data/raw/20260612_130902_transfermarkt_Japan_national_team_ae482a7f921a.html,2026-06-12T04:09:01+00:00
Japan,-,Tojiro Kubo,Right Midfield,05/04/1999,25,Tojiro Kubo,€400k,400000.0,https://www.transfermarkt.com/tojiro-kubo/profil/spieler/589813,https://www.transfermarkt.com/japan/startseite/verein/3435,data/raw/20260612_130902_transfermarkt_Japan_national_team_ae482a7f921a.html,2026-06-12T04:09:01+00:00
Japan,-,Ryunosuke Sato,Left Midfield,16/10/2006,18,Ryunosuke Sato,€200k,200000.0,https://www.transfermarkt.com/ryunosuke-sato/profil/spieler/948169,https://www.transfermarkt.com/japan/startseite/verein/3435,data/raw/20260612_130902_transfermarkt_Japan_national_team_ae482a7f921a.html,2026-06-12T04:09:01+00:00
Japan,15,Daichi Kamada,Attacking Midfield,05/08/1996,28,Daichi Kamada,€15.00m,15000000.0,https://www.transfermarkt.com/daichi-kamada/profil/spieler/356141,https://www.transfermarkt.com/japan/startseite/verein/3435,data/raw/20260612_130902_transfermarkt_Japan_national_team_ae482a7f921a.html,2026-06-12T04:09:01+00:00
Japan,-,Ryoya Morishita,Attacking Midfield,11/04/1997,27,Ryoya Morishita,€2.00m,2000000.0,https://www.transfermarkt.com/ryoya-morishita/profil/spieler/679903,https://www.transfermarkt.com/japan/startseite/verein/3435,data/raw/20260612_130902_transfermarkt_Japan_national_team_ae482a7f921a.html,2026-06-12T04:09:01+00:00
Japan,-,Yuto Ozeki,Attacking Midfield,06/02/2005,19,Yuto Ozeki,€250k,250000.0,https://www.transfermarkt.com/yuto-ozeki/profil/spieler/908661,https://www.transfermarkt.com/japan/startseite/verein/3435,data/raw/20260612_130902_transfermarkt_Japan_national_team_ae482a7f921a.html,2026-06-12T04:09:01+00:00
Japan,-,Kaoru Mitoma,Left Winger,20/05/1997,27,Kaoru Mitoma,€45.00m,45000000.0,https://www.transfermarkt.com/kaoru-mitoma/profil/spieler/504849,https://www.transfermarkt.com/japan/startseite/verein/3435,data/raw/20260612_130902_transfermarkt_Japan_national_team_ae482a7f921a.html,2026-06-12T04:09:01+00:00
Japan,-,Takumi Minamino,Left Winger,16/01/1995,29,Takumi Minamino,€15.00m,15000000.0,https://www.transfermarkt.com/takumi-minamino/profil/spieler/165793,https://www.transfermarkt.com/japan/startseite/verein/3435,data/raw/20260612_130902_transfermarkt_Japan_national_team_ae482a7f921a.html,2026-06-12T04:09:01+00:00
Japan,13,Keito Nakamura,Left Winger,28/07/2000,24,Keito Nakamura,€12.00m,12000000.0,https://www.transfermarkt.com/keito-nakamura/profil/spieler/405397,https://www.transfermarkt.com/japan/startseite/verein/3435,data/raw/20260612_130902_transfermarkt_Japan_national_team_ae482a7f921a.html,2026-06-12T04:09:01+00:00
Japan,11,Daizen Maeda,Left Winger,20/10/1997,27,Daizen Maeda,€8.00m,8000000.0,https://www.transfermarkt.com/daizen-maeda/profil/spieler/420931,https://www.transfermarkt.com/japan/startseite/verein/3435,data/raw/20260612_130902_transfermarkt_Japan_national_team_ae482a7f921a.html,2026-06-12T04:09:01+00:00
Japan,-,Koki Saito,Left Winger,10/08/2001,23,Koki Saito,€4.00m,4000000.0,https://www.transfermarkt.com/koki-saito/profil/spieler/501743,https://www.transfermarkt.com/japan/startseite/verein/3435,data/raw/20260612_130902_transfermarkt_Japan_national_team_ae482a7f921a.html,2026-06-12T04:09:01+00:00
Japan,-,Shunsuke Mito,Left Winger,28/09/2002,22,Shunsuke Mito,€650k,650000.0,https://www.transfermarkt.com/shunsuke-mito/profil/spieler/566013,https://www.transfermarkt.com/japan/startseite/verein/3435,data/raw/20260612_130902_transfermarkt_Japan_national_team_ae482a7f921a.html,2026-06-12T04:09:01+00:00
Japan,-,Kota Tawaratsumida,Left Winger,14/05/2004,20,Kota Tawaratsumida,€650k,650000.0,https://www.transfermarkt.com/kota-tawaratsumida/profil/spieler/925357,https://www.transfermarkt.com/japan/startseite/verein/3435,data/raw/20260612_130902_transfermarkt_Japan_national_team_ae482a7f921a.html,2026-06-12T04:09:01+00:00
Japan,8,Takefusa Kubo,Right Winger,04/06/2001,23,Takefusa Kubo,€40.00m,40000000.0,https://www.transfermarkt.com/takefusa-kubo/profil/spieler/405398,https://www.transfermarkt.com/japan/startseite/verein/3435,data/raw/20260612_130902_transfermarkt_Japan_national_team_ae482a7f921a.html,2026-06-12T04:09:01+00:00
Japan,10,Ritsu Doan,Right Winger,16/06/1998,26,Ritsu Doan,€22.00m,22000000.0,https://www.transfermarkt.com/ritsu-doan/profil/spieler/358504,https://www.transfermarkt.com/japan/startseite/verein/3435,data/raw/20260612_130902_transfermarkt_Japan_national_team_ae482a7f921a.html,2026-06-12T04:09:01+00:00
Japan,14,Junya Ito,Right Winger,09/03/1993,31,Junya Ito,€8.00m,8000000.0,https://www.transfermarkt.com/junya-ito/profil/spieler/348791,https://www.transfermarkt.com/japan/startseite/verein/3435,data/raw/20260612_130902_transfermarkt_Japan_national_team_ae482a7f921a.html,2026-06-12T04:09:01+00:00
Japan,-,Yuki Soma,Right Winger,25/02/1997,27,Yuki Soma,€1.30m,1300000.0,https://www.transfermarkt.com/yuki-soma/profil/spieler/594069,https://www.transfermarkt.com/japan/startseite/verein/3435,data/raw/20260612_130902_transfermarkt_Japan_national_team_ae482a7f921a.html,2026-06-12T04:09:01+00:00
Japan,-,Taisei Miyashiro,Right Winger,26/05/2000,24,Taisei Miyashiro,€1.20m,1200000.0,https://www.transfermarkt.com/taisei-miyashiro/profil/spieler/405395,https://www.transfermarkt.com/japan/startseite/verein/3435,data/raw/20260612_130902_transfermarkt_Japan_national_team_ae482a7f921a.html,2026-06-12T04:09:01+00:00
Japan,-,Yu Hirakawa,Right Winger,03/01/2001,23,Yu Hirakawa,€900k,900000.0,https://www.transfermarkt.com/yu-hirakawa/profil/spieler/936237,https://www.transfermarkt.com/japan/startseite/verein/3435,data/raw/20260612_130902_transfermarkt_Japan_national_team_ae482a7f921a.html,2026-06-12T04:09:01+00:00
Japan,17,Yuito Suzuki,Second Striker,25/10/2001,23,Yuito Suzuki,€7.00m,7000000.0,https://www.transfermarkt.com/yuito-suzuki/profil/spieler/668606,https://www.transfermarkt.com/japan/startseite/verein/3435,data/raw/20260612_130902_transfermarkt_Japan_national_team_ae482a7f921a.html,2026-06-12T04:09:01+00:00
Japan,-,Kyogo Furuhashi,Centre-Forward,20/01/1995,29,Kyogo Furuhashi,€14.00m,14000000.0,https://www.transfermarkt.com/kyogo-furuhashi/profil/spieler/489463,https://www.transfermarkt.com/japan/startseite/verein/3435,data/raw/20260612_130902_transfermarkt_Japan_national_team_ae482a7f921a.html,2026-06-12T04:09:01+00:00
Japan,18,Ayase Ueda,Centre-Forward,28/08/1998,26,Ayase Ueda,€8.00m,8000000.0,https://www.transfermarkt.com/ayase-ueda/profil/spieler/589128,https://www.transfermarkt.com/japan/startseite/verein/3435,data/raw/20260612_130902_transfermarkt_Japan_national_team_ae482a7f921a.html,2026-06-12T04:09:01+00:00
Japan,-,Shuto Machino,Centre-Forward,30/09/1999,25,Shuto Machino,€3.00m,3000000.0,https://www.transfermarkt.com/shuto-machino/profil/spieler/550580,https://www.transfermarkt.com/japan/startseite/verein/3435,data/raw/20260612_130902_transfermarkt_Japan_national_team_ae482a7f921a.html,2026-06-12T04:09:01+00:00
Japan,19,Koki Ogawa,Centre-Forward,08/08/1997,27,Koki Ogawa,€3.00m,3000000.0,https://www.transfermarkt.com/koki-ogawa/profil/spieler/351567,https://www.transfermarkt.com/japan/startseite/verein/3435,data/raw/20260612_130902_transfermarkt_Japan_national_team_ae482a7f921a.html,2026-06-12T04:09:01+00:00
Japan,-,Mao Hosoya,Centre-Forward,07/09/2001,23,Mao Hosoya,€1.60m,1600000.0,https://www.transfermarkt.com/mao-hosoya/profil/spieler/663514,https://www.transfermarkt.com/japan/startseite/verein/3435,data/raw/20260612_130902_transfermarkt_Japan_national_team_ae482a7f921a.html,2026-06-12T04:09:01+00:00
Japan,-,Yuki Ohashi,Centre-Forward,27/07/1996,28,Yuki Ohashi,€1.50m,1500000.0,https://www.transfermarkt.com/yuki-ohashi/profil/spieler/592116,https://www.transfermarkt.com/japan/startseite/verein/3435,data/raw/20260612_130902_transfermarkt_Japan_national_team_ae482a7f921a.html,2026-06-12T04:09:01+00:00
Japan,-,Shin Yamada,Centre-Forward,30/05/2000,24,Shin Yamada,€900k,900000.0,https://www.transfermarkt.com/shin-yamada/profil/spieler/681970,https://www.transfermarkt.com/japan/startseite/verein/3435,data/raw/20260612_130902_transfermarkt_Japan_national_team_ae482a7f921a.html,2026-06-12T04:09:01+00:00
Japan,9,Keisuke Goto,Centre-Forward,03/06/2005,19,Keisuke Goto,€900k,900000.0,https://www.transfermarkt.com/keisuke-goto/profil/spieler/916623,https://www.transfermarkt.com/japan/startseite/verein/3435,data/raw/20260612_130902_transfermarkt_Japan_national_team_ae482a7f921a.html,2026-06-12T04:09:01+00:00
Japan,-,Taichi Hara,Centre-Forward,05/05/1999,25,Taichi Hara,€850k,850000.0,https://www.transfermarkt.com/taichi-hara/profil/spieler/495752,https://www.transfermarkt.com/japan/startseite/verein/3435,data/raw/20260612_130902_transfermarkt_Japan_national_team_ae482a7f921a.html,2026-06-12T04:09:01+00:00
Japan,-,Ryo Germain,Centre-Forward,19/04/1995,29,Ryo Germain,€700k,700000.0,https://www.transfermarkt.com/ryo-germain/profil/spieler/511448,https://www.transfermarkt.com/japan/startseite/verein/3435,data/raw/20260612_130902_transfermarkt_Japan_national_team_ae482a7f921a.html,2026-06-12T04:09:01+00:00
Japan,-,Yuki Kakita,Centre-Forward,14/07/1997,27,Yuki Kakita,€600k,600000.0,https://www.transfermarkt.com/yuki-kakita/profil/spieler/415033,https://www.transfermarkt.com/japan/startseite/verein/3435,data/raw/20260612_130902_transfermarkt_Japan_national_team_ae482a7f921a.html,2026-06-12T04:09:01+00:00
Japan,-,Sota Nakamura,Centre-Forward,15/10/2002,22,Sota Nakamura,-,,https://www.transfermarkt.com/sota-nakamura/profil/spieler/1268075,https://www.transfermarkt.com/japan/startseite/verein/3435,data/raw/20260612_130902_transfermarkt_Japan_national_team_ae482a7f921a.html,2026-06-12T04:09:01+00:00
Sweden,12,Viktor Johansson,Goalkeeper,14/09/1998,27,Viktor Johansson,€12.00m,12000000.0,https://www.transfermarkt.com/viktor-johansson/profil/spieler/273742,https://www.transfermarkt.com/schweden/startseite/verein/3557,data/raw/20260612_130906_transfermarkt_Sweden_national_team_201a534fc57a.html,2026-06-12T04:09:05+00:00
Sweden,1,Jacob Widell Zetterström,Goalkeeper,11/07/1998,27,Jacob Widell Zetterström,€2.50m,2500000.0,https://www.transfermarkt.com/jacob-widell-zetterstrom/profil/spieler/549440,https://www.transfermarkt.com/schweden/startseite/verein/3557,data/raw/20260612_130906_transfermarkt_Sweden_national_team_201a534fc57a.html,2026-06-12T04:09:05+00:00
Sweden,23,Kristoffer Nordfeldt,Goalkeeper,23/06/1989,36,Kristoffer Nordfeldt,€175k,175000.0,https://www.transfermarkt.com/kristoffer-nordfeldt/profil/spieler/75890,https://www.transfermarkt.com/schweden/startseite/verein/3557,data/raw/20260612_130906_transfermarkt_Sweden_national_team_201a534fc57a.html,2026-06-12T04:09:05+00:00
Sweden,4,Isak Hien,Centre-Back,13/01/1999,27,Isak Hien,€22.00m,22000000.0,https://www.transfermarkt.com/isak-hien/profil/spieler/503075,https://www.transfermarkt.com/schweden/startseite/verein/3557,data/raw/20260612_130906_transfermarkt_Sweden_national_team_201a534fc57a.html,2026-06-12T04:09:05+00:00
Sweden,2,Gustaf Lagerbielke,Centre-Back,10/04/2000,26,Gustaf Lagerbielke,€10.00m,10000000.0,https://www.transfermarkt.com/gustaf-lagerbielke/profil/spieler/485395,https://www.transfermarkt.com/schweden/startseite/verein/3557,data/raw/20260612_130906_transfermarkt_Sweden_national_team_201a534fc57a.html,2026-06-12T04:09:05+00:00
Sweden,3,Victor Lindelöf,Centre-Back,17/07/1994,31,Victor Lindelöf,€5.00m,5000000.0,https://www.transfermarkt.com/victor-lindelof/profil/spieler/184573,https://www.transfermarkt.com/schweden/startseite/verein/3557,data/raw/20260612_130906_transfermarkt_Sweden_national_team_201a534fc57a.html,2026-06-12T04:09:05+00:00
Sweden,14,Hjalmar Ekdal,Centre-Back,21/10/1998,27,Hjalmar Ekdal,€5.00m,5000000.0,https://www.transfermarkt.com/hjalmar-ekdal/profil/spieler/392179,https://www.transfermarkt.com/schweden/startseite/verein/3557,data/raw/20260612_130906_transfermarkt_Sweden_national_team_201a534fc57a.html,2026-06-12T04:09:05+00:00
Sweden,20,Eric Smith,Centre-Back,08/01/1997,29,Eric Smith,€5.00m,5000000.0,https://www.transfermarkt.com/eric-smith/profil/spieler/292534,https://www.transfermarkt.com/schweden/startseite/verein/3557,data/raw/20260612_130906_transfermarkt_Sweden_national_team_201a534fc57a.html,2026-06-12T04:09:05+00:00
Sweden,15,Carl Starfelt,Centre-Back,01/06/1995,31,Carl Starfelt,€4.50m,4500000.0,https://www.transfermarkt.com/carl-starfelt/profil/spieler/258987,https://www.transfermarkt.com/schweden/startseite/verein/3557,data/raw/20260612_130906_transfermarkt_Sweden_national_team_201a534fc57a.html,2026-06-12T04:09:05+00:00
Sweden,8,Daniel Svensson,Left-Back,12/02/2002,24,Daniel Svensson,€22.00m,22000000.0,https://www.transfermarkt.com/daniel-svensson/profil/spieler/579287,https://www.transfermarkt.com/schweden/startseite/verein/3557,data/raw/20260612_130906_transfermarkt_Sweden_national_team_201a534fc57a.html,2026-06-12T04:09:05+00:00
Sweden,5,Gabriel Gudmundsson,Left-Back,29/04/1999,27,Gabriel Gudmundsson,€20.00m,20000000.0,https://www.transfermarkt.com/gabriel-gudmundsson/profil/spieler/362108,https://www.transfermarkt.com/schweden/startseite/verein/3557,data/raw/20260612_130906_transfermarkt_Sweden_national_team_201a534fc57a.html,2026-06-12T04:09:05+00:00
Sweden,13,Ken Sema,Left-Back,30/09/1993,32,Ken Sema,€800k,800000.0,https://www.transfermarkt.com/ken-sema/profil/spieler/252345,https://www.transfermarkt.com/schweden/startseite/verein/3557,data/raw/20260612_130906_transfermarkt_Sweden_national_team_201a534fc57a.html,2026-06-12T04:09:05+00:00
Sweden,16,Jesper Karlström,Defensive Midfield,21/06/1995,30,Jesper Karlström,€4.00m,4000000.0,https://www.transfermarkt.com/jesper-karlstrom/profil/spieler/222855,https://www.transfermarkt.com/schweden/startseite/verein/3557,data/raw/20260612_130906_transfermarkt_Sweden_national_team_201a534fc57a.html,2026-06-12T04:09:05+00:00
Sweden,7,Lucas Bergvall,Central Midfield,02/02/2006,20,Lucas Bergvall,€35.00m,35000000.0,https://www.transfermarkt.com/lucas-bergvall/profil/spieler/866246,https://www.transfermarkt.com/schweden/startseite/verein/3557,data/raw/20260612_130906_transfermarkt_Sweden_national_team_201a534fc57a.html,2026-06-12T04:09:05+00:00
Sweden,18,Yasin Ayari,Central Midfield,06/10/2003,22,Yasin Ayari,€35.00m,35000000.0,https://www.transfermarkt.com/yasin-ayari/profil/spieler/667287,https://www.transfermarkt.com/schweden/startseite/verein/3557,data/raw/20260612_130906_transfermarkt_Sweden_national_team_201a534fc57a.html,2026-06-12T04:09:05+00:00
Sweden,19,Mattias Svanberg,Central Midfield,05/01/1999,27,Mattias Svanberg,€8.00m,8000000.0,https://www.transfermarkt.com/mattias-svanberg/profil/spieler/342405,https://www.transfermarkt.com/schweden/startseite/verein/3557,data/raw/20260612_130906_transfermarkt_Sweden_national_team_201a534fc57a.html,2026-06-12T04:09:05+00:00
Sweden,22,Besfort Zeneli,Central Midfield,21/11/2002,23,Besfort Zeneli,€6.00m,6000000.0,https://www.transfermarkt.com/besfort-zeneli/profil/spieler/715653,https://www.transfermarkt.com/schweden/startseite/verein/3557,data/raw/20260612_130906_transfermarkt_Sweden_national_team_201a534fc57a.html,2026-06-12T04:09:05+00:00
Sweden,6,Herman Johansson,Right Midfield,16/10/1997,28,Herman Johansson,€1.80m,1800000.0,https://www.transfermarkt.com/herman-johansson/profil/spieler/744853,https://www.transfermarkt.com/schweden/startseite/verein/3557,data/raw/20260612_130906_transfermarkt_Sweden_national_team_201a534fc57a.html,2026-06-12T04:09:05+00:00
Sweden,24,Elliot Stroud,Left Midfield,22/06/2002,23,Elliot Stroud,€5.00m,5000000.0,https://www.transfermarkt.com/elliot-stroud/profil/spieler/687622,https://www.transfermarkt.com/schweden/startseite/verein/3557,data/raw/20260612_130906_transfermarkt_Sweden_national_team_201a534fc57a.html,2026-06-12T04:09:05+00:00
Sweden,10,Benjamin Nygren,Attacking Midfield,08/07/2001,24,Benjamin Nygren,€14.00m,14000000.0,https://www.transfermarkt.com/benjamin-nygren/profil/spieler/475949,https://www.transfermarkt.com/schweden/startseite/verein/3557,data/raw/20260612_130906_transfermarkt_Sweden_national_team_201a534fc57a.html,2026-06-12T04:09:05+00:00
Sweden,26,Taha Ali,Left Winger,01/07/1998,27,Taha Ali,€1.50m,1500000.0,https://www.transfermarkt.com/taha-ali/profil/spieler/731771,https://www.transfermarkt.com/schweden/startseite/verein/3557,data/raw/20260612_130906_transfermarkt_Sweden_national_team_201a534fc57a.html,2026-06-12T04:09:05+00:00
Sweden,11,Anthony Elanga,Right Winger,27/04/2002,24,Anthony Elanga,€32.00m,32000000.0,https://www.transfermarkt.com/anthony-elanga/profil/spieler/583189,https://www.transfermarkt.com/schweden/startseite/verein/3557,data/raw/20260612_130906_transfermarkt_Sweden_national_team_201a534fc57a.html,2026-06-12T04:09:05+00:00
Sweden,21,Alexander Bernhardsson,Right Winger,08/09/1998,27,Alexander Bernhardsson,€3.00m,3000000.0,https://www.transfermarkt.com/alexander-bernhardsson/profil/spieler/633454,https://www.transfermarkt.com/schweden/startseite/verein/3557,data/raw/20260612_130906_transfermarkt_Sweden_national_team_201a534fc57a.html,2026-06-12T04:09:05+00:00
Sweden,9,Alexander Isak,Centre-Forward,21/09/1999,26,Alexander Isak,€85.00m,85000000.0,https://www.transfermarkt.com/alexander-isak/profil/spieler/349066,https://www.transfermarkt.com/schweden/startseite/verein/3557,data/raw/20260612_130906_transfermarkt_Sweden_national_team_201a534fc57a.html,2026-06-12T04:09:05+00:00
Sweden,17,Viktor Gyökeres,Centre-Forward,04/06/1998,28,Viktor Gyökeres,€65.00m,65000000.0,https://www.transfermarkt.com/viktor-gyokeres/profil/spieler/325443,https://www.transfermarkt.com/schweden/startseite/verein/3557,data/raw/20260612_130906_transfermarkt_Sweden_national_team_201a534fc57a.html,2026-06-12T04:09:05+00:00
Sweden,25,Gustaf Nilsson,Centre-Forward,23/05/1997,29,Gustaf Nilsson,€1.80m,1800000.0,https://www.transfermarkt.com/gustaf-nilsson/profil/spieler/320440,https://www.transfermarkt.com/schweden/startseite/verein/3557,data/raw/20260612_130906_transfermarkt_Sweden_national_team_201a534fc57a.html,2026-06-12T04:09:05+00:00
Tunisia,1,Abdelmouhib Chamakh,Goalkeeper,25/08/2001,24,Abdelmouhib Chamakh,€800k,800000.0,https://www.transfermarkt.com/abdelmouhib-chamakh/profil/spieler/584250,https://www.transfermarkt.com/tunesien/startseite/verein/3670,data/raw/20260612_130910_transfermarkt_Tunisia_national_team_0e1d092b569b.html,2026-06-12T04:09:09+00:00
Tunisia,16,Aymen Dahmen,Goalkeeper,28/01/1997,29,Aymen Dahmen,€800k,800000.0,https://www.transfermarkt.com/aymen-dahmen/profil/spieler/569433,https://www.transfermarkt.com/tunesien/startseite/verein/3670,data/raw/20260612_130910_transfermarkt_Tunisia_national_team_0e1d092b569b.html,2026-06-12T04:09:09+00:00
Tunisia,22,Sabri Ben Hessen,Goalkeeper,13/06/1996,29,Sabri Ben Hessen,€550k,550000.0,https://www.transfermarkt.com/sabri-ben-hessen/profil/spieler/295381,https://www.transfermarkt.com/tunesien/startseite/verein/3670,data/raw/20260612_130910_transfermarkt_Tunisia_national_team_0e1d092b569b.html,2026-06-12T04:09:09+00:00
Tunisia,3,Montassar Talbi,Centre-Back,26/05/1998,28,Montassar Talbi,€8.00m,8000000.0,https://www.transfermarkt.com/montassar-talbi/profil/spieler/496706,https://www.transfermarkt.com/tunesien/startseite/verein/3670,data/raw/20260612_130910_transfermarkt_Tunisia_national_team_0e1d092b569b.html,2026-06-12T04:09:09+00:00
Tunisia,5,Adem Arous,Centre-Back,17/07/2004,21,Adem Arous,€4.00m,4000000.0,https://www.transfermarkt.com/adem-arous/profil/spieler/1071742,https://www.transfermarkt.com/tunesien/startseite/verein/3670,data/raw/20260612_130910_transfermarkt_Tunisia_national_team_0e1d092b569b.html,2026-06-12T04:09:09+00:00
Tunisia,6,Dylan Bronn,Centre-Back,19/06/1995,30,Dylan Bronn,€600k,600000.0,https://www.transfermarkt.com/dylan-bronn/profil/spieler/450417,https://www.transfermarkt.com/tunesien/startseite/verein/3670,data/raw/20260612_130910_transfermarkt_Tunisia_national_team_0e1d092b569b.html,2026-06-12T04:09:09+00:00
Tunisia,24,Raed Chikhaoui,Centre-Back,09/06/2004,22,Raed Chikhaoui,€600k,600000.0,https://www.transfermarkt.com/raed-chikhaoui/profil/spieler/1075790,https://www.transfermarkt.com/tunesien/startseite/verein/3670,data/raw/20260612_130910_transfermarkt_Tunisia_national_team_0e1d092b569b.html,2026-06-12T04:09:09+00:00
Tunisia,4,Omar Rekik,Centre-Back,20/12/2001,24,Omar Rekik,€500k,500000.0,https://www.transfermarkt.com/omar-rekik/profil/spieler/578292,https://www.transfermarkt.com/tunesien/startseite/verein/3670,data/raw/20260612_130910_transfermarkt_Tunisia_national_team_0e1d092b569b.html,2026-06-12T04:09:09+00:00
Tunisia,2,Ali Abdi,Left-Back,20/12/1993,32,Ali Abdi,€2.00m,2000000.0,https://www.transfermarkt.com/ali-abdi/profil/spieler/211474,https://www.transfermarkt.com/tunesien/startseite/verein/3670,data/raw/20260612_130910_transfermarkt_Tunisia_national_team_0e1d092b569b.html,2026-06-12T04:09:09+00:00
Tunisia,21,Mohamed Amine Ben Hamida,Left-Back,15/12/1995,30,Mohamed Amine Ben Hamida,€1.00m,1000000.0,https://www.transfermarkt.com/mohamed-amine-ben-hamida/profil/spieler/454495,https://www.transfermarkt.com/tunesien/startseite/verein/3670,data/raw/20260612_130910_transfermarkt_Tunisia_national_team_0e1d092b569b.html,2026-06-12T04:09:09+00:00
Tunisia,20,Yan Valery,Right-Back,22/02/1999,27,Yan Valery,€1.50m,1500000.0,https://www.transfermarkt.com/yan-valery/profil/spieler/406008,https://www.transfermarkt.com/tunesien/startseite/verein/3670,data/raw/20260612_130910_transfermarkt_Tunisia_national_team_0e1d092b569b.html,2026-06-12T04:09:09+00:00
Tunisia,23,Moutaz Neffati,Right-Back,04/09/2004,21,Moutaz Neffati,€1.20m,1200000.0,https://www.transfermarkt.com/moutaz-neffati/profil/spieler/1034598,https://www.transfermarkt.com/tunesien/startseite/verein/3670,data/raw/20260612_130910_transfermarkt_Tunisia_national_team_0e1d092b569b.html,2026-06-12T04:09:09+00:00
Tunisia,17,Ellyes Skhiri,Defensive Midfield,10/05/1995,31,Ellyes Skhiri,€5.00m,5000000.0,https://www.transfermarkt.com/ellyes-skhiri/profil/spieler/290587,https://www.transfermarkt.com/tunesien/startseite/verein/3670,data/raw/20260612_130910_transfermarkt_Tunisia_national_team_0e1d092b569b.html,2026-06-12T04:09:09+00:00
Tunisia,13,Rani Khedira,Defensive Midfield,27/01/1994,32,Rani Khedira,€2.00m,2000000.0,https://www.transfermarkt.com/rani-khedira/profil/spieler/124410,https://www.transfermarkt.com/tunesien/startseite/verein/3670,data/raw/20260612_130910_transfermarkt_Tunisia_national_team_0e1d092b569b.html,2026-06-12T04:09:09+00:00
Tunisia,15,Mohamed Belhadj Mahmoud,Defensive Midfield,24/04/2000,26,Mohamed Belhadj Mahmoud,€2.00m,2000000.0,https://www.transfermarkt.com/mohamed-belhadj-mahmoud/profil/spieler/673513,https://www.transfermarkt.com/tunesien/startseite/verein/3670,data/raw/20260612_130910_transfermarkt_Tunisia_national_team_0e1d092b569b.html,2026-06-12T04:09:09+00:00
Tunisia,25,Anis Ben Slimane,Central Midfield,16/03/2001,25,Anis Ben Slimane,€4.00m,4000000.0,https://www.transfermarkt.com/anis-ben-slimane/profil/spieler/546712,https://www.transfermarkt.com/tunesien/startseite/verein/3670,data/raw/20260612_130910_transfermarkt_Tunisia_national_team_0e1d092b569b.html,2026-06-12T04:09:09+00:00
Tunisia,10,Hannibal,Attacking Midfield,21/01/2003,23,Hannibal,€15.00m,15000000.0,https://www.transfermarkt.com/hannibal/profil/spieler/607224,https://www.transfermarkt.com/tunesien/startseite/verein/3670,data/raw/20260612_130910_transfermarkt_Tunisia_national_team_0e1d092b569b.html,2026-06-12T04:09:09+00:00
Tunisia,11,Ismaël Gharbi,Left Winger,10/04/2004,22,Ismaël Gharbi,€5.00m,5000000.0,https://www.transfermarkt.com/ismael-gharbi/profil/spieler/810096,https://www.transfermarkt.com/tunesien/startseite/verein/3670,data/raw/20260612_130910_transfermarkt_Tunisia_national_team_0e1d092b569b.html,2026-06-12T04:09:09+00:00
Tunisia,26,Sebastian Tounekti,Left Winger,13/07/2002,23,Sebastian Tounekti,€5.00m,5000000.0,https://www.transfermarkt.com/sebastian-tounekti/profil/spieler/539677,https://www.transfermarkt.com/tunesien/startseite/verein/3670,data/raw/20260612_130910_transfermarkt_Tunisia_national_team_0e1d092b569b.html,2026-06-12T04:09:09+00:00
Tunisia,7,Elias Achouri,Left Winger,10/02/1999,27,Elias Achouri,€3.00m,3000000.0,https://www.transfermarkt.com/elias-achouri/profil/spieler/645589,https://www.transfermarkt.com/tunesien/startseite/verein/3670,data/raw/20260612_130910_transfermarkt_Tunisia_national_team_0e1d092b569b.html,2026-06-12T04:09:09+00:00
Tunisia,8,Elias Saad,Left Winger,27/12/1999,26,Elias Saad,€2.00m,2000000.0,https://www.transfermarkt.com/elias-saad/profil/spieler/526466,https://www.transfermarkt.com/tunesien/startseite/verein/3670,data/raw/20260612_130910_transfermarkt_Tunisia_national_team_0e1d092b569b.html,2026-06-12T04:09:09+00:00
Tunisia,12,Mortadha Ben Ouanes,Left Winger,02/07/1994,31,Mortadha Ben Ouanes,€1.50m,1500000.0,https://www.transfermarkt.com/mortadha-ben-ouanes/profil/spieler/230921,https://www.transfermarkt.com/tunesien/startseite/verein/3670,data/raw/20260612_130910_transfermarkt_Tunisia_national_team_0e1d092b569b.html,2026-06-12T04:09:09+00:00
Tunisia,14,Khalil Ayari,Right Winger,02/02/2005,21,Khalil Ayari,€1.00m,1000000.0,https://www.transfermarkt.com/khalil-ayari/profil/spieler/1198342,https://www.transfermarkt.com/tunesien/startseite/verein/3670,data/raw/20260612_130910_transfermarkt_Tunisia_national_team_0e1d092b569b.html,2026-06-12T04:09:09+00:00
Tunisia,19,Firas Chaouat,Centre-Forward,08/05/1996,30,Firas Chaouat,€1.20m,1200000.0,https://www.transfermarkt.com/firas-chaouat/profil/spieler/402087,https://www.transfermarkt.com/tunesien/startseite/verein/3670,data/raw/20260612_130910_transfermarkt_Tunisia_national_team_0e1d092b569b.html,2026-06-12T04:09:09+00:00
Tunisia,9,Hazem Mastouri,Centre-Forward,18/06/1997,28,Hazem Mastouri,€900k,900000.0,https://www.transfermarkt.com/hazem-mastouri/profil/spieler/953150,https://www.transfermarkt.com/tunesien/startseite/verein/3670,data/raw/20260612_130910_transfermarkt_Tunisia_national_team_0e1d092b569b.html,2026-06-12T04:09:09+00:00
Tunisia,18,Rayan Elloumi,Centre-Forward,17/09/2007,18,Rayan Elloumi,€800k,800000.0,https://www.transfermarkt.com/rayan-elloumi/profil/spieler/1273985,https://www.transfermarkt.com/tunesien/startseite/verein/3670,data/raw/20260612_130910_transfermarkt_Tunisia_national_team_0e1d092b569b.html,2026-06-12T04:09:09+00:00
Belgium,12,Senne Lammens,Goalkeeper,07/07/2002,23,Senne Lammens,€35.00m,35000000.0,https://www.transfermarkt.com/senne-lammens/profil/spieler/503883,https://www.transfermarkt.com/belgien/startseite/verein/3382,data/raw/20260612_130913_transfermarkt_Belgium_national_team_ccb56269a589.html,2026-06-12T04:09:13+00:00
Belgium,13,Mike Penders,Goalkeeper,31/07/2005,20,Mike Penders,€25.00m,25000000.0,https://www.transfermarkt.com/mike-penders/profil/spieler/834397,https://www.transfermarkt.com/belgien/startseite/verein/3382,data/raw/20260612_130913_transfermarkt_Belgium_national_team_ccb56269a589.html,2026-06-12T04:09:13+00:00
Belgium,1,Thibaut Courtois,Goalkeeper,11/05/1992,34,Thibaut Courtois,€15.00m,15000000.0,https://www.transfermarkt.com/thibaut-courtois/profil/spieler/108390,https://www.transfermarkt.com/belgien/startseite/verein/3382,data/raw/20260612_130913_transfermarkt_Belgium_national_team_ccb56269a589.html,2026-06-12T04:09:13+00:00
Belgium,2,Zeno Debast,Centre-Back,24/10/2003,22,Zeno Debast,€28.00m,28000000.0,https://www.transfermarkt.com/zeno-debast/profil/spieler/548193,https://www.transfermarkt.com/belgien/startseite/verein/3382,data/raw/20260612_130913_transfermarkt_Belgium_national_team_ccb56269a589.html,2026-06-12T04:09:13+00:00
Belgium,25,Nathan Ngoy,Centre-Back,10/06/2003,23,Nathan Ngoy,€25.00m,25000000.0,https://www.transfermarkt.com/nathan-ngoy/profil/spieler/548254,https://www.transfermarkt.com/belgien/startseite/verein/3382,data/raw/20260612_130913_transfermarkt_Belgium_national_team_ccb56269a589.html,2026-06-12T04:09:13+00:00
Belgium,16,Koni De Winter,Centre-Back,12/06/2002,24,Koni De Winter,€23.00m,23000000.0,https://www.transfermarkt.com/koni-de-winter/profil/spieler/490384,https://www.transfermarkt.com/belgien/startseite/verein/3382,data/raw/20260612_130913_transfermarkt_Belgium_national_team_ccb56269a589.html,2026-06-12T04:09:13+00:00
Belgium,3,Arthur Theate,Centre-Back,25/05/2000,26,Arthur Theate,€17.00m,17000000.0,https://www.transfermarkt.com/arthur-theate/profil/spieler/368891,https://www.transfermarkt.com/belgien/startseite/verein/3382,data/raw/20260612_130913_transfermarkt_Belgium_national_team_ccb56269a589.html,2026-06-12T04:09:13+00:00
Belgium,4,Brandon Mechele,Centre-Back,28/01/1993,33,Brandon Mechele,€2.80m,2800000.0,https://www.transfermarkt.com/brandon-mechele/profil/spieler/236168,https://www.transfermarkt.com/belgien/startseite/verein/3382,data/raw/20260612_130913_transfermarkt_Belgium_national_team_ccb56269a589.html,2026-06-12T04:09:13+00:00
Belgium,5,Maxim De Cuyper,Left-Back,22/12/2000,25,Maxim De Cuyper,€22.00m,22000000.0,https://www.transfermarkt.com/maxim-de-cuyper/profil/spieler/429915,https://www.transfermarkt.com/belgien/startseite/verein/3382,data/raw/20260612_130913_transfermarkt_Belgium_national_team_ccb56269a589.html,2026-06-12T04:09:13+00:00
Belgium,18,Joaquin Seys,Left-Back,28/03/2005,21,Joaquin Seys,€20.00m,20000000.0,https://www.transfermarkt.com/joaquin-seys/profil/spieler/981196,https://www.transfermarkt.com/belgien/startseite/verein/3382,data/raw/20260612_130913_transfermarkt_Belgium_national_team_ccb56269a589.html,2026-06-12T04:09:13+00:00
Belgium,21,Timothy Castagne,Right-Back,05/12/1995,30,Timothy Castagne,€8.00m,8000000.0,https://www.transfermarkt.com/timothy-castagne/profil/spieler/262226,https://www.transfermarkt.com/belgien/startseite/verein/3382,data/raw/20260612_130913_transfermarkt_Belgium_national_team_ccb56269a589.html,2026-06-12T04:09:13+00:00
Belgium,15,Thomas Meunier,Right-Back,12/09/1991,34,Thomas Meunier,€1.50m,1500000.0,https://www.transfermarkt.com/thomas-meunier/profil/spieler/100986,https://www.transfermarkt.com/belgien/startseite/verein/3382,data/raw/20260612_130913_transfermarkt_Belgium_national_team_ccb56269a589.html,2026-06-12T04:09:13+00:00
Belgium,24,Amadou Onana,Defensive Midfield,16/08/2001,24,Amadou Onana,€45.00m,45000000.0,https://www.transfermarkt.com/amadou-onana/profil/spieler/485706,https://www.transfermarkt.com/belgien/startseite/verein/3382,data/raw/20260612_130913_transfermarkt_Belgium_national_team_ccb56269a589.html,2026-06-12T04:09:13+00:00
Belgium,23,Nicolas Raskin,Defensive Midfield,23/02/2001,25,Nicolas Raskin,€12.00m,12000000.0,https://www.transfermarkt.com/nicolas-raskin/profil/spieler/422763,https://www.transfermarkt.com/belgien/startseite/verein/3382,data/raw/20260612_130913_transfermarkt_Belgium_national_team_ccb56269a589.html,2026-06-12T04:09:13+00:00
Belgium,6,Axel Witsel,Defensive Midfield,12/01/1989,37,Axel Witsel,€1.20m,1200000.0,https://www.transfermarkt.com/axel-witsel/profil/spieler/35047,https://www.transfermarkt.com/belgien/startseite/verein/3382,data/raw/20260612_130913_transfermarkt_Belgium_national_team_ccb56269a589.html,2026-06-12T04:09:13+00:00
Belgium,8,Youri Tielemans,Central Midfield,07/05/1997,29,Youri Tielemans,€30.00m,30000000.0,https://www.transfermarkt.com/youri-tielemans/profil/spieler/249565,https://www.transfermarkt.com/belgien/startseite/verein/3382,data/raw/20260612_130913_transfermarkt_Belgium_national_team_ccb56269a589.html,2026-06-12T04:09:13+00:00
Belgium,22,Alexis Saelemaekers,Right Midfield,27/06/1999,26,Alexis Saelemaekers,€20.00m,20000000.0,https://www.transfermarkt.com/alexis-saelemaekers/profil/spieler/381950,https://www.transfermarkt.com/belgien/startseite/verein/3382,data/raw/20260612_130913_transfermarkt_Belgium_national_team_ccb56269a589.html,2026-06-12T04:09:13+00:00
Belgium,19,Diego Moreira,Left Midfield,06/08/2004,21,Diego Moreira,€25.00m,25000000.0,https://www.transfermarkt.com/diego-moreira/profil/spieler/655006,https://www.transfermarkt.com/belgien/startseite/verein/3382,data/raw/20260612_130913_transfermarkt_Belgium_national_team_ccb56269a589.html,2026-06-12T04:09:13+00:00
Belgium,17,Charles De Ketelaere,Attacking Midfield,10/03/2001,25,Charles De Ketelaere,€30.00m,30000000.0,https://www.transfermarkt.com/charles-de-ketelaere/profil/spieler/435772,https://www.transfermarkt.com/belgien/startseite/verein/3382,data/raw/20260612_130913_transfermarkt_Belgium_national_team_ccb56269a589.html,2026-06-12T04:09:13+00:00
Belgium,7,Kevin De Bruyne,Attacking Midfield,28/06/1991,34,Kevin De Bruyne,€8.00m,8000000.0,https://www.transfermarkt.com/kevin-de-bruyne/profil/spieler/88755,https://www.transfermarkt.com/belgien/startseite/verein/3382,data/raw/20260612_130913_transfermarkt_Belgium_national_team_ccb56269a589.html,2026-06-12T04:09:13+00:00
Belgium,20,Hans Vanaken,Attacking Midfield,24/08/1992,33,Hans Vanaken,€5.00m,5000000.0,https://www.transfermarkt.com/hans-vanaken/profil/spieler/137576,https://www.transfermarkt.com/belgien/startseite/verein/3382,data/raw/20260612_130913_transfermarkt_Belgium_national_team_ccb56269a589.html,2026-06-12T04:09:13+00:00
Belgium,11,Jérémy Doku,Left Winger,27/05/2002,24,Jérémy Doku,€75.00m,75000000.0,https://www.transfermarkt.com/jeremy-doku/profil/spieler/486049,https://www.transfermarkt.com/belgien/startseite/verein/3382,data/raw/20260612_130913_transfermarkt_Belgium_national_team_ccb56269a589.html,2026-06-12T04:09:13+00:00
Belgium,10,Leandro Trossard,Left Winger,04/12/1994,31,Leandro Trossard,€18.00m,18000000.0,https://www.transfermarkt.com/leandro-trossard/profil/spieler/144028,https://www.transfermarkt.com/belgien/startseite/verein/3382,data/raw/20260612_130913_transfermarkt_Belgium_national_team_ccb56269a589.html,2026-06-12T04:09:13+00:00
Belgium,14,Dodi Lukébakio,Right Winger,24/09/1997,28,Dodi Lukébakio,€15.00m,15000000.0,https://www.transfermarkt.com/dodi-lukebakio/profil/spieler/303259,https://www.transfermarkt.com/belgien/startseite/verein/3382,data/raw/20260612_130913_transfermarkt_Belgium_national_team_ccb56269a589.html,2026-06-12T04:09:13+00:00
Belgium,26,Matias Fernandez-Pardo,Centre-Forward,03/02/2005,21,Matias Fernandez-Pardo,€35.00m,35000000.0,https://www.transfermarkt.com/matias-fernandez-pardo/profil/spieler/724129,https://www.transfermarkt.com/belgien/startseite/verein/3382,data/raw/20260612_130913_transfermarkt_Belgium_national_team_ccb56269a589.html,2026-06-12T04:09:13+00:00
Belgium,9,Romelu Lukaku,Centre-Forward,13/05/1993,33,Romelu Lukaku,€6.00m,6000000.0,https://www.transfermarkt.com/romelu-lukaku/profil/spieler/96341,https://www.transfermarkt.com/belgien/startseite/verein/3382,data/raw/20260612_130913_transfermarkt_Belgium_national_team_ccb56269a589.html,2026-06-12T04:09:13+00:00
Egypt,23,Oufa Shobeir,Goalkeeper,15/05/2000,26,Oufa Shobeir,€1.20m,1200000.0,https://www.transfermarkt.com/oufa-shobeir/profil/spieler/661455,https://www.transfermarkt.com/agypten/startseite/verein/3672,data/raw/20260612_130917_transfermarkt_Egypt_national_team_7779f6c44fe7.html,2026-06-12T04:09:16+00:00
Egypt,26,Mohamed Alaa,Goalkeeper,01/01/1999,27,Mohamed Alaa,€1.20m,1200000.0,https://www.transfermarkt.com/mohamed-alaa/profil/spieler/1307898,https://www.transfermarkt.com/agypten/startseite/verein/3672,data/raw/20260612_130917_transfermarkt_Egypt_national_team_7779f6c44fe7.html,2026-06-12T04:09:16+00:00
Egypt,1,Mohamed El Shenawy,Goalkeeper,18/12/1988,37,Mohamed El Shenawy,€500k,500000.0,https://www.transfermarkt.com/mohamed-el-shenawy/profil/spieler/134573,https://www.transfermarkt.com/agypten/startseite/verein/3672,data/raw/20260612_130917_transfermarkt_Egypt_national_team_7779f6c44fe7.html,2026-06-12T04:09:16+00:00
Egypt,16,El Mahdi Soliman,Goalkeeper,08/06/1987,39,El Mahdi Soliman,€150k,150000.0,https://www.transfermarkt.com/el-mahdi-soliman/profil/spieler/104951,https://www.transfermarkt.com/agypten/startseite/verein/3672,data/raw/20260612_130917_transfermarkt_Egypt_national_team_7779f6c44fe7.html,2026-06-12T04:09:16+00:00
Egypt,6,Mohamed Abdelmonem,Centre-Back,01/02/1999,27,Mohamed Abdelmonem,€2.50m,2500000.0,https://www.transfermarkt.com/mohamed-abdelmonem/profil/spieler/566025,https://www.transfermarkt.com/agypten/startseite/verein/3672,data/raw/20260612_130917_transfermarkt_Egypt_national_team_7779f6c44fe7.html,2026-06-12T04:09:16+00:00
Egypt,4,Hossam Abdelmaguid,Centre-Back,30/04/2001,25,Hossam Abdelmaguid,€2.00m,2000000.0,https://www.transfermarkt.com/hossam-abdelmaguid/profil/spieler/737524,https://www.transfermarkt.com/agypten/startseite/verein/3672,data/raw/20260612_130917_transfermarkt_Egypt_national_team_7779f6c44fe7.html,2026-06-12T04:09:16+00:00
Egypt,5,Ramy Rabia,Centre-Back,20/05/1993,33,Ramy Rabia,€600k,600000.0,https://www.transfermarkt.com/ramy-rabia/profil/spieler/172623,https://www.transfermarkt.com/agypten/startseite/verein/3672,data/raw/20260612_130917_transfermarkt_Egypt_national_team_7779f6c44fe7.html,2026-06-12T04:09:16+00:00
Egypt,2,Yasser Ibrahim,Centre-Back,10/02/1993,33,Yasser Ibrahim,€275k,275000.0,https://www.transfermarkt.com/yasser-ibrahim/profil/spieler/237425,https://www.transfermarkt.com/agypten/startseite/verein/3672,data/raw/20260612_130917_transfermarkt_Egypt_national_team_7779f6c44fe7.html,2026-06-12T04:09:16+00:00
Egypt,13,Ahmed Fatouh,Left-Back,22/03/1998,28,Ahmed Fatouh,€1.00m,1000000.0,https://www.transfermarkt.com/ahmed-fatouh/profil/spieler/465966,https://www.transfermarkt.com/agypten/startseite/verein/3672,data/raw/20260612_130917_transfermarkt_Egypt_national_team_7779f6c44fe7.html,2026-06-12T04:09:16+00:00
Egypt,15,Karim Hafez,Left-Back,12/03/1996,30,Karim Hafez,€700k,700000.0,https://www.transfermarkt.com/karim-hafez/profil/spieler/333004,https://www.transfermarkt.com/agypten/startseite/verein/3672,data/raw/20260612_130917_transfermarkt_Egypt_national_team_7779f6c44fe7.html,2026-06-12T04:09:16+00:00
Egypt,3,Mohamed Hany,Right-Back,02/02/1996,30,Mohamed Hany,€1.50m,1500000.0,https://www.transfermarkt.com/mohamed-hany/profil/spieler/343974,https://www.transfermarkt.com/agypten/startseite/verein/3672,data/raw/20260612_130917_transfermarkt_Egypt_national_team_7779f6c44fe7.html,2026-06-12T04:09:16+00:00
Egypt,24,Tarek Alaa,Right-Back,05/01/2002,24,Tarek Alaa,€250k,250000.0,https://www.transfermarkt.com/tarek-alaa/profil/spieler/1087789,https://www.transfermarkt.com/agypten/startseite/verein/3672,data/raw/20260612_130917_transfermarkt_Egypt_national_team_7779f6c44fe7.html,2026-06-12T04:09:16+00:00
Egypt,19,Marwan Ateya,Defensive Midfield,01/08/1998,27,Marwan Ateya,€4.00m,4000000.0,https://www.transfermarkt.com/marwan-ateya/profil/spieler/734542,https://www.transfermarkt.com/agypten/startseite/verein/3672,data/raw/20260612_130917_transfermarkt_Egypt_national_team_7779f6c44fe7.html,2026-06-12T04:09:16+00:00
Egypt,17,Mohanad Lasheen,Defensive Midfield,29/05/1996,30,Mohanad Lasheen,€3.00m,3000000.0,https://www.transfermarkt.com/mohanad-lasheen/profil/spieler/479682,https://www.transfermarkt.com/agypten/startseite/verein/3672,data/raw/20260612_130917_transfermarkt_Egypt_national_team_7779f6c44fe7.html,2026-06-12T04:09:16+00:00
Egypt,14,Hamdy Fathy,Defensive Midfield,29/09/1994,31,Hamdy Fathy,€1.80m,1800000.0,https://www.transfermarkt.com/hamdy-fathy/profil/spieler/340303,https://www.transfermarkt.com/agypten/startseite/verein/3672,data/raw/20260612_130917_transfermarkt_Egypt_national_team_7779f6c44fe7.html,2026-06-12T04:09:16+00:00
Egypt,18,Nabil Dunga,Defensive Midfield,06/04/1996,30,Nabil Dunga,€1.00m,1000000.0,https://www.transfermarkt.com/nabil-dunga/profil/spieler/479683,https://www.transfermarkt.com/agypten/startseite/verein/3672,data/raw/20260612_130917_transfermarkt_Egypt_national_team_7779f6c44fe7.html,2026-06-12T04:09:16+00:00
Egypt,8,Emam Ashour,Central Midfield,20/02/1998,28,Emam Ashour,€4.00m,4000000.0,https://www.transfermarkt.com/emam-ashour/profil/spieler/604008,https://www.transfermarkt.com/agypten/startseite/verein/3672,data/raw/20260612_130917_transfermarkt_Egypt_national_team_7779f6c44fe7.html,2026-06-12T04:09:16+00:00
Egypt,21,Mahmoud Saber,Central Midfield,30/07/2001,24,Mahmoud Saber,€1.50m,1500000.0,https://www.transfermarkt.com/mahmoud-saber/profil/spieler/729390,https://www.transfermarkt.com/agypten/startseite/verein/3672,data/raw/20260612_130917_transfermarkt_Egypt_national_team_7779f6c44fe7.html,2026-06-12T04:09:16+00:00
Egypt,7,Trezeguet,Left Winger,01/10/1994,31,Trezeguet,€4.50m,4500000.0,https://www.transfermarkt.com/trezeguet/profil/spieler/234189,https://www.transfermarkt.com/agypten/startseite/verein/3672,data/raw/20260612_130917_transfermarkt_Egypt_national_team_7779f6c44fe7.html,2026-06-12T04:09:16+00:00
Egypt,20,Ibrahim Adel,Left Winger,23/04/2001,25,Ibrahim Adel,€2.50m,2500000.0,https://www.transfermarkt.com/ibrahim-adel/profil/spieler/677278,https://www.transfermarkt.com/agypten/startseite/verein/3672,data/raw/20260612_130917_transfermarkt_Egypt_national_team_7779f6c44fe7.html,2026-06-12T04:09:16+00:00
Egypt,11,Mostafa Ziko,Left Winger,27/04/1997,29,Mostafa Ziko,€1.80m,1800000.0,https://www.transfermarkt.com/mostafa-ziko/profil/spieler/896616,https://www.transfermarkt.com/agypten/startseite/verein/3672,data/raw/20260612_130917_transfermarkt_Egypt_national_team_7779f6c44fe7.html,2026-06-12T04:09:16+00:00
Egypt,10,Mohamed Salah,Right Winger,15/06/1992,33,Mohamed Salah,€22.00m,22000000.0,https://www.transfermarkt.com/mohamed-salah/profil/spieler/148455,https://www.transfermarkt.com/agypten/startseite/verein/3672,data/raw/20260612_130917_transfermarkt_Egypt_national_team_7779f6c44fe7.html,2026-06-12T04:09:16+00:00
Egypt,12,Haissem Hassan,Right Winger,08/02/2002,24,Haissem Hassan,€3.50m,3500000.0,https://www.transfermarkt.com/haissem-hassan/profil/spieler/620164,https://www.transfermarkt.com/agypten/startseite/verein/3672,data/raw/20260612_130917_transfermarkt_Egypt_national_team_7779f6c44fe7.html,2026-06-12T04:09:16+00:00
Egypt,25,Zizo,Right Winger,10/01/1996,30,Zizo,€3.50m,3500000.0,https://www.transfermarkt.com/zizo/profil/spieler/320722,https://www.transfermarkt.com/agypten/startseite/verein/3672,data/raw/20260612_130917_transfermarkt_Egypt_national_team_7779f6c44fe7.html,2026-06-12T04:09:16+00:00
Egypt,22,Omar Marmoush,Centre-Forward,07/02/1999,27,Omar Marmoush,€50.00m,50000000.0,https://www.transfermarkt.com/omar-marmoush/profil/spieler/445939,https://www.transfermarkt.com/agypten/startseite/verein/3672,data/raw/20260612_130917_transfermarkt_Egypt_national_team_7779f6c44fe7.html,2026-06-12T04:09:16+00:00
Egypt,9,Hamza Abdelkarim,Centre-Forward,01/01/2008,18,Hamza Abdelkarim,€1.50m,1500000.0,https://www.transfermarkt.com/hamza-abdelkarim/profil/spieler/1259085,https://www.transfermarkt.com/agypten/startseite/verein/3672,data/raw/20260612_130917_transfermarkt_Egypt_national_team_7779f6c44fe7.html,2026-06-12T04:09:16+00:00
Iran,12,Payam Niazmand,Goalkeeper,06/04/1995,31,Payam Niazmand,€700k,700000.0,https://www.transfermarkt.com/payam-niazmand/profil/spieler/343044,https://www.transfermarkt.com/iran/startseite/verein/3582,data/raw/20260612_130921_transfermarkt_Iran_national_team_b8e05093460a.html,2026-06-12T04:09:20+00:00
Iran,1,Alireza Beiranvand,Goalkeeper,21/09/1992,33,Alireza Beiranvand,€650k,650000.0,https://www.transfermarkt.com/alireza-beiranvand/profil/spieler/229081,https://www.transfermarkt.com/iran/startseite/verein/3582,data/raw/20260612_130921_transfermarkt_Iran_national_team_b8e05093460a.html,2026-06-12T04:09:20+00:00
Iran,22,Seyed Hossein Hosseini,Goalkeeper,30/06/1992,33,Seyed Hossein Hosseini,€500k,500000.0,https://www.transfermarkt.com/seyed-hossein-hosseini/profil/spieler/132561,https://www.transfermarkt.com/iran/startseite/verein/3582,data/raw/20260612_130921_transfermarkt_Iran_national_team_b8e05093460a.html,2026-06-12T04:09:20+00:00
Iran,13,Hossein Kanaani,Centre-Back,23/03/1994,32,Hossein Kanaani,€1.60m,1600000.0,https://www.transfermarkt.com/hossein-kanaani/profil/spieler/249400,https://www.transfermarkt.com/iran/startseite/verein/3582,data/raw/20260612_130921_transfermarkt_Iran_national_team_b8e05093460a.html,2026-06-12T04:09:20+00:00
Iran,25,Danial Eiri,Centre-Back,26/10/2003,22,Danial Eiri,€1.00m,1000000.0,https://www.transfermarkt.com/danial-eiri/profil/spieler/1080301,https://www.transfermarkt.com/iran/startseite/verein/3582,data/raw/20260612_130921_transfermarkt_Iran_national_team_b8e05093460a.html,2026-06-12T04:09:20+00:00
Iran,19,Ali Nemati,Centre-Back,07/02/1996,30,Ali Nemati,€550k,550000.0,https://www.transfermarkt.com/ali-nemati/profil/spieler/527092,https://www.transfermarkt.com/iran/startseite/verein/3582,data/raw/20260612_130921_transfermarkt_Iran_national_team_b8e05093460a.html,2026-06-12T04:09:20+00:00
Iran,4,Shoja Khalilzadeh,Centre-Back,14/05/1989,37,Shoja Khalilzadeh,€100k,100000.0,https://www.transfermarkt.com/shoja-khalilzadeh/profil/spieler/213715,https://www.transfermarkt.com/iran/startseite/verein/3582,data/raw/20260612_130921_transfermarkt_Iran_national_team_b8e05093460a.html,2026-06-12T04:09:20+00:00
Iran,5,Milad Mohammadi,Left-Back,29/09/1993,32,Milad Mohammadi,€900k,900000.0,https://www.transfermarkt.com/milad-mohammadi/profil/spieler/333355,https://www.transfermarkt.com/iran/startseite/verein/3582,data/raw/20260612_130921_transfermarkt_Iran_national_team_b8e05093460a.html,2026-06-12T04:09:20+00:00
Iran,3,Ehsan Hajsafi,Left-Back,25/02/1990,36,Ehsan Hajsafi,€250k,250000.0,https://www.transfermarkt.com/ehsan-hajsafi/profil/spieler/77547,https://www.transfermarkt.com/iran/startseite/verein/3582,data/raw/20260612_130921_transfermarkt_Iran_national_team_b8e05093460a.html,2026-06-12T04:09:20+00:00
Iran,17,Arya Yousefi,Right-Back,22/04/2002,24,Arya Yousefi,€1.50m,1500000.0,https://www.transfermarkt.com/arya-yousefi/profil/spieler/932724,https://www.transfermarkt.com/iran/startseite/verein/3582,data/raw/20260612_130921_transfermarkt_Iran_national_team_b8e05093460a.html,2026-06-12T04:09:20+00:00
Iran,2,Saleh Hardani,Right-Back,26/12/1998,27,Saleh Hardani,€800k,800000.0,https://www.transfermarkt.com/saleh-hardani/profil/spieler/697155,https://www.transfermarkt.com/iran/startseite/verein/3582,data/raw/20260612_130921_transfermarkt_Iran_national_team_b8e05093460a.html,2026-06-12T04:09:20+00:00
Iran,23,Ramin Rezaeian,Right-Back,21/03/1990,36,Ramin Rezaeian,€250k,250000.0,https://www.transfermarkt.com/ramin-rezaeian/profil/spieler/188312,https://www.transfermarkt.com/iran/startseite/verein/3582,data/raw/20260612_130921_transfermarkt_Iran_national_team_b8e05093460a.html,2026-06-12T04:09:20+00:00
Iran,6,Saeed Ezatolahi,Defensive Midfield,01/10/1996,29,Saeed Ezatolahi,€1.80m,1800000.0,https://www.transfermarkt.com/saeed-ezatolahi/profil/spieler/249271,https://www.transfermarkt.com/iran/startseite/verein/3582,data/raw/20260612_130921_transfermarkt_Iran_national_team_b8e05093460a.html,2026-06-12T04:09:20+00:00
Iran,21,Mohammad Ghorbani,Defensive Midfield,21/05/2001,25,Mohammad Ghorbani,€1.20m,1200000.0,https://www.transfermarkt.com/mohammad-ghorbani/profil/spieler/856087,https://www.transfermarkt.com/iran/startseite/verein/3582,data/raw/20260612_130921_transfermarkt_Iran_national_team_b8e05093460a.html,2026-06-12T04:09:20+00:00
Iran,15,Roozbeh Cheshmi,Defensive Midfield,24/07/1993,32,Roozbeh Cheshmi,€450k,450000.0,https://www.transfermarkt.com/roozbeh-cheshmi/profil/spieler/273879,https://www.transfermarkt.com/iran/startseite/verein/3582,data/raw/20260612_130921_transfermarkt_Iran_national_team_b8e05093460a.html,2026-06-12T04:09:20+00:00
Iran,26,Amirmohammad Razzaghinia,Central Midfield,11/04/2006,20,Amirmohammad Razzaghinia,€1.20m,1200000.0,https://www.transfermarkt.com/amirmohammad-razzaghinia/profil/spieler/1051591,https://www.transfermarkt.com/iran/startseite/verein/3582,data/raw/20260612_130921_transfermarkt_Iran_national_team_b8e05093460a.html,2026-06-12T04:09:20+00:00
Iran,14,Saman Ghoddos,Attacking Midfield,06/09/1993,32,Saman Ghoddos,€1.20m,1200000.0,https://www.transfermarkt.com/saman-ghoddos/profil/spieler/204294,https://www.transfermarkt.com/iran/startseite/verein/3582,data/raw/20260612_130921_transfermarkt_Iran_national_team_b8e05093460a.html,2026-06-12T04:09:20+00:00
Iran,10,Mehdi Ghayedi,Left Winger,05/12/1998,27,Mehdi Ghayedi,€4.50m,4500000.0,https://www.transfermarkt.com/mehdi-ghayedi/profil/spieler/478192,https://www.transfermarkt.com/iran/startseite/verein/3582,data/raw/20260612_130921_transfermarkt_Iran_national_team_b8e05093460a.html,2026-06-12T04:09:20+00:00
Iran,8,Mohammad Mohebi,Left Winger,20/12/1998,27,Mohammad Mohebi,€2.50m,2500000.0,https://www.transfermarkt.com/mohammad-mohebi/profil/spieler/603149,https://www.transfermarkt.com/iran/startseite/verein/3582,data/raw/20260612_130921_transfermarkt_Iran_national_team_b8e05093460a.html,2026-06-12T04:09:20+00:00
Iran,16,Mehdi Torabi,Left Winger,10/09/1994,31,Mehdi Torabi,€1.20m,1200000.0,https://www.transfermarkt.com/mehdi-torabi/profil/spieler/283833,https://www.transfermarkt.com/iran/startseite/verein/3582,data/raw/20260612_130921_transfermarkt_Iran_national_team_b8e05093460a.html,2026-06-12T04:09:20+00:00
Iran,7,Alireza Jahanbakhsh,Right Winger,11/08/1993,32,Alireza Jahanbakhsh,€500k,500000.0,https://www.transfermarkt.com/alireza-jahanbakhsh/profil/spieler/213268,https://www.transfermarkt.com/iran/startseite/verein/3582,data/raw/20260612_130921_transfermarkt_Iran_national_team_b8e05093460a.html,2026-06-12T04:09:20+00:00
Iran,18,Amirhossein Hosseinzadeh,Centre-Forward,30/10/2000,25,Amirhossein Hosseinzadeh,€2.20m,2200000.0,https://www.transfermarkt.com/amirhossein-hosseinzadeh/profil/spieler/542380,https://www.transfermarkt.com/iran/startseite/verein/3582,data/raw/20260612_130921_transfermarkt_Iran_national_team_b8e05093460a.html,2026-06-12T04:09:20+00:00
Iran,9,Mehdi Taremi,Centre-Forward,18/07/1992,33,Mehdi Taremi,€2.00m,2000000.0,https://www.transfermarkt.com/mehdi-taremi/profil/spieler/307058,https://www.transfermarkt.com/iran/startseite/verein/3582,data/raw/20260612_130921_transfermarkt_Iran_national_team_b8e05093460a.html,2026-06-12T04:09:20+00:00
Iran,24,Dennis Eckert Ayensa,Centre-Forward,09/01/1997,29,Dennis Eckert Ayensa,€2.00m,2000000.0,https://www.transfermarkt.com/dennis-eckert-ayensa/profil/spieler/249303,https://www.transfermarkt.com/iran/startseite/verein/3582,data/raw/20260612_130921_transfermarkt_Iran_national_team_b8e05093460a.html,2026-06-12T04:09:20+00:00
Iran,11,Ali Alipour,Centre-Forward,11/11/1995,30,Ali Alipour,€1.70m,1700000.0,https://www.transfermarkt.com/ali-alipour/profil/spieler/249360,https://www.transfermarkt.com/iran/startseite/verein/3582,data/raw/20260612_130921_transfermarkt_Iran_national_team_b8e05093460a.html,2026-06-12T04:09:20+00:00
Iran,20,Shahriar Moghanlou,Centre-Forward,21/12/1994,31,Shahriar Moghanlou,€800k,800000.0,https://www.transfermarkt.com/shahriar-moghanlou/profil/spieler/357125,https://www.transfermarkt.com/iran/startseite/verein/3582,data/raw/20260612_130921_transfermarkt_Iran_national_team_b8e05093460a.html,2026-06-12T04:09:20+00:00
New Zealand,1,Max Crocombe,Goalkeeper,12/08/1993,32,Max Crocombe,€1.00m,1000000.0,https://www.transfermarkt.com/max-crocombe/profil/spieler/207843,https://www.transfermarkt.com/neuseeland/startseite/verein/9171,data/raw/20260612_130925_transfermarkt_New_Zealand_national_team_91675b68a28f.html,2026-06-12T04:09:24+00:00
New Zealand,12,Alex Paulsen,Goalkeeper,04/07/2002,23,Alex Paulsen,€500k,500000.0,https://www.transfermarkt.com/alex-paulsen/profil/spieler/617009,https://www.transfermarkt.com/neuseeland/startseite/verein/9171,data/raw/20260612_130925_transfermarkt_New_Zealand_national_team_91675b68a28f.html,2026-06-12T04:09:24+00:00
New Zealand,22,Michael Woud,Goalkeeper,16/01/1999,27,Michael Woud,€400k,400000.0,https://www.transfermarkt.com/michael-woud/profil/spieler/350347,https://www.transfermarkt.com/neuseeland/startseite/verein/9171,data/raw/20260612_130925_transfermarkt_New_Zealand_national_team_91675b68a28f.html,2026-06-12T04:09:24+00:00
New Zealand,4,Tyler Bindon,Centre-Back,27/01/2005,21,Tyler Bindon,€3.50m,3500000.0,https://www.transfermarkt.com/tyler-bindon/profil/spieler/1007720,https://www.transfermarkt.com/neuseeland/startseite/verein/9171,data/raw/20260612_130925_transfermarkt_New_Zealand_national_team_91675b68a28f.html,2026-06-12T04:09:24+00:00
New Zealand,16,Finn Surman,Centre-Back,23/09/2003,22,Finn Surman,€1.80m,1800000.0,https://www.transfermarkt.com/finn-surman/profil/spieler/724809,https://www.transfermarkt.com/neuseeland/startseite/verein/9171,data/raw/20260612_130925_transfermarkt_New_Zealand_national_team_91675b68a28f.html,2026-06-12T04:09:24+00:00
New Zealand,15,Nando Pijnaker,Centre-Back,25/02/1999,27,Nando Pijnaker,€400k,400000.0,https://www.transfermarkt.com/nando-pijnaker/profil/spieler/455425,https://www.transfermarkt.com/neuseeland/startseite/verein/9171,data/raw/20260612_130925_transfermarkt_New_Zealand_national_team_91675b68a28f.html,2026-06-12T04:09:24+00:00
New Zealand,5,Michael Boxall,Centre-Back,18/08/1988,37,Michael Boxall,€150k,150000.0,https://www.transfermarkt.com/michael-boxall/profil/spieler/81723,https://www.transfermarkt.com/neuseeland/startseite/verein/9171,data/raw/20260612_130925_transfermarkt_New_Zealand_national_team_91675b68a28f.html,2026-06-12T04:09:24+00:00
New Zealand,26,Tommy Smith,Centre-Back,31/03/1990,36,Tommy Smith,€50k,50000.0,https://www.transfermarkt.com/tommy-smith/profil/spieler/54381,https://www.transfermarkt.com/neuseeland/startseite/verein/9171,data/raw/20260612_130925_transfermarkt_New_Zealand_national_team_91675b68a28f.html,2026-06-12T04:09:24+00:00
New Zealand,13,Liberato Cacace,Left-Back,27/09/2000,25,Liberato Cacace,€2.50m,2500000.0,https://www.transfermarkt.com/liberato-cacace/profil/spieler/469211,https://www.transfermarkt.com/neuseeland/startseite/verein/9171,data/raw/20260612_130925_transfermarkt_New_Zealand_national_team_91675b68a28f.html,2026-06-12T04:09:24+00:00
New Zealand,19,Ben Old,Left-Back,13/08/2002,23,Ben Old,€1.80m,1800000.0,https://www.transfermarkt.com/ben-old/profil/spieler/617021,https://www.transfermarkt.com/neuseeland/startseite/verein/9171,data/raw/20260612_130925_transfermarkt_New_Zealand_national_team_91675b68a28f.html,2026-06-12T04:09:24+00:00
New Zealand,3,Francis de Vries,Left-Back,28/11/1994,31,Francis de Vries,€600k,600000.0,https://www.transfermarkt.com/francis-de-vries/profil/spieler/207061,https://www.transfermarkt.com/neuseeland/startseite/verein/9171,data/raw/20260612_130925_transfermarkt_New_Zealand_national_team_91675b68a28f.html,2026-06-12T04:09:24+00:00
New Zealand,24,Callan Elliot,Right-Back,07/07/1999,26,Callan Elliot,€450k,450000.0,https://www.transfermarkt.com/callan-elliot/profil/spieler/482204,https://www.transfermarkt.com/neuseeland/startseite/verein/9171,data/raw/20260612_130925_transfermarkt_New_Zealand_national_team_91675b68a28f.html,2026-06-12T04:09:24+00:00
New Zealand,2,Tim Payne,Right-Back,10/01/1994,32,Tim Payne,€350k,350000.0,https://www.transfermarkt.com/tim-payne/profil/spieler/149901,https://www.transfermarkt.com/neuseeland/startseite/verein/9171,data/raw/20260612_130925_transfermarkt_New_Zealand_national_team_91675b68a28f.html,2026-06-12T04:09:24+00:00
New Zealand,6,Joe Bell,Defensive Midfield,27/04/1999,27,Joe Bell,€3.50m,3500000.0,https://www.transfermarkt.com/joe-bell/profil/spieler/345700,https://www.transfermarkt.com/neuseeland/startseite/verein/9171,data/raw/20260612_130925_transfermarkt_New_Zealand_national_team_91675b68a28f.html,2026-06-12T04:09:24+00:00
New Zealand,23,Ryan Thomas,Defensive Midfield,20/12/1994,31,Ryan Thomas,€650k,650000.0,https://www.transfermarkt.com/ryan-thomas/profil/spieler/203357,https://www.transfermarkt.com/neuseeland/startseite/verein/9171,data/raw/20260612_130925_transfermarkt_New_Zealand_national_team_91675b68a28f.html,2026-06-12T04:09:24+00:00
New Zealand,14,Alex Rufer,Defensive Midfield,12/06/1996,30,Alex Rufer,€600k,600000.0,https://www.transfermarkt.com/alex-rufer/profil/spieler/256019,https://www.transfermarkt.com/neuseeland/startseite/verein/9171,data/raw/20260612_130925_transfermarkt_New_Zealand_national_team_91675b68a28f.html,2026-06-12T04:09:24+00:00
New Zealand,8,Marko Stamenić,Central Midfield,19/02/2002,24,Marko Stamenić,€3.00m,3000000.0,https://www.transfermarkt.com/marko-stamenic/profil/spieler/617018,https://www.transfermarkt.com/neuseeland/startseite/verein/9171,data/raw/20260612_130925_transfermarkt_New_Zealand_national_team_91675b68a28f.html,2026-06-12T04:09:24+00:00
New Zealand,25,Lachlan Bayliss,Central Midfield,24/07/2002,23,Lachlan Bayliss,€550k,550000.0,https://www.transfermarkt.com/lachlan-bayliss/profil/spieler/1109358,https://www.transfermarkt.com/neuseeland/startseite/verein/9171,data/raw/20260612_130925_transfermarkt_New_Zealand_national_team_91675b68a28f.html,2026-06-12T04:09:24+00:00
New Zealand,7,Matthew Garbett,Central Midfield,13/04/2002,24,Matthew Garbett,€450k,450000.0,https://www.transfermarkt.com/matthew-garbett/profil/spieler/617019,https://www.transfermarkt.com/neuseeland/startseite/verein/9171,data/raw/20260612_130925_transfermarkt_New_Zealand_national_team_91675b68a28f.html,2026-06-12T04:09:24+00:00
New Zealand,20,Callum McCowatt,Attacking Midfield,30/04/1999,27,Callum McCowatt,€2.50m,2500000.0,https://www.transfermarkt.com/callum-mccowatt/profil/spieler/400797,https://www.transfermarkt.com/neuseeland/startseite/verein/9171,data/raw/20260612_130925_transfermarkt_New_Zealand_national_team_91675b68a28f.html,2026-06-12T04:09:24+00:00
New Zealand,10,Sarpreet Singh,Attacking Midfield,20/02/1999,27,Sarpreet Singh,€500k,500000.0,https://www.transfermarkt.com/sarpreet-singh/profil/spieler/350357,https://www.transfermarkt.com/neuseeland/startseite/verein/9171,data/raw/20260612_130925_transfermarkt_New_Zealand_national_team_91675b68a28f.html,2026-06-12T04:09:24+00:00
New Zealand,21,Jesse Randall,Left Winger,19/08/2002,23,Jesse Randall,€900k,900000.0,https://www.transfermarkt.com/jesse-randall/profil/spieler/677509,https://www.transfermarkt.com/neuseeland/startseite/verein/9171,data/raw/20260612_130925_transfermarkt_New_Zealand_national_team_91675b68a28f.html,2026-06-12T04:09:24+00:00
New Zealand,11,Elijah Just,Right Winger,01/05/2000,26,Elijah Just,€2.50m,2500000.0,https://www.transfermarkt.com/elijah-just/profil/spieler/485672,https://www.transfermarkt.com/neuseeland/startseite/verein/9171,data/raw/20260612_130925_transfermarkt_New_Zealand_national_team_91675b68a28f.html,2026-06-12T04:09:24+00:00
New Zealand,9,Chris Wood,Centre-Forward,07/12/1991,34,Chris Wood,€5.00m,5000000.0,https://www.transfermarkt.com/chris-wood/profil/spieler/108725,https://www.transfermarkt.com/neuseeland/startseite/verein/9171,data/raw/20260612_130925_transfermarkt_New_Zealand_national_team_91675b68a28f.html,2026-06-12T04:09:24+00:00
New Zealand,18,Ben Waine,Centre-Forward,11/06/2001,25,Ben Waine,€400k,400000.0,https://www.transfermarkt.com/ben-waine/profil/spieler/539502,https://www.transfermarkt.com/neuseeland/startseite/verein/9171,data/raw/20260612_130925_transfermarkt_New_Zealand_national_team_91675b68a28f.html,2026-06-12T04:09:24+00:00
New Zealand,17,Kosta Barbarouses,Centre-Forward,19/02/1990,36,Kosta Barbarouses,€300k,300000.0,https://www.transfermarkt.com/kosta-barbarouses/profil/spieler/50200,https://www.transfermarkt.com/neuseeland/startseite/verein/9171,data/raw/20260612_130925_transfermarkt_New_Zealand_national_team_91675b68a28f.html,2026-06-12T04:09:24+00:00
Spain,13,Joan García,Goalkeeper,04/05/2001,25,Joan García,€45.00m,45000000.0,https://www.transfermarkt.com/joan-garcia/profil/spieler/561613,https://www.transfermarkt.com/spanien/startseite/verein/3375,data/raw/20260612_130928_transfermarkt_Spain_national_team_a2e9e5436d15.html,2026-06-12T04:09:28+00:00
Spain,1,David Raya,Goalkeeper,15/09/1995,30,David Raya,€30.00m,30000000.0,https://www.transfermarkt.com/david-raya/profil/spieler/262749,https://www.transfermarkt.com/spanien/startseite/verein/3375,data/raw/20260612_130928_transfermarkt_Spain_national_team_a2e9e5436d15.html,2026-06-12T04:09:28+00:00
Spain,23,Unai Simón,Goalkeeper,11/06/1997,29,Unai Simón,€22.00m,22000000.0,https://www.transfermarkt.com/unai-simon/profil/spieler/262396,https://www.transfermarkt.com/spanien/startseite/verein/3375,data/raw/20260612_130928_transfermarkt_Spain_national_team_a2e9e5436d15.html,2026-06-12T04:09:28+00:00
Spain,22,Pau Cubarsí,Centre-Back,22/01/2007,19,Pau Cubarsí,€80.00m,80000000.0,https://www.transfermarkt.com/pau-cubarsi/profil/spieler/962110,https://www.transfermarkt.com/spanien/startseite/verein/3375,data/raw/20260612_130928_transfermarkt_Spain_national_team_a2e9e5436d15.html,2026-06-12T04:09:28+00:00
Spain,4,Eric García,Centre-Back,09/01/2001,25,Eric García,€40.00m,40000000.0,https://www.transfermarkt.com/eric-garcia/profil/spieler/466794,https://www.transfermarkt.com/spanien/startseite/verein/3375,data/raw/20260612_130928_transfermarkt_Spain_national_team_a2e9e5436d15.html,2026-06-12T04:09:28+00:00
Spain,2,Marc Pubill,Centre-Back,20/06/2003,22,Marc Pubill,€35.00m,35000000.0,https://www.transfermarkt.com/marc-pubill/profil/spieler/844637,https://www.transfermarkt.com/spanien/startseite/verein/3375,data/raw/20260612_130928_transfermarkt_Spain_national_team_a2e9e5436d15.html,2026-06-12T04:09:28+00:00
Spain,14,Aymeric Laporte,Centre-Back,27/05/1994,32,Aymeric Laporte,€8.00m,8000000.0,https://www.transfermarkt.com/aymeric-laporte/profil/spieler/176553,https://www.transfermarkt.com/spanien/startseite/verein/3375,data/raw/20260612_130928_transfermarkt_Spain_national_team_a2e9e5436d15.html,2026-06-12T04:09:28+00:00
Spain,24,Marc Cucurella,Left-Back,22/07/1998,27,Marc Cucurella,€50.00m,50000000.0,https://www.transfermarkt.com/marc-cucurella/profil/spieler/284857,https://www.transfermarkt.com/spanien/startseite/verein/3375,data/raw/20260612_130928_transfermarkt_Spain_national_team_a2e9e5436d15.html,2026-06-12T04:09:28+00:00
Spain,3,Alejandro Grimaldo,Left-Back,20/09/1995,30,Alejandro Grimaldo,€20.00m,20000000.0,https://www.transfermarkt.com/alejandro-grimaldo/profil/spieler/193082,https://www.transfermarkt.com/spanien/startseite/verein/3375,data/raw/20260612_130928_transfermarkt_Spain_national_team_a2e9e5436d15.html,2026-06-12T04:09:28+00:00
Spain,12,Pedro Porro,Right-Back,13/09/1999,26,Pedro Porro,€35.00m,35000000.0,https://www.transfermarkt.com/pedro-porro/profil/spieler/553875,https://www.transfermarkt.com/spanien/startseite/verein/3375,data/raw/20260612_130928_transfermarkt_Spain_national_team_a2e9e5436d15.html,2026-06-12T04:09:28+00:00
Spain,5,Marcos Llorente,Right-Back,30/01/1995,31,Marcos Llorente,€20.00m,20000000.0,https://www.transfermarkt.com/marcos-llorente/profil/spieler/282411,https://www.transfermarkt.com/spanien/startseite/verein/3375,data/raw/20260612_130928_transfermarkt_Spain_national_team_a2e9e5436d15.html,2026-06-12T04:09:28+00:00
Spain,18,Martín Zubimendi,Defensive Midfield,02/02/1999,27,Martín Zubimendi,€75.00m,75000000.0,https://www.transfermarkt.com/martin-zubimendi/profil/spieler/423440,https://www.transfermarkt.com/spanien/startseite/verein/3375,data/raw/20260612_130928_transfermarkt_Spain_national_team_a2e9e5436d15.html,2026-06-12T04:09:28+00:00
Spain,16,Rodri,Defensive Midfield,22/06/1996,29,Rodri,€50.00m,50000000.0,https://www.transfermarkt.com/rodri/profil/spieler/357565,https://www.transfermarkt.com/spanien/startseite/verein/3375,data/raw/20260612_130928_transfermarkt_Spain_national_team_a2e9e5436d15.html,2026-06-12T04:09:28+00:00
Spain,20,Pedri,Central Midfield,25/11/2002,23,Pedri,€150.00m,150000000.0,https://www.transfermarkt.com/pedri/profil/spieler/683840,https://www.transfermarkt.com/spanien/startseite/verein/3375,data/raw/20260612_130928_transfermarkt_Spain_national_team_a2e9e5436d15.html,2026-06-12T04:09:28+00:00
Spain,8,Fabián Ruiz,Central Midfield,03/04/1996,30,Fabián Ruiz,€30.00m,30000000.0,https://www.transfermarkt.com/fabian-ruiz/profil/spieler/350219,https://www.transfermarkt.com/spanien/startseite/verein/3375,data/raw/20260612_130928_transfermarkt_Spain_national_team_a2e9e5436d15.html,2026-06-12T04:09:28+00:00
Spain,9,Gavi,Central Midfield,05/08/2004,21,Gavi,€30.00m,30000000.0,https://www.transfermarkt.com/gavi/profil/spieler/646740,https://www.transfermarkt.com/spanien/startseite/verein/3375,data/raw/20260612_130928_transfermarkt_Spain_national_team_a2e9e5436d15.html,2026-06-12T04:09:28+00:00
Spain,6,Mikel Merino,Central Midfield,22/06/1996,29,Mikel Merino,€25.00m,25000000.0,https://www.transfermarkt.com/mikel-merino/profil/spieler/338424,https://www.transfermarkt.com/spanien/startseite/verein/3375,data/raw/20260612_130928_transfermarkt_Spain_national_team_a2e9e5436d15.html,2026-06-12T04:09:28+00:00
Spain,10,Dani Olmo,Attacking Midfield,07/05/1998,28,Dani Olmo,€60.00m,60000000.0,https://www.transfermarkt.com/dani-olmo/profil/spieler/293385,https://www.transfermarkt.com/spanien/startseite/verein/3375,data/raw/20260612_130928_transfermarkt_Spain_national_team_a2e9e5436d15.html,2026-06-12T04:09:28+00:00
Spain,15,Álex Baena,Left Winger,20/07/2001,24,Álex Baena,€40.00m,40000000.0,https://www.transfermarkt.com/alex-baena/profil/spieler/548111,https://www.transfermarkt.com/spanien/startseite/verein/3375,data/raw/20260612_130928_transfermarkt_Spain_national_team_a2e9e5436d15.html,2026-06-12T04:09:28+00:00
Spain,17,Nico Williams,Left Winger,12/07/2002,23,Nico Williams,€40.00m,40000000.0,https://www.transfermarkt.com/nico-williams/profil/spieler/709187,https://www.transfermarkt.com/spanien/startseite/verein/3375,data/raw/20260612_130928_transfermarkt_Spain_national_team_a2e9e5436d15.html,2026-06-12T04:09:28+00:00
Spain,25,Víctor Muñoz,Left Winger,13/07/2003,22,Víctor Muñoz,€30.00m,30000000.0,https://www.transfermarkt.com/victor-munoz/profil/spieler/935231,https://www.transfermarkt.com/spanien/startseite/verein/3375,data/raw/20260612_130928_transfermarkt_Spain_national_team_a2e9e5436d15.html,2026-06-12T04:09:28+00:00
Spain,19,Lamine Yamal,Right Winger,13/07/2007,18,Lamine Yamal,€200.00m,200000000.0,https://www.transfermarkt.com/lamine-yamal/profil/spieler/937958,https://www.transfermarkt.com/spanien/startseite/verein/3375,data/raw/20260612_130928_transfermarkt_Spain_national_team_a2e9e5436d15.html,2026-06-12T04:09:28+00:00
Spain,11,Yéremy Pino,Right Winger,20/10/2002,23,Yéremy Pino,€30.00m,30000000.0,https://www.transfermarkt.com/yeremy-pino/profil/spieler/568157,https://www.transfermarkt.com/spanien/startseite/verein/3375,data/raw/20260612_130928_transfermarkt_Spain_national_team_a2e9e5436d15.html,2026-06-12T04:09:28+00:00
Spain,7,Ferran Torres,Centre-Forward,29/02/2000,26,Ferran Torres,€50.00m,50000000.0,https://www.transfermarkt.com/ferran-torres/profil/spieler/398184,https://www.transfermarkt.com/spanien/startseite/verein/3375,data/raw/20260612_130928_transfermarkt_Spain_national_team_a2e9e5436d15.html,2026-06-12T04:09:28+00:00
Spain,21,Mikel Oyarzabal,Centre-Forward,21/04/1997,29,Mikel Oyarzabal,€25.00m,25000000.0,https://www.transfermarkt.com/mikel-oyarzabal/profil/spieler/351478,https://www.transfermarkt.com/spanien/startseite/verein/3375,data/raw/20260612_130928_transfermarkt_Spain_national_team_a2e9e5436d15.html,2026-06-12T04:09:28+00:00
Spain,26,Borja Iglesias,Centre-Forward,17/01/1993,33,Borja Iglesias,€2.80m,2800000.0,https://www.transfermarkt.com/borja-iglesias/profil/spieler/278359,https://www.transfermarkt.com/spanien/startseite/verein/3375,data/raw/20260612_130928_transfermarkt_Spain_national_team_a2e9e5436d15.html,2026-06-12T04:09:28+00:00
Cape Verde,23,CJ dos Santos,Goalkeeper,24/08/2000,25,CJ dos Santos,€1.00m,1000000.0,https://www.transfermarkt.com/cj-dos-santos/profil/spieler/532096,https://www.transfermarkt.com/kap-verde/startseite/verein/4311,data/raw/20260612_130932_transfermarkt_Cape_Verde_national_team_db613d8fac9f.html,2026-06-12T04:09:31+00:00
Cape Verde,12,Márcio Rosa,Goalkeeper,23/02/1997,29,Márcio Rosa,€350k,350000.0,https://www.transfermarkt.com/marcio-rosa/profil/spieler/398048,https://www.transfermarkt.com/kap-verde/startseite/verein/4311,data/raw/20260612_130932_transfermarkt_Cape_Verde_national_team_db613d8fac9f.html,2026-06-12T04:09:31+00:00
Cape Verde,1,Vozinha,Goalkeeper,03/06/1986,40,Vozinha,€50k,50000.0,https://www.transfermarkt.com/vozinha/profil/spieler/242277,https://www.transfermarkt.com/kap-verde/startseite/verein/4311,data/raw/20260612_130932_transfermarkt_Cape_Verde_national_team_db613d8fac9f.html,2026-06-12T04:09:31+00:00
Cape Verde,5,Logan Costa,Centre-Back,01/04/2001,25,Logan Costa,€15.00m,15000000.0,https://www.transfermarkt.com/logan-costa/profil/spieler/484988,https://www.transfermarkt.com/kap-verde/startseite/verein/4311,data/raw/20260612_130932_transfermarkt_Cape_Verde_national_team_db613d8fac9f.html,2026-06-12T04:09:31+00:00
Cape Verde,3,Diney Borges,Centre-Back,17/01/1995,31,Diney Borges,€900k,900000.0,https://www.transfermarkt.com/diney-borges/profil/spieler/349570,https://www.transfermarkt.com/kap-verde/startseite/verein/4311,data/raw/20260612_130932_transfermarkt_Cape_Verde_national_team_db613d8fac9f.html,2026-06-12T04:09:31+00:00
Cape Verde,25,Kelvin Pires,Centre-Back,05/06/2000,26,Kelvin Pires,€400k,400000.0,https://www.transfermarkt.com/kelvin-pires/profil/spieler/662119,https://www.transfermarkt.com/kap-verde/startseite/verein/4311,data/raw/20260612_130932_transfermarkt_Cape_Verde_national_team_db613d8fac9f.html,2026-06-12T04:09:31+00:00
Cape Verde,4,Roberto Lopes,Centre-Back,17/06/1992,33,Roberto Lopes,€250k,250000.0,https://www.transfermarkt.com/roberto-lopes/profil/spieler/166158,https://www.transfermarkt.com/kap-verde/startseite/verein/4311,data/raw/20260612_130932_transfermarkt_Cape_Verde_national_team_db613d8fac9f.html,2026-06-12T04:09:31+00:00
Cape Verde,2,Stopira,Centre-Back,20/05/1988,38,Stopira,€50k,50000.0,https://www.transfermarkt.com/stopira/profil/spieler/80486,https://www.transfermarkt.com/kap-verde/startseite/verein/4311,data/raw/20260612_130932_transfermarkt_Cape_Verde_national_team_db613d8fac9f.html,2026-06-12T04:09:31+00:00
Cape Verde,13,Sidny Lopes Cabral,Left-Back,18/09/2002,23,Sidny Lopes Cabral,€4.00m,4000000.0,https://www.transfermarkt.com/sidny-lopes-cabral/profil/spieler/611855,https://www.transfermarkt.com/kap-verde/startseite/verein/4311,data/raw/20260612_130932_transfermarkt_Cape_Verde_national_team_db613d8fac9f.html,2026-06-12T04:09:31+00:00
Cape Verde,24,Wagner Pina,Right-Back,03/11/2002,23,Wagner Pina,€11.00m,11000000.0,https://www.transfermarkt.com/wagner-pina/profil/spieler/1072017,https://www.transfermarkt.com/kap-verde/startseite/verein/4311,data/raw/20260612_130932_transfermarkt_Cape_Verde_national_team_db613d8fac9f.html,2026-06-12T04:09:31+00:00
Cape Verde,22,Steven Moreira,Right-Back,13/08/1994,31,Steven Moreira,€1.50m,1500000.0,https://www.transfermarkt.com/steven-moreira/profil/spieler/203517,https://www.transfermarkt.com/kap-verde/startseite/verein/4311,data/raw/20260612_130932_transfermarkt_Cape_Verde_national_team_db613d8fac9f.html,2026-06-12T04:09:31+00:00
Cape Verde,6,Kevin Lenini,Defensive Midfield,27/01/1997,29,Kevin Lenini,€5.00m,5000000.0,https://www.transfermarkt.com/kevin-lenini/profil/spieler/544586,https://www.transfermarkt.com/kap-verde/startseite/verein/4311,data/raw/20260612_130932_transfermarkt_Cape_Verde_national_team_db613d8fac9f.html,2026-06-12T04:09:31+00:00
Cape Verde,15,Laros Duarte,Defensive Midfield,28/02/1997,29,Laros Duarte,€1.00m,1000000.0,https://www.transfermarkt.com/laros-duarte/profil/spieler/258513,https://www.transfermarkt.com/kap-verde/startseite/verein/4311,data/raw/20260612_130932_transfermarkt_Cape_Verde_national_team_db613d8fac9f.html,2026-06-12T04:09:31+00:00
Cape Verde,8,João Paulo,Defensive Midfield,26/05/1998,28,João Paulo,€900k,900000.0,https://www.transfermarkt.com/joao-paulo/profil/spieler/623965,https://www.transfermarkt.com/kap-verde/startseite/verein/4311,data/raw/20260612_130932_transfermarkt_Cape_Verde_national_team_db613d8fac9f.html,2026-06-12T04:09:31+00:00
Cape Verde,14,Deroy Duarte,Central Midfield,04/07/1999,26,Deroy Duarte,€1.80m,1800000.0,https://www.transfermarkt.com/deroy-duarte/profil/spieler/432852,https://www.transfermarkt.com/kap-verde/startseite/verein/4311,data/raw/20260612_130932_transfermarkt_Cape_Verde_national_team_db613d8fac9f.html,2026-06-12T04:09:31+00:00
Cape Verde,10,Jamiro Monteiro,Central Midfield,23/11/1993,32,Jamiro Monteiro,€650k,650000.0,https://www.transfermarkt.com/jamiro-monteiro/profil/spieler/272930,https://www.transfermarkt.com/kap-verde/startseite/verein/4311,data/raw/20260612_130932_transfermarkt_Cape_Verde_national_team_db613d8fac9f.html,2026-06-12T04:09:31+00:00
Cape Verde,16,Yannick Semedo,Central Midfield,29/12/1995,30,Yannick Semedo,€250k,250000.0,https://www.transfermarkt.com/yannick-semedo/profil/spieler/620307,https://www.transfermarkt.com/kap-verde/startseite/verein/4311,data/raw/20260612_130932_transfermarkt_Cape_Verde_national_team_db613d8fac9f.html,2026-06-12T04:09:31+00:00
Cape Verde,26,Hélio Varela,Left Winger,03/05/2002,24,Hélio Varela,€2.50m,2500000.0,https://www.transfermarkt.com/helio-varela/profil/spieler/840836,https://www.transfermarkt.com/kap-verde/startseite/verein/4311,data/raw/20260612_130932_transfermarkt_Cape_Verde_national_team_db613d8fac9f.html,2026-06-12T04:09:31+00:00
Cape Verde,7,Jovane Cabral,Left Winger,14/06/1998,27,Jovane Cabral,€1.00m,1000000.0,https://www.transfermarkt.com/jovane-cabral/profil/spieler/448466,https://www.transfermarkt.com/kap-verde/startseite/verein/4311,data/raw/20260612_130932_transfermarkt_Cape_Verde_national_team_db613d8fac9f.html,2026-06-12T04:09:31+00:00
Cape Verde,17,Willy Semedo,Left Winger,27/04/1994,32,Willy Semedo,€1.00m,1000000.0,https://www.transfermarkt.com/willy-semedo/profil/spieler/531450,https://www.transfermarkt.com/kap-verde/startseite/verein/4311,data/raw/20260612_130932_transfermarkt_Cape_Verde_national_team_db613d8fac9f.html,2026-06-12T04:09:31+00:00
Cape Verde,20,Ryan Mendes,Left Winger,08/01/1990,36,Ryan Mendes,€200k,200000.0,https://www.transfermarkt.com/ryan-mendes/profil/spieler/111627,https://www.transfermarkt.com/kap-verde/startseite/verein/4311,data/raw/20260612_130932_transfermarkt_Cape_Verde_national_team_db613d8fac9f.html,2026-06-12T04:09:31+00:00
Cape Verde,18,Telmo Arcanjo,Right Winger,21/06/2001,24,Telmo Arcanjo,€3.00m,3000000.0,https://www.transfermarkt.com/telmo-arcanjo/profil/spieler/791528,https://www.transfermarkt.com/kap-verde/startseite/verein/4311,data/raw/20260612_130932_transfermarkt_Cape_Verde_national_team_db613d8fac9f.html,2026-06-12T04:09:31+00:00
Cape Verde,11,Garry Rodrigues,Right Winger,27/11/1990,35,Garry Rodrigues,€300k,300000.0,https://www.transfermarkt.com/garry-rodrigues/profil/spieler/170895,https://www.transfermarkt.com/kap-verde/startseite/verein/4311,data/raw/20260612_130932_transfermarkt_Cape_Verde_national_team_db613d8fac9f.html,2026-06-12T04:09:31+00:00
Cape Verde,9,Benchimol,Centre-Forward,29/12/2001,24,Benchimol,€1.20m,1200000.0,https://www.transfermarkt.com/benchimol/profil/spieler/820252,https://www.transfermarkt.com/kap-verde/startseite/verein/4311,data/raw/20260612_130932_transfermarkt_Cape_Verde_national_team_db613d8fac9f.html,2026-06-12T04:09:31+00:00
Cape Verde,19,Dailon Livramento,Centre-Forward,04/05/2001,25,Dailon Livramento,€800k,800000.0,https://www.transfermarkt.com/dailon-livramento/profil/spieler/676411,https://www.transfermarkt.com/kap-verde/startseite/verein/4311,data/raw/20260612_130932_transfermarkt_Cape_Verde_national_team_db613d8fac9f.html,2026-06-12T04:09:31+00:00
Cape Verde,21,Nuno Da Costa,Centre-Forward,10/02/1991,35,Nuno Da Costa,€400k,400000.0,https://www.transfermarkt.com/nuno-da-costa/profil/spieler/306166,https://www.transfermarkt.com/kap-verde/startseite/verein/4311,data/raw/20260612_130932_transfermarkt_Cape_Verde_national_team_db613d8fac9f.html,2026-06-12T04:09:31+00:00
Saudi Arabia,1,Nawaf Al-Aqidi,Goalkeeper,10/05/2000,26,Nawaf Al-Aqidi,€650k,650000.0,https://www.transfermarkt.com/nawaf-al-aqidi/profil/spieler/886183,https://www.transfermarkt.com/saudi-arabien/startseite/verein/3807,data/raw/20260612_130935_transfermarkt_Saudi_Arabia_national_team_9d4f97ed6145.html,2026-06-12T04:09:35+00:00
Saudi Arabia,21,Mohammed Al-Owais,Goalkeeper,10/10/1991,34,Mohammed Al-Owais,€275k,275000.0,https://www.transfermarkt.com/mohammed-al-owais/profil/spieler/262845,https://www.transfermarkt.com/saudi-arabien/startseite/verein/3807,data/raw/20260612_130935_transfermarkt_Saudi_Arabia_national_team_9d4f97ed6145.html,2026-06-12T04:09:35+00:00
Saudi Arabia,22,Ahmed Al-Kassar,Goalkeeper,08/05/1991,35,Ahmed Al-Kassar,€175k,175000.0,https://www.transfermarkt.com/ahmed-al-kassar/profil/spieler/177956,https://www.transfermarkt.com/saudi-arabien/startseite/verein/3807,data/raw/20260612_130935_transfermarkt_Saudi_Arabia_national_team_9d4f97ed6145.html,2026-06-12T04:09:35+00:00
Saudi Arabia,5,Hassan Tambakti,Centre-Back,09/02/1999,27,Hassan Tambakti,€1.80m,1800000.0,https://www.transfermarkt.com/hassan-tambakti/profil/spieler/509897,https://www.transfermarkt.com/saudi-arabien/startseite/verein/3807,data/raw/20260612_130935_transfermarkt_Saudi_Arabia_national_team_9d4f97ed6145.html,2026-06-12T04:09:35+00:00
Saudi Arabia,4,Abdulelah Al-Amri,Centre-Back,15/01/1997,29,Abdulelah Al-Amri,€1.40m,1400000.0,https://www.transfermarkt.com/abdulelah-al-amri/profil/spieler/509894,https://www.transfermarkt.com/saudi-arabien/startseite/verein/3807,data/raw/20260612_130935_transfermarkt_Saudi_Arabia_national_team_9d4f97ed6145.html,2026-06-12T04:09:35+00:00
Saudi Arabia,25,Jehad Thakri,Centre-Back,21/07/2001,24,Jehad Thakri,€1.20m,1200000.0,https://www.transfermarkt.com/jehad-thakri/profil/spieler/901334,https://www.transfermarkt.com/saudi-arabien/startseite/verein/3807,data/raw/20260612_130935_transfermarkt_Saudi_Arabia_national_team_9d4f97ed6145.html,2026-06-12T04:09:35+00:00
Saudi Arabia,3,Ali Lajami,Centre-Back,24/04/1996,30,Ali Lajami,€750k,750000.0,https://www.transfermarkt.com/ali-lajami/profil/spieler/264909,https://www.transfermarkt.com/saudi-arabien/startseite/verein/3807,data/raw/20260612_130935_transfermarkt_Saudi_Arabia_national_team_9d4f97ed6145.html,2026-06-12T04:09:35+00:00
Saudi Arabia,24,Moteb Al-Harbi,Left-Back,19/02/2000,26,Moteb Al-Harbi,€1.40m,1400000.0,https://www.transfermarkt.com/moteb-al-harbi/profil/spieler/869509,https://www.transfermarkt.com/saudi-arabien/startseite/verein/3807,data/raw/20260612_130935_transfermarkt_Saudi_Arabia_national_team_9d4f97ed6145.html,2026-06-12T04:09:35+00:00
Saudi Arabia,8,Ayman Yahya,Left-Back,14/05/2001,25,Ayman Yahya,€1.20m,1200000.0,https://www.transfermarkt.com/ayman-yahya/profil/spieler/735815,https://www.transfermarkt.com/saudi-arabien/startseite/verein/3807,data/raw/20260612_130935_transfermarkt_Saudi_Arabia_national_team_9d4f97ed6145.html,2026-06-12T04:09:35+00:00
Saudi Arabia,14,Hassan Kadesh,Left-Back,26/09/1992,33,Hassan Kadesh,€275k,275000.0,https://www.transfermarkt.com/hassan-kadesh/profil/spieler/260859,https://www.transfermarkt.com/saudi-arabien/startseite/verein/3807,data/raw/20260612_130935_transfermarkt_Saudi_Arabia_national_team_9d4f97ed6145.html,2026-06-12T04:09:35+00:00
Saudi Arabia,12,Saud Abdulhamid,Right-Back,18/07/1999,26,Saud Abdulhamid,€9.00m,9000000.0,https://www.transfermarkt.com/saud-abdulhamid/profil/spieler/631927,https://www.transfermarkt.com/saudi-arabien/startseite/verein/3807,data/raw/20260612_130935_transfermarkt_Saudi_Arabia_national_team_9d4f97ed6145.html,2026-06-12T04:09:35+00:00
Saudi Arabia,26,Mohammed Abu Al-Shamat,Right-Back,11/08/2002,23,Mohammed Abu Al-Shamat,€1.80m,1800000.0,https://www.transfermarkt.com/mohammed-abu-al-shamat/profil/spieler/1181852,https://www.transfermarkt.com/saudi-arabien/startseite/verein/3807,data/raw/20260612_130935_transfermarkt_Saudi_Arabia_national_team_9d4f97ed6145.html,2026-06-12T04:09:35+00:00
Saudi Arabia,2,Ali Majrashi,Right-Back,01/10/1999,26,Ali Majrashi,€1.40m,1400000.0,https://www.transfermarkt.com/ali-majrashi/profil/spieler/672391,https://www.transfermarkt.com/saudi-arabien/startseite/verein/3807,data/raw/20260612_130935_transfermarkt_Saudi_Arabia_national_team_9d4f97ed6145.html,2026-06-12T04:09:35+00:00
Saudi Arabia,13,Nawaf Boushal,Right-Back,16/09/1999,26,Nawaf Boushal,€1.40m,1400000.0,https://www.transfermarkt.com/nawaf-boushal/profil/spieler/821377,https://www.transfermarkt.com/saudi-arabien/startseite/verein/3807,data/raw/20260612_130935_transfermarkt_Saudi_Arabia_national_team_9d4f97ed6145.html,2026-06-12T04:09:35+00:00
Saudi Arabia,16,Ziyad Al-Johani,Defensive Midfield,11/11/2001,24,Ziyad Al-Johani,€800k,800000.0,https://www.transfermarkt.com/ziyad-al-johani/profil/spieler/901079,https://www.transfermarkt.com/saudi-arabien/startseite/verein/3807,data/raw/20260612_130935_transfermarkt_Saudi_Arabia_national_team_9d4f97ed6145.html,2026-06-12T04:09:35+00:00
Saudi Arabia,15,Abdullah Al-Khaibari,Defensive Midfield,16/08/1996,29,Abdullah Al-Khaibari,€750k,750000.0,https://www.transfermarkt.com/abdullah-al-khaibari/profil/spieler/437903,https://www.transfermarkt.com/saudi-arabien/startseite/verein/3807,data/raw/20260612_130935_transfermarkt_Saudi_Arabia_national_team_9d4f97ed6145.html,2026-06-12T04:09:35+00:00
Saudi Arabia,7,Musab Al-Juwayr,Central Midfield,20/06/2003,22,Musab Al-Juwayr,€6.00m,6000000.0,https://www.transfermarkt.com/musab-al-juwayr/profil/spieler/901181,https://www.transfermarkt.com/saudi-arabien/startseite/verein/3807,data/raw/20260612_130935_transfermarkt_Saudi_Arabia_national_team_9d4f97ed6145.html,2026-06-12T04:09:35+00:00
Saudi Arabia,6,Nasser Al-Dawsari,Central Midfield,19/12/1998,27,Nasser Al-Dawsari,€900k,900000.0,https://www.transfermarkt.com/nasser-al-dawsari/profil/spieler/509911,https://www.transfermarkt.com/saudi-arabien/startseite/verein/3807,data/raw/20260612_130935_transfermarkt_Saudi_Arabia_national_team_9d4f97ed6145.html,2026-06-12T04:09:35+00:00
Saudi Arabia,23,Mohamed Kanno,Central Midfield,22/09/1994,31,Mohamed Kanno,€800k,800000.0,https://www.transfermarkt.com/mohamed-kanno/profil/spieler/308120,https://www.transfermarkt.com/saudi-arabien/startseite/verein/3807,data/raw/20260612_130935_transfermarkt_Saudi_Arabia_national_team_9d4f97ed6145.html,2026-06-12T04:09:35+00:00
Saudi Arabia,18,Alaa Hejji,Central Midfield,03/12/1995,30,Alaa Hejji,€300k,300000.0,https://www.transfermarkt.com/alaa-hejji/profil/spieler/443937,https://www.transfermarkt.com/saudi-arabien/startseite/verein/3807,data/raw/20260612_130935_transfermarkt_Saudi_Arabia_national_team_9d4f97ed6145.html,2026-06-12T04:09:35+00:00
Saudi Arabia,17,Khalid Al-Ghannam,Left Winger,07/11/2000,25,Khalid Al-Ghannam,€2.50m,2500000.0,https://www.transfermarkt.com/khalid-al-ghannam/profil/spieler/631923,https://www.transfermarkt.com/saudi-arabien/startseite/verein/3807,data/raw/20260612_130935_transfermarkt_Saudi_Arabia_national_team_9d4f97ed6145.html,2026-06-12T04:09:35+00:00
Saudi Arabia,10,Salem Al-Dawsari,Left Winger,19/08/1991,34,Salem Al-Dawsari,€1.20m,1200000.0,https://www.transfermarkt.com/salem-al-dawsari/profil/spieler/195332,https://www.transfermarkt.com/saudi-arabien/startseite/verein/3807,data/raw/20260612_130935_transfermarkt_Saudi_Arabia_national_team_9d4f97ed6145.html,2026-06-12T04:09:35+00:00
Saudi Arabia,20,Sultan Mandash,Right Winger,17/10/1994,31,Sultan Mandash,€350k,350000.0,https://www.transfermarkt.com/sultan-mandash/profil/spieler/210349,https://www.transfermarkt.com/saudi-arabien/startseite/verein/3807,data/raw/20260612_130935_transfermarkt_Saudi_Arabia_national_team_9d4f97ed6145.html,2026-06-12T04:09:35+00:00
Saudi Arabia,9,Firas Al-Buraikan,Centre-Forward,14/05/2000,26,Firas Al-Buraikan,€3.50m,3500000.0,https://www.transfermarkt.com/firas-al-buraikan/profil/spieler/631922,https://www.transfermarkt.com/saudi-arabien/startseite/verein/3807,data/raw/20260612_130935_transfermarkt_Saudi_Arabia_national_team_9d4f97ed6145.html,2026-06-12T04:09:35+00:00
Saudi Arabia,11,Saleh Al-Shehri,Centre-Forward,01/11/1993,32,Saleh Al-Shehri,€500k,500000.0,https://www.transfermarkt.com/saleh-al-shehri/profil/spieler/242267,https://www.transfermarkt.com/saudi-arabien/startseite/verein/3807,data/raw/20260612_130935_transfermarkt_Saudi_Arabia_national_team_9d4f97ed6145.html,2026-06-12T04:09:35+00:00
Saudi Arabia,19,Abdullah Al-Hamdan,Centre-Forward,12/09/1999,26,Abdullah Al-Hamdan,€350k,350000.0,https://www.transfermarkt.com/abdullah-al-hamdan/profil/spieler/68626,https://www.transfermarkt.com/saudi-arabien/startseite/verein/3807,data/raw/20260612_130935_transfermarkt_Saudi_Arabia_national_team_9d4f97ed6145.html,2026-06-12T04:09:35+00:00
Uruguay,12,Santiago Mele,Goalkeeper,06/09/1997,28,Santiago Mele,€2.00m,2000000.0,https://www.transfermarkt.com/santiago-mele/profil/spieler/320739,https://www.transfermarkt.com/uruguay/startseite/verein/3449,data/raw/20260612_130939_transfermarkt_Uruguay_national_team_3943746ca766.html,2026-06-12T04:09:38+00:00
Uruguay,1,Sergio Rochet,Goalkeeper,23/03/1993,33,Sergio Rochet,€1.80m,1800000.0,https://www.transfermarkt.com/sergio-rochet/profil/spieler/264014,https://www.transfermarkt.com/uruguay/startseite/verein/3449,data/raw/20260612_130939_transfermarkt_Uruguay_national_team_3943746ca766.html,2026-06-12T04:09:38+00:00
Uruguay,23,Fernando Muslera,Goalkeeper,16/06/1986,39,Fernando Muslera,€700k,700000.0,https://www.transfermarkt.com/fernando-muslera/profil/spieler/58088,https://www.transfermarkt.com/uruguay/startseite/verein/3449,data/raw/20260612_130939_transfermarkt_Uruguay_national_team_3943746ca766.html,2026-06-12T04:09:38+00:00
Uruguay,4,Ronald Araujo,Centre-Back,07/03/1999,27,Ronald Araujo,€20.00m,20000000.0,https://www.transfermarkt.com/ronald-araujo/profil/spieler/480267,https://www.transfermarkt.com/uruguay/startseite/verein/3449,data/raw/20260612_130939_transfermarkt_Uruguay_national_team_3943746ca766.html,2026-06-12T04:09:38+00:00
Uruguay,24,Santiago Bueno,Centre-Back,09/11/1998,27,Santiago Bueno,€10.00m,10000000.0,https://www.transfermarkt.com/santiago-bueno/profil/spieler/438001,https://www.transfermarkt.com/uruguay/startseite/verein/3449,data/raw/20260612_130939_transfermarkt_Uruguay_national_team_3943746ca766.html,2026-06-12T04:09:38+00:00
Uruguay,2,José María Giménez,Centre-Back,20/01/1995,31,José María Giménez,€9.00m,9000000.0,https://www.transfermarkt.com/jose-maria-gimenez/profil/spieler/250845,https://www.transfermarkt.com/uruguay/startseite/verein/3449,data/raw/20260612_130939_transfermarkt_Uruguay_national_team_3943746ca766.html,2026-06-12T04:09:38+00:00
Uruguay,3,Sebastián Cáceres,Centre-Back,18/08/1999,26,Sebastián Cáceres,€4.50m,4500000.0,https://www.transfermarkt.com/sebastian-caceres/profil/spieler/532389,https://www.transfermarkt.com/uruguay/startseite/verein/3449,data/raw/20260612_130939_transfermarkt_Uruguay_national_team_3943746ca766.html,2026-06-12T04:09:38+00:00
Uruguay,20,Maxi Araújo,Left-Back,15/02/2000,26,Maxi Araújo,€35.00m,35000000.0,https://www.transfermarkt.com/maxi-araujo/profil/spieler/572675,https://www.transfermarkt.com/uruguay/startseite/verein/3449,data/raw/20260612_130939_transfermarkt_Uruguay_national_team_3943746ca766.html,2026-06-12T04:09:38+00:00
Uruguay,16,Mathías Olivera,Left-Back,31/10/1997,28,Mathías Olivera,€15.00m,15000000.0,https://www.transfermarkt.com/mathias-olivera/profil/spieler/376514,https://www.transfermarkt.com/uruguay/startseite/verein/3449,data/raw/20260612_130939_transfermarkt_Uruguay_national_team_3943746ca766.html,2026-06-12T04:09:38+00:00
Uruguay,22,Joaquín Piquerez,Left-Back,24/08/1998,27,Joaquín Piquerez,€12.00m,12000000.0,https://www.transfermarkt.com/joaquin-piquerez/profil/spieler/496268,https://www.transfermarkt.com/uruguay/startseite/verein/3449,data/raw/20260612_130939_transfermarkt_Uruguay_national_team_3943746ca766.html,2026-06-12T04:09:38+00:00
Uruguay,25,Juan Manuel Sanabria,Left-Back,29/03/2000,26,Juan Manuel Sanabria,€4.00m,4000000.0,https://www.transfermarkt.com/juan-manuel-sanabria/profil/spieler/446106,https://www.transfermarkt.com/uruguay/startseite/verein/3449,data/raw/20260612_130939_transfermarkt_Uruguay_national_team_3943746ca766.html,2026-06-12T04:09:38+00:00
Uruguay,17,Matías Viña,Left-Back,09/11/1997,28,Matías Viña,€3.50m,3500000.0,https://www.transfermarkt.com/matias-vina/profil/spieler/439072,https://www.transfermarkt.com/uruguay/startseite/verein/3449,data/raw/20260612_130939_transfermarkt_Uruguay_national_team_3943746ca766.html,2026-06-12T04:09:38+00:00
Uruguay,13,Guillermo Varela,Right-Back,24/03/1993,33,Guillermo Varela,€1.00m,1000000.0,https://www.transfermarkt.com/guillermo-varela/profil/spieler/188862,https://www.transfermarkt.com/uruguay/startseite/verein/3449,data/raw/20260612_130939_transfermarkt_Uruguay_national_team_3943746ca766.html,2026-06-12T04:09:38+00:00
Uruguay,5,Manuel Ugarte,Defensive Midfield,11/04/2001,25,Manuel Ugarte,€25.00m,25000000.0,https://www.transfermarkt.com/manuel-ugarte/profil/spieler/476701,https://www.transfermarkt.com/uruguay/startseite/verein/3449,data/raw/20260612_130939_transfermarkt_Uruguay_national_team_3943746ca766.html,2026-06-12T04:09:38+00:00
Uruguay,6,Rodrigo Bentancur,Defensive Midfield,25/06/1997,28,Rodrigo Bentancur,€20.00m,20000000.0,https://www.transfermarkt.com/rodrigo-bentancur/profil/spieler/354362,https://www.transfermarkt.com/uruguay/startseite/verein/3449,data/raw/20260612_130939_transfermarkt_Uruguay_national_team_3943746ca766.html,2026-06-12T04:09:38+00:00
Uruguay,15,Emiliano Martínez,Defensive Midfield,17/08/1999,26,Emiliano Martínez,€6.50m,6500000.0,https://www.transfermarkt.com/emiliano-martinez/profil/spieler/707447,https://www.transfermarkt.com/uruguay/startseite/verein/3449,data/raw/20260612_130939_transfermarkt_Uruguay_national_team_3943746ca766.html,2026-06-12T04:09:38+00:00
Uruguay,8,Federico Valverde,Central Midfield,22/07/1998,27,Federico Valverde,€90.00m,90000000.0,https://www.transfermarkt.com/federico-valverde/profil/spieler/369081,https://www.transfermarkt.com/uruguay/startseite/verein/3449,data/raw/20260612_130939_transfermarkt_Uruguay_national_team_3943746ca766.html,2026-06-12T04:09:38+00:00
Uruguay,7,Nicolás de la Cruz,Central Midfield,01/06/1997,29,Nicolás de la Cruz,€8.00m,8000000.0,https://www.transfermarkt.com/nicolas-de-la-cruz/profil/spieler/397458,https://www.transfermarkt.com/uruguay/startseite/verein/3449,data/raw/20260612_130939_transfermarkt_Uruguay_national_team_3943746ca766.html,2026-06-12T04:09:38+00:00
Uruguay,26,Rodrigo Zalazar,Attacking Midfield,12/08/1999,26,Rodrigo Zalazar,€30.00m,30000000.0,https://www.transfermarkt.com/rodrigo-zalazar/profil/spieler/606752,https://www.transfermarkt.com/uruguay/startseite/verein/3449,data/raw/20260612_130939_transfermarkt_Uruguay_national_team_3943746ca766.html,2026-06-12T04:09:38+00:00
Uruguay,10,Giorgian de Arrascaeta,Attacking Midfield,01/06/1994,32,Giorgian de Arrascaeta,€14.00m,14000000.0,https://www.transfermarkt.com/giorgian-de-arrascaeta/profil/spieler/248410,https://www.transfermarkt.com/uruguay/startseite/verein/3449,data/raw/20260612_130939_transfermarkt_Uruguay_national_team_3943746ca766.html,2026-06-12T04:09:38+00:00
Uruguay,14,Agustín Canobbio,Left Winger,01/10/1998,27,Agustín Canobbio,€8.00m,8000000.0,https://www.transfermarkt.com/agustin-canobbio/profil/spieler/457533,https://www.transfermarkt.com/uruguay/startseite/verein/3449,data/raw/20260612_130939_transfermarkt_Uruguay_national_team_3943746ca766.html,2026-06-12T04:09:38+00:00
Uruguay,18,Brian Rodríguez,Left Winger,20/05/2000,26,Brian Rodríguez,€8.00m,8000000.0,https://www.transfermarkt.com/brian-rodriguez/profil/spieler/465818,https://www.transfermarkt.com/uruguay/startseite/verein/3449,data/raw/20260612_130939_transfermarkt_Uruguay_national_team_3943746ca766.html,2026-06-12T04:09:38+00:00
Uruguay,11,Facundo Pellistri,Right Winger,20/12/2001,24,Facundo Pellistri,€5.00m,5000000.0,https://www.transfermarkt.com/facundo-pellistri/profil/spieler/676318,https://www.transfermarkt.com/uruguay/startseite/verein/3449,data/raw/20260612_130939_transfermarkt_Uruguay_national_team_3943746ca766.html,2026-06-12T04:09:38+00:00
Uruguay,9,Darwin Núñez,Centre-Forward,24/06/1999,26,Darwin Núñez,€20.00m,20000000.0,https://www.transfermarkt.com/darwin-nunez/profil/spieler/546543,https://www.transfermarkt.com/uruguay/startseite/verein/3449,data/raw/20260612_130939_transfermarkt_Uruguay_national_team_3943746ca766.html,2026-06-12T04:09:38+00:00
Uruguay,21,Federico Viñas,Centre-Forward,30/06/1998,27,Federico Viñas,€4.00m,4000000.0,https://www.transfermarkt.com/federico-vinas/profil/spieler/578419,https://www.transfermarkt.com/uruguay/startseite/verein/3449,data/raw/20260612_130939_transfermarkt_Uruguay_national_team_3943746ca766.html,2026-06-12T04:09:38+00:00
Uruguay,19,Rodrigo Aguirre,Centre-Forward,01/10/1994,31,Rodrigo Aguirre,€2.30m,2300000.0,https://www.transfermarkt.com/rodrigo-aguirre/profil/spieler/189410,https://www.transfermarkt.com/uruguay/startseite/verein/3449,data/raw/20260612_130939_transfermarkt_Uruguay_national_team_3943746ca766.html,2026-06-12T04:09:38+00:00
France,16,Mike Maignan,Goalkeeper,03/07/1995,29,Mike Maignan,€35.00m,35000000.0,https://www.transfermarkt.com/mike-maignan/profil/spieler/182906,https://www.transfermarkt.com/frankreich/startseite/verein/3377,data/raw/20260612_130943_transfermarkt_France_national_team_63da02757c2d.html,2026-06-12T04:09:42+00:00
France,-,Lucas Chevalier,Goalkeeper,06/11/2001,23,Lucas Chevalier,€30.00m,30000000.0,https://www.transfermarkt.com/lucas-chevalier/profil/spieler/463600,https://www.transfermarkt.com/frankreich/startseite/verein/3377,data/raw/20260612_130943_transfermarkt_France_national_team_63da02757c2d.html,2026-06-12T04:09:42+00:00
France,1,Brice Samba,Goalkeeper,25/04/1994,30,Brice Samba,€15.00m,15000000.0,https://www.transfermarkt.com/brice-samba/profil/spieler/191056,https://www.transfermarkt.com/frankreich/startseite/verein/3377,data/raw/20260612_130943_transfermarkt_France_national_team_63da02757c2d.html,2026-06-12T04:09:42+00:00
France,17,William Saliba,Centre-Back,24/03/2001,23,William Saliba,€80.00m,80000000.0,https://www.transfermarkt.com/william-saliba/profil/spieler/495666,https://www.transfermarkt.com/frankreich/startseite/verein/3377,data/raw/20260612_130943_transfermarkt_France_national_team_63da02757c2d.html,2026-06-12T04:09:42+00:00
France,4,Dayot Upamecano,Centre-Back,27/10/1998,26,Dayot Upamecano,€50.00m,50000000.0,https://www.transfermarkt.com/dayot-upamecano/profil/spieler/344695,https://www.transfermarkt.com/frankreich/startseite/verein/3377,data/raw/20260612_130943_transfermarkt_France_national_team_63da02757c2d.html,2026-06-12T04:09:42+00:00
France,15,Ibrahima Konaté,Centre-Back,25/05/1999,25,Ibrahima Konaté,€50.00m,50000000.0,https://www.transfermarkt.com/ibrahima-konate/profil/spieler/357119,https://www.transfermarkt.com/frankreich/startseite/verein/3377,data/raw/20260612_130943_transfermarkt_France_national_team_63da02757c2d.html,2026-06-12T04:09:42+00:00
France,-,Benjamin Pavard,Centre-Back,28/03/1996,28,Benjamin Pavard,€40.00m,40000000.0,https://www.transfermarkt.com/benjamin-pavard/profil/spieler/353366,https://www.transfermarkt.com/frankreich/startseite/verein/3377,data/raw/20260612_130943_transfermarkt_France_national_team_63da02757c2d.html,2026-06-12T04:09:42+00:00
France,-,Pierre Kalulu,Centre-Back,05/06/2000,24,Pierre Kalulu,€26.00m,26000000.0,https://www.transfermarkt.com/pierre-kalulu/profil/spieler/585949,https://www.transfermarkt.com/frankreich/startseite/verein/3377,data/raw/20260612_130943_transfermarkt_France_national_team_63da02757c2d.html,2026-06-12T04:09:42+00:00
France,-,Loïc Badé,Centre-Back,11/04/2000,24,Loïc Badé,€25.00m,25000000.0,https://www.transfermarkt.com/loic-bade/profil/spieler/730581,https://www.transfermarkt.com/frankreich/startseite/verein/3377,data/raw/20260612_130943_transfermarkt_France_national_team_63da02757c2d.html,2026-06-12T04:09:42+00:00
France,-,Clément Lenglet,Centre-Back,17/06/1995,29,Clément Lenglet,€7.50m,7500000.0,https://www.transfermarkt.com/clement-lenglet/profil/spieler/182904,https://www.transfermarkt.com/frankreich/startseite/verein/3377,data/raw/20260612_130943_transfermarkt_France_national_team_63da02757c2d.html,2026-06-12T04:09:42+00:00
France,19,Theo Hernández,Left-Back,06/10/1997,27,Theo Hernández,€50.00m,50000000.0,https://www.transfermarkt.com/theo-hernandez/profil/spieler/339808,https://www.transfermarkt.com/frankreich/startseite/verein/3377,data/raw/20260612_130943_transfermarkt_France_national_team_63da02757c2d.html,2026-06-12T04:09:42+00:00
France,21,Lucas Hernández,Left-Back,14/02/1996,28,Lucas Hernández,€32.00m,32000000.0,https://www.transfermarkt.com/lucas-hernandez/profil/spieler/281963,https://www.transfermarkt.com/frankreich/startseite/verein/3377,data/raw/20260612_130943_transfermarkt_France_national_team_63da02757c2d.html,2026-06-12T04:09:42+00:00
France,3,Lucas Digne,Left-Back,20/07/1993,31,Lucas Digne,€12.00m,12000000.0,https://www.transfermarkt.com/lucas-digne/profil/spieler/126664,https://www.transfermarkt.com/frankreich/startseite/verein/3377,data/raw/20260612_130943_transfermarkt_France_national_team_63da02757c2d.html,2026-06-12T04:09:42+00:00
France,5,Jules Koundé,Right-Back,12/11/1998,26,Jules Koundé,€60.00m,60000000.0,https://www.transfermarkt.com/jules-kounde/profil/spieler/411975,https://www.transfermarkt.com/frankreich/startseite/verein/3377,data/raw/20260612_130943_transfermarkt_France_national_team_63da02757c2d.html,2026-06-12T04:09:42+00:00
France,2,Malo Gusto,Right-Back,19/05/2003,21,Malo Gusto,€35.00m,35000000.0,https://www.transfermarkt.com/malo-gusto/profil/spieler/620322,https://www.transfermarkt.com/frankreich/startseite/verein/3377,data/raw/20260612_130943_transfermarkt_France_national_team_63da02757c2d.html,2026-06-12T04:09:42+00:00
France,-,Jonathan Clauss,Right-Back,25/09/1992,32,Jonathan Clauss,€6.00m,6000000.0,https://www.transfermarkt.com/jonathan-clauss/profil/spieler/175639,https://www.transfermarkt.com/frankreich/startseite/verein/3377,data/raw/20260612_130943_transfermarkt_France_national_team_63da02757c2d.html,2026-06-12T04:09:42+00:00
France,8,Aurélien Tchouaméni,Defensive Midfield,27/01/2000,24,Aurélien Tchouaméni,€80.00m,80000000.0,https://www.transfermarkt.com/aurelien-tchouameni/profil/spieler/413112,https://www.transfermarkt.com/frankreich/startseite/verein/3377,data/raw/20260612_130943_transfermarkt_France_national_team_63da02757c2d.html,2026-06-12T04:09:42+00:00
France,13,N'Golo Kanté,Defensive Midfield,29/03/1991,33,N'Golo Kanté,€7.00m,7000000.0,https://www.transfermarkt.com/ngolo-kante/profil/spieler/225083,https://www.transfermarkt.com/frankreich/startseite/verein/3377,data/raw/20260612_130943_transfermarkt_France_national_team_63da02757c2d.html,2026-06-12T04:09:42+00:00
France,-,Eduardo Camavinga,Central Midfield,10/11/2002,22,Eduardo Camavinga,€80.00m,80000000.0,https://www.transfermarkt.com/eduardo-camavinga/profil/spieler/640428,https://www.transfermarkt.com/frankreich/startseite/verein/3377,data/raw/20260612_130943_transfermarkt_France_national_team_63da02757c2d.html,2026-06-12T04:09:42+00:00
France,18,Warren Zaïre-Emery,Central Midfield,08/03/2006,18,Warren Zaïre-Emery,€60.00m,60000000.0,https://www.transfermarkt.com/warren-zaire-emery/profil/spieler/810092,https://www.transfermarkt.com/frankreich/startseite/verein/3377,data/raw/20260612_130943_transfermarkt_France_national_team_63da02757c2d.html,2026-06-12T04:09:42+00:00
France,-,Khéphren Thuram,Central Midfield,26/03/2001,23,Khéphren Thuram,€35.00m,35000000.0,https://www.transfermarkt.com/khephren-thuram/profil/spieler/463618,https://www.transfermarkt.com/frankreich/startseite/verein/3377,data/raw/20260612_130943_transfermarkt_France_national_team_63da02757c2d.html,2026-06-12T04:09:42+00:00
France,-,Mattéo Guendouzi,Central Midfield,14/04/1999,25,Mattéo Guendouzi,€32.00m,32000000.0,https://www.transfermarkt.com/matteo-guendouzi/profil/spieler/465830,https://www.transfermarkt.com/frankreich/startseite/verein/3377,data/raw/20260612_130943_transfermarkt_France_national_team_63da02757c2d.html,2026-06-12T04:09:42+00:00
France,6,Manu Koné,Central Midfield,17/05/2001,23,Manu Koné,€26.00m,26000000.0,https://www.transfermarkt.com/manu-kone/profil/spieler/624690,https://www.transfermarkt.com/frankreich/startseite/verein/3377,data/raw/20260612_130943_transfermarkt_France_national_team_63da02757c2d.html,2026-06-12T04:09:42+00:00
France,14,Adrien Rabiot,Central Midfield,03/04/1995,29,Adrien Rabiot,€25.00m,25000000.0,https://www.transfermarkt.com/adrien-rabiot/profil/spieler/182913,https://www.transfermarkt.com/frankreich/startseite/verein/3377,data/raw/20260612_130943_transfermarkt_France_national_team_63da02757c2d.html,2026-06-12T04:09:42+00:00
France,24,Rayan Cherki,Attacking Midfield,17/08/2003,21,Rayan Cherki,€30.00m,30000000.0,https://www.transfermarkt.com/rayan-cherki/profil/spieler/607223,https://www.transfermarkt.com/frankreich/startseite/verein/3377,data/raw/20260612_130943_transfermarkt_France_national_team_63da02757c2d.html,2026-06-12T04:09:42+00:00
France,12,Bradley Barcola,Left Winger,02/09/2002,22,Bradley Barcola,€65.00m,65000000.0,https://www.transfermarkt.com/bradley-barcola/profil/spieler/708265,https://www.transfermarkt.com/frankreich/startseite/verein/3377,data/raw/20260612_130943_transfermarkt_France_national_team_63da02757c2d.html,2026-06-12T04:09:42+00:00
France,-,Kingsley Coman,Left Winger,13/06/1996,28,Kingsley Coman,€35.00m,35000000.0,https://www.transfermarkt.com/kingsley-coman/profil/spieler/243714,https://www.transfermarkt.com/frankreich/startseite/verein/3377,data/raw/20260612_130943_transfermarkt_France_national_team_63da02757c2d.html,2026-06-12T04:09:42+00:00
France,11,Michael Olise,Right Winger,12/12/2001,23,Michael Olise,€65.00m,65000000.0,https://www.transfermarkt.com/michael-olise/profil/spieler/566723,https://www.transfermarkt.com/frankreich/startseite/verein/3377,data/raw/20260612_130943_transfermarkt_France_national_team_63da02757c2d.html,2026-06-12T04:09:42+00:00
France,20,Désiré Doué,Right Winger,03/06/2005,19,Désiré Doué,€40.00m,40000000.0,https://www.transfermarkt.com/desire-doue/profil/spieler/914562,https://www.transfermarkt.com/frankreich/startseite/verein/3377,data/raw/20260612_130943_transfermarkt_France_national_team_63da02757c2d.html,2026-06-12T04:09:42+00:00
France,25,Maghnes Akliouche,Right Winger,25/02/2002,22,Maghnes Akliouche,€40.00m,40000000.0,https://www.transfermarkt.com/maghnes-akliouche/profil/spieler/745200,https://www.transfermarkt.com/frankreich/startseite/verein/3377,data/raw/20260612_130943_transfermarkt_France_national_team_63da02757c2d.html,2026-06-12T04:09:42+00:00
France,-,Florian Thauvin,Right Winger,26/01/1993,31,Florian Thauvin,€5.00m,5000000.0,https://www.transfermarkt.com/florian-thauvin/profil/spieler/184892,https://www.transfermarkt.com/frankreich/startseite/verein/3377,data/raw/20260612_130943_transfermarkt_France_national_team_63da02757c2d.html,2026-06-12T04:09:42+00:00
France,10,Kylian Mbappé,Centre-Forward,20/12/1998,26,Kylian Mbappé,€160.00m,160000000.0,https://www.transfermarkt.com/kylian-mbappe/profil/spieler/342229,https://www.transfermarkt.com/frankreich/startseite/verein/3377,data/raw/20260612_130943_transfermarkt_France_national_team_63da02757c2d.html,2026-06-12T04:09:42+00:00
France,9,Marcus Thuram,Centre-Forward,06/08/1997,27,Marcus Thuram,€75.00m,75000000.0,https://www.transfermarkt.com/marcus-thuram/profil/spieler/318528,https://www.transfermarkt.com/frankreich/startseite/verein/3377,data/raw/20260612_130943_transfermarkt_France_national_team_63da02757c2d.html,2026-06-12T04:09:42+00:00
France,7,Ousmane Dembélé,Centre-Forward,15/05/1997,27,Ousmane Dembélé,€55.00m,55000000.0,https://www.transfermarkt.com/ousmane-dembele/profil/spieler/288230,https://www.transfermarkt.com/frankreich/startseite/verein/3377,data/raw/20260612_130943_transfermarkt_France_national_team_63da02757c2d.html,2026-06-12T04:09:42+00:00
France,-,Christopher Nkunku,Centre-Forward,14/11/1997,27,Christopher Nkunku,€50.00m,50000000.0,https://www.transfermarkt.com/christopher-nkunku/profil/spieler/344381,https://www.transfermarkt.com/frankreich/startseite/verein/3377,data/raw/20260612_130943_transfermarkt_France_national_team_63da02757c2d.html,2026-06-12T04:09:42+00:00
France,-,Hugo Ekitiké,Centre-Forward,20/06/2002,22,Hugo Ekitiké,€40.00m,40000000.0,https://www.transfermarkt.com/hugo-ekitike/profil/spieler/709726,https://www.transfermarkt.com/frankreich/startseite/verein/3377,data/raw/20260612_130943_transfermarkt_France_national_team_63da02757c2d.html,2026-06-12T04:09:42+00:00
France,-,Randal Kolo Muani,Centre-Forward,05/12/1998,26,Randal Kolo Muani,€30.00m,30000000.0,https://www.transfermarkt.com/randal-kolo-muani/profil/spieler/487969,https://www.transfermarkt.com/frankreich/startseite/verein/3377,data/raw/20260612_130943_transfermarkt_France_national_team_63da02757c2d.html,2026-06-12T04:09:42+00:00
France,22,Jean-Philippe Mateta,Centre-Forward,28/06/1997,27,Jean-Philippe Mateta,€20.00m,20000000.0,https://www.transfermarkt.com/jean-philippe-mateta/profil/spieler/420002,https://www.transfermarkt.com/frankreich/startseite/verein/3377,data/raw/20260612_130943_transfermarkt_France_national_team_63da02757c2d.html,2026-06-12T04:09:42+00:00
Senegal,1,Yehvann Diouf,Goalkeeper,16/11/1999,26,Yehvann Diouf,€7.00m,7000000.0,https://www.transfermarkt.com/yehvann-diouf/profil/spieler/448632,https://www.transfermarkt.com/senegal/startseite/verein/3499,data/raw/20260612_130947_transfermarkt_Senegal_national_team_49e78571481a.html,2026-06-12T04:09:46+00:00
Senegal,16,Edouard Mendy,Goalkeeper,01/03/1992,34,Edouard Mendy,€4.00m,4000000.0,https://www.transfermarkt.com/edouard-mendy/profil/spieler/442531,https://www.transfermarkt.com/senegal/startseite/verein/3499,data/raw/20260612_130947_transfermarkt_Senegal_national_team_49e78571481a.html,2026-06-12T04:09:46+00:00
Senegal,23,Mory Diaw,Goalkeeper,22/06/1993,32,Mory Diaw,€900k,900000.0,https://www.transfermarkt.com/mory-diaw/profil/spieler/164904,https://www.transfermarkt.com/senegal/startseite/verein/3499,data/raw/20260612_130947_transfermarkt_Senegal_national_team_49e78571481a.html,2026-06-12T04:09:46+00:00
Senegal,2,Mamadou Sarr,Centre-Back,29/08/2005,20,Mamadou Sarr,€22.00m,22000000.0,https://www.transfermarkt.com/mamadou-sarr/profil/spieler/910905,https://www.transfermarkt.com/senegal/startseite/verein/3499,data/raw/20260612_130947_transfermarkt_Senegal_national_team_49e78571481a.html,2026-06-12T04:09:46+00:00
Senegal,19,Moussa Niakhaté,Centre-Back,08/03/1996,30,Moussa Niakhaté,€15.00m,15000000.0,https://www.transfermarkt.com/moussa-niakhate/profil/spieler/291200,https://www.transfermarkt.com/senegal/startseite/verein/3499,data/raw/20260612_130947_transfermarkt_Senegal_national_team_49e78571481a.html,2026-06-12T04:09:46+00:00
Senegal,24,Antoine Mendy,Centre-Back,27/05/2004,22,Antoine Mendy,€10.00m,10000000.0,https://www.transfermarkt.com/antoine-mendy/profil/spieler/891998,https://www.transfermarkt.com/senegal/startseite/verein/3499,data/raw/20260612_130947_transfermarkt_Senegal_national_team_49e78571481a.html,2026-06-12T04:09:46+00:00
Senegal,3,Kalidou Koulibaly,Centre-Back,20/06/1991,34,Kalidou Koulibaly,€4.50m,4500000.0,https://www.transfermarkt.com/kalidou-koulibaly/profil/spieler/93128,https://www.transfermarkt.com/senegal/startseite/verein/3499,data/raw/20260612_130947_transfermarkt_Senegal_national_team_49e78571481a.html,2026-06-12T04:09:46+00:00
Senegal,4,Abdoulaye Seck,Centre-Back,04/06/1992,34,Abdoulaye Seck,€400k,400000.0,https://www.transfermarkt.com/abdoulaye-seck/profil/spieler/265383,https://www.transfermarkt.com/senegal/startseite/verein/3499,data/raw/20260612_130947_transfermarkt_Senegal_national_team_49e78571481a.html,2026-06-12T04:09:46+00:00
Senegal,25,El Hadji Malick Diouf,Left-Back,28/12/2004,21,El Hadji Malick Diouf,€28.00m,28000000.0,https://www.transfermarkt.com/el-hadji-malick-diouf/profil/spieler/1111589,https://www.transfermarkt.com/senegal/startseite/verein/3499,data/raw/20260612_130947_transfermarkt_Senegal_national_team_49e78571481a.html,2026-06-12T04:09:46+00:00
Senegal,14,Ismail Jakobs,Left-Back,17/08/1999,26,Ismail Jakobs,€8.00m,8000000.0,https://www.transfermarkt.com/ismail-jakobs/profil/spieler/375137,https://www.transfermarkt.com/senegal/startseite/verein/3499,data/raw/20260612_130947_transfermarkt_Senegal_national_team_49e78571481a.html,2026-06-12T04:09:46+00:00
Senegal,5,Idrissa Gueye,Defensive Midfield,26/09/1989,36,Idrissa Gueye,€500k,500000.0,https://www.transfermarkt.com/idrissa-gueye/profil/spieler/126665,https://www.transfermarkt.com/senegal/startseite/verein/3499,data/raw/20260612_130947_transfermarkt_Senegal_national_team_49e78571481a.html,2026-06-12T04:09:46+00:00
Senegal,8,Lamine Camara,Central Midfield,01/01/2004,22,Lamine Camara,€40.00m,40000000.0,https://www.transfermarkt.com/lamine-camara/profil/spieler/918969,https://www.transfermarkt.com/senegal/startseite/verein/3499,data/raw/20260612_130947_transfermarkt_Senegal_national_team_49e78571481a.html,2026-06-12T04:09:46+00:00
Senegal,26,Pape Gueye,Central Midfield,24/01/1999,27,Pape Gueye,€40.00m,40000000.0,https://www.transfermarkt.com/pape-gueye/profil/spieler/485963,https://www.transfermarkt.com/senegal/startseite/verein/3499,data/raw/20260612_130947_transfermarkt_Senegal_national_team_49e78571481a.html,2026-06-12T04:09:46+00:00
Senegal,21,Habib Diarra,Central Midfield,03/01/2004,22,Habib Diarra,€35.00m,35000000.0,https://www.transfermarkt.com/habib-diarra/profil/spieler/876631,https://www.transfermarkt.com/senegal/startseite/verein/3499,data/raw/20260612_130947_transfermarkt_Senegal_national_team_49e78571481a.html,2026-06-12T04:09:46+00:00
Senegal,17,Pape Matar Sarr,Central Midfield,14/09/2002,23,Pape Matar Sarr,€30.00m,30000000.0,https://www.transfermarkt.com/pape-matar-sarr/profil/spieler/568693,https://www.transfermarkt.com/senegal/startseite/verein/3499,data/raw/20260612_130947_transfermarkt_Senegal_national_team_49e78571481a.html,2026-06-12T04:09:46+00:00
Senegal,22,Bara Sapoko Ndiaye,Central Midfield,31/12/2007,18,Bara Sapoko Ndiaye,€4.00m,4000000.0,https://www.transfermarkt.com/bara-sapoko-ndiaye/profil/spieler/1497653,https://www.transfermarkt.com/senegal/startseite/verein/3499,data/raw/20260612_130947_transfermarkt_Senegal_national_team_49e78571481a.html,2026-06-12T04:09:46+00:00
Senegal,6,Pathé Ciss,Central Midfield,16/03/1994,32,Pathé Ciss,€1.80m,1800000.0,https://www.transfermarkt.com/pathe-ciss/profil/spieler/525578,https://www.transfermarkt.com/senegal/startseite/verein/3499,data/raw/20260612_130947_transfermarkt_Senegal_national_team_49e78571481a.html,2026-06-12T04:09:46+00:00
Senegal,15,Krépin Diatta,Right Midfield,25/02/1999,27,Krépin Diatta,€6.00m,6000000.0,https://www.transfermarkt.com/krepin-diatta/profil/spieler/490426,https://www.transfermarkt.com/senegal/startseite/verein/3499,data/raw/20260612_130947_transfermarkt_Senegal_national_team_49e78571481a.html,2026-06-12T04:09:46+00:00
Senegal,7,Assane Diao,Left Winger,07/09/2005,20,Assane Diao,€30.00m,30000000.0,https://www.transfermarkt.com/assane-diao/profil/spieler/1061282,https://www.transfermarkt.com/senegal/startseite/verein/3499,data/raw/20260612_130947_transfermarkt_Senegal_national_team_49e78571481a.html,2026-06-12T04:09:46+00:00
Senegal,10,Sadio Mané,Left Winger,10/04/1992,34,Sadio Mané,€6.00m,6000000.0,https://www.transfermarkt.com/sadio-mane/profil/spieler/200512,https://www.transfermarkt.com/senegal/startseite/verein/3499,data/raw/20260612_130947_transfermarkt_Senegal_national_team_49e78571481a.html,2026-06-12T04:09:46+00:00
Senegal,13,Iliman Ndiaye,Right Winger,06/03/2000,26,Iliman Ndiaye,€55.00m,55000000.0,https://www.transfermarkt.com/iliman-ndiaye/profil/spieler/623570,https://www.transfermarkt.com/senegal/startseite/verein/3499,data/raw/20260612_130947_transfermarkt_Senegal_national_team_49e78571481a.html,2026-06-12T04:09:46+00:00
Senegal,18,Ismaïla Sarr,Right Winger,25/02/1998,28,Ismaïla Sarr,€40.00m,40000000.0,https://www.transfermarkt.com/ismaila-sarr/profil/spieler/410225,https://www.transfermarkt.com/senegal/startseite/verein/3499,data/raw/20260612_130947_transfermarkt_Senegal_national_team_49e78571481a.html,2026-06-12T04:09:46+00:00
Senegal,20,Ibrahim Mbaye,Right Winger,24/01/2008,18,Ibrahim Mbaye,€30.00m,30000000.0,https://www.transfermarkt.com/ibrahim-mbaye/profil/spieler/1185888,https://www.transfermarkt.com/senegal/startseite/verein/3499,data/raw/20260612_130947_transfermarkt_Senegal_national_team_49e78571481a.html,2026-06-12T04:09:46+00:00
Senegal,11,Nicolas Jackson,Centre-Forward,20/06/2001,24,Nicolas Jackson,€40.00m,40000000.0,https://www.transfermarkt.com/nicolas-jackson/profil/spieler/776890,https://www.transfermarkt.com/senegal/startseite/verein/3499,data/raw/20260612_130947_transfermarkt_Senegal_national_team_49e78571481a.html,2026-06-12T04:09:46+00:00
Senegal,9,Bamba Dieng,Centre-Forward,23/03/2000,26,Bamba Dieng,€15.00m,15000000.0,https://www.transfermarkt.com/bamba-dieng/profil/spieler/822458,https://www.transfermarkt.com/senegal/startseite/verein/3499,data/raw/20260612_130947_transfermarkt_Senegal_national_team_49e78571481a.html,2026-06-12T04:09:46+00:00
Senegal,12,Cherif Ndiaye,Centre-Forward,23/01/1996,30,Cherif Ndiaye,€5.00m,5000000.0,https://www.transfermarkt.com/cherif-ndiaye/profil/spieler/480705,https://www.transfermarkt.com/senegal/startseite/verein/3499,data/raw/20260612_130947_transfermarkt_Senegal_national_team_49e78571481a.html,2026-06-12T04:09:46+00:00
Iraq,22,Ahmed Basil Fadhil,Goalkeeper,19/08/1996,29,Ahmed Basil Fadhil,€450k,450000.0,https://www.transfermarkt.com/ahmed-basil-fadhil/profil/spieler/560952,https://www.transfermarkt.com/irak/startseite/verein/3560,data/raw/20260612_130950_transfermarkt_Iraq_national_team_6d8782f2a3da.html,2026-06-12T04:09:50+00:00
Iraq,1,Fahad Talib,Goalkeeper,21/10/1994,31,Fahad Talib,€375k,375000.0,https://www.transfermarkt.com/fahad-talib/profil/spieler/377268,https://www.transfermarkt.com/irak/startseite/verein/3560,data/raw/20260612_130950_transfermarkt_Iraq_national_team_6d8782f2a3da.html,2026-06-12T04:09:50+00:00
Iraq,12,Jalal Hassan,Goalkeeper,18/05/1991,35,Jalal Hassan,€250k,250000.0,https://www.transfermarkt.com/jalal-hassan/profil/spieler/206782,https://www.transfermarkt.com/irak/startseite/verein/3560,data/raw/20260612_130950_transfermarkt_Iraq_national_team_6d8782f2a3da.html,2026-06-12T04:09:50+00:00
Iraq,5,Akam Hashem,Centre-Back,16/08/1998,27,Akam Hashem,€700k,700000.0,https://www.transfermarkt.com/akam-hashem/profil/spieler/933541,https://www.transfermarkt.com/irak/startseite/verein/3560,data/raw/20260612_130950_transfermarkt_Iraq_national_team_6d8782f2a3da.html,2026-06-12T04:09:50+00:00
Iraq,4,Zaid Tahseen,Centre-Back,29/01/2001,25,Zaid Tahseen,€600k,600000.0,https://www.transfermarkt.com/zaid-tahseen/profil/spieler/931147,https://www.transfermarkt.com/irak/startseite/verein/3560,data/raw/20260612_130950_transfermarkt_Iraq_national_team_6d8782f2a3da.html,2026-06-12T04:09:50+00:00
Iraq,26,Frans Putros,Centre-Back,14/07/1993,32,Frans Putros,€325k,325000.0,https://www.transfermarkt.com/frans-putros/profil/spieler/166460,https://www.transfermarkt.com/irak/startseite/verein/3560,data/raw/20260612_130950_transfermarkt_Iraq_national_team_6d8782f2a3da.html,2026-06-12T04:09:50+00:00
Iraq,6,Manaf Younis,Centre-Back,16/11/1996,29,Manaf Younis,€300k,300000.0,https://www.transfermarkt.com/manaf-younis/profil/spieler/945266,https://www.transfermarkt.com/irak/startseite/verein/3560,data/raw/20260612_130950_transfermarkt_Iraq_national_team_6d8782f2a3da.html,2026-06-12T04:09:50+00:00
Iraq,2,Rebin Sulaka,Centre-Back,12/04/1992,34,Rebin Sulaka,€100k,100000.0,https://www.transfermarkt.com/rebin-sulaka/profil/spieler/217073,https://www.transfermarkt.com/irak/startseite/verein/3560,data/raw/20260612_130950_transfermarkt_Iraq_national_team_6d8782f2a3da.html,2026-06-12T04:09:50+00:00
Iraq,23,Merchas Doski,Left-Back,07/12/1999,26,Merchas Doski,€1.70m,1700000.0,https://www.transfermarkt.com/merchas-doski/profil/spieler/530527,https://www.transfermarkt.com/irak/startseite/verein/3560,data/raw/20260612_130950_transfermarkt_Iraq_national_team_6d8782f2a3da.html,2026-06-12T04:09:50+00:00
Iraq,15,Ahmed Maknzi,Left-Back,24/09/2001,24,Ahmed Maknzi,€450k,450000.0,https://www.transfermarkt.com/ahmed-maknzi/profil/spieler/881506,https://www.transfermarkt.com/irak/startseite/verein/3560,data/raw/20260612_130950_transfermarkt_Iraq_national_team_6d8782f2a3da.html,2026-06-12T04:09:50+00:00
Iraq,3,Hussein Ali,Right-Back,01/03/2002,24,Hussein Ali,€400k,400000.0,https://www.transfermarkt.com/hussein-ali/profil/spieler/585325,https://www.transfermarkt.com/irak/startseite/verein/3560,data/raw/20260612_130950_transfermarkt_Iraq_national_team_6d8782f2a3da.html,2026-06-12T04:09:50+00:00
Iraq,25,Mustafa Saadoon,Right-Back,25/05/2001,25,Mustafa Saadoon,€350k,350000.0,https://www.transfermarkt.com/mustafa-saadoon/profil/spieler/952341,https://www.transfermarkt.com/irak/startseite/verein/3560,data/raw/20260612_130950_transfermarkt_Iraq_national_team_6d8782f2a3da.html,2026-06-12T04:09:50+00:00
Iraq,16,Amir Al-Ammari,Defensive Midfield,27/07/1997,28,Amir Al-Ammari,€1.00m,1000000.0,https://www.transfermarkt.com/amir-al-ammari/profil/spieler/303766,https://www.transfermarkt.com/irak/startseite/verein/3560,data/raw/20260612_130950_transfermarkt_Iraq_national_team_6d8782f2a3da.html,2026-06-12T04:09:50+00:00
Iraq,24,Zaid Ismail,Defensive Midfield,03/01/2002,24,Zaid Ismail,€500k,500000.0,https://www.transfermarkt.com/zaid-ismail/profil/spieler/1132850,https://www.transfermarkt.com/irak/startseite/verein/3560,data/raw/20260612_130950_transfermarkt_Iraq_national_team_6d8782f2a3da.html,2026-06-12T04:09:50+00:00
Iraq,20,Aimar Sher,Central Midfield,20/12/2002,23,Aimar Sher,€1.50m,1500000.0,https://www.transfermarkt.com/aimar-sher/profil/spieler/579294,https://www.transfermarkt.com/irak/startseite/verein/3560,data/raw/20260612_130950_transfermarkt_Iraq_national_team_6d8782f2a3da.html,2026-06-12T04:09:50+00:00
Iraq,14,Zidane Iqbal,Central Midfield,27/04/2003,23,Zidane Iqbal,€1.00m,1000000.0,https://www.transfermarkt.com/zidane-iqbal/profil/spieler/686845,https://www.transfermarkt.com/irak/startseite/verein/3560,data/raw/20260612_130950_transfermarkt_Iraq_national_team_6d8782f2a3da.html,2026-06-12T04:09:50+00:00
Iraq,19,Kevin Yakob,Central Midfield,10/10/2000,25,Kevin Yakob,€850k,850000.0,https://www.transfermarkt.com/kevin-yakob/profil/spieler/413268,https://www.transfermarkt.com/irak/startseite/verein/3560,data/raw/20260612_130950_transfermarkt_Iraq_national_team_6d8782f2a3da.html,2026-06-12T04:09:50+00:00
Iraq,8,Ibrahim Bayesh,Attacking Midfield,01/05/2000,26,Ibrahim Bayesh,€800k,800000.0,https://www.transfermarkt.com/ibrahim-bayesh/profil/spieler/560957,https://www.transfermarkt.com/irak/startseite/verein/3560,data/raw/20260612_130950_transfermarkt_Iraq_national_team_6d8782f2a3da.html,2026-06-12T04:09:50+00:00
Iraq,21,Marko Farji,Left Winger,16/03/2004,22,Marko Farji,€1.70m,1700000.0,https://www.transfermarkt.com/marko-farji/profil/spieler/663153,https://www.transfermarkt.com/irak/startseite/verein/3560,data/raw/20260612_130950_transfermarkt_Iraq_national_team_6d8782f2a3da.html,2026-06-12T04:09:50+00:00
Iraq,7,Youssef Amyn,Left Winger,21/08/2003,22,Youssef Amyn,€550k,550000.0,https://www.transfermarkt.com/youssef-amyn/profil/spieler/684307,https://www.transfermarkt.com/irak/startseite/verein/3560,data/raw/20260612_130950_transfermarkt_Iraq_national_team_6d8782f2a3da.html,2026-06-12T04:09:50+00:00
Iraq,17,Ali Jasim,Left Winger,20/01/2004,22,Ali Jasim,€500k,500000.0,https://www.transfermarkt.com/ali-jasim/profil/spieler/877672,https://www.transfermarkt.com/irak/startseite/verein/3560,data/raw/20260612_130950_transfermarkt_Iraq_national_team_6d8782f2a3da.html,2026-06-12T04:09:50+00:00
Iraq,11,Ahmed Qasem,Right Winger,12/07/2003,22,Ahmed Qasem,€3.50m,3500000.0,https://www.transfermarkt.com/ahmed-qasem/profil/spieler/833817,https://www.transfermarkt.com/irak/startseite/verein/3560,data/raw/20260612_130950_transfermarkt_Iraq_national_team_6d8782f2a3da.html,2026-06-12T04:09:50+00:00
Iraq,9,Ali Al-Hamadi,Centre-Forward,01/03/2002,24,Ali Al-Hamadi,€1.50m,1500000.0,https://www.transfermarkt.com/ali-al-hamadi/profil/spieler/610581,https://www.transfermarkt.com/irak/startseite/verein/3560,data/raw/20260612_130950_transfermarkt_Iraq_national_team_6d8782f2a3da.html,2026-06-12T04:09:50+00:00
Iraq,10,Mohanad Ali,Centre-Forward,20/06/2000,25,Mohanad Ali,€1.20m,1200000.0,https://www.transfermarkt.com/mohanad-ali/profil/spieler/589646,https://www.transfermarkt.com/irak/startseite/verein/3560,data/raw/20260612_130950_transfermarkt_Iraq_national_team_6d8782f2a3da.html,2026-06-12T04:09:50+00:00
Iraq,18,Aymen Hussein,Centre-Forward,22/03/1996,30,Aymen Hussein,€400k,400000.0,https://www.transfermarkt.com/aymen-hussein/profil/spieler/401054,https://www.transfermarkt.com/irak/startseite/verein/3560,data/raw/20260612_130950_transfermarkt_Iraq_national_team_6d8782f2a3da.html,2026-06-12T04:09:50+00:00
Iraq,13,Ali Yousif,Centre-Forward,19/01/1996,30,Ali Yousif,€200k,200000.0,https://www.transfermarkt.com/ali-yousif/profil/spieler/576265,https://www.transfermarkt.com/irak/startseite/verein/3560,data/raw/20260612_130950_transfermarkt_Iraq_national_team_6d8782f2a3da.html,2026-06-12T04:09:50+00:00
Norway,12,Sander Tangvik,Goalkeeper,29/11/2002,23,Sander Tangvik,€3.00m,3000000.0,https://www.transfermarkt.com/sander-tangvik/profil/spieler/549378,https://www.transfermarkt.com/norwegen/startseite/verein/3440,data/raw/20260612_130954_transfermarkt_Norway_national_team_30d44385cc9d.html,2026-06-12T04:09:53+00:00
Norway,13,Egil Selvik,Goalkeeper,30/07/1997,28,Egil Selvik,€1.50m,1500000.0,https://www.transfermarkt.com/egil-selvik/profil/spieler/380744,https://www.transfermarkt.com/norwegen/startseite/verein/3440,data/raw/20260612_130954_transfermarkt_Norway_national_team_30d44385cc9d.html,2026-06-12T04:09:53+00:00
Norway,1,Ørjan Nyland,Goalkeeper,10/09/1990,35,Ørjan Nyland,€800k,800000.0,https://www.transfermarkt.com/orjan-nyland/profil/spieler/73517,https://www.transfermarkt.com/norwegen/startseite/verein/3440,data/raw/20260612_130954_transfermarkt_Norway_national_team_30d44385cc9d.html,2026-06-12T04:09:53+00:00
Norway,3,Kristoffer Ajer,Centre-Back,17/04/1998,28,Kristoffer Ajer,€18.00m,18000000.0,https://www.transfermarkt.com/kristoffer-ajer/profil/spieler/328658,https://www.transfermarkt.com/norwegen/startseite/verein/3440,data/raw/20260612_130954_transfermarkt_Norway_national_team_30d44385cc9d.html,2026-06-12T04:09:53+00:00
Norway,4,Leo Østigård,Centre-Back,28/11/1999,26,Leo Østigård,€13.00m,13000000.0,https://www.transfermarkt.com/leo-ostigard/profil/spieler/367284,https://www.transfermarkt.com/norwegen/startseite/verein/3440,data/raw/20260612_130954_transfermarkt_Norway_national_team_30d44385cc9d.html,2026-06-12T04:09:53+00:00
Norway,17,Torbjørn Heggem,Centre-Back,12/01/1999,27,Torbjørn Heggem,€13.00m,13000000.0,https://www.transfermarkt.com/torbjorn-heggem/profil/spieler/464469,https://www.transfermarkt.com/norwegen/startseite/verein/3440,data/raw/20260612_130954_transfermarkt_Norway_national_team_30d44385cc9d.html,2026-06-12T04:09:53+00:00
Norway,25,Henrik Falchener,Centre-Back,08/05/2003,23,Henrik Falchener,€6.00m,6000000.0,https://www.transfermarkt.com/henrik-falchener/profil/spieler/743088,https://www.transfermarkt.com/norwegen/startseite/verein/3440,data/raw/20260612_130954_transfermarkt_Norway_national_team_30d44385cc9d.html,2026-06-12T04:09:53+00:00
Norway,24,Sondre Langås,Centre-Back,02/02/2001,25,Sondre Langås,€4.00m,4000000.0,https://www.transfermarkt.com/sondre-langas/profil/spieler/737837,https://www.transfermarkt.com/norwegen/startseite/verein/3440,data/raw/20260612_130954_transfermarkt_Norway_national_team_30d44385cc9d.html,2026-06-12T04:09:53+00:00
Norway,5,David Møller Wolfe,Left-Back,23/04/2002,24,David Møller Wolfe,€8.00m,8000000.0,https://www.transfermarkt.com/david-moller-wolfe/profil/spieler/661427,https://www.transfermarkt.com/norwegen/startseite/verein/3440,data/raw/20260612_130954_transfermarkt_Norway_national_team_30d44385cc9d.html,2026-06-12T04:09:53+00:00
Norway,15,Fredrik Bjørkan,Left-Back,21/08/1998,27,Fredrik Bjørkan,€3.50m,3500000.0,https://www.transfermarkt.com/fredrik-bjorkan/profil/spieler/364938,https://www.transfermarkt.com/norwegen/startseite/verein/3440,data/raw/20260612_130954_transfermarkt_Norway_national_team_30d44385cc9d.html,2026-06-12T04:09:53+00:00
Norway,26,Julian Ryerson,Right-Back,17/11/1997,28,Julian Ryerson,€25.00m,25000000.0,https://www.transfermarkt.com/julian-ryerson/profil/spieler/370789,https://www.transfermarkt.com/norwegen/startseite/verein/3440,data/raw/20260612_130954_transfermarkt_Norway_national_team_30d44385cc9d.html,2026-06-12T04:09:53+00:00
Norway,16,Marcus Pedersen,Right-Back,16/07/2000,25,Marcus Pedersen,€3.50m,3500000.0,https://www.transfermarkt.com/marcus-pedersen/profil/spieler/583404,https://www.transfermarkt.com/norwegen/startseite/verein/3440,data/raw/20260612_130954_transfermarkt_Norway_national_team_30d44385cc9d.html,2026-06-12T04:09:53+00:00
Norway,8,Sander Berge,Defensive Midfield,14/02/1998,28,Sander Berge,€25.00m,25000000.0,https://www.transfermarkt.com/sander-berge/profil/spieler/333014,https://www.transfermarkt.com/norwegen/startseite/verein/3440,data/raw/20260612_130954_transfermarkt_Norway_national_team_30d44385cc9d.html,2026-06-12T04:09:53+00:00
Norway,6,Patrick Berg,Defensive Midfield,24/11/1997,28,Patrick Berg,€8.00m,8000000.0,https://www.transfermarkt.com/patrick-berg/profil/spieler/308439,https://www.transfermarkt.com/norwegen/startseite/verein/3440,data/raw/20260612_130954_transfermarkt_Norway_national_team_30d44385cc9d.html,2026-06-12T04:09:53+00:00
Norway,14,Fredrik Aursnes,Central Midfield,10/12/1995,30,Fredrik Aursnes,€15.00m,15000000.0,https://www.transfermarkt.com/fredrik-aursnes/profil/spieler/223367,https://www.transfermarkt.com/norwegen/startseite/verein/3440,data/raw/20260612_130954_transfermarkt_Norway_national_team_30d44385cc9d.html,2026-06-12T04:09:53+00:00
Norway,18,Kristian Thorstvedt,Central Midfield,13/03/1999,27,Kristian Thorstvedt,€12.00m,12000000.0,https://www.transfermarkt.com/kristian-thorstvedt/profil/spieler/564785,https://www.transfermarkt.com/norwegen/startseite/verein/3440,data/raw/20260612_130954_transfermarkt_Norway_national_team_30d44385cc9d.html,2026-06-12T04:09:53+00:00
Norway,2,Morten Thorsby,Central Midfield,05/05/1996,30,Morten Thorsby,€2.80m,2800000.0,https://www.transfermarkt.com/morten-thorsby/profil/spieler/226524,https://www.transfermarkt.com/norwegen/startseite/verein/3440,data/raw/20260612_130954_transfermarkt_Norway_national_team_30d44385cc9d.html,2026-06-12T04:09:53+00:00
Norway,10,Martin Ødegaard,Attacking Midfield,17/12/1998,27,Martin Ødegaard,€65.00m,65000000.0,https://www.transfermarkt.com/martin-odegaard/profil/spieler/316264,https://www.transfermarkt.com/norwegen/startseite/verein/3440,data/raw/20260612_130954_transfermarkt_Norway_national_team_30d44385cc9d.html,2026-06-12T04:09:53+00:00
Norway,19,Thelo Aasgaard,Attacking Midfield,02/05/2002,24,Thelo Aasgaard,€2.80m,2800000.0,https://www.transfermarkt.com/thelo-aasgaard/profil/spieler/647384,https://www.transfermarkt.com/norwegen/startseite/verein/3440,data/raw/20260612_130954_transfermarkt_Norway_national_team_30d44385cc9d.html,2026-06-12T04:09:53+00:00
Norway,20,Antonio Nusa,Left Winger,17/04/2005,21,Antonio Nusa,€32.00m,32000000.0,https://www.transfermarkt.com/antonio-nusa/profil/spieler/894914,https://www.transfermarkt.com/norwegen/startseite/verein/3440,data/raw/20260612_130954_transfermarkt_Norway_national_team_30d44385cc9d.html,2026-06-12T04:09:53+00:00
Norway,21,Andreas Schjelderup,Left Winger,01/06/2004,22,Andreas Schjelderup,€30.00m,30000000.0,https://www.transfermarkt.com/andreas-schjelderup/profil/spieler/670103,https://www.transfermarkt.com/norwegen/startseite/verein/3440,data/raw/20260612_130954_transfermarkt_Norway_national_team_30d44385cc9d.html,2026-06-12T04:09:53+00:00
Norway,23,Jens Petter Hauge,Left Winger,12/10/1999,26,Jens Petter Hauge,€12.00m,12000000.0,https://www.transfermarkt.com/jens-petter-hauge/profil/spieler/422355,https://www.transfermarkt.com/norwegen/startseite/verein/3440,data/raw/20260612_130954_transfermarkt_Norway_national_team_30d44385cc9d.html,2026-06-12T04:09:53+00:00
Norway,22,Oscar Bobb,Right Winger,12/07/2003,22,Oscar Bobb,€28.00m,28000000.0,https://www.transfermarkt.com/oscar-bobb/profil/spieler/661207,https://www.transfermarkt.com/norwegen/startseite/verein/3440,data/raw/20260612_130954_transfermarkt_Norway_national_team_30d44385cc9d.html,2026-06-12T04:09:53+00:00
Norway,9,Erling Haaland,Centre-Forward,21/07/2000,25,Erling Haaland,€200.00m,200000000.0,https://www.transfermarkt.com/erling-haaland/profil/spieler/418560,https://www.transfermarkt.com/norwegen/startseite/verein/3440,data/raw/20260612_130954_transfermarkt_Norway_national_team_30d44385cc9d.html,2026-06-12T04:09:53+00:00
Norway,11,Jørgen Strand Larsen,Centre-Forward,06/02/2000,26,Jørgen Strand Larsen,€40.00m,40000000.0,https://www.transfermarkt.com/jorgen-strand-larsen/profil/spieler/429983,https://www.transfermarkt.com/norwegen/startseite/verein/3440,data/raw/20260612_130954_transfermarkt_Norway_national_team_30d44385cc9d.html,2026-06-12T04:09:53+00:00
Norway,7,Alexander Sørloth,Centre-Forward,05/12/1995,30,Alexander Sørloth,€18.00m,18000000.0,https://www.transfermarkt.com/alexander-sorloth/profil/spieler/238407,https://www.transfermarkt.com/norwegen/startseite/verein/3440,data/raw/20260612_130954_transfermarkt_Norway_national_team_30d44385cc9d.html,2026-06-12T04:09:53+00:00
Argentina,23,Emiliano Martínez,Goalkeeper,02/09/1992,33,Emiliano Martínez,€12.00m,12000000.0,https://www.transfermarkt.com/emiliano-martinez/profil/spieler/111873,https://www.transfermarkt.com/argentinien/startseite/verein/3437,data/raw/20260612_130957_transfermarkt_Argentina_national_team_19b2bdd41665.html,2026-06-12T04:09:57+00:00
Argentina,12,Gerónimo Rulli,Goalkeeper,20/05/1992,34,Gerónimo Rulli,€6.00m,6000000.0,https://www.transfermarkt.com/geronimo-rulli/profil/spieler/229604,https://www.transfermarkt.com/argentinien/startseite/verein/3437,data/raw/20260612_130957_transfermarkt_Argentina_national_team_19b2bdd41665.html,2026-06-12T04:09:57+00:00
Argentina,1,Juan Musso,Goalkeeper,06/05/1994,32,Juan Musso,€3.00m,3000000.0,https://www.transfermarkt.com/juan-musso/profil/spieler/242359,https://www.transfermarkt.com/argentinien/startseite/verein/3437,data/raw/20260612_130957_transfermarkt_Argentina_national_team_19b2bdd41665.html,2026-06-12T04:09:57+00:00
Argentina,13,Cristian Romero,Centre-Back,27/04/1998,28,Cristian Romero,€45.00m,45000000.0,https://www.transfermarkt.com/cristian-romero/profil/spieler/355915,https://www.transfermarkt.com/argentinien/startseite/verein/3437,data/raw/20260612_130957_transfermarkt_Argentina_national_team_19b2bdd41665.html,2026-06-12T04:09:57+00:00
Argentina,6,Lisandro Martínez,Centre-Back,18/01/1998,28,Lisandro Martínez,€40.00m,40000000.0,https://www.transfermarkt.com/lisandro-martinez/profil/spieler/480762,https://www.transfermarkt.com/argentinien/startseite/verein/3437,data/raw/20260612_130957_transfermarkt_Argentina_national_team_19b2bdd41665.html,2026-06-12T04:09:57+00:00
Argentina,2,Marcos Senesi,Centre-Back,10/05/1997,29,Marcos Senesi,€25.00m,25000000.0,https://www.transfermarkt.com/marcos-senesi/profil/spieler/469781,https://www.transfermarkt.com/argentinien/startseite/verein/3437,data/raw/20260612_130957_transfermarkt_Argentina_national_team_19b2bdd41665.html,2026-06-12T04:09:57+00:00
Argentina,25,Facundo Medina,Centre-Back,28/05/1999,27,Facundo Medina,€18.00m,18000000.0,https://www.transfermarkt.com/facundo-medina/profil/spieler/474800,https://www.transfermarkt.com/argentinien/startseite/verein/3437,data/raw/20260612_130957_transfermarkt_Argentina_national_team_19b2bdd41665.html,2026-06-12T04:09:57+00:00
Argentina,19,Nicolás Otamendi,Centre-Back,12/02/1988,38,Nicolás Otamendi,€1.00m,1000000.0,https://www.transfermarkt.com/nicolas-otamendi/profil/spieler/54781,https://www.transfermarkt.com/argentinien/startseite/verein/3437,data/raw/20260612_130957_transfermarkt_Argentina_national_team_19b2bdd41665.html,2026-06-12T04:09:57+00:00
Argentina,3,Nicolás Tagliafico,Left-Back,31/08/1992,33,Nicolás Tagliafico,€4.00m,4000000.0,https://www.transfermarkt.com/nicolas-tagliafico/profil/spieler/131225,https://www.transfermarkt.com/argentinien/startseite/verein/3437,data/raw/20260612_130957_transfermarkt_Argentina_national_team_19b2bdd41665.html,2026-06-12T04:09:57+00:00
Argentina,26,Nahuel Molina,Right-Back,06/04/1998,28,Nahuel Molina,€15.00m,15000000.0,https://www.transfermarkt.com/nahuel-molina/profil/spieler/424042,https://www.transfermarkt.com/argentinien/startseite/verein/3437,data/raw/20260612_130957_transfermarkt_Argentina_national_team_19b2bdd41665.html,2026-06-12T04:09:57+00:00
Argentina,4,Gonzalo Montiel,Right-Back,01/01/1997,29,Gonzalo Montiel,€4.50m,4500000.0,https://www.transfermarkt.com/gonzalo-montiel/profil/spieler/402733,https://www.transfermarkt.com/argentinien/startseite/verein/3437,data/raw/20260612_130957_transfermarkt_Argentina_national_team_19b2bdd41665.html,2026-06-12T04:09:57+00:00
Argentina,5,Leandro Paredes,Defensive Midfield,29/06/1994,31,Leandro Paredes,€5.00m,5000000.0,https://www.transfermarkt.com/leandro-paredes/profil/spieler/166237,https://www.transfermarkt.com/argentinien/startseite/verein/3437,data/raw/20260612_130957_transfermarkt_Argentina_national_team_19b2bdd41665.html,2026-06-12T04:09:57+00:00
Argentina,24,Enzo Fernández,Central Midfield,17/01/2001,25,Enzo Fernández,€90.00m,90000000.0,https://www.transfermarkt.com/enzo-fernandez/profil/spieler/648195,https://www.transfermarkt.com/argentinien/startseite/verein/3437,data/raw/20260612_130957_transfermarkt_Argentina_national_team_19b2bdd41665.html,2026-06-12T04:09:57+00:00
Argentina,20,Alexis Mac Allister,Central Midfield,24/12/1998,27,Alexis Mac Allister,€70.00m,70000000.0,https://www.transfermarkt.com/alexis-mac-allister/profil/spieler/534033,https://www.transfermarkt.com/argentinien/startseite/verein/3437,data/raw/20260612_130957_transfermarkt_Argentina_national_team_19b2bdd41665.html,2026-06-12T04:09:57+00:00
Argentina,8,Valentín Barco,Central Midfield,23/07/2004,21,Valentín Barco,€40.00m,40000000.0,https://www.transfermarkt.com/valentin-barco/profil/spieler/849410,https://www.transfermarkt.com/argentinien/startseite/verein/3437,data/raw/20260612_130957_transfermarkt_Argentina_national_team_19b2bdd41665.html,2026-06-12T04:09:57+00:00
Argentina,14,Exequiel Palacios,Central Midfield,05/10/1998,27,Exequiel Palacios,€25.00m,25000000.0,https://www.transfermarkt.com/exequiel-palacios/profil/spieler/401578,https://www.transfermarkt.com/argentinien/startseite/verein/3437,data/raw/20260612_130957_transfermarkt_Argentina_national_team_19b2bdd41665.html,2026-06-12T04:09:57+00:00
Argentina,7,Rodrigo De Paul,Central Midfield,24/05/1994,32,Rodrigo De Paul,€14.00m,14000000.0,https://www.transfermarkt.com/rodrigo-de-paul/profil/spieler/255901,https://www.transfermarkt.com/argentinien/startseite/verein/3437,data/raw/20260612_130957_transfermarkt_Argentina_national_team_19b2bdd41665.html,2026-06-12T04:09:57+00:00
Argentina,18,Nico Paz,Attacking Midfield,08/09/2004,21,Nico Paz,€80.00m,80000000.0,https://www.transfermarkt.com/nico-paz/profil/spieler/948294,https://www.transfermarkt.com/argentinien/startseite/verein/3437,data/raw/20260612_130957_transfermarkt_Argentina_national_team_19b2bdd41665.html,2026-06-12T04:09:57+00:00
Argentina,11,Giovani Lo Celso,Attacking Midfield,09/04/1996,30,Giovani Lo Celso,€8.00m,8000000.0,https://www.transfermarkt.com/giovani-lo-celso/profil/spieler/348795,https://www.transfermarkt.com/argentinien/startseite/verein/3437,data/raw/20260612_130957_transfermarkt_Argentina_national_team_19b2bdd41665.html,2026-06-12T04:09:57+00:00
Argentina,15,Nico González,Left Winger,06/04/1998,28,Nico González,€22.00m,22000000.0,https://www.transfermarkt.com/nico-gonzalez/profil/spieler/486031,https://www.transfermarkt.com/argentinien/startseite/verein/3437,data/raw/20260612_130957_transfermarkt_Argentina_national_team_19b2bdd41665.html,2026-06-12T04:09:57+00:00
Argentina,16,Thiago Almada,Left Winger,26/04/2001,25,Thiago Almada,€15.00m,15000000.0,https://www.transfermarkt.com/thiago-almada/profil/spieler/576028,https://www.transfermarkt.com/argentinien/startseite/verein/3437,data/raw/20260612_130957_transfermarkt_Argentina_national_team_19b2bdd41665.html,2026-06-12T04:09:57+00:00
Argentina,17,Giuliano Simeone,Right Winger,18/12/2002,23,Giuliano Simeone,€40.00m,40000000.0,https://www.transfermarkt.com/giuliano-simeone/profil/spieler/742201,https://www.transfermarkt.com/argentinien/startseite/verein/3437,data/raw/20260612_130957_transfermarkt_Argentina_national_team_19b2bdd41665.html,2026-06-12T04:09:57+00:00
Argentina,10,Lionel Messi,Right Winger,24/06/1987,38,Lionel Messi,€15.00m,15000000.0,https://www.transfermarkt.com/lionel-messi/profil/spieler/28003,https://www.transfermarkt.com/argentinien/startseite/verein/3437,data/raw/20260612_130957_transfermarkt_Argentina_national_team_19b2bdd41665.html,2026-06-12T04:09:57+00:00
Argentina,9,Julián Alvarez,Centre-Forward,31/01/2000,26,Julián Alvarez,€100.00m,100000000.0,https://www.transfermarkt.com/julian-alvarez/profil/spieler/576024,https://www.transfermarkt.com/argentinien/startseite/verein/3437,data/raw/20260612_130957_transfermarkt_Argentina_national_team_19b2bdd41665.html,2026-06-12T04:09:57+00:00
Argentina,22,Lautaro Martínez,Centre-Forward,22/08/1997,28,Lautaro Martínez,€85.00m,85000000.0,https://www.transfermarkt.com/lautaro-martinez/profil/spieler/406625,https://www.transfermarkt.com/argentinien/startseite/verein/3437,data/raw/20260612_130957_transfermarkt_Argentina_national_team_19b2bdd41665.html,2026-06-12T04:09:57+00:00
Argentina,21,José Manuel López,Centre-Forward,06/12/2000,25,José Manuel López,€25.00m,25000000.0,https://www.transfermarkt.com/jose-manuel-lopez/profil/spieler/844797,https://www.transfermarkt.com/argentinien/startseite/verein/3437,data/raw/20260612_130957_transfermarkt_Argentina_national_team_19b2bdd41665.html,2026-06-12T04:09:57+00:00
Algeria,23,Luca Zidane,Goalkeeper,13/05/1998,28,Luca Zidane,€1.00m,1000000.0,https://www.transfermarkt.com/luca-zidane/profil/spieler/283489,https://www.transfermarkt.com/algerien/startseite/verein/3614,data/raw/20260612_131001_transfermarkt_Algeria_national_team_c00a591eadfb.html,2026-06-12T04:10:00+00:00
Algeria,16,Oussama Benbout,Goalkeeper,11/10/1994,31,Oussama Benbout,€850k,850000.0,https://www.transfermarkt.com/oussama-benbout/profil/spieler/437982,https://www.transfermarkt.com/algerien/startseite/verein/3614,data/raw/20260612_131001_transfermarkt_Algeria_national_team_c00a591eadfb.html,2026-06-12T04:10:00+00:00
Algeria,1,Melvin Mastil,Goalkeeper,19/02/2000,26,Melvin Mastil,€250k,250000.0,https://www.transfermarkt.com/melvin-mastil/profil/spieler/534398,https://www.transfermarkt.com/algerien/startseite/verein/3614,data/raw/20260612_131001_transfermarkt_Algeria_national_team_c00a591eadfb.html,2026-06-12T04:10:00+00:00
Algeria,21,Ramy Bensebaini,Centre-Back,16/04/1995,31,Ramy Bensebaini,€7.00m,7000000.0,https://www.transfermarkt.com/ramy-bensebaini/profil/spieler/284732,https://www.transfermarkt.com/algerien/startseite/verein/3614,data/raw/20260612_131001_transfermarkt_Algeria_national_team_c00a591eadfb.html,2026-06-12T04:10:00+00:00
Algeria,26,Samir Chergui,Centre-Back,06/02/1999,27,Samir Chergui,€3.00m,3000000.0,https://www.transfermarkt.com/samir-chergui/profil/spieler/668167,https://www.transfermarkt.com/algerien/startseite/verein/3614,data/raw/20260612_131001_transfermarkt_Algeria_national_team_c00a591eadfb.html,2026-06-12T04:10:00+00:00
Algeria,5,Zineddine Belaid,Centre-Back,20/03/1999,27,Zineddine Belaid,€1.80m,1800000.0,https://www.transfermarkt.com/zineddine-belaid/profil/spieler/625142,https://www.transfermarkt.com/algerien/startseite/verein/3614,data/raw/20260612_131001_transfermarkt_Algeria_national_team_c00a591eadfb.html,2026-06-12T04:10:00+00:00
Algeria,4,Mohamed Amine Tougai,Centre-Back,22/01/2000,26,Mohamed Amine Tougai,€1.30m,1300000.0,https://www.transfermarkt.com/mohamed-amine-tougai/profil/spieler/592396,https://www.transfermarkt.com/algerien/startseite/verein/3614,data/raw/20260612_131001_transfermarkt_Algeria_national_team_c00a591eadfb.html,2026-06-12T04:10:00+00:00
Algeria,2,Aïssa Mandi,Centre-Back,22/10/1991,34,Aïssa Mandi,€1.00m,1000000.0,https://www.transfermarkt.com/aissa-mandi/profil/spieler/80293,https://www.transfermarkt.com/algerien/startseite/verein/3614,data/raw/20260612_131001_transfermarkt_Algeria_national_team_c00a591eadfb.html,2026-06-12T04:10:00+00:00
Algeria,3,Achref Abada,Centre-Back,15/06/1999,26,Achref Abada,€1.00m,1000000.0,https://www.transfermarkt.com/achref-abada/profil/spieler/949929,https://www.transfermarkt.com/algerien/startseite/verein/3614,data/raw/20260612_131001_transfermarkt_Algeria_national_team_c00a591eadfb.html,2026-06-12T04:10:00+00:00
Algeria,15,Rayan Aït-Nouri,Left-Back,06/06/2001,25,Rayan Aït-Nouri,€40.00m,40000000.0,https://www.transfermarkt.com/rayan-ait-nouri/profil/spieler/578391,https://www.transfermarkt.com/algerien/startseite/verein/3614,data/raw/20260612_131001_transfermarkt_Algeria_national_team_c00a591eadfb.html,2026-06-12T04:10:00+00:00
Algeria,13,Jaouen Hadjam,Left-Back,26/03/2003,23,Jaouen Hadjam,€7.00m,7000000.0,https://www.transfermarkt.com/jaouen-hadjam/profil/spieler/750903,https://www.transfermarkt.com/algerien/startseite/verein/3614,data/raw/20260612_131001_transfermarkt_Algeria_national_team_c00a591eadfb.html,2026-06-12T04:10:00+00:00
Algeria,17,Rafik Belghali,Right-Back,07/06/2002,24,Rafik Belghali,€7.00m,7000000.0,https://www.transfermarkt.com/rafik-belghali/profil/spieler/864306,https://www.transfermarkt.com/algerien/startseite/verein/3614,data/raw/20260612_131001_transfermarkt_Algeria_national_team_c00a591eadfb.html,2026-06-12T04:10:00+00:00
Algeria,6,Ramiz Zerrouki,Defensive Midfield,26/05/1998,28,Ramiz Zerrouki,€6.50m,6500000.0,https://www.transfermarkt.com/ramiz-zerrouki/profil/spieler/416660,https://www.transfermarkt.com/algerien/startseite/verein/3614,data/raw/20260612_131001_transfermarkt_Algeria_national_team_c00a591eadfb.html,2026-06-12T04:10:00+00:00
Algeria,19,Nabil Bentaleb,Defensive Midfield,24/11/1994,31,Nabil Bentaleb,€4.50m,4500000.0,https://www.transfermarkt.com/nabil-bentaleb/profil/spieler/245537,https://www.transfermarkt.com/algerien/startseite/verein/3614,data/raw/20260612_131001_transfermarkt_Algeria_national_team_c00a591eadfb.html,2026-06-12T04:10:00+00:00
Algeria,14,Hicham Boudaoui,Central Midfield,23/09/1999,26,Hicham Boudaoui,€12.00m,12000000.0,https://www.transfermarkt.com/hicham-boudaoui/profil/spieler/560593,https://www.transfermarkt.com/algerien/startseite/verein/3614,data/raw/20260612_131001_transfermarkt_Algeria_national_team_c00a591eadfb.html,2026-06-12T04:10:00+00:00
Algeria,24,Yassine Titraoui,Central Midfield,26/07/2003,22,Yassine Titraoui,€7.00m,7000000.0,https://www.transfermarkt.com/yassine-titraoui/profil/spieler/748445,https://www.transfermarkt.com/algerien/startseite/verein/3614,data/raw/20260612_131001_transfermarkt_Algeria_national_team_c00a591eadfb.html,2026-06-12T04:10:00+00:00
Algeria,22,Ibrahim Maza,Attacking Midfield,24/11/2005,20,Ibrahim Maza,€45.00m,45000000.0,https://www.transfermarkt.com/ibrahim-maza/profil/spieler/905011,https://www.transfermarkt.com/algerien/startseite/verein/3614,data/raw/20260612_131001_transfermarkt_Algeria_national_team_c00a591eadfb.html,2026-06-12T04:10:00+00:00
Algeria,10,Farès Chaïbi,Attacking Midfield,28/11/2002,23,Farès Chaïbi,€15.00m,15000000.0,https://www.transfermarkt.com/fares-chaibi/profil/spieler/855015,https://www.transfermarkt.com/algerien/startseite/verein/3614,data/raw/20260612_131001_transfermarkt_Algeria_national_team_c00a591eadfb.html,2026-06-12T04:10:00+00:00
Algeria,8,Houssem Aouar,Attacking Midfield,30/06/1998,27,Houssem Aouar,€8.00m,8000000.0,https://www.transfermarkt.com/houssem-aouar/profil/spieler/395693,https://www.transfermarkt.com/algerien/startseite/verein/3614,data/raw/20260612_131001_transfermarkt_Algeria_national_team_c00a591eadfb.html,2026-06-12T04:10:00+00:00
Algeria,20,Adil Boulbina,Left Winger,02/05/2003,23,Adil Boulbina,€3.00m,3000000.0,https://www.transfermarkt.com/adil-boulbina/profil/spieler/748443,https://www.transfermarkt.com/algerien/startseite/verein/3614,data/raw/20260612_131001_transfermarkt_Algeria_national_team_c00a591eadfb.html,2026-06-12T04:10:00+00:00
Algeria,11,Anis Hadj Moussa,Right Winger,11/02/2002,24,Anis Hadj Moussa,€23.00m,23000000.0,https://www.transfermarkt.com/anis-hadj-moussa/profil/spieler/917911,https://www.transfermarkt.com/algerien/startseite/verein/3614,data/raw/20260612_131001_transfermarkt_Algeria_national_team_c00a591eadfb.html,2026-06-12T04:10:00+00:00
Algeria,25,Farès Ghedjemis,Right Winger,06/09/2002,23,Farès Ghedjemis,€7.50m,7500000.0,https://www.transfermarkt.com/fares-ghedjemis/profil/spieler/888738,https://www.transfermarkt.com/algerien/startseite/verein/3614,data/raw/20260612_131001_transfermarkt_Algeria_national_team_c00a591eadfb.html,2026-06-12T04:10:00+00:00
Algeria,7,Riyad Mahrez,Right Winger,21/02/1991,35,Riyad Mahrez,€5.00m,5000000.0,https://www.transfermarkt.com/riyad-mahrez/profil/spieler/171424,https://www.transfermarkt.com/algerien/startseite/verein/3614,data/raw/20260612_131001_transfermarkt_Algeria_national_team_c00a591eadfb.html,2026-06-12T04:10:00+00:00
Algeria,9,Amine Gouiri,Centre-Forward,16/02/2000,26,Amine Gouiri,€28.00m,28000000.0,https://www.transfermarkt.com/amine-gouiri/profil/spieler/418659,https://www.transfermarkt.com/algerien/startseite/verein/3614,data/raw/20260612_131001_transfermarkt_Algeria_national_team_c00a591eadfb.html,2026-06-12T04:10:00+00:00
Algeria,18,Mohamed Amoura,Centre-Forward,09/05/2000,26,Mohamed Amoura,€20.00m,20000000.0,https://www.transfermarkt.com/mohamed-amoura/profil/spieler/746910,https://www.transfermarkt.com/algerien/startseite/verein/3614,data/raw/20260612_131001_transfermarkt_Algeria_national_team_c00a591eadfb.html,2026-06-12T04:10:00+00:00
Algeria,12,Nadhir Benbouali,Centre-Forward,17/04/2000,26,Nadhir Benbouali,€1.20m,1200000.0,https://www.transfermarkt.com/nadhir-benbouali/profil/spieler/840254,https://www.transfermarkt.com/algerien/startseite/verein/3614,data/raw/20260612_131001_transfermarkt_Algeria_national_team_c00a591eadfb.html,2026-06-12T04:10:00+00:00
Austria,12,Florian Wiegele,Goalkeeper,21/03/2001,25,Florian Wiegele,€2.20m,2200000.0,https://www.transfermarkt.com/florian-wiegele/profil/spieler/393999,https://www.transfermarkt.com/osterreich/startseite/verein/3383,data/raw/20260612_131006_transfermarkt_Austria_national_team_7370e4b94fef.html,2026-06-12T04:10:04+00:00
Austria,13,Patrick Pentz,Goalkeeper,02/01/1997,29,Patrick Pentz,€2.20m,2200000.0,https://www.transfermarkt.com/patrick-pentz/profil/spieler/223972,https://www.transfermarkt.com/osterreich/startseite/verein/3383,data/raw/20260612_131006_transfermarkt_Austria_national_team_7370e4b94fef.html,2026-06-12T04:10:04+00:00
Austria,1,Alexander Schlager,Goalkeeper,01/02/1996,30,Alexander Schlager,€2.00m,2000000.0,https://www.transfermarkt.com/alexander-schlager/profil/spieler/186374,https://www.transfermarkt.com/osterreich/startseite/verein/3383,data/raw/20260612_131006_transfermarkt_Austria_national_team_7370e4b94fef.html,2026-06-12T04:10:04+00:00
Austria,2,David Affengruber,Centre-Back,19/03/2001,25,David Affengruber,€20.00m,20000000.0,https://www.transfermarkt.com/david-affengruber/profil/spieler/452483,https://www.transfermarkt.com/osterreich/startseite/verein/3383,data/raw/20260612_131006_transfermarkt_Austria_national_team_7370e4b94fef.html,2026-06-12T04:10:04+00:00
Austria,3,Kevin Danso,Centre-Back,19/09/1998,27,Kevin Danso,€20.00m,20000000.0,https://www.transfermarkt.com/kevin-danso/profil/spieler/263236,https://www.transfermarkt.com/osterreich/startseite/verein/3383,data/raw/20260612_131006_transfermarkt_Austria_national_team_7370e4b94fef.html,2026-06-12T04:10:04+00:00
Austria,15,Philipp Lienhart,Centre-Back,11/07/1996,29,Philipp Lienhart,€10.00m,10000000.0,https://www.transfermarkt.com/philipp-lienhart/profil/spieler/225657,https://www.transfermarkt.com/osterreich/startseite/verein/3383,data/raw/20260612_131006_transfermarkt_Austria_national_team_7370e4b94fef.html,2026-06-12T04:10:04+00:00
Austria,23,Marco Friedl,Centre-Back,16/03/1998,28,Marco Friedl,€10.00m,10000000.0,https://www.transfermarkt.com/marco-friedl/profil/spieler/156990,https://www.transfermarkt.com/osterreich/startseite/verein/3383,data/raw/20260612_131006_transfermarkt_Austria_national_team_7370e4b94fef.html,2026-06-12T04:10:04+00:00
Austria,5,Stefan Posch,Centre-Back,14/05/1997,29,Stefan Posch,€6.00m,6000000.0,https://www.transfermarkt.com/stefan-posch/profil/spieler/223974,https://www.transfermarkt.com/osterreich/startseite/verein/3383,data/raw/20260612_131006_transfermarkt_Austria_national_team_7370e4b94fef.html,2026-06-12T04:10:04+00:00
Austria,25,Michael Svoboda,Centre-Back,15/10/1998,27,Michael Svoboda,€3.50m,3500000.0,https://www.transfermarkt.com/michael-svoboda/profil/spieler/438961,https://www.transfermarkt.com/osterreich/startseite/verein/3383,data/raw/20260612_131006_transfermarkt_Austria_national_team_7370e4b94fef.html,2026-06-12T04:10:04+00:00
Austria,8,David Alaba,Centre-Back,24/06/1992,33,David Alaba,€3.00m,3000000.0,https://www.transfermarkt.com/david-alaba/profil/spieler/59016,https://www.transfermarkt.com/osterreich/startseite/verein/3383,data/raw/20260612_131006_transfermarkt_Austria_national_team_7370e4b94fef.html,2026-06-12T04:10:04+00:00
Austria,16,Phillipp Mwene,Left-Back,29/01/1994,32,Phillipp Mwene,€1.50m,1500000.0,https://www.transfermarkt.com/phillipp-mwene/profil/spieler/127573,https://www.transfermarkt.com/osterreich/startseite/verein/3383,data/raw/20260612_131006_transfermarkt_Austria_national_team_7370e4b94fef.html,2026-06-12T04:10:04+00:00
Austria,20,Konrad Laimer,Right-Back,27/05/1997,29,Konrad Laimer,€32.00m,32000000.0,https://www.transfermarkt.com/konrad-laimer/profil/spieler/223967,https://www.transfermarkt.com/osterreich/startseite/verein/3383,data/raw/20260612_131006_transfermarkt_Austria_national_team_7370e4b94fef.html,2026-06-12T04:10:04+00:00
Austria,6,Nicolas Seiwald,Defensive Midfield,04/05/2001,25,Nicolas Seiwald,€25.00m,25000000.0,https://www.transfermarkt.com/nicolas-seiwald/profil/spieler/404950,https://www.transfermarkt.com/osterreich/startseite/verein/3383,data/raw/20260612_131006_transfermarkt_Austria_national_team_7370e4b94fef.html,2026-06-12T04:10:04+00:00
Austria,14,Dejan Ljubicic,Defensive Midfield,08/10/1997,28,Dejan Ljubicic,€3.00m,3000000.0,https://www.transfermarkt.com/dejan-ljubicic/profil/spieler/287188,https://www.transfermarkt.com/osterreich/startseite/verein/3383,data/raw/20260612_131006_transfermarkt_Austria_national_team_7370e4b94fef.html,2026-06-12T04:10:04+00:00
Austria,10,Florian Grillitsch,Defensive Midfield,07/08/1995,30,Florian Grillitsch,€2.50m,2500000.0,https://www.transfermarkt.com/florian-grillitsch/profil/spieler/195736,https://www.transfermarkt.com/osterreich/startseite/verein/3383,data/raw/20260612_131006_transfermarkt_Austria_national_team_7370e4b94fef.html,2026-06-12T04:10:04+00:00
Austria,24,Paul Wanner,Central Midfield,23/12/2005,20,Paul Wanner,€22.00m,22000000.0,https://www.transfermarkt.com/paul-wanner/profil/spieler/900909,https://www.transfermarkt.com/osterreich/startseite/verein/3383,data/raw/20260612_131006_transfermarkt_Austria_national_team_7370e4b94fef.html,2026-06-12T04:10:04+00:00
Austria,17,Carney Chukwuemeka,Central Midfield,20/10/2003,22,Carney Chukwuemeka,€20.00m,20000000.0,https://www.transfermarkt.com/carney-chukwuemeka/profil/spieler/659459,https://www.transfermarkt.com/osterreich/startseite/verein/3383,data/raw/20260612_131006_transfermarkt_Austria_national_team_7370e4b94fef.html,2026-06-12T04:10:04+00:00
Austria,4,Xaver Schlager,Central Midfield,28/09/1997,28,Xaver Schlager,€10.00m,10000000.0,https://www.transfermarkt.com/xaver-schlager/profil/spieler/223979,https://www.transfermarkt.com/osterreich/startseite/verein/3383,data/raw/20260612_131006_transfermarkt_Austria_national_team_7370e4b94fef.html,2026-06-12T04:10:04+00:00
Austria,9,Marcel Sabitzer,Central Midfield,17/03/1994,32,Marcel Sabitzer,€6.00m,6000000.0,https://www.transfermarkt.com/marcel-sabitzer/profil/spieler/106987,https://www.transfermarkt.com/osterreich/startseite/verein/3383,data/raw/20260612_131006_transfermarkt_Austria_national_team_7370e4b94fef.html,2026-06-12T04:10:04+00:00
Austria,26,Alessandro Schöpf,Central Midfield,07/02/1994,32,Alessandro Schöpf,€800k,800000.0,https://www.transfermarkt.com/alessandro-schopf/profil/spieler/118397,https://www.transfermarkt.com/osterreich/startseite/verein/3383,data/raw/20260612_131006_transfermarkt_Austria_national_team_7370e4b94fef.html,2026-06-12T04:10:04+00:00
Austria,22,Alexander Prass,Left Midfield,26/05/2001,25,Alexander Prass,€9.00m,9000000.0,https://www.transfermarkt.com/alexander-prass/profil/spieler/434116,https://www.transfermarkt.com/osterreich/startseite/verein/3383,data/raw/20260612_131006_transfermarkt_Austria_national_team_7370e4b94fef.html,2026-06-12T04:10:04+00:00
Austria,18,Romano Schmid,Attacking Midfield,27/01/2000,26,Romano Schmid,€15.00m,15000000.0,https://www.transfermarkt.com/romano-schmid/profil/spieler/346853,https://www.transfermarkt.com/osterreich/startseite/verein/3383,data/raw/20260612_131006_transfermarkt_Austria_national_team_7370e4b94fef.html,2026-06-12T04:10:04+00:00
Austria,21,Patrick Wimmer,Right Winger,30/05/2001,25,Patrick Wimmer,€12.00m,12000000.0,https://www.transfermarkt.com/patrick-wimmer/profil/spieler/533295,https://www.transfermarkt.com/osterreich/startseite/verein/3383,data/raw/20260612_131006_transfermarkt_Austria_national_team_7370e4b94fef.html,2026-06-12T04:10:04+00:00
Austria,14,Sasa Kalajdzic,Centre-Forward,07/07/1997,28,Sasa Kalajdzic,€4.00m,4000000.0,https://www.transfermarkt.com/sasa-kalajdzic/profil/spieler/369567,https://www.transfermarkt.com/osterreich/startseite/verein/3383,data/raw/20260612_131006_transfermarkt_Austria_national_team_7370e4b94fef.html,2026-06-12T04:10:04+00:00
Austria,7,Marko Arnautovic,Centre-Forward,19/04/1989,37,Marko Arnautovic,€2.00m,2000000.0,https://www.transfermarkt.com/marko-arnautovic/profil/spieler/41384,https://www.transfermarkt.com/osterreich/startseite/verein/3383,data/raw/20260612_131006_transfermarkt_Austria_national_team_7370e4b94fef.html,2026-06-12T04:10:04+00:00
Austria,11,Michael Gregoritsch,Centre-Forward,18/04/1994,32,Michael Gregoritsch,€1.50m,1500000.0,https://www.transfermarkt.com/michael-gregoritsch/profil/spieler/120205,https://www.transfermarkt.com/osterreich/startseite/verein/3383,data/raw/20260612_131006_transfermarkt_Austria_national_team_7370e4b94fef.html,2026-06-12T04:10:04+00:00
Jordan,1,Yazeed Abulaila,Goalkeeper,08/01/1993,33,Yazeed Abulaila,€300k,300000.0,https://www.transfermarkt.com/yazeed-abulaila/profil/spieler/261850,https://www.transfermarkt.com/jordanien/startseite/verein/15737,data/raw/20260612_131009_transfermarkt_Jordan_national_team_514f05496622.html,2026-06-12T04:10:09+00:00
Jordan,12,Noor Bane Ataya,Goalkeeper,25/01/1993,33,Noor Bane Ataya,€250k,250000.0,https://www.transfermarkt.com/noor-bane-ataya/profil/spieler/261837,https://www.transfermarkt.com/jordanien/startseite/verein/15737,data/raw/20260612_131009_transfermarkt_Jordan_national_team_514f05496622.html,2026-06-12T04:10:09+00:00
Jordan,22,Abdallah Al-Fakhouri,Goalkeeper,22/01/2000,26,Abdallah Al-Fakhouri,€250k,250000.0,https://www.transfermarkt.com/abdallah-al-fakhouri/profil/spieler/658805,https://www.transfermarkt.com/jordanien/startseite/verein/15737,data/raw/20260612_131009_transfermarkt_Jordan_national_team_514f05496622.html,2026-06-12T04:10:09+00:00
Jordan,5,Yazan Al-Arab,Centre-Back,31/01/1996,30,Yazan Al-Arab,€1.00m,1000000.0,https://www.transfermarkt.com/yazan-al-arab/profil/spieler/539961,https://www.transfermarkt.com/jordanien/startseite/verein/15737,data/raw/20260612_131009_transfermarkt_Jordan_national_team_514f05496622.html,2026-06-12T04:10:09+00:00
Jordan,19,Saed Al-Rousan,Centre-Back,01/02/1997,29,Saed Al-Rousan,€450k,450000.0,https://www.transfermarkt.com/saed-al-rousan/profil/spieler/561481,https://www.transfermarkt.com/jordanien/startseite/verein/15737,data/raw/20260612_131009_transfermarkt_Jordan_national_team_514f05496622.html,2026-06-12T04:10:09+00:00
Jordan,3,Abdallah Nasib,Centre-Back,25/02/1994,32,Abdallah Nasib,€400k,400000.0,https://www.transfermarkt.com/abdallah-nasib/profil/spieler/882197,https://www.transfermarkt.com/jordanien/startseite/verein/15737,data/raw/20260612_131009_transfermarkt_Jordan_national_team_514f05496622.html,2026-06-12T04:10:09+00:00
Jordan,4,Husam Abu Dahab,Centre-Back,13/05/2000,26,Husam Abu Dahab,€350k,350000.0,https://www.transfermarkt.com/husam-abu-dahab/profil/spieler/895291,https://www.transfermarkt.com/jordanien/startseite/verein/15737,data/raw/20260612_131009_transfermarkt_Jordan_national_team_514f05496622.html,2026-06-12T04:10:09+00:00
Jordan,16,Mohammad Abualnadi,Centre-Back,08/02/2001,25,Mohammad Abualnadi,€350k,350000.0,https://www.transfermarkt.com/mohammad-abualnadi/profil/spieler/658052,https://www.transfermarkt.com/jordanien/startseite/verein/15737,data/raw/20260612_131009_transfermarkt_Jordan_national_team_514f05496622.html,2026-06-12T04:10:09+00:00
Jordan,17,Saleem Obaid,Centre-Back,17/01/1992,34,Saleem Obaid,€100k,100000.0,https://www.transfermarkt.com/saleem-obaid/profil/spieler/658807,https://www.transfermarkt.com/jordanien/startseite/verein/15737,data/raw/20260612_131009_transfermarkt_Jordan_national_team_514f05496622.html,2026-06-12T04:10:09+00:00
Jordan,20,Mohannad Abu Taha,Left-Back,02/02/2003,23,Mohannad Abu Taha,€550k,550000.0,https://www.transfermarkt.com/mohannad-abu-taha/profil/spieler/883111,https://www.transfermarkt.com/jordanien/startseite/verein/15737,data/raw/20260612_131009_transfermarkt_Jordan_national_team_514f05496622.html,2026-06-12T04:10:09+00:00
Jordan,2,Mohammad Abu Hasheesh,Left-Back,09/05/1995,31,Mohammad Abu Hasheesh,€400k,400000.0,https://www.transfermarkt.com/mohammad-abu-hasheesh/profil/spieler/895249,https://www.transfermarkt.com/jordanien/startseite/verein/15737,data/raw/20260612_131009_transfermarkt_Jordan_national_team_514f05496622.html,2026-06-12T04:10:09+00:00
Jordan,18,Mohammad Abu Ghoush,Left-Back,13/07/2005,20,Mohammad Abu Ghoush,€300k,300000.0,https://www.transfermarkt.com/mohammad-abu-ghoush/profil/spieler/1252806,https://www.transfermarkt.com/jordanien/startseite/verein/15737,data/raw/20260612_131009_transfermarkt_Jordan_national_team_514f05496622.html,2026-06-12T04:10:09+00:00
Jordan,23,Ehsan Haddad,Right-Back,05/02/1994,32,Ehsan Haddad,€300k,300000.0,https://www.transfermarkt.com/ehsan-haddad/profil/spieler/310943,https://www.transfermarkt.com/jordanien/startseite/verein/15737,data/raw/20260612_131009_transfermarkt_Jordan_national_team_514f05496622.html,2026-06-12T04:10:09+00:00
Jordan,26,Anas Badawi,Right-Back,13/09/1997,28,Anas Badawi,€200k,200000.0,https://www.transfermarkt.com/anas-badawi/profil/spieler/1378902,https://www.transfermarkt.com/jordanien/startseite/verein/15737,data/raw/20260612_131009_transfermarkt_Jordan_national_team_514f05496622.html,2026-06-12T04:10:09+00:00
Jordan,21,Nizar Al-Rashdan,Defensive Midfield,23/03/1999,27,Nizar Al-Rashdan,€600k,600000.0,https://www.transfermarkt.com/nizar-al-rashdan/profil/spieler/734751,https://www.transfermarkt.com/jordanien/startseite/verein/15737,data/raw/20260612_131009_transfermarkt_Jordan_national_team_514f05496622.html,2026-06-12T04:10:09+00:00
Jordan,6,Amer Jamous,Central Midfield,03/07/2002,23,Amer Jamous,€500k,500000.0,https://www.transfermarkt.com/amer-jamous/profil/spieler/744040,https://www.transfermarkt.com/jordanien/startseite/verein/15737,data/raw/20260612_131009_transfermarkt_Jordan_national_team_514f05496622.html,2026-06-12T04:10:09+00:00
Jordan,8,Noor Al-Rawabdeh,Central Midfield,24/02/1997,29,Noor Al-Rawabdeh,€500k,500000.0,https://www.transfermarkt.com/noor-al-rawabdeh/profil/spieler/561485,https://www.transfermarkt.com/jordanien/startseite/verein/15737,data/raw/20260612_131009_transfermarkt_Jordan_national_team_514f05496622.html,2026-06-12T04:10:09+00:00
Jordan,15,Ibrahim Saadeh,Central Midfield,27/04/2000,26,Ibrahim Saadeh,€500k,500000.0,https://www.transfermarkt.com/ibrahim-saadeh/profil/spieler/709974,https://www.transfermarkt.com/jordanien/startseite/verein/15737,data/raw/20260612_131009_transfermarkt_Jordan_national_team_514f05496622.html,2026-06-12T04:10:09+00:00
Jordan,14,Rajaei Ayed,Central Midfield,25/07/1993,32,Rajaei Ayed,€325k,325000.0,https://www.transfermarkt.com/rajaei-ayed/profil/spieler/261842,https://www.transfermarkt.com/jordanien/startseite/verein/15737,data/raw/20260612_131009_transfermarkt_Jordan_national_team_514f05496622.html,2026-06-12T04:10:09+00:00
Jordan,25,Mohammad Al-Dawoud,Central Midfield,04/12/1992,33,Mohammad Al-Dawoud,€150k,150000.0,https://www.transfermarkt.com/mohammad-al-dawoud/profil/spieler/310801,https://www.transfermarkt.com/jordanien/startseite/verein/15737,data/raw/20260612_131009_transfermarkt_Jordan_national_team_514f05496622.html,2026-06-12T04:10:09+00:00
Jordan,11,Odeh Fakhoury,Left Winger,20/11/2005,20,Odeh Fakhoury,€350k,350000.0,https://www.transfermarkt.com/odeh-fakhoury/profil/spieler/1252820,https://www.transfermarkt.com/jordanien/startseite/verein/15737,data/raw/20260612_131009_transfermarkt_Jordan_national_team_514f05496622.html,2026-06-12T04:10:09+00:00
Jordan,13,Mahmoud Al-Mardi,Left Winger,06/10/1993,32,Mahmoud Al-Mardi,€350k,350000.0,https://www.transfermarkt.com/mahmoud-al-mardi/profil/spieler/401086,https://www.transfermarkt.com/jordanien/startseite/verein/15737,data/raw/20260612_131009_transfermarkt_Jordan_national_team_514f05496622.html,2026-06-12T04:10:09+00:00
Jordan,10,Mousa Tamari,Right Winger,10/06/1997,29,Mousa Tamari,€10.00m,10000000.0,https://www.transfermarkt.com/mousa-tamari/profil/spieler/551505,https://www.transfermarkt.com/jordanien/startseite/verein/15737,data/raw/20260612_131009_transfermarkt_Jordan_national_team_514f05496622.html,2026-06-12T04:10:09+00:00
Jordan,7,Shararh,Right Winger,30/12/1997,28,Shararh,€700k,700000.0,https://www.transfermarkt.com/shararh/profil/spieler/677986,https://www.transfermarkt.com/jordanien/startseite/verein/15737,data/raw/20260612_131009_transfermarkt_Jordan_national_team_514f05496622.html,2026-06-12T04:10:09+00:00
Jordan,24,Ali Azaizeh,Right Winger,13/04/2004,22,Ali Azaizeh,€325k,325000.0,https://www.transfermarkt.com/ali-azaizeh/profil/spieler/1059056,https://www.transfermarkt.com/jordanien/startseite/verein/15737,data/raw/20260612_131009_transfermarkt_Jordan_national_team_514f05496622.html,2026-06-12T04:10:09+00:00
Jordan,9,Ali Olwan,Centre-Forward,26/03/2000,26,Ali Olwan,€800k,800000.0,https://www.transfermarkt.com/ali-olwan/profil/spieler/664057,https://www.transfermarkt.com/jordanien/startseite/verein/15737,data/raw/20260612_131009_transfermarkt_Jordan_national_team_514f05496622.html,2026-06-12T04:10:09+00:00
Colombia,24,Álvaro Montero,Goalkeeper,29/03/1995,31,Álvaro Montero,€2.50m,2500000.0,https://www.transfermarkt.com/alvaro-montero/profil/spieler/292985,https://www.transfermarkt.com/kolumbien/startseite/verein/3816,data/raw/20260612_131014_transfermarkt_Colombia_national_team_0a7411655656.html,2026-06-12T04:10:12+00:00
Colombia,12,Camilo Vargas,Goalkeeper,09/03/1989,37,Camilo Vargas,€450k,450000.0,https://www.transfermarkt.com/camilo-vargas/profil/spieler/74113,https://www.transfermarkt.com/kolumbien/startseite/verein/3816,data/raw/20260612_131014_transfermarkt_Colombia_national_team_0a7411655656.html,2026-06-12T04:10:12+00:00
Colombia,1,David Ospina,Goalkeeper,31/08/1988,37,David Ospina,€100k,100000.0,https://www.transfermarkt.com/david-ospina/profil/spieler/73396,https://www.transfermarkt.com/kolumbien/startseite/verein/3816,data/raw/20260612_131014_transfermarkt_Colombia_national_team_0a7411655656.html,2026-06-12T04:10:12+00:00
Colombia,3,Jhon Lucumí,Centre-Back,26/06/1998,27,Jhon Lucumí,€22.00m,22000000.0,https://www.transfermarkt.com/jhon-lucumi/profil/spieler/413565,https://www.transfermarkt.com/kolumbien/startseite/verein/3816,data/raw/20260612_131014_transfermarkt_Colombia_national_team_0a7411655656.html,2026-06-12T04:10:12+00:00
Colombia,23,Davinson Sánchez,Centre-Back,12/06/1996,30,Davinson Sánchez,€16.00m,16000000.0,https://www.transfermarkt.com/davinson-sanchez/profil/spieler/341429,https://www.transfermarkt.com/kolumbien/startseite/verein/3816,data/raw/20260612_131014_transfermarkt_Colombia_national_team_0a7411655656.html,2026-06-12T04:10:12+00:00
Colombia,18,Willer Ditta,Centre-Back,23/01/1998,28,Willer Ditta,€5.50m,5500000.0,https://www.transfermarkt.com/willer-ditta/profil/spieler/609255,https://www.transfermarkt.com/kolumbien/startseite/verein/3816,data/raw/20260612_131014_transfermarkt_Colombia_national_team_0a7411655656.html,2026-06-12T04:10:12+00:00
Colombia,13,Yerry Mina,Centre-Back,23/09/1994,31,Yerry Mina,€2.50m,2500000.0,https://www.transfermarkt.com/yerry-mina/profil/spieler/289446,https://www.transfermarkt.com/kolumbien/startseite/verein/3816,data/raw/20260612_131014_transfermarkt_Colombia_national_team_0a7411655656.html,2026-06-12T04:10:12+00:00
Colombia,22,Deiver Machado,Left-Back,02/09/1993,32,Deiver Machado,€1.80m,1800000.0,https://www.transfermarkt.com/deiver-machado/profil/spieler/332560,https://www.transfermarkt.com/kolumbien/startseite/verein/3816,data/raw/20260612_131014_transfermarkt_Colombia_national_team_0a7411655656.html,2026-06-12T04:10:12+00:00
Colombia,17,Johan Mojica,Left-Back,21/08/1992,33,Johan Mojica,€1.50m,1500000.0,https://www.transfermarkt.com/johan-mojica/profil/spieler/262939,https://www.transfermarkt.com/kolumbien/startseite/verein/3816,data/raw/20260612_131014_transfermarkt_Colombia_national_team_0a7411655656.html,2026-06-12T04:10:12+00:00
Colombia,2,Daniel Muñoz,Right-Back,26/05/1996,30,Daniel Muñoz,€22.00m,22000000.0,https://www.transfermarkt.com/daniel-munoz/profil/spieler/493003,https://www.transfermarkt.com/kolumbien/startseite/verein/3816,data/raw/20260612_131014_transfermarkt_Colombia_national_team_0a7411655656.html,2026-06-12T04:10:12+00:00
Colombia,4,Santiago Arias,Right-Back,13/01/1992,34,Santiago Arias,€1.20m,1200000.0,https://www.transfermarkt.com/santiago-arias/profil/spieler/120443,https://www.transfermarkt.com/kolumbien/startseite/verein/3816,data/raw/20260612_131014_transfermarkt_Colombia_national_team_0a7411655656.html,2026-06-12T04:10:12+00:00
Colombia,6,Richard Ríos,Defensive Midfield,02/06/2000,26,Richard Ríos,€25.00m,25000000.0,https://www.transfermarkt.com/richard-rios/profil/spieler/735573,https://www.transfermarkt.com/kolumbien/startseite/verein/3816,data/raw/20260612_131014_transfermarkt_Colombia_national_team_0a7411655656.html,2026-06-12T04:10:12+00:00
Colombia,16,Jefferson Lerma,Defensive Midfield,25/10/1994,31,Jefferson Lerma,€6.00m,6000000.0,https://www.transfermarkt.com/jefferson-lerma/profil/spieler/262980,https://www.transfermarkt.com/kolumbien/startseite/verein/3816,data/raw/20260612_131014_transfermarkt_Colombia_national_team_0a7411655656.html,2026-06-12T04:10:12+00:00
Colombia,5,Kevin Castaño,Defensive Midfield,29/09/2000,25,Kevin Castaño,€5.00m,5000000.0,https://www.transfermarkt.com/kevin-castano/profil/spieler/857948,https://www.transfermarkt.com/kolumbien/startseite/verein/3816,data/raw/20260612_131014_transfermarkt_Colombia_national_team_0a7411655656.html,2026-06-12T04:10:12+00:00
Colombia,14,Gustavo Puerta,Central Midfield,23/07/2003,22,Gustavo Puerta,€10.00m,10000000.0,https://www.transfermarkt.com/gustavo-puerta/profil/spieler/936981,https://www.transfermarkt.com/kolumbien/startseite/verein/3816,data/raw/20260612_131014_transfermarkt_Colombia_national_team_0a7411655656.html,2026-06-12T04:10:12+00:00
Colombia,15,Juan Portilla,Central Midfield,12/09/1998,27,Juan Portilla,€5.00m,5000000.0,https://www.transfermarkt.com/juan-portilla/profil/spieler/585747,https://www.transfermarkt.com/kolumbien/startseite/verein/3816,data/raw/20260612_131014_transfermarkt_Colombia_national_team_0a7411655656.html,2026-06-12T04:10:12+00:00
Colombia,8,Jorge Carrascal,Attacking Midfield,25/05/1998,28,Jorge Carrascal,€13.00m,13000000.0,https://www.transfermarkt.com/jorge-carrascal/profil/spieler/354145,https://www.transfermarkt.com/kolumbien/startseite/verein/3816,data/raw/20260612_131014_transfermarkt_Colombia_national_team_0a7411655656.html,2026-06-12T04:10:12+00:00
Colombia,20,Juan Fernando Quintero,Attacking Midfield,18/01/1993,33,Juan Fernando Quintero,€1.80m,1800000.0,https://www.transfermarkt.com/juan-fernando-quintero/profil/spieler/122582,https://www.transfermarkt.com/kolumbien/startseite/verein/3816,data/raw/20260612_131014_transfermarkt_Colombia_national_team_0a7411655656.html,2026-06-12T04:10:12+00:00
Colombia,10,James Rodríguez,Attacking Midfield,12/07/1991,34,James Rodríguez,€1.50m,1500000.0,https://www.transfermarkt.com/james-rodriguez/profil/spieler/88103,https://www.transfermarkt.com/kolumbien/startseite/verein/3816,data/raw/20260612_131014_transfermarkt_Colombia_national_team_0a7411655656.html,2026-06-12T04:10:12+00:00
Colombia,7,Luis Díaz,Left Winger,13/01/1997,29,Luis Díaz,€70.00m,70000000.0,https://www.transfermarkt.com/luis-diaz/profil/spieler/480692,https://www.transfermarkt.com/kolumbien/startseite/verein/3816,data/raw/20260612_131014_transfermarkt_Colombia_national_team_0a7411655656.html,2026-06-12T04:10:12+00:00
Colombia,26,Andrés Gómez,Left Winger,12/09/2002,23,Andrés Gómez,€11.00m,11000000.0,https://www.transfermarkt.com/andres-gomez/profil/spieler/957461,https://www.transfermarkt.com/kolumbien/startseite/verein/3816,data/raw/20260612_131014_transfermarkt_Colombia_national_team_0a7411655656.html,2026-06-12T04:10:12+00:00
Colombia,21,Jáminton Campaz,Left Winger,24/05/2000,26,Jáminton Campaz,€5.50m,5500000.0,https://www.transfermarkt.com/jaminton-campaz/profil/spieler/491553,https://www.transfermarkt.com/kolumbien/startseite/verein/3816,data/raw/20260612_131014_transfermarkt_Colombia_national_team_0a7411655656.html,2026-06-12T04:10:12+00:00
Colombia,11,Jhon Arias,Right Winger,21/09/1997,28,Jhon Arias,€15.00m,15000000.0,https://www.transfermarkt.com/jhon-arias/profil/spieler/588989,https://www.transfermarkt.com/kolumbien/startseite/verein/3816,data/raw/20260612_131014_transfermarkt_Colombia_national_team_0a7411655656.html,2026-06-12T04:10:12+00:00
Colombia,25,Luis Suárez,Centre-Forward,02/12/1997,28,Luis Suárez,€30.00m,30000000.0,https://www.transfermarkt.com/luis-suarez/profil/spieler/424784,https://www.transfermarkt.com/kolumbien/startseite/verein/3816,data/raw/20260612_131014_transfermarkt_Colombia_national_team_0a7411655656.html,2026-06-12T04:10:12+00:00
Colombia,19,Cucho Hernández,Centre-Forward,20/04/1999,27,Cucho Hernández,€18.00m,18000000.0,https://www.transfermarkt.com/cucho-hernandez/profil/spieler/459463,https://www.transfermarkt.com/kolumbien/startseite/verein/3816,data/raw/20260612_131014_transfermarkt_Colombia_national_team_0a7411655656.html,2026-06-12T04:10:12+00:00
Colombia,9,Jhon Córdoba,Centre-Forward,11/05/1993,33,Jhon Córdoba,€10.00m,10000000.0,https://www.transfermarkt.com/jhon-cordoba/profil/spieler/185245,https://www.transfermarkt.com/kolumbien/startseite/verein/3816,data/raw/20260612_131014_transfermarkt_Colombia_national_team_0a7411655656.html,2026-06-12T04:10:12+00:00
DR Congo,21,Matthieu Epolo,Goalkeeper,15/01/2005,21,Matthieu Epolo,€8.00m,8000000.0,https://www.transfermarkt.com/matthieu-epolo/profil/spieler/680218,https://www.transfermarkt.com/demokratische-republik-kongo/startseite/verein/3854,data/raw/20260612_131018_transfermarkt_DR_Congo_national_team_cd6e496e7a6c.html,2026-06-12T04:10:17+00:00
DR Congo,16,Timothy Fayulu,Goalkeeper,24/07/1999,26,Timothy Fayulu,€800k,800000.0,https://www.transfermarkt.com/timothy-fayulu/profil/spieler/541420,https://www.transfermarkt.com/demokratische-republik-kongo/startseite/verein/3854,data/raw/20260612_131018_transfermarkt_DR_Congo_national_team_cd6e496e7a6c.html,2026-06-12T04:10:17+00:00
DR Congo,1,Lionel Mpasi-Nzau,Goalkeeper,01/08/1994,31,Lionel Mpasi-Nzau,€400k,400000.0,https://www.transfermarkt.com/lionel-mpasi-nzau/profil/spieler/164915,https://www.transfermarkt.com/demokratische-republik-kongo/startseite/verein/3854,data/raw/20260612_131018_transfermarkt_DR_Congo_national_team_cd6e496e7a6c.html,2026-06-12T04:10:17+00:00
DR Congo,4,Axel Tuanzebe,Centre-Back,14/11/1997,28,Axel Tuanzebe,€5.00m,5000000.0,https://www.transfermarkt.com/axel-tuanzebe/profil/spieler/342046,https://www.transfermarkt.com/demokratische-republik-kongo/startseite/verein/3854,data/raw/20260612_131018_transfermarkt_DR_Congo_national_team_cd6e496e7a6c.html,2026-06-12T04:10:17+00:00
DR Congo,3,Steve Kapuadi,Centre-Back,30/04/1998,28,Steve Kapuadi,€2.50m,2500000.0,https://www.transfermarkt.com/steve-kapuadi/profil/spieler/679709,https://www.transfermarkt.com/demokratische-republik-kongo/startseite/verein/3854,data/raw/20260612_131018_transfermarkt_DR_Congo_national_team_cd6e496e7a6c.html,2026-06-12T04:10:17+00:00
DR Congo,22,Chancel Mbemba,Centre-Back,08/08/1994,31,Chancel Mbemba,€2.00m,2000000.0,https://www.transfermarkt.com/chancel-mbemba/profil/spieler/203348,https://www.transfermarkt.com/demokratische-republik-kongo/startseite/verein/3854,data/raw/20260612_131018_transfermarkt_DR_Congo_national_team_cd6e496e7a6c.html,2026-06-12T04:10:17+00:00
DR Congo,5,Dylan Batubinsika,Centre-Back,15/02/1996,30,Dylan Batubinsika,€600k,600000.0,https://www.transfermarkt.com/dylan-batubinsika/profil/spieler/289432,https://www.transfermarkt.com/demokratische-republik-kongo/startseite/verein/3854,data/raw/20260612_131018_transfermarkt_DR_Congo_national_team_cd6e496e7a6c.html,2026-06-12T04:10:17+00:00
DR Congo,12,Joris Kayembe,Left-Back,08/08/1994,31,Joris Kayembe,€2.00m,2000000.0,https://www.transfermarkt.com/joris-kayembe/profil/spieler/129586,https://www.transfermarkt.com/demokratische-republik-kongo/startseite/verein/3854,data/raw/20260612_131018_transfermarkt_DR_Congo_national_team_cd6e496e7a6c.html,2026-06-12T04:10:17+00:00
DR Congo,26,Arthur Masuaku,Left-Back,07/11/1993,32,Arthur Masuaku,€2.00m,2000000.0,https://www.transfermarkt.com/arthur-masuaku/profil/spieler/181380,https://www.transfermarkt.com/demokratische-republik-kongo/startseite/verein/3854,data/raw/20260612_131018_transfermarkt_DR_Congo_national_team_cd6e496e7a6c.html,2026-06-12T04:10:17+00:00
DR Congo,2,Aaron Wan-Bissaka,Right-Back,26/11/1997,28,Aaron Wan-Bissaka,€15.00m,15000000.0,https://www.transfermarkt.com/aaron-wan-bissaka/profil/spieler/477758,https://www.transfermarkt.com/demokratische-republik-kongo/startseite/verein/3854,data/raw/20260612_131018_transfermarkt_DR_Congo_national_team_cd6e496e7a6c.html,2026-06-12T04:10:17+00:00
DR Congo,24,Gédéon Kalulu,Right-Back,29/08/1997,28,Gédéon Kalulu,€1.00m,1000000.0,https://www.transfermarkt.com/gedeon-kalulu/profil/spieler/395685,https://www.transfermarkt.com/demokratische-republik-kongo/startseite/verein/3854,data/raw/20260612_131018_transfermarkt_DR_Congo_national_team_cd6e496e7a6c.html,2026-06-12T04:10:17+00:00
DR Congo,6,Ngal'ayel Mukau,Defensive Midfield,03/11/2004,21,Ngal'ayel Mukau,€15.00m,15000000.0,https://www.transfermarkt.com/ngalayel-mukau/profil/spieler/1016015,https://www.transfermarkt.com/demokratische-republik-kongo/startseite/verein/3854,data/raw/20260612_131018_transfermarkt_DR_Congo_national_team_cd6e496e7a6c.html,2026-06-12T04:10:17+00:00
DR Congo,18,Charles Pickel,Defensive Midfield,15/05/1997,29,Charles Pickel,€2.50m,2500000.0,https://www.transfermarkt.com/charles-pickel/profil/spieler/243879,https://www.transfermarkt.com/demokratische-republik-kongo/startseite/verein/3854,data/raw/20260612_131018_transfermarkt_DR_Congo_national_team_cd6e496e7a6c.html,2026-06-12T04:10:17+00:00
DR Congo,14,Noah Sadiki,Central Midfield,17/12/2004,21,Noah Sadiki,€35.00m,35000000.0,https://www.transfermarkt.com/noah-sadiki/profil/spieler/727089,https://www.transfermarkt.com/demokratische-republik-kongo/startseite/verein/3854,data/raw/20260612_131018_transfermarkt_DR_Congo_national_team_cd6e496e7a6c.html,2026-06-12T04:10:17+00:00
DR Congo,25,Edo Kayembe,Central Midfield,03/06/1998,28,Edo Kayembe,€4.00m,4000000.0,https://www.transfermarkt.com/edo-kayembe/profil/spieler/486477,https://www.transfermarkt.com/demokratische-republik-kongo/startseite/verein/3854,data/raw/20260612_131018_transfermarkt_DR_Congo_national_team_cd6e496e7a6c.html,2026-06-12T04:10:17+00:00
DR Congo,8,Samuel Moutoussamy,Central Midfield,12/08/1996,29,Samuel Moutoussamy,€1.20m,1200000.0,https://www.transfermarkt.com/samuel-moutoussamy/profil/spieler/353403,https://www.transfermarkt.com/demokratische-republik-kongo/startseite/verein/3854,data/raw/20260612_131018_transfermarkt_DR_Congo_national_team_cd6e496e7a6c.html,2026-06-12T04:10:17+00:00
DR Congo,15,Aaron Tshibola,Central Midfield,02/01/1995,31,Aaron Tshibola,€150k,150000.0,https://www.transfermarkt.com/aaron-tshibola/profil/spieler/243633,https://www.transfermarkt.com/demokratische-republik-kongo/startseite/verein/3854,data/raw/20260612_131018_transfermarkt_DR_Congo_national_team_cd6e496e7a6c.html,2026-06-12T04:10:17+00:00
DR Congo,13,Meschack Elia,Attacking Midfield,06/08/1997,28,Meschack Elia,€1.50m,1500000.0,https://www.transfermarkt.com/meschack-elia/profil/spieler/423678,https://www.transfermarkt.com/demokratische-republik-kongo/startseite/verein/3854,data/raw/20260612_131018_transfermarkt_DR_Congo_national_team_cd6e496e7a6c.html,2026-06-12T04:10:17+00:00
DR Congo,11,Gaël Kakuta,Attacking Midfield,21/06/1991,34,Gaël Kakuta,€250k,250000.0,https://www.transfermarkt.com/gael-kakuta/profil/spieler/74297,https://www.transfermarkt.com/demokratische-republik-kongo/startseite/verein/3854,data/raw/20260612_131018_transfermarkt_DR_Congo_national_team_cd6e496e7a6c.html,2026-06-12T04:10:17+00:00
DR Congo,7,Nathanaël Mbuku,Left Winger,16/03/2002,24,Nathanaël Mbuku,€2.00m,2000000.0,https://www.transfermarkt.com/nathanael-mbuku/profil/spieler/557614,https://www.transfermarkt.com/demokratische-republik-kongo/startseite/verein/3854,data/raw/20260612_131018_transfermarkt_DR_Congo_national_team_cd6e496e7a6c.html,2026-06-12T04:10:17+00:00
DR Congo,9,Brian Cipenga,Left Winger,11/03/1998,28,Brian Cipenga,€2.00m,2000000.0,https://www.transfermarkt.com/brian-cipenga/profil/spieler/700565,https://www.transfermarkt.com/demokratische-republik-kongo/startseite/verein/3854,data/raw/20260612_131018_transfermarkt_DR_Congo_national_team_cd6e496e7a6c.html,2026-06-12T04:10:17+00:00
DR Congo,10,Théo Bongonda,Right Winger,20/11/1995,30,Théo Bongonda,€3.00m,3000000.0,https://www.transfermarkt.com/theo-bongonda/profil/spieler/280701,https://www.transfermarkt.com/demokratische-republik-kongo/startseite/verein/3854,data/raw/20260612_131018_transfermarkt_DR_Congo_national_team_cd6e496e7a6c.html,2026-06-12T04:10:17+00:00
DR Congo,20,Yoane Wissa,Centre-Forward,03/09/1996,29,Yoane Wissa,€25.00m,25000000.0,https://www.transfermarkt.com/yoane-wissa/profil/spieler/388165,https://www.transfermarkt.com/demokratische-republik-kongo/startseite/verein/3854,data/raw/20260612_131018_transfermarkt_DR_Congo_national_team_cd6e496e7a6c.html,2026-06-12T04:10:17+00:00
DR Congo,23,Simon Banza,Centre-Forward,13/08/1996,29,Simon Banza,€10.00m,10000000.0,https://www.transfermarkt.com/simon-banza/profil/spieler/344869,https://www.transfermarkt.com/demokratische-republik-kongo/startseite/verein/3854,data/raw/20260612_131018_transfermarkt_DR_Congo_national_team_cd6e496e7a6c.html,2026-06-12T04:10:17+00:00
DR Congo,19,Fiston Mayele,Centre-Forward,24/06/1994,31,Fiston Mayele,€1.80m,1800000.0,https://www.transfermarkt.com/fiston-mayele/profil/spieler/727157,https://www.transfermarkt.com/demokratische-republik-kongo/startseite/verein/3854,data/raw/20260612_131018_transfermarkt_DR_Congo_national_team_cd6e496e7a6c.html,2026-06-12T04:10:17+00:00
DR Congo,17,Cédric Bakambu,Centre-Forward,11/04/1991,35,Cédric Bakambu,€1.20m,1200000.0,https://www.transfermarkt.com/cedric-bakambu/profil/spieler/127048,https://www.transfermarkt.com/demokratische-republik-kongo/startseite/verein/3854,data/raw/20260612_131018_transfermarkt_DR_Congo_national_team_cd6e496e7a6c.html,2026-06-12T04:10:17+00:00
Portugal,1,Diogo Costa,Goalkeeper,19/09/1999,26,Diogo Costa,€40.00m,40000000.0,https://www.transfermarkt.com/diogo-costa/profil/spieler/357153,https://www.transfermarkt.com/portugal/startseite/verein/3300,data/raw/20260612_131021_transfermarkt_Portugal_national_team_9cdd0e7fd488.html,2026-06-12T04:10:21+00:00
Portugal,22,Rui Silva,Goalkeeper,07/02/1994,32,Rui Silva,€7.00m,7000000.0,https://www.transfermarkt.com/rui-silva/profil/spieler/234811,https://www.transfermarkt.com/portugal/startseite/verein/3300,data/raw/20260612_131021_transfermarkt_Portugal_national_team_9cdd0e7fd488.html,2026-06-12T04:10:21+00:00
Portugal,12,José Sá,Goalkeeper,17/01/1993,33,José Sá,€3.50m,3500000.0,https://www.transfermarkt.com/jose-sa/profil/spieler/249994,https://www.transfermarkt.com/portugal/startseite/verein/3300,data/raw/20260612_131021_transfermarkt_Portugal_national_team_9cdd0e7fd488.html,2026-06-12T04:10:21+00:00
Portugal,3,Rúben Dias,Centre-Back,14/05/1997,29,Rúben Dias,€55.00m,55000000.0,https://www.transfermarkt.com/ruben-dias/profil/spieler/258004,https://www.transfermarkt.com/portugal/startseite/verein/3300,data/raw/20260612_131021_transfermarkt_Portugal_national_team_9cdd0e7fd488.html,2026-06-12T04:10:21+00:00
Portugal,14,Gonçalo Inácio,Centre-Back,25/08/2001,24,Gonçalo Inácio,€40.00m,40000000.0,https://www.transfermarkt.com/goncalo-inacio/profil/spieler/549006,https://www.transfermarkt.com/portugal/startseite/verein/3300,data/raw/20260612_131021_transfermarkt_Portugal_national_team_9cdd0e7fd488.html,2026-06-12T04:10:21+00:00
Portugal,4,Tomás Araújo,Centre-Back,16/05/2002,24,Tomás Araújo,€30.00m,30000000.0,https://www.transfermarkt.com/tomas-araujo/profil/spieler/504087,https://www.transfermarkt.com/portugal/startseite/verein/3300,data/raw/20260612_131021_transfermarkt_Portugal_national_team_9cdd0e7fd488.html,2026-06-12T04:10:21+00:00
Portugal,13,Renato Veiga,Centre-Back,29/07/2003,22,Renato Veiga,€25.00m,25000000.0,https://www.transfermarkt.com/renato-veiga/profil/spieler/805714,https://www.transfermarkt.com/portugal/startseite/verein/3300,data/raw/20260612_131021_transfermarkt_Portugal_national_team_9cdd0e7fd488.html,2026-06-12T04:10:21+00:00
Portugal,25,Nuno Mendes,Left-Back,19/06/2002,23,Nuno Mendes,€80.00m,80000000.0,https://www.transfermarkt.com/nuno-mendes/profil/spieler/616341,https://www.transfermarkt.com/portugal/startseite/verein/3300,data/raw/20260612_131021_transfermarkt_Portugal_national_team_9cdd0e7fd488.html,2026-06-12T04:10:21+00:00
Portugal,6,Matheus Nunes,Right-Back,27/08/1998,27,Matheus Nunes,€50.00m,50000000.0,https://www.transfermarkt.com/matheus-nunes/profil/spieler/601883,https://www.transfermarkt.com/portugal/startseite/verein/3300,data/raw/20260612_131021_transfermarkt_Portugal_national_team_9cdd0e7fd488.html,2026-06-12T04:10:21+00:00
Portugal,5,Diogo Dalot,Right-Back,18/03/1999,27,Diogo Dalot,€30.00m,30000000.0,https://www.transfermarkt.com/diogo-dalot/profil/spieler/357147,https://www.transfermarkt.com/portugal/startseite/verein/3300,data/raw/20260612_131021_transfermarkt_Portugal_national_team_9cdd0e7fd488.html,2026-06-12T04:10:21+00:00
Portugal,20,João Cancelo,Right-Back,27/05/1994,32,João Cancelo,€8.00m,8000000.0,https://www.transfermarkt.com/joao-cancelo/profil/spieler/182712,https://www.transfermarkt.com/portugal/startseite/verein/3300,data/raw/20260612_131021_transfermarkt_Portugal_national_team_9cdd0e7fd488.html,2026-06-12T04:10:21+00:00
Portugal,2,Nélson Semedo,Right-Back,16/11/1993,32,Nélson Semedo,€6.00m,6000000.0,https://www.transfermarkt.com/nelson-semedo/profil/spieler/231572,https://www.transfermarkt.com/portugal/startseite/verein/3300,data/raw/20260612_131021_transfermarkt_Portugal_national_team_9cdd0e7fd488.html,2026-06-12T04:10:21+00:00
Portugal,23,Vitinha,Defensive Midfield,13/02/2000,26,Vitinha,€140.00m,140000000.0,https://www.transfermarkt.com/vitinha/profil/spieler/487469,https://www.transfermarkt.com/portugal/startseite/verein/3300,data/raw/20260612_131021_transfermarkt_Portugal_national_team_9cdd0e7fd488.html,2026-06-12T04:10:21+00:00
Portugal,21,Rúben Neves,Defensive Midfield,13/03/1997,29,Rúben Neves,€25.00m,25000000.0,https://www.transfermarkt.com/ruben-neves/profil/spieler/225161,https://www.transfermarkt.com/portugal/startseite/verein/3300,data/raw/20260612_131021_transfermarkt_Portugal_national_team_9cdd0e7fd488.html,2026-06-12T04:10:21+00:00
Portugal,24,Samú Costa,Defensive Midfield,27/11/2000,25,Samú Costa,€15.00m,15000000.0,https://www.transfermarkt.com/samu-costa/profil/spieler/657430,https://www.transfermarkt.com/portugal/startseite/verein/3300,data/raw/20260612_131021_transfermarkt_Portugal_national_team_9cdd0e7fd488.html,2026-06-12T04:10:21+00:00
Portugal,15,João Neves,Central Midfield,27/09/2004,21,João Neves,€140.00m,140000000.0,https://www.transfermarkt.com/joao-neves/profil/spieler/670681,https://www.transfermarkt.com/portugal/startseite/verein/3300,data/raw/20260612_131021_transfermarkt_Portugal_national_team_9cdd0e7fd488.html,2026-06-12T04:10:21+00:00
Portugal,16,Francisco Trincão,Attacking Midfield,29/12/1999,26,Francisco Trincão,€40.00m,40000000.0,https://www.transfermarkt.com/francisco-trincao/profil/spieler/412669,https://www.transfermarkt.com/portugal/startseite/verein/3300,data/raw/20260612_131021_transfermarkt_Portugal_national_team_9cdd0e7fd488.html,2026-06-12T04:10:21+00:00
Portugal,8,Bruno Fernandes,Attacking Midfield,08/09/1994,31,Bruno Fernandes,€35.00m,35000000.0,https://www.transfermarkt.com/bruno-fernandes/profil/spieler/240306,https://www.transfermarkt.com/portugal/startseite/verein/3300,data/raw/20260612_131021_transfermarkt_Portugal_national_team_9cdd0e7fd488.html,2026-06-12T04:10:21+00:00
Portugal,10,Bernardo Silva,Attacking Midfield,10/08/1994,31,Bernardo Silva,€22.00m,22000000.0,https://www.transfermarkt.com/bernardo-silva/profil/spieler/241641,https://www.transfermarkt.com/portugal/startseite/verein/3300,data/raw/20260612_131021_transfermarkt_Portugal_national_team_9cdd0e7fd488.html,2026-06-12T04:10:21+00:00
Portugal,17,Rafael Leão,Left Winger,10/06/1999,27,Rafael Leão,€50.00m,50000000.0,https://www.transfermarkt.com/rafael-leao/profil/spieler/357164,https://www.transfermarkt.com/portugal/startseite/verein/3300,data/raw/20260612_131021_transfermarkt_Portugal_national_team_9cdd0e7fd488.html,2026-06-12T04:10:21+00:00
Portugal,19,Gonçalo Guedes,Left Winger,29/11/1996,29,Gonçalo Guedes,€6.00m,6000000.0,https://www.transfermarkt.com/goncalo-guedes/profil/spieler/225122,https://www.transfermarkt.com/portugal/startseite/verein/3300,data/raw/20260612_131021_transfermarkt_Portugal_national_team_9cdd0e7fd488.html,2026-06-12T04:10:21+00:00
Portugal,18,Pedro Neto,Right Winger,09/03/2000,26,Pedro Neto,€60.00m,60000000.0,https://www.transfermarkt.com/pedro-neto/profil/spieler/487465,https://www.transfermarkt.com/portugal/startseite/verein/3300,data/raw/20260612_131021_transfermarkt_Portugal_national_team_9cdd0e7fd488.html,2026-06-12T04:10:21+00:00
Portugal,26,Francisco Conceição,Right Winger,14/12/2002,23,Francisco Conceição,€30.00m,30000000.0,https://www.transfermarkt.com/francisco-conceicao/profil/spieler/487474,https://www.transfermarkt.com/portugal/startseite/verein/3300,data/raw/20260612_131021_transfermarkt_Portugal_national_team_9cdd0e7fd488.html,2026-06-12T04:10:21+00:00
Portugal,11,João Félix,Second Striker,10/11/1999,26,João Félix,€28.00m,28000000.0,https://www.transfermarkt.com/joao-felix/profil/spieler/462250,https://www.transfermarkt.com/portugal/startseite/verein/3300,data/raw/20260612_131021_transfermarkt_Portugal_national_team_9cdd0e7fd488.html,2026-06-12T04:10:21+00:00
Portugal,9,Gonçalo Ramos,Centre-Forward,20/06/2001,24,Gonçalo Ramos,€30.00m,30000000.0,https://www.transfermarkt.com/goncalo-ramos/profil/spieler/550550,https://www.transfermarkt.com/portugal/startseite/verein/3300,data/raw/20260612_131021_transfermarkt_Portugal_national_team_9cdd0e7fd488.html,2026-06-12T04:10:21+00:00
Portugal,7,Cristiano Ronaldo,Centre-Forward,05/02/1985,41,Cristiano Ronaldo,€10.00m,10000000.0,https://www.transfermarkt.com/cristiano-ronaldo/profil/spieler/8198,https://www.transfermarkt.com/portugal/startseite/verein/3300,data/raw/20260612_131021_transfermarkt_Portugal_national_team_9cdd0e7fd488.html,2026-06-12T04:10:21+00:00
Uzbekistan,12,Abduvokhid Nematov,Goalkeeper,20/03/2001,25,Abduvokhid Nematov,€1.50m,1500000.0,https://www.transfermarkt.com/abduvokhid-nematov/profil/spieler/527866,https://www.transfermarkt.com/usbekistan/startseite/verein/3563,data/raw/20260612_131026_transfermarkt_Uzbekistan_national_team_e51c04d2e0ba.html,2026-06-12T04:10:24+00:00
Uzbekistan,1,Utkir Yusupov,Goalkeeper,04/01/1991,35,Utkir Yusupov,€500k,500000.0,https://www.transfermarkt.com/utkir-yusupov/profil/spieler/311958,https://www.transfermarkt.com/usbekistan/startseite/verein/3563,data/raw/20260612_131026_transfermarkt_Uzbekistan_national_team_e51c04d2e0ba.html,2026-06-12T04:10:24+00:00
Uzbekistan,16,Botirali Ergashev,Goalkeeper,23/06/1995,30,Botirali Ergashev,€500k,500000.0,https://www.transfermarkt.com/botirali-ergashev/profil/spieler/312690,https://www.transfermarkt.com/usbekistan/startseite/verein/3563,data/raw/20260612_131026_transfermarkt_Uzbekistan_national_team_e51c04d2e0ba.html,2026-06-12T04:10:24+00:00
Uzbekistan,2,Abdukodir Khusanov,Centre-Back,29/02/2004,22,Abdukodir Khusanov,€50.00m,50000000.0,https://www.transfermarkt.com/abdukodir-khusanov/profil/spieler/763079,https://www.transfermarkt.com/usbekistan/startseite/verein/3563,data/raw/20260612_131026_transfermarkt_Uzbekistan_national_team_e51c04d2e0ba.html,2026-06-12T04:10:24+00:00
Uzbekistan,5,Rustam Ashurmatov,Centre-Back,07/07/1996,29,Rustam Ashurmatov,€750k,750000.0,https://www.transfermarkt.com/rustam-ashurmatov/profil/spieler/288883,https://www.transfermarkt.com/usbekistan/startseite/verein/3563,data/raw/20260612_131026_transfermarkt_Uzbekistan_national_team_e51c04d2e0ba.html,2026-06-12T04:10:24+00:00
Uzbekistan,26,Jakhongir Urozov,Centre-Back,18/01/2004,22,Jakhongir Urozov,€600k,600000.0,https://www.transfermarkt.com/jakhongir-urozov/profil/spieler/989069,https://www.transfermarkt.com/usbekistan/startseite/verein/3563,data/raw/20260612_131026_transfermarkt_Uzbekistan_national_team_e51c04d2e0ba.html,2026-06-12T04:10:24+00:00
Uzbekistan,25,Avazbek Ulmasaliev,Centre-Back,27/03/2000,26,Avazbek Ulmasaliev,€500k,500000.0,https://www.transfermarkt.com/avazbek-ulmasaliev/profil/spieler/538764,https://www.transfermarkt.com/usbekistan/startseite/verein/3563,data/raw/20260612_131026_transfermarkt_Uzbekistan_national_team_e51c04d2e0ba.html,2026-06-12T04:10:24+00:00
Uzbekistan,15,Umar Eshmurodov,Centre-Back,30/11/1992,33,Umar Eshmurodov,€450k,450000.0,https://www.transfermarkt.com/umar-eshmurodov/profil/spieler/493725,https://www.transfermarkt.com/usbekistan/startseite/verein/3563,data/raw/20260612_131026_transfermarkt_Uzbekistan_national_team_e51c04d2e0ba.html,2026-06-12T04:10:24+00:00
Uzbekistan,13,Sherzod Nasrullaev,Left-Back,23/07/1998,27,Sherzod Nasrullaev,€1.20m,1200000.0,https://www.transfermarkt.com/sherzod-nasrullaev/profil/spieler/608537,https://www.transfermarkt.com/usbekistan/startseite/verein/3563,data/raw/20260612_131026_transfermarkt_Uzbekistan_national_team_e51c04d2e0ba.html,2026-06-12T04:10:24+00:00
Uzbekistan,4,Farrukh Sayfiev,Left-Back,17/01/1991,35,Farrukh Sayfiev,€225k,225000.0,https://www.transfermarkt.com/farrukh-sayfiev/profil/spieler/212499,https://www.transfermarkt.com/usbekistan/startseite/verein/3563,data/raw/20260612_131026_transfermarkt_Uzbekistan_national_team_e51c04d2e0ba.html,2026-06-12T04:10:24+00:00
Uzbekistan,3,Khozhiakbar Alizhonov,Right-Back,19/04/1997,29,Khozhiakbar Alizhonov,€1.30m,1300000.0,https://www.transfermarkt.com/khozhiakbar-alizhonov/profil/spieler/492558,https://www.transfermarkt.com/usbekistan/startseite/verein/3563,data/raw/20260612_131026_transfermarkt_Uzbekistan_national_team_e51c04d2e0ba.html,2026-06-12T04:10:24+00:00
Uzbekistan,24,Bekhruz Karimov,Right-Back,07/08/2007,18,Bekhruz Karimov,€350k,350000.0,https://www.transfermarkt.com/bekhruz-karimov/profil/spieler/1106187,https://www.transfermarkt.com/usbekistan/startseite/verein/3563,data/raw/20260612_131026_transfermarkt_Uzbekistan_national_team_e51c04d2e0ba.html,2026-06-12T04:10:24+00:00
Uzbekistan,9,Odildzhon Khamrobekov,Defensive Midfield,13/02/1996,30,Odildzhon Khamrobekov,€1.00m,1000000.0,https://www.transfermarkt.com/odildzhon-khamrobekov/profil/spieler/288915,https://www.transfermarkt.com/usbekistan/startseite/verein/3563,data/raw/20260612_131026_transfermarkt_Uzbekistan_national_team_e51c04d2e0ba.html,2026-06-12T04:10:24+00:00
Uzbekistan,18,Abdulla Abdullaev,Defensive Midfield,01/09/1997,28,Abdulla Abdullaev,€500k,500000.0,https://www.transfermarkt.com/abdulla-abdullaev/profil/spieler/570272,https://www.transfermarkt.com/usbekistan/startseite/verein/3563,data/raw/20260612_131026_transfermarkt_Uzbekistan_national_team_e51c04d2e0ba.html,2026-06-12T04:10:24+00:00
Uzbekistan,19,Aziz Ganiev,Central Midfield,22/02/1998,28,Aziz Ganiev,€2.00m,2000000.0,https://www.transfermarkt.com/aziz-ganiev/profil/spieler/431911,https://www.transfermarkt.com/usbekistan/startseite/verein/3563,data/raw/20260612_131026_transfermarkt_Uzbekistan_national_team_e51c04d2e0ba.html,2026-06-12T04:10:24+00:00
Uzbekistan,7,Otabek Shukurov,Central Midfield,22/06/1996,29,Otabek Shukurov,€1.50m,1500000.0,https://www.transfermarkt.com/otabek-shukurov/profil/spieler/294525,https://www.transfermarkt.com/usbekistan/startseite/verein/3563,data/raw/20260612_131026_transfermarkt_Uzbekistan_national_team_e51c04d2e0ba.html,2026-06-12T04:10:24+00:00
Uzbekistan,6,Akmal Mozgovoy,Central Midfield,02/04/1999,27,Akmal Mozgovoy,€1.40m,1400000.0,https://www.transfermarkt.com/akmal-mozgovoy/profil/spieler/562022,https://www.transfermarkt.com/usbekistan/startseite/verein/3563,data/raw/20260612_131026_transfermarkt_Uzbekistan_national_team_e51c04d2e0ba.html,2026-06-12T04:10:24+00:00
Uzbekistan,23,Sherzod Esanov,Central Midfield,01/02/2003,23,Sherzod Esanov,€450k,450000.0,https://www.transfermarkt.com/sherzod-esanov/profil/spieler/989068,https://www.transfermarkt.com/usbekistan/startseite/verein/3563,data/raw/20260612_131026_transfermarkt_Uzbekistan_national_team_e51c04d2e0ba.html,2026-06-12T04:10:24+00:00
Uzbekistan,8,Jamshid Iskanderov,Attacking Midfield,16/10/1993,32,Jamshid Iskanderov,€1.00m,1000000.0,https://www.transfermarkt.com/jamshid-iskanderov/profil/spieler/260857,https://www.transfermarkt.com/usbekistan/startseite/verein/3563,data/raw/20260612_131026_transfermarkt_Uzbekistan_national_team_e51c04d2e0ba.html,2026-06-12T04:10:24+00:00
Uzbekistan,11,Oston Urunov,Left Winger,19/12/2000,25,Oston Urunov,€2.00m,2000000.0,https://www.transfermarkt.com/oston-urunov/profil/spieler/492556,https://www.transfermarkt.com/usbekistan/startseite/verein/3563,data/raw/20260612_131026_transfermarkt_Uzbekistan_national_team_e51c04d2e0ba.html,2026-06-12T04:10:24+00:00
Uzbekistan,10,Jaloliddin Masharipov,Left Winger,01/09/1993,32,Jaloliddin Masharipov,€1.00m,1000000.0,https://www.transfermarkt.com/jaloliddin-masharipov/profil/spieler/274536,https://www.transfermarkt.com/usbekistan/startseite/verein/3563,data/raw/20260612_131026_transfermarkt_Uzbekistan_national_team_e51c04d2e0ba.html,2026-06-12T04:10:24+00:00
Uzbekistan,22,Abbosbek Fayzullaev,Right Winger,03/10/2003,22,Abbosbek Fayzullaev,€7.00m,7000000.0,https://www.transfermarkt.com/abbosbek-fayzullaev/profil/spieler/754037,https://www.transfermarkt.com/usbekistan/startseite/verein/3563,data/raw/20260612_131026_transfermarkt_Uzbekistan_national_team_e51c04d2e0ba.html,2026-06-12T04:10:24+00:00
Uzbekistan,17,Dostonbek Khamdamov,Right Winger,24/07/1996,29,Dostonbek Khamdamov,€900k,900000.0,https://www.transfermarkt.com/dostonbek-khamdamov/profil/spieler/294502,https://www.transfermarkt.com/usbekistan/startseite/verein/3563,data/raw/20260612_131026_transfermarkt_Uzbekistan_national_team_e51c04d2e0ba.html,2026-06-12T04:10:24+00:00
Uzbekistan,14,Eldor Shomurodov,Centre-Forward,29/06/1995,30,Eldor Shomurodov,€7.00m,7000000.0,https://www.transfermarkt.com/eldor-shomurodov/profil/spieler/358166,https://www.transfermarkt.com/usbekistan/startseite/verein/3563,data/raw/20260612_131026_transfermarkt_Uzbekistan_national_team_e51c04d2e0ba.html,2026-06-12T04:10:24+00:00
Uzbekistan,21,Igor Sergeev,Centre-Forward,30/04/1993,33,Igor Sergeev,€1.20m,1200000.0,https://www.transfermarkt.com/igor-sergeev/profil/spieler/185372,https://www.transfermarkt.com/usbekistan/startseite/verein/3563,data/raw/20260612_131026_transfermarkt_Uzbekistan_national_team_e51c04d2e0ba.html,2026-06-12T04:10:24+00:00
Uzbekistan,20,Azizbek Amanov,Centre-Forward,30/10/1997,28,Azizbek Amanov,€500k,500000.0,https://www.transfermarkt.com/azizbek-amanov/profil/spieler/517918,https://www.transfermarkt.com/usbekistan/startseite/verein/3563,data/raw/20260612_131026_transfermarkt_Uzbekistan_national_team_e51c04d2e0ba.html,2026-06-12T04:10:24+00:00
England,13,Dean Henderson,Goalkeeper,12/03/1997,29,Dean Henderson,€28.00m,28000000.0,https://www.transfermarkt.com/dean-henderson/profil/spieler/258919,https://www.transfermarkt.com/england/startseite/verein/3299,data/raw/20260612_131029_transfermarkt_England_national_team_7ce47d64e10b.html,2026-06-12T04:10:29+00:00
England,23,James Trafford,Goalkeeper,10/10/2002,23,James Trafford,€25.00m,25000000.0,https://www.transfermarkt.com/james-trafford/profil/spieler/566799,https://www.transfermarkt.com/england/startseite/verein/3299,data/raw/20260612_131029_transfermarkt_England_national_team_7ce47d64e10b.html,2026-06-12T04:10:29+00:00
England,1,Jordan Pickford,Goalkeeper,07/03/1994,32,Jordan Pickford,€13.00m,13000000.0,https://www.transfermarkt.com/jordan-pickford/profil/spieler/130164,https://www.transfermarkt.com/england/startseite/verein/3299,data/raw/20260612_131029_transfermarkt_England_national_team_7ce47d64e10b.html,2026-06-12T04:10:29+00:00
England,6,Marc Guéhi,Centre-Back,13/07/2000,25,Marc Guéhi,€70.00m,70000000.0,https://www.transfermarkt.com/marc-guehi/profil/spieler/392757,https://www.transfermarkt.com/england/startseite/verein/3299,data/raw/20260612_131029_transfermarkt_England_national_team_7ce47d64e10b.html,2026-06-12T04:10:29+00:00
England,26,Jarell Quansah,Centre-Back,29/01/2003,23,Jarell Quansah,€45.00m,45000000.0,https://www.transfermarkt.com/jarell-quansah/profil/spieler/632349,https://www.transfermarkt.com/england/startseite/verein/3299,data/raw/20260612_131029_transfermarkt_England_national_team_7ce47d64e10b.html,2026-06-12T04:10:29+00:00
England,2,Ezri Konsa,Centre-Back,23/10/1997,28,Ezri Konsa,€40.00m,40000000.0,https://www.transfermarkt.com/ezri-konsa/profil/spieler/413403,https://www.transfermarkt.com/england/startseite/verein/3299,data/raw/20260612_131029_transfermarkt_England_national_team_7ce47d64e10b.html,2026-06-12T04:10:29+00:00
England,5,John Stones,Centre-Back,28/05/1994,32,John Stones,€12.00m,12000000.0,https://www.transfermarkt.com/john-stones/profil/spieler/186590,https://www.transfermarkt.com/england/startseite/verein/3299,data/raw/20260612_131029_transfermarkt_England_national_team_7ce47d64e10b.html,2026-06-12T04:10:29+00:00
England,15,Dan Burn,Centre-Back,09/05/1992,34,Dan Burn,€4.00m,4000000.0,https://www.transfermarkt.com/dan-burn/profil/spieler/134270,https://www.transfermarkt.com/england/startseite/verein/3299,data/raw/20260612_131029_transfermarkt_England_national_team_7ce47d64e10b.html,2026-06-12T04:10:29+00:00
England,3,Nico O'Reilly,Left-Back,21/03/2005,21,Nico O'Reilly,€70.00m,70000000.0,https://www.transfermarkt.com/nico-oreilly/profil/spieler/743413,https://www.transfermarkt.com/england/startseite/verein/3299,data/raw/20260612_131029_transfermarkt_England_national_team_7ce47d64e10b.html,2026-06-12T04:10:29+00:00
England,25,Djed Spence,Left-Back,09/08/2000,25,Djed Spence,€30.00m,30000000.0,https://www.transfermarkt.com/djed-spence/profil/spieler/483348,https://www.transfermarkt.com/england/startseite/verein/3299,data/raw/20260612_131029_transfermarkt_England_national_team_7ce47d64e10b.html,2026-06-12T04:10:29+00:00
England,24,Reece James,Right-Back,08/12/1999,26,Reece James,€60.00m,60000000.0,https://www.transfermarkt.com/reece-james/profil/spieler/472423,https://www.transfermarkt.com/england/startseite/verein/3299,data/raw/20260612_131029_transfermarkt_England_national_team_7ce47d64e10b.html,2026-06-12T04:10:29+00:00
England,12,Tino Livramento,Right-Back,12/11/2002,23,Tino Livramento,€45.00m,45000000.0,https://www.transfermarkt.com/tino-livramento/profil/spieler/503981,https://www.transfermarkt.com/england/startseite/verein/3299,data/raw/20260612_131029_transfermarkt_England_national_team_7ce47d64e10b.html,2026-06-12T04:10:29+00:00
England,14,Jordan Henderson,Defensive Midfield,17/06/1990,35,Jordan Henderson,€1.20m,1200000.0,https://www.transfermarkt.com/jordan-henderson/profil/spieler/61651,https://www.transfermarkt.com/england/startseite/verein/3299,data/raw/20260612_131029_transfermarkt_England_national_team_7ce47d64e10b.html,2026-06-12T04:10:29+00:00
England,4,Declan Rice,Central Midfield,14/01/1999,27,Declan Rice,€120.00m,120000000.0,https://www.transfermarkt.com/declan-rice/profil/spieler/357662,https://www.transfermarkt.com/england/startseite/verein/3299,data/raw/20260612_131029_transfermarkt_England_national_team_7ce47d64e10b.html,2026-06-12T04:10:29+00:00
England,8,Elliot Anderson,Central Midfield,06/11/2002,23,Elliot Anderson,€75.00m,75000000.0,https://www.transfermarkt.com/elliot-anderson/profil/spieler/567576,https://www.transfermarkt.com/england/startseite/verein/3299,data/raw/20260612_131029_transfermarkt_England_national_team_7ce47d64e10b.html,2026-06-12T04:10:29+00:00
England,16,Kobbie Mainoo,Central Midfield,19/04/2005,21,Kobbie Mainoo,€70.00m,70000000.0,https://www.transfermarkt.com/kobbie-mainoo/profil/spieler/820374,https://www.transfermarkt.com/england/startseite/verein/3299,data/raw/20260612_131029_transfermarkt_England_national_team_7ce47d64e10b.html,2026-06-12T04:10:29+00:00
England,10,Jude Bellingham,Attacking Midfield,29/06/2003,22,Jude Bellingham,€130.00m,130000000.0,https://www.transfermarkt.com/jude-bellingham/profil/spieler/581678,https://www.transfermarkt.com/england/startseite/verein/3299,data/raw/20260612_131029_transfermarkt_England_national_team_7ce47d64e10b.html,2026-06-12T04:10:29+00:00
England,17,Morgan Rogers,Attacking Midfield,26/07/2002,23,Morgan Rogers,€90.00m,90000000.0,https://www.transfermarkt.com/morgan-rogers/profil/spieler/503743,https://www.transfermarkt.com/england/startseite/verein/3299,data/raw/20260612_131029_transfermarkt_England_national_team_7ce47d64e10b.html,2026-06-12T04:10:29+00:00
England,21,Eberechi Eze,Attacking Midfield,29/06/1998,27,Eberechi Eze,€65.00m,65000000.0,https://www.transfermarkt.com/eberechi-eze/profil/spieler/479999,https://www.transfermarkt.com/england/startseite/verein/3299,data/raw/20260612_131029_transfermarkt_England_national_team_7ce47d64e10b.html,2026-06-12T04:10:29+00:00
England,18,Anthony Gordon,Left Winger,24/02/2001,25,Anthony Gordon,€65.00m,65000000.0,https://www.transfermarkt.com/anthony-gordon/profil/spieler/503733,https://www.transfermarkt.com/england/startseite/verein/3299,data/raw/20260612_131029_transfermarkt_England_national_team_7ce47d64e10b.html,2026-06-12T04:10:29+00:00
England,11,Marcus Rashford,Left Winger,31/10/1997,28,Marcus Rashford,€40.00m,40000000.0,https://www.transfermarkt.com/marcus-rashford/profil/spieler/258923,https://www.transfermarkt.com/england/startseite/verein/3299,data/raw/20260612_131029_transfermarkt_England_national_team_7ce47d64e10b.html,2026-06-12T04:10:29+00:00
England,7,Bukayo Saka,Right Winger,05/09/2001,24,Bukayo Saka,€110.00m,110000000.0,https://www.transfermarkt.com/bukayo-saka/profil/spieler/433177,https://www.transfermarkt.com/england/startseite/verein/3299,data/raw/20260612_131029_transfermarkt_England_national_team_7ce47d64e10b.html,2026-06-12T04:10:29+00:00
England,20,Noni Madueke,Right Winger,10/03/2002,24,Noni Madueke,€50.00m,50000000.0,https://www.transfermarkt.com/noni-madueke/profil/spieler/503987,https://www.transfermarkt.com/england/startseite/verein/3299,data/raw/20260612_131029_transfermarkt_England_national_team_7ce47d64e10b.html,2026-06-12T04:10:29+00:00
England,9,Harry Kane,Centre-Forward,28/07/1993,32,Harry Kane,€60.00m,60000000.0,https://www.transfermarkt.com/harry-kane/profil/spieler/132098,https://www.transfermarkt.com/england/startseite/verein/3299,data/raw/20260612_131029_transfermarkt_England_national_team_7ce47d64e10b.html,2026-06-12T04:10:29+00:00
England,19,Ollie Watkins,Centre-Forward,30/12/1995,30,Ollie Watkins,€25.00m,25000000.0,https://www.transfermarkt.com/ollie-watkins/profil/spieler/324358,https://www.transfermarkt.com/england/startseite/verein/3299,data/raw/20260612_131029_transfermarkt_England_national_team_7ce47d64e10b.html,2026-06-12T04:10:29+00:00
England,22,Ivan Toney,Centre-Forward,16/03/1996,30,Ivan Toney,€20.00m,20000000.0,https://www.transfermarkt.com/ivan-toney/profil/spieler/251664,https://www.transfermarkt.com/england/startseite/verein/3299,data/raw/20260612_131029_transfermarkt_England_national_team_7ce47d64e10b.html,2026-06-12T04:10:29+00:00
Croatia,23,Dominik Kotarski,Goalkeeper,10/02/2000,26,Dominik Kotarski,€5.00m,5000000.0,https://www.transfermarkt.com/dominik-kotarski/profil/spieler/370997,https://www.transfermarkt.com/kroatien/startseite/verein/3556,data/raw/20260612_131033_transfermarkt_Croatia_national_team_924e54e251a6.html,2026-06-12T04:10:32+00:00
Croatia,12,Ivor Pandur,Goalkeeper,25/03/2000,26,Ivor Pandur,€4.50m,4500000.0,https://www.transfermarkt.com/ivor-pandur/profil/spieler/371013,https://www.transfermarkt.com/kroatien/startseite/verein/3556,data/raw/20260612_131033_transfermarkt_Croatia_national_team_924e54e251a6.html,2026-06-12T04:10:32+00:00
Croatia,1,Dominik Livakovic,Goalkeeper,09/01/1995,31,Dominik Livakovic,€4.00m,4000000.0,https://www.transfermarkt.com/dominik-livakovic/profil/spieler/205927,https://www.transfermarkt.com/kroatien/startseite/verein/3556,data/raw/20260612_131033_transfermarkt_Croatia_national_team_924e54e251a6.html,2026-06-12T04:10:32+00:00
Croatia,4,Josko Gvardiol,Centre-Back,23/01/2002,24,Josko Gvardiol,€70.00m,70000000.0,https://www.transfermarkt.com/josko-gvardiol/profil/spieler/475959,https://www.transfermarkt.com/kroatien/startseite/verein/3556,data/raw/20260612_131033_transfermarkt_Croatia_national_team_924e54e251a6.html,2026-06-12T04:10:32+00:00
Croatia,22,Luka Vuskovic,Centre-Back,24/02/2007,19,Luka Vuskovic,€60.00m,60000000.0,https://www.transfermarkt.com/luka-vuskovic/profil/spieler/892160,https://www.transfermarkt.com/kroatien/startseite/verein/3556,data/raw/20260612_131033_transfermarkt_Croatia_national_team_924e54e251a6.html,2026-06-12T04:10:32+00:00
Croatia,6,Josip Sutalo,Centre-Back,28/02/2000,26,Josip Sutalo,€12.00m,12000000.0,https://www.transfermarkt.com/josip-sutalo/profil/spieler/371001,https://www.transfermarkt.com/kroatien/startseite/verein/3556,data/raw/20260612_131033_transfermarkt_Croatia_national_team_924e54e251a6.html,2026-06-12T04:10:32+00:00
Croatia,3,Marin Pongracic,Centre-Back,11/09/1997,28,Marin Pongracic,€6.50m,6500000.0,https://www.transfermarkt.com/marin-pongracic/profil/spieler/282144,https://www.transfermarkt.com/kroatien/startseite/verein/3556,data/raw/20260612_131033_transfermarkt_Croatia_national_team_924e54e251a6.html,2026-06-12T04:10:32+00:00
Croatia,25,Martin Erlić,Centre-Back,24/01/1998,28,Martin Erlić,€4.00m,4000000.0,https://www.transfermarkt.com/martin-erlic/profil/spieler/357003,https://www.transfermarkt.com/kroatien/startseite/verein/3556,data/raw/20260612_131033_transfermarkt_Croatia_national_team_924e54e251a6.html,2026-06-12T04:10:32+00:00
Croatia,5,Duje Caleta-Car,Centre-Back,17/09/1996,29,Duje Caleta-Car,€2.80m,2800000.0,https://www.transfermarkt.com/duje-caleta-car/profil/spieler/238266,https://www.transfermarkt.com/kroatien/startseite/verein/3556,data/raw/20260612_131033_transfermarkt_Croatia_national_team_924e54e251a6.html,2026-06-12T04:10:32+00:00
Croatia,2,Josip Stanisic,Right-Back,02/04/2000,26,Josip Stanisic,€40.00m,40000000.0,https://www.transfermarkt.com/josip-stanisic/profil/spieler/483046,https://www.transfermarkt.com/kroatien/startseite/verein/3556,data/raw/20260612_131033_transfermarkt_Croatia_national_team_924e54e251a6.html,2026-06-12T04:10:32+00:00
Croatia,7,Nikola Moro,Defensive Midfield,12/03/1998,28,Nikola Moro,€7.00m,7000000.0,https://www.transfermarkt.com/nikola-moro/profil/spieler/316934,https://www.transfermarkt.com/kroatien/startseite/verein/3556,data/raw/20260612_131033_transfermarkt_Croatia_national_team_924e54e251a6.html,2026-06-12T04:10:32+00:00
Croatia,18,Kristijan Jakic,Defensive Midfield,14/05/1997,29,Kristijan Jakic,€6.00m,6000000.0,https://www.transfermarkt.com/kristijan-jakic/profil/spieler/374954,https://www.transfermarkt.com/kroatien/startseite/verein/3556,data/raw/20260612_131033_transfermarkt_Croatia_national_team_924e54e251a6.html,2026-06-12T04:10:32+00:00
Croatia,17,Petar Sučić,Central Midfield,25/10/2003,22,Petar Sučić,€40.00m,40000000.0,https://www.transfermarkt.com/petar-sucic/profil/spieler/668207,https://www.transfermarkt.com/kroatien/startseite/verein/3556,data/raw/20260612_131033_transfermarkt_Croatia_national_team_924e54e251a6.html,2026-06-12T04:10:32+00:00
Croatia,8,Mateo Kovacic,Central Midfield,06/05/1994,32,Mateo Kovacic,€10.00m,10000000.0,https://www.transfermarkt.com/mateo-kovacic/profil/spieler/51471,https://www.transfermarkt.com/kroatien/startseite/verein/3556,data/raw/20260612_131033_transfermarkt_Croatia_national_team_924e54e251a6.html,2026-06-12T04:10:32+00:00
Croatia,21,Luka Sucic,Central Midfield,08/09/2002,23,Luka Sucic,€10.00m,10000000.0,https://www.transfermarkt.com/luka-sucic/profil/spieler/502722,https://www.transfermarkt.com/kroatien/startseite/verein/3556,data/raw/20260612_131033_transfermarkt_Croatia_national_team_924e54e251a6.html,2026-06-12T04:10:32+00:00
Croatia,15,Mario Pašalić,Central Midfield,09/02/1995,31,Mario Pašalić,€6.00m,6000000.0,https://www.transfermarkt.com/mario-pasalic/profil/spieler/205938,https://www.transfermarkt.com/kroatien/startseite/verein/3556,data/raw/20260612_131033_transfermarkt_Croatia_national_team_924e54e251a6.html,2026-06-12T04:10:32+00:00
Croatia,10,Luka Modrić,Central Midfield,09/09/1985,40,Luka Modrić,€3.50m,3500000.0,https://www.transfermarkt.com/luka-modric/profil/spieler/27992,https://www.transfermarkt.com/kroatien/startseite/verein/3556,data/raw/20260612_131033_transfermarkt_Croatia_national_team_924e54e251a6.html,2026-06-12T04:10:32+00:00
Croatia,16,Martin Baturina,Attacking Midfield,16/02/2003,23,Martin Baturina,€30.00m,30000000.0,https://www.transfermarkt.com/martin-baturina/profil/spieler/580451,https://www.transfermarkt.com/kroatien/startseite/verein/3556,data/raw/20260612_131033_transfermarkt_Croatia_national_team_924e54e251a6.html,2026-06-12T04:10:32+00:00
Croatia,13,Nikola Vlašić,Attacking Midfield,04/10/1997,28,Nikola Vlašić,€10.00m,10000000.0,https://www.transfermarkt.com/nikola-vlasic/profil/spieler/293200,https://www.transfermarkt.com/kroatien/startseite/verein/3556,data/raw/20260612_131033_transfermarkt_Croatia_national_team_924e54e251a6.html,2026-06-12T04:10:32+00:00
Croatia,19,Toni Fruk,Attacking Midfield,09/03/2001,25,Toni Fruk,€9.00m,9000000.0,https://www.transfermarkt.com/toni-fruk/profil/spieler/432758,https://www.transfermarkt.com/kroatien/startseite/verein/3556,data/raw/20260612_131033_transfermarkt_Croatia_national_team_924e54e251a6.html,2026-06-12T04:10:32+00:00
Croatia,9,Andrej Kramaric,Attacking Midfield,19/06/1991,34,Andrej Kramaric,€2.50m,2500000.0,https://www.transfermarkt.com/andrej-kramaric/profil/spieler/46580,https://www.transfermarkt.com/kroatien/startseite/verein/3556,data/raw/20260612_131033_transfermarkt_Croatia_national_team_924e54e251a6.html,2026-06-12T04:10:32+00:00
Croatia,14,Ivan Perišić,Left Winger,02/02/1989,37,Ivan Perišić,€1.20m,1200000.0,https://www.transfermarkt.com/ivan-perisic/profil/spieler/42460,https://www.transfermarkt.com/kroatien/startseite/verein/3556,data/raw/20260612_131033_transfermarkt_Croatia_national_team_924e54e251a6.html,2026-06-12T04:10:32+00:00
Croatia,24,Marco Pašalić,Right Winger,14/09/2000,25,Marco Pašalić,€6.50m,6500000.0,https://www.transfermarkt.com/marco-pasalic/profil/spieler/395928,https://www.transfermarkt.com/kroatien/startseite/verein/3556,data/raw/20260612_131033_transfermarkt_Croatia_national_team_924e54e251a6.html,2026-06-12T04:10:32+00:00
Croatia,20,Igor Matanovic,Centre-Forward,31/03/2003,23,Igor Matanovic,€22.00m,22000000.0,https://www.transfermarkt.com/igor-matanovic/profil/spieler/605268,https://www.transfermarkt.com/kroatien/startseite/verein/3556,data/raw/20260612_131033_transfermarkt_Croatia_national_team_924e54e251a6.html,2026-06-12T04:10:32+00:00
Croatia,26,Petar Musa,Centre-Forward,04/03/1998,28,Petar Musa,€12.00m,12000000.0,https://www.transfermarkt.com/petar-musa/profil/spieler/387110,https://www.transfermarkt.com/kroatien/startseite/verein/3556,data/raw/20260612_131033_transfermarkt_Croatia_national_team_924e54e251a6.html,2026-06-12T04:10:32+00:00
Croatia,11,Ante Budimir,Centre-Forward,22/07/1991,34,Ante Budimir,€2.80m,2800000.0,https://www.transfermarkt.com/ante-budimir/profil/spieler/46413,https://www.transfermarkt.com/kroatien/startseite/verein/3556,data/raw/20260612_131033_transfermarkt_Croatia_national_team_924e54e251a6.html,2026-06-12T04:10:32+00:00
Ghana,1,Lawrence Ati Zigi,Goalkeeper,29/11/1996,29,Lawrence Ati Zigi,€1.50m,1500000.0,https://www.transfermarkt.com/lawrence-ati-zigi/profil/spieler/254285,https://www.transfermarkt.com/ghana/startseite/verein/3441,data/raw/20260612_131037_transfermarkt_Ghana_national_team_2d3d0ce1c9cc.html,2026-06-12T04:10:36+00:00
Ghana,12,Joseph Anang,Goalkeeper,08/06/2000,26,Joseph Anang,€350k,350000.0,https://www.transfermarkt.com/joseph-anang/profil/spieler/576099,https://www.transfermarkt.com/ghana/startseite/verein/3441,data/raw/20260612_131037_transfermarkt_Ghana_national_team_2d3d0ce1c9cc.html,2026-06-12T04:10:36+00:00
Ghana,16,Benjamin Asare,Goalkeeper,13/07/1992,33,Benjamin Asare,€100k,100000.0,https://www.transfermarkt.com/benjamin-asare/profil/spieler/837368,https://www.transfermarkt.com/ghana/startseite/verein/3441,data/raw/20260612_131037_transfermarkt_Ghana_national_team_2d3d0ce1c9cc.html,2026-06-12T04:10:36+00:00
Ghana,21,Kojo Peprah Oppong,Centre-Back,04/06/2004,22,Kojo Peprah Oppong,€10.00m,10000000.0,https://www.transfermarkt.com/kojo-peprah-oppong/profil/spieler/1113451,https://www.transfermarkt.com/ghana/startseite/verein/3441,data/raw/20260612_131037_transfermarkt_Ghana_national_team_2d3d0ce1c9cc.html,2026-06-12T04:10:36+00:00
Ghana,2,Alidu Seidu,Centre-Back,04/06/2000,26,Alidu Seidu,€6.00m,6000000.0,https://www.transfermarkt.com/alidu-seidu/profil/spieler/798404,https://www.transfermarkt.com/ghana/startseite/verein/3441,data/raw/20260612_131037_transfermarkt_Ghana_national_team_2d3d0ce1c9cc.html,2026-06-12T04:10:36+00:00
Ghana,4,Jonas Adjetey,Centre-Back,13/12/2003,22,Jonas Adjetey,€6.00m,6000000.0,https://www.transfermarkt.com/jonas-adjetey/profil/spieler/734676,https://www.transfermarkt.com/ghana/startseite/verein/3441,data/raw/20260612_131037_transfermarkt_Ghana_national_team_2d3d0ce1c9cc.html,2026-06-12T04:10:36+00:00
Ghana,18,Jerome Opoku,Centre-Back,14/10/1998,27,Jerome Opoku,€5.00m,5000000.0,https://www.transfermarkt.com/jerome-opoku/profil/spieler/408563,https://www.transfermarkt.com/ghana/startseite/verein/3441,data/raw/20260612_131037_transfermarkt_Ghana_national_team_2d3d0ce1c9cc.html,2026-06-12T04:10:36+00:00
Ghana,6,Abdul Mumin,Centre-Back,06/06/1998,28,Abdul Mumin,€3.00m,3000000.0,https://www.transfermarkt.com/abdul-mumin/profil/spieler/451801,https://www.transfermarkt.com/ghana/startseite/verein/3441,data/raw/20260612_131037_transfermarkt_Ghana_national_team_2d3d0ce1c9cc.html,2026-06-12T04:10:36+00:00
Ghana,23,Derrick Luckassen,Centre-Back,03/07/1995,30,Derrick Luckassen,€1.00m,1000000.0,https://www.transfermarkt.com/derrick-luckassen/profil/spieler/241457,https://www.transfermarkt.com/ghana/startseite/verein/3441,data/raw/20260612_131037_transfermarkt_Ghana_national_team_2d3d0ce1c9cc.html,2026-06-12T04:10:36+00:00
Ghana,14,Gideon Mensah,Left-Back,18/07/1998,27,Gideon Mensah,€4.00m,4000000.0,https://www.transfermarkt.com/gideon-mensah/profil/spieler/397171,https://www.transfermarkt.com/ghana/startseite/verein/3441,data/raw/20260612_131037_transfermarkt_Ghana_national_team_2d3d0ce1c9cc.html,2026-06-12T04:10:36+00:00
Ghana,17,Abdul Rahman Baba,Left-Back,02/07/1994,31,Abdul Rahman Baba,€2.00m,2000000.0,https://www.transfermarkt.com/abdul-rahman-baba/profil/spieler/224884,https://www.transfermarkt.com/ghana/startseite/verein/3441,data/raw/20260612_131037_transfermarkt_Ghana_national_team_2d3d0ce1c9cc.html,2026-06-12T04:10:36+00:00
Ghana,26,Marvin Senaya,Right-Back,28/01/2001,25,Marvin Senaya,€3.00m,3000000.0,https://www.transfermarkt.com/marvin-senaya/profil/spieler/830890,https://www.transfermarkt.com/ghana/startseite/verein/3441,data/raw/20260612_131037_transfermarkt_Ghana_national_team_2d3d0ce1c9cc.html,2026-06-12T04:10:36+00:00
Ghana,15,Elisha Owusu,Defensive Midfield,07/11/1997,28,Elisha Owusu,€4.00m,4000000.0,https://www.transfermarkt.com/elisha-owusu/profil/spieler/395695,https://www.transfermarkt.com/ghana/startseite/verein/3441,data/raw/20260612_131037_transfermarkt_Ghana_national_team_2d3d0ce1c9cc.html,2026-06-12T04:10:36+00:00
Ghana,5,Thomas Partey,Defensive Midfield,13/06/1993,32,Thomas Partey,€2.00m,2000000.0,https://www.transfermarkt.com/thomas-partey/profil/spieler/230784,https://www.transfermarkt.com/ghana/startseite/verein/3441,data/raw/20260612_131037_transfermarkt_Ghana_national_team_2d3d0ce1c9cc.html,2026-06-12T04:10:36+00:00
Ghana,3,Caleb Yirenkyi,Central Midfield,15/01/2006,20,Caleb Yirenkyi,€10.00m,10000000.0,https://www.transfermarkt.com/caleb-yirenkyi/profil/spieler/1240763,https://www.transfermarkt.com/ghana/startseite/verein/3441,data/raw/20260612_131037_transfermarkt_Ghana_national_team_2d3d0ce1c9cc.html,2026-06-12T04:10:36+00:00
Ghana,8,Kwasi Sibo,Central Midfield,24/06/1998,27,Kwasi Sibo,€1.40m,1400000.0,https://www.transfermarkt.com/kwasi-sibo/profil/spieler/538006,https://www.transfermarkt.com/ghana/startseite/verein/3441,data/raw/20260612_131037_transfermarkt_Ghana_national_team_2d3d0ce1c9cc.html,2026-06-12T04:10:36+00:00
Ghana,18,Emmanuel Agyei,Central Midfield,03/11/2004,21,Emmanuel Agyei,€250k,250000.0,https://www.transfermarkt.com/emmanuel-agyei/profil/spieler/960062,https://www.transfermarkt.com/ghana/startseite/verein/3441,data/raw/20260612_131037_transfermarkt_Ghana_national_team_2d3d0ce1c9cc.html,2026-06-12T04:10:36+00:00
Ghana,20,Augustine Boakye,Attacking Midfield,03/11/2000,25,Augustine Boakye,€6.00m,6000000.0,https://www.transfermarkt.com/augustine-boakye/profil/spieler/579263,https://www.transfermarkt.com/ghana/startseite/verein/3441,data/raw/20260612_131037_transfermarkt_Ghana_national_team_2d3d0ce1c9cc.html,2026-06-12T04:10:36+00:00
Ghana,22,Kamaldeen Sulemana,Left Winger,15/02/2002,24,Kamaldeen Sulemana,€17.00m,17000000.0,https://www.transfermarkt.com/kamaldeen-sulemana/profil/spieler/746695,https://www.transfermarkt.com/ghana/startseite/verein/3441,data/raw/20260612_131037_transfermarkt_Ghana_national_team_2d3d0ce1c9cc.html,2026-06-12T04:10:36+00:00
Ghana,13,Christopher Bonsu Baah,Left Winger,14/12/2004,21,Christopher Bonsu Baah,€14.00m,14000000.0,https://www.transfermarkt.com/christopher-bonsu-baah/profil/spieler/1119447,https://www.transfermarkt.com/ghana/startseite/verein/3441,data/raw/20260612_131037_transfermarkt_Ghana_national_team_2d3d0ce1c9cc.html,2026-06-12T04:10:36+00:00
Ghana,11,Antoine Semenyo,Right Winger,07/01/2000,26,Antoine Semenyo,€80.00m,80000000.0,https://www.transfermarkt.com/antoine-semenyo/profil/spieler/583255,https://www.transfermarkt.com/ghana/startseite/verein/3441,data/raw/20260612_131037_transfermarkt_Ghana_national_team_2d3d0ce1c9cc.html,2026-06-12T04:10:36+00:00
Ghana,7,Abdul Fatawu,Right Winger,08/03/2004,22,Abdul Fatawu,€20.00m,20000000.0,https://www.transfermarkt.com/abdul-fatawu/profil/spieler/864121,https://www.transfermarkt.com/ghana/startseite/verein/3441,data/raw/20260612_131037_transfermarkt_Ghana_national_team_2d3d0ce1c9cc.html,2026-06-12T04:10:36+00:00
Ghana,24,Ernest Nuamah,Right Winger,01/11/2003,22,Ernest Nuamah,€10.00m,10000000.0,https://www.transfermarkt.com/ernest-nuamah/profil/spieler/955070,https://www.transfermarkt.com/ghana/startseite/verein/3441,data/raw/20260612_131037_transfermarkt_Ghana_national_team_2d3d0ce1c9cc.html,2026-06-12T04:10:36+00:00
Ghana,19,Iñaki Williams,Right Winger,15/06/1994,31,Iñaki Williams,€8.00m,8000000.0,https://www.transfermarkt.com/inaki-williams/profil/spieler/255508,https://www.transfermarkt.com/ghana/startseite/verein/3441,data/raw/20260612_131037_transfermarkt_Ghana_national_team_2d3d0ce1c9cc.html,2026-06-12T04:10:36+00:00
Ghana,10,Brandon Thomas-Asante,Centre-Forward,29/12/1998,27,Brandon Thomas-Asante,€16.00m,16000000.0,https://www.transfermarkt.com/brandon-thomas-asante/profil/spieler/451747,https://www.transfermarkt.com/ghana/startseite/verein/3441,data/raw/20260612_131037_transfermarkt_Ghana_national_team_2d3d0ce1c9cc.html,2026-06-12T04:10:36+00:00
Ghana,25,Prince Adu,Centre-Forward,23/09/2003,22,Prince Adu,€3.00m,3000000.0,https://www.transfermarkt.com/prince-adu/profil/spieler/734799,https://www.transfermarkt.com/ghana/startseite/verein/3441,data/raw/20260612_131037_transfermarkt_Ghana_national_team_2d3d0ce1c9cc.html,2026-06-12T04:10:36+00:00
Ghana,9,Jordan Ayew,Centre-Forward,11/09/1991,34,Jordan Ayew,€1.00m,1000000.0,https://www.transfermarkt.com/jordan-ayew/profil/spieler/108354,https://www.transfermarkt.com/ghana/startseite/verein/3441,data/raw/20260612_131037_transfermarkt_Ghana_national_team_2d3d0ce1c9cc.html,2026-06-12T04:10:36+00:00
Panama,22,Orlando Mosquera,Goalkeeper,25/12/1994,31,Orlando Mosquera,€700k,700000.0,https://www.transfermarkt.com/orlando-mosquera/profil/spieler/402979,https://www.transfermarkt.com/panama/startseite/verein/3577,data/raw/20260612_131040_transfermarkt_Panama_national_team_d484f8eb3696.html,2026-06-12T04:10:40+00:00
Panama,12,César Samudio,Goalkeeper,23/02/1994,32,César Samudio,€250k,250000.0,https://www.transfermarkt.com/cesar-samudio/profil/spieler/865550,https://www.transfermarkt.com/panama/startseite/verein/3577,data/raw/20260612_131040_transfermarkt_Panama_national_team_d484f8eb3696.html,2026-06-12T04:10:40+00:00
Panama,1,Luis Mejía,Goalkeeper,16/03/1991,35,Luis Mejía,€150k,150000.0,https://www.transfermarkt.com/luis-mejia/profil/spieler/76715,https://www.transfermarkt.com/panama/startseite/verein/3577,data/raw/20260612_131040_transfermarkt_Panama_national_team_d484f8eb3696.html,2026-06-12T04:10:40+00:00
Panama,3,José Córdoba,Centre-Back,03/06/2001,25,José Córdoba,€5.00m,5000000.0,https://www.transfermarkt.com/jose-cordoba/profil/spieler/698415,https://www.transfermarkt.com/panama/startseite/verein/3577,data/raw/20260612_131040_transfermarkt_Panama_national_team_d484f8eb3696.html,2026-06-12T04:10:40+00:00
Panama,16,Andrés Andrade,Centre-Back,16/10/1998,27,Andrés Andrade,€2.50m,2500000.0,https://www.transfermarkt.com/andres-andrade/profil/spieler/403808,https://www.transfermarkt.com/panama/startseite/verein/3577,data/raw/20260612_131040_transfermarkt_Panama_national_team_d484f8eb3696.html,2026-06-12T04:10:40+00:00
Panama,5,Edgardo Fariña,Centre-Back,19/10/2001,24,Edgardo Fariña,€900k,900000.0,https://www.transfermarkt.com/edgardo-farina/profil/spieler/923177,https://www.transfermarkt.com/panama/startseite/verein/3577,data/raw/20260612_131040_transfermarkt_Panama_national_team_d484f8eb3696.html,2026-06-12T04:10:40+00:00
Panama,13,Jiovany Ramos,Centre-Back,26/01/1997,29,Jiovany Ramos,€450k,450000.0,https://www.transfermarkt.com/jiovany-ramos/profil/spieler/403809,https://www.transfermarkt.com/panama/startseite/verein/3577,data/raw/20260612_131040_transfermarkt_Panama_national_team_d484f8eb3696.html,2026-06-12T04:10:40+00:00
Panama,4,Fidel Escobar,Centre-Back,09/01/1995,31,Fidel Escobar,€350k,350000.0,https://www.transfermarkt.com/fidel-escobar/profil/spieler/345716,https://www.transfermarkt.com/panama/startseite/verein/3577,data/raw/20260612_131040_transfermarkt_Panama_national_team_d484f8eb3696.html,2026-06-12T04:10:40+00:00
Panama,25,Roderick Miller,Centre-Back,03/04/1992,34,Roderick Miller,€175k,175000.0,https://www.transfermarkt.com/roderick-miller/profil/spieler/157154,https://www.transfermarkt.com/panama/startseite/verein/3577,data/raw/20260612_131040_transfermarkt_Panama_national_team_d484f8eb3696.html,2026-06-12T04:10:40+00:00
Panama,26,Jorge Gutiérrez,Left-Back,01/09/1998,27,Jorge Gutiérrez,€800k,800000.0,https://www.transfermarkt.com/jorge-gutierrez/profil/spieler/443379,https://www.transfermarkt.com/panama/startseite/verein/3577,data/raw/20260612_131040_transfermarkt_Panama_national_team_d484f8eb3696.html,2026-06-12T04:10:40+00:00
Panama,15,Éric Davis,Left-Back,31/03/1991,35,Éric Davis,€50k,50000.0,https://www.transfermarkt.com/eric-davis/profil/spieler/121791,https://www.transfermarkt.com/panama/startseite/verein/3577,data/raw/20260612_131040_transfermarkt_Panama_national_team_d484f8eb3696.html,2026-06-12T04:10:40+00:00
Panama,23,Amir Murillo,Right-Back,11/02/1996,30,Amir Murillo,€7.00m,7000000.0,https://www.transfermarkt.com/amir-murillo/profil/spieler/354482,https://www.transfermarkt.com/panama/startseite/verein/3577,data/raw/20260612_131040_transfermarkt_Panama_national_team_d484f8eb3696.html,2026-06-12T04:10:40+00:00
Panama,2,César Blackman,Right-Back,02/04/1998,28,César Blackman,€2.50m,2500000.0,https://www.transfermarkt.com/cesar-blackman/profil/spieler/440383,https://www.transfermarkt.com/panama/startseite/verein/3577,data/raw/20260612_131040_transfermarkt_Panama_national_team_d484f8eb3696.html,2026-06-12T04:10:40+00:00
Panama,6,Cristian Martínez,Defensive Midfield,06/02/1997,29,Cristian Martínez,€800k,800000.0,https://www.transfermarkt.com/cristian-martinez/profil/spieler/419247,https://www.transfermarkt.com/panama/startseite/verein/3577,data/raw/20260612_131040_transfermarkt_Panama_national_team_d484f8eb3696.html,2026-06-12T04:10:40+00:00
Panama,14,Carlos Harvey,Defensive Midfield,03/02/2000,26,Carlos Harvey,€600k,600000.0,https://www.transfermarkt.com/carlos-harvey/profil/spieler/628806,https://www.transfermarkt.com/panama/startseite/verein/3577,data/raw/20260612_131040_transfermarkt_Panama_national_team_d484f8eb3696.html,2026-06-12T04:10:40+00:00
Panama,20,Aníbal Godoy,Defensive Midfield,10/02/1990,36,Aníbal Godoy,€100k,100000.0,https://www.transfermarkt.com/anibal-godoy/profil/spieler/161671,https://www.transfermarkt.com/panama/startseite/verein/3577,data/raw/20260612_131040_transfermarkt_Panama_national_team_d484f8eb3696.html,2026-06-12T04:10:40+00:00
Panama,8,Adalberto Carrasquilla,Central Midfield,28/11/1998,27,Adalberto Carrasquilla,€4.00m,4000000.0,https://www.transfermarkt.com/adalberto-carrasquilla/profil/spieler/375300,https://www.transfermarkt.com/panama/startseite/verein/3577,data/raw/20260612_131040_transfermarkt_Panama_national_team_d484f8eb3696.html,2026-06-12T04:10:40+00:00
Panama,7,José Luis Rodríguez,Left Winger,19/06/1998,27,José Luis Rodríguez,€2.50m,2500000.0,https://www.transfermarkt.com/jose-luis-rodriguez/profil/spieler/425028,https://www.transfermarkt.com/panama/startseite/verein/3577,data/raw/20260612_131040_transfermarkt_Panama_national_team_d484f8eb3696.html,2026-06-12T04:10:40+00:00
Panama,10,Ismael Díaz,Left Winger,12/05/1997,29,Ismael Díaz,€1.80m,1800000.0,https://www.transfermarkt.com/ismael-diaz/profil/spieler/243298,https://www.transfermarkt.com/panama/startseite/verein/3577,data/raw/20260612_131040_transfermarkt_Panama_national_team_d484f8eb3696.html,2026-06-12T04:10:40+00:00
Panama,11,Yoel Bárcenas,Right Winger,23/10/1993,32,Yoel Bárcenas,€650k,650000.0,https://www.transfermarkt.com/yoel-barcenas/profil/spieler/283473,https://www.transfermarkt.com/panama/startseite/verein/3577,data/raw/20260612_131040_transfermarkt_Panama_national_team_d484f8eb3696.html,2026-06-12T04:10:40+00:00
Panama,21,César Yanis,Right Winger,28/01/1996,30,César Yanis,€400k,400000.0,https://www.transfermarkt.com/cesar-yanis/profil/spieler/741098,https://www.transfermarkt.com/panama/startseite/verein/3577,data/raw/20260612_131040_transfermarkt_Panama_national_team_d484f8eb3696.html,2026-06-12T04:10:40+00:00
Panama,19,Alberto Quintero,Right Winger,18/12/1987,38,Alberto Quintero,€75k,75000.0,https://www.transfermarkt.com/alberto-quintero/profil/spieler/126019,https://www.transfermarkt.com/panama/startseite/verein/3577,data/raw/20260612_131040_transfermarkt_Panama_national_team_d484f8eb3696.html,2026-06-12T04:10:40+00:00
Panama,9,Tomás Rodríguez,Centre-Forward,09/03/1999,27,Tomás Rodríguez,€1.00m,1000000.0,https://www.transfermarkt.com/tomas-rodriguez/profil/spieler/569205,https://www.transfermarkt.com/panama/startseite/verein/3577,data/raw/20260612_131040_transfermarkt_Panama_national_team_d484f8eb3696.html,2026-06-12T04:10:40+00:00
Panama,24,Azarías Londoño,Centre-Forward,21/06/2001,24,Azarías Londoño,€1.00m,1000000.0,https://www.transfermarkt.com/azarias-londono/profil/spieler/860998,https://www.transfermarkt.com/panama/startseite/verein/3577,data/raw/20260612_131040_transfermarkt_Panama_national_team_d484f8eb3696.html,2026-06-12T04:10:40+00:00
Panama,17,José Fajardo,Centre-Forward,18/08/1993,32,José Fajardo,€550k,550000.0,https://www.transfermarkt.com/jose-fajardo/profil/spieler/546803,https://www.transfermarkt.com/panama/startseite/verein/3577,data/raw/20260612_131040_transfermarkt_Panama_national_team_d484f8eb3696.html,2026-06-12T04:10:40+00:00
Panama,18,Cecilio Waterman,Centre-Forward,13/04/1991,35,Cecilio Waterman,€250k,250000.0,https://www.transfermarkt.com/cecilio-waterman/profil/spieler/177064,https://www.transfermarkt.com/panama/startseite/verein/3577,data/raw/20260612_131040_transfermarkt_Panama_national_team_d484f8eb3696.html,2026-06-12T04:10:40+00:00
