date,home_team,away_team,home_score,away_score,tournament,city,country,neutral,result,goal_diff_home
2023-01-06,Iraq,Oman,0,0,Gulf Cup,Basra,Iraq,False,draw,0
2023-01-06,Yemen,Saudi Arabia,0,2,Gulf Cup,Basra,Iraq,True,away_win,-2
2023-01-07,Kuwait,Qatar,0,2,Gulf Cup,Basra,Iraq,True,away_win,-2
2023-01-09,Sweden,Finland,2,0,Friendly,Faro-Loulé,Portugal,True,home_win,2
2023-01-09,Iraq,Saudi Arabia,2,0,Gulf Cup,Basra,Iraq,False,home_win,2
2023-01-10,Qatar,Bahrain,1,2,Gulf Cup,Basra,Iraq,True,away_win,-1
2023-01-12,Sweden,Iceland,2,1,Friendly,Faro-Loulé,Portugal,True,home_win,1
2023-01-12,Iraq,Yemen,5,0,Gulf Cup,Basra,Iraq,False,home_win,5
2023-01-12,Saudi Arabia,Oman,1,2,Gulf Cup,Basra,Iraq,True,away_win,-1
2023-01-13,Qatar,United Arab Emirates,1,1,Gulf Cup,Basra,Iraq,True,draw,0
2023-01-16,Iraq,Qatar,2,1,Gulf Cup,Basra,Iraq,False,home_win,1
2023-01-19,Iraq,Oman,3,2,Gulf Cup,Basra,Iraq,False,home_win,1
2023-01-25,United States,Serbia,1,2,Friendly,Los Angeles,United States,False,away_win,-1
2023-01-28,United States,Colombia,0,0,Friendly,Carson,United States,False,draw,0
2023-03-12,Guatemala,Panama,1,1,Friendly,San Jose,United States,True,draw,0
2023-03-23,Argentina,Panama,2,0,Friendly,Buenos Aires,Argentina,False,home_win,2
2023-03-23,Iran,Russia,1,1,Friendly,Tehran,Iran,False,draw,0
2023-03-23,New Zealand,China,0,0,Friendly,Auckland,New Zealand,False,draw,0
2023-03-23,Ghana,Angola,1,0,African Cup of Nations qualification,Kumasi,Ghana,False,home_win,1
2023-03-23,Algeria,Niger,2,1,African Cup of Nations qualification,Algiers,Algeria,False,home_win,1
2023-03-23,Italy,England,1,2,UEFA Euro qualification,Napoli,Italy,False,away_win,-1
2023-03-23,Portugal,Liechtenstein,4,0,UEFA Euro qualification,Lisbon,Portugal,False,home_win,4
2023-03-23,Bosnia and Herzegovina,Iceland,3,0,UEFA Euro qualification,Zenica,Bosnia and Herzegovina,False,home_win,3
2023-03-23,Suriname,Mexico,0,2,CONCACAF Nations League,Paramaribo,Suriname,False,away_win,-2
2023-03-24,Australia,Ecuador,3,1,Friendly,Sydney,Australia,False,home_win,2
2023-03-24,Japan,Uruguay,1,1,Friendly,Tokyo,Japan,False,draw,0
2023-03-24,South Korea,Colombia,2,2,Friendly,Ulsan,South Korea,False,draw,0
2023-03-24,Saudi Arabia,Venezuela,1,2,Friendly,Jeddah,Saudi Arabia,False,away_win,-1
2023-03-24,Uzbekistan,Bolivia,1,0,Friendly,Jeddah,Saudi Arabia,True,home_win,1
2023-03-24,Cape Verde,Eswatini,0,0,African Cup of Nations qualification,Praia,Cape Verde,False,draw,0
2023-03-24,Egypt,Malawi,2,0,African Cup of Nations qualification,Cairo,Egypt,False,home_win,2
2023-03-24,Ivory Coast,Comoros,3,1,African Cup of Nations qualification,Bouaké,Ivory Coast,False,home_win,2
2023-03-24,DR Congo,Mauritania,3,1,African Cup of Nations qualification,Douala,Cameroon,True,home_win,2
2023-03-24,Tunisia,Libya,3,0,African Cup of Nations qualification,Radès,Tunisia,False,home_win,3
2023-03-24,South Africa,Liberia,2,2,African Cup of Nations qualification,Johannesburg,South Africa,False,draw,0
2023-03-24,Senegal,Mozambique,5,1,African Cup of Nations qualification,Diamniadio,Senegal,False,home_win,4
2023-03-24,France,Netherlands,4,0,UEFA Euro qualification,Paris,France,False,home_win,4
2023-03-24,Czech Republic,Poland,3,1,UEFA Euro qualification,Prague,Czech Republic,False,home_win,2
2023-03-24,Austria,Azerbaijan,4,1,UEFA Euro qualification,Pasching,Austria,False,home_win,3
2023-03-24,Sweden,Belgium,0,3,UEFA Euro qualification,Stockholm,Sweden,False,away_win,-3
2023-03-24,Grenada,United States,1,7,CONCACAF Nations League,St. George's,Grenada,False,away_win,-6
2023-03-25,Germany,Peru,2,0,Friendly,Mainz,Germany,False,home_win,2
2023-03-25,Morocco,Brazil,2,1,Friendly,Tangier,Morocco,False,home_win,1
2023-03-25,Scotland,Cyprus,3,0,UEFA Euro qualification,Glasgow,Scotland,False,home_win,3
2023-03-25,Spain,Norway,3,0,UEFA Euro qualification,Málaga,Spain,False,home_win,3
2023-03-25,Croatia,Wales,1,1,UEFA Euro qualification,Split,Croatia,False,draw,0
2023-03-25,Armenia,Turkey,1,2,UEFA Euro qualification,Yerevan,Armenia,False,away_win,-1
2023-03-25,Belarus,Switzerland,0,5,UEFA Euro qualification,Novi Sad,Serbia,True,away_win,-5
2023-03-25,Curaçao,Canada,0,2,CONCACAF Nations League,Willemstad,Curaçao,False,away_win,-2
2023-03-25,Montserrat,Haiti,0,4,CONCACAF Nations League,Lookout,Montserrat,False,away_win,-4
2023-03-26,New Zealand,China,2,1,Friendly,Wellington,New Zealand,False,home_win,1
2023-03-26,Russia,Iraq,2,0,Friendly,Saint Petersburg,Russia,False,home_win,2
2023-03-26,England,Ukraine,2,0,UEFA Euro qualification,London,England,False,home_win,2
2023-03-26,Luxembourg,Portugal,0,6,UEFA Euro qualification,Luxembourg,Luxembourg,False,away_win,-6
2023-03-26,Slovakia,Bosnia and Herzegovina,2,0,UEFA Euro qualification,Bratislava,Slovakia,False,home_win,2
2023-03-26,Mexico,Jamaica,2,2,CONCACAF Nations League,Mexico City,Mexico,False,draw,0
2023-03-27,Chile,Paraguay,3,2,Friendly,Santiago,Chile,False,home_win,1
2023-03-27,Angola,Ghana,1,1,African Cup of Nations qualification,Luanda,Angola,False,draw,0
2023-03-27,Niger,Algeria,0,1,African Cup of Nations qualification,Radès,Tunisia,True,away_win,-1
2023-03-27,Republic of Ireland,France,0,1,UEFA Euro qualification,Dublin,Republic of Ireland,False,away_win,-1
2023-03-27,Netherlands,Gibraltar,3,0,UEFA Euro qualification,Rotterdam,Netherlands,False,home_win,3
2023-03-27,Moldova,Czech Republic,0,0,UEFA Euro qualification,Chișinău,Moldova,False,draw,0
2023-03-27,Austria,Estonia,2,1,UEFA Euro qualification,Pasching,Austria,False,home_win,1
2023-03-27,Sweden,Azerbaijan,5,0,UEFA Euro qualification,Stockholm,Sweden,False,home_win,5
2023-03-27,United States,El Salvador,1,0,CONCACAF Nations League,Orlando,United States,False,home_win,1
2023-03-28,Argentina,Curaçao,7,0,Friendly,Santiago del Estero,Argentina,False,home_win,7
2023-03-28,Australia,Ecuador,1,2,Friendly,Melbourne,Australia,False,away_win,-1
2023-03-28,Germany,Belgium,2,3,Friendly,Cologne,Germany,False,away_win,-1
2023-03-28,Iran,Kenya,2,1,Friendly,Tehran,Iran,False,home_win,1
2023-03-28,Japan,Colombia,1,2,Friendly,Osaka,Japan,False,away_win,-1
2023-03-28,Jordan,Philippines,4,0,Friendly,Al Wakrah,Qatar,True,home_win,4
2023-03-28,South Korea,Uruguay,1,2,Friendly,Seoul,South Korea,False,away_win,-1
2023-03-28,Morocco,Peru,0,0,Friendly,Madrid,Spain,True,draw,0
2023-03-28,Saudi Arabia,Bolivia,1,2,Friendly,Jeddah,Saudi Arabia,False,away_win,-1
2023-03-28,Uzbekistan,Venezuela,1,1,Friendly,Jeddah,Saudi Arabia,True,draw,0
2023-03-28,Eswatini,Cape Verde,0,1,African Cup of Nations qualification,Mbombela,South Africa,True,away_win,-1
2023-03-28,Malawi,Egypt,0,4,African Cup of Nations qualification,Lilongwe,Malawi,False,away_win,-4
2023-03-28,Comoros,Ivory Coast,0,2,African Cup of Nations qualification,Moroni,Comoros,False,away_win,-2
2023-03-28,Mauritania,DR Congo,1,1,African Cup of Nations qualification,Nouakchott,Mauritania,False,draw,0
2023-03-28,Libya,Tunisia,0,1,African Cup of Nations qualification,Benghazi,Libya,False,away_win,-1
2023-03-28,Liberia,South Africa,1,2,African Cup of Nations qualification,Monrovia,Liberia,False,away_win,-1
2023-03-28,Mozambique,Senegal,0,1,African Cup of Nations qualification,Maputo,Mozambique,False,away_win,-1
2023-03-28,Scotland,Spain,2,0,UEFA Euro qualification,Glasgow,Scotland,False,home_win,2
2023-03-28,Georgia,Norway,1,1,UEFA Euro qualification,Batumi,Georgia,False,draw,0
2023-03-28,Turkey,Croatia,0,2,UEFA Euro qualification,Bursa,Turkey,False,away_win,-2
2023-03-28,Switzerland,Israel,3,0,UEFA Euro qualification,Geneva,Switzerland,False,home_win,3
2023-03-28,Costa Rica,Panama,0,1,CONCACAF Nations League,San José,Costa Rica,False,away_win,-1
2023-03-28,Canada,Honduras,4,1,CONCACAF Nations League,Toronto,Canada,False,home_win,3
2023-03-28,Haiti,Bermuda,3,1,CONCACAF Nations League,San Cristóbal,Dominican Republic,True,home_win,2
2023-04-19,United States,Mexico,1,1,Friendly,Glendale,United States,False,draw,0
2023-06-07,Mexico,Guatemala,2,0,Friendly,Mazatlán,Mexico,False,home_win,2
2023-06-10,Mexico,Cameroon,2,2,Friendly,San Diego,United States,True,draw,0
2023-06-10,Panama,Nicaragua,3,2,Friendly,Penonomé,Panama,False,home_win,1
2023-06-11,Uzbekistan,Oman,3,0,CAFA Nations Cup,Tashkent,Uzbekistan,False,home_win,3
2023-06-12,Germany,Ukraine,3,3,Friendly,Bremen,Germany,False,draw,0
2023-06-12,Morocco,Cape Verde,0,0,Friendly,Rabat,Morocco,False,draw,0
2023-06-13,Iran,Afghanistan,6,1,CAFA Nations Cup,Bishkek,Kyrgyzstan,True,home_win,5
2023-06-13,Curaçao,Costa Rica,0,0,Friendly,Fort Lauderdale,United States,True,draw,0
2023-06-14,DR Congo,Uganda,1,0,Friendly,Douala,Cameroon,True,home_win,1
2023-06-14,Uruguay,Nicaragua,4,1,Friendly,Montevideo,Uruguay,False,home_win,3
2023-06-14,Netherlands,Croatia,2,4,UEFA Nations League,Rotterdam,Netherlands,False,away_win,-2
2023-06-14,Uzbekistan,Turkmenistan,2,0,CAFA Nations Cup,Tashkent,Uzbekistan,False,home_win,2
2023-06-14,Guinea,Egypt,1,2,African Cup of Nations qualification,Marrakesh,Morocco,True,away_win,-1
2023-06-15,Panama,Canada,0,2,CONCACAF Nations League,Las Vegas,United States,True,away_win,-2
2023-06-15,United States,Mexico,3,0,CONCACAF Nations League,Las Vegas,United States,False,home_win,3
2023-06-15,Argentina,Australia,2,0,Friendly,Beijing,China,True,home_win,2
2023-06-15,Jamaica,Qatar,1,2,Friendly,Ritzing,Austria,True,away_win,-1
2023-06-15,Japan,El Salvador,6,0,Friendly,Toyota,Japan,False,home_win,6
2023-06-15,Spain,Italy,2,1,UEFA Nations League,Enschede,Netherlands,True,home_win,1
2023-06-16,Curaçao,Saint Kitts and Nevis,1,1,Gold Cup qualification,Fort Lauderdale,United States,True,draw,0
2023-06-16,Colombia,Iraq,1,0,Friendly,Valencia,Spain,True,home_win,1
2023-06-16,South Korea,Peru,0,1,Friendly,Busan,South Korea,False,away_win,-1
2023-06-16,Poland,Germany,1,0,Friendly,Warsaw,Poland,False,home_win,1
2023-06-16,Serbia,Jordan,3,2,Friendly,Vienna,Austria,True,home_win,1
2023-06-16,Sweden,New Zealand,4,1,Friendly,Stockholm,Sweden,False,home_win,3
2023-06-16,Gibraltar,France,0,3,UEFA Euro qualification,Faro-Loulé,Portugal,True,away_win,-3
2023-06-16,Malta,England,0,4,UEFA Euro qualification,Ta' Qali,Malta,False,away_win,-4
2023-06-16,Latvia,Turkey,2,3,UEFA Euro qualification,Riga,Latvia,False,away_win,-1
2023-06-16,Andorra,Switzerland,1,2,UEFA Euro qualification,Andorra la Vella,Andorra,False,away_win,-1
2023-06-16,Kyrgyzstan,Iran,1,5,CAFA Nations Cup,Bishkek,Kyrgyzstan,False,away_win,-4
2023-06-17,Brazil,Guinea,4,1,Friendly,Barcelona,Spain,True,home_win,3
2023-06-17,Ecuador,Bolivia,1,0,Friendly,Harrison,United States,True,home_win,1
2023-06-17,Norway,Scotland,1,2,UEFA Euro qualification,Oslo,Norway,False,away_win,-1
2023-06-17,Faroe Islands,Czech Republic,0,3,UEFA Euro qualification,Tórshavn,Faroe Islands,False,away_win,-3
2023-06-17,Belgium,Austria,1,1,UEFA Euro qualification,Brussels,Belgium,False,draw,0
2023-06-17,Portugal,Bosnia and Herzegovina,3,0,UEFA Euro qualification,Lisbon,Portugal,False,home_win,3
2023-06-17,Uzbekistan,Tajikistan,5,1,CAFA Nations Cup,Tashkent,Uzbekistan,False,home_win,4
2023-06-17,Zambia,Ivory Coast,3,0,African Cup of Nations qualification,Ndola,Zambia,False,home_win,3
2023-06-17,Equatorial Guinea,Tunisia,1,0,African Cup of Nations qualification,Malabo,Equatorial Guinea,False,home_win,1
2023-06-17,South Africa,Morocco,2,1,African Cup of Nations qualification,Johannesburg,South Africa,False,home_win,1
2023-06-17,Benin,Senegal,1,1,African Cup of Nations qualification,Cotonou,Benin,False,draw,0
2023-06-18,Panama,Mexico,0,1,CONCACAF Nations League,Las Vegas,United States,True,away_win,-1
2023-06-18,United States,Canada,2,0,CONCACAF Nations League,Las Vegas,United States,False,home_win,2
2023-06-18,Egypt,South Sudan,3,0,Friendly,Cairo,Egypt,False,home_win,3
2023-06-18,Paraguay,Nicaragua,2,0,Friendly,Asunción,Paraguay,False,home_win,2
2023-06-18,Netherlands,Italy,2,3,UEFA Nations League,Enschede,Netherlands,False,away_win,-1
2023-06-18,Croatia,Spain,0,0,UEFA Nations League,Rotterdam,Netherlands,True,draw,0
2023-06-18,Cape Verde,Burkina Faso,3,1,African Cup of Nations qualification,Praia,Cape Verde,False,home_win,2
2023-06-18,Madagascar,Ghana,0,0,African Cup of Nations qualification,Antananarivo,Madagascar,False,draw,0
2023-06-18,Uganda,Algeria,1,2,African Cup of Nations qualification,Douala,Cameroon,True,away_win,-1
2023-06-18,Gabon,DR Congo,0,2,African Cup of Nations qualification,Franceville,Gabon,False,away_win,-2
2023-06-19,Indonesia,Argentina,0,2,Friendly,Jakarta,Indonesia,False,away_win,-2
2023-06-19,Jamaica,Jordan,1,2,Friendly,Wiener Neustadt,Austria,True,away_win,-1
2023-06-19,France,Greece,1,0,UEFA Euro qualification,Paris,France,False,home_win,1
2023-06-19,England,North Macedonia,7,0,UEFA Euro qualification,Manchester,England,False,home_win,7
2023-06-19,Turkey,Wales,2,0,UEFA Euro qualification,Samsun,Turkey,False,home_win,2
2023-06-19,Switzerland,Romania,2,2,UEFA Euro qualification,Lucerne,Switzerland,False,draw,0
2023-06-20,Algeria,Tunisia,1,1,Friendly,Annaba,Algeria,False,draw,0
2023-06-20,Brazil,Senegal,2,4,Friendly,Lisbon,Portugal,True,away_win,-2
2023-06-20,Ecuador,Costa Rica,3,1,Friendly,Chester,United States,True,home_win,2
2023-06-20,Germany,Colombia,0,2,Friendly,Gelsenkirchen,Germany,False,away_win,-2
2023-06-20,Haiti,Trinidad and Tobago,0,0,Friendly,Palm Beach Gardens,United States,True,draw,0
2023-06-20,Japan,Peru,4,1,Friendly,Suita,Japan,False,home_win,3
2023-06-20,South Korea,El Salvador,1,1,Friendly,Daejeon,South Korea,False,draw,0
2023-06-20,Montenegro,Czech Republic,1,4,Friendly,Podgorica,Montenegro,False,away_win,-3
2023-06-20,Uruguay,Cuba,2,0,Friendly,Montevideo,Uruguay,False,home_win,2
2023-06-20,Scotland,Georgia,2,0,UEFA Euro qualification,Glasgow,Scotland,False,home_win,2
2023-06-20,Norway,Cyprus,3,1,UEFA Euro qualification,Oslo,Norway,False,home_win,2
2023-06-20,Austria,Sweden,2,0,UEFA Euro qualification,Vienna,Austria,False,home_win,2
2023-06-20,Estonia,Belgium,0,3,UEFA Euro qualification,Tallinn,Estonia,False,away_win,-3
2023-06-20,Iceland,Portugal,0,1,UEFA Euro qualification,Reykjavík,Iceland,False,away_win,-1
2023-06-20,Bosnia and Herzegovina,Luxembourg,0,2,UEFA Euro qualification,Zenica,Bosnia and Herzegovina,False,away_win,-2
2023-06-20,Uzbekistan,Iran,0,1,CAFA Nations Cup,Tashkent,Uzbekistan,False,away_win,-1
2023-06-24,United States,Jamaica,1,1,Gold Cup,Chicago,United States,False,draw,0
2023-06-25,Haiti,Qatar,2,1,Gold Cup,Houston,United States,True,home_win,1
2023-06-25,Mexico,Honduras,4,0,Gold Cup,Houston,United States,True,home_win,4
2023-06-26,Costa Rica,Panama,1,2,Gold Cup,Fort Lauderdale,United States,True,away_win,-1
2023-06-27,Canada,Guadeloupe,2,2,Gold Cup,Toronto,Canada,False,draw,0
2023-06-28,United States,Saint Kitts and Nevis,6,0,Gold Cup,St. Louis,United States,False,home_win,6
2023-06-29,Qatar,Honduras,1,1,Gold Cup,Glendale,United States,True,draw,0
2023-06-29,Haiti,Mexico,1,3,Gold Cup,Glendale,United States,True,away_win,-2
2023-06-30,Martinique,Panama,1,2,Gold Cup,Harrison,United States,True,away_win,-1
2023-07-01,Guatemala,Canada,0,0,Gold Cup,Houston,United States,True,draw,0
2023-07-02,United States,Trinidad and Tobago,6,0,Gold Cup,Charlotte,United States,False,home_win,6
2023-07-02,Honduras,Haiti,2,1,Gold Cup,Charlotte,United States,True,home_win,1
2023-07-02,Mexico,Qatar,0,1,Gold Cup,Santa Clara,United States,True,away_win,-1
2023-07-04,Panama,El Salvador,2,2,Gold Cup,Houston,United States,True,draw,0
2023-07-04,Canada,Cuba,4,2,Gold Cup,Houston,United States,True,home_win,2
2023-07-05,South Africa,Namibia,1,1,COSAFA Cup,Durban,South Africa,False,draw,0
2023-07-08,Panama,Qatar,4,0,Gold Cup,Arlington,United States,True,home_win,4
2023-07-08,Mexico,Costa Rica,2,0,Gold Cup,Arlington,United States,True,home_win,2
2023-07-08,South Africa,Botswana,2,1,COSAFA Cup,Durban,South Africa,False,home_win,1
2023-07-09,United States,Canada,2,2,Gold Cup,Cincinnati,United States,False,draw,0
2023-07-11,South Africa,Eswatini,2,1,COSAFA Cup,KwaMashu,South Africa,False,home_win,1
2023-07-12,United States,Panama,1,1,Gold Cup,San Diego,United States,False,draw,0
2023-07-12,Jamaica,Mexico,0,3,Gold Cup,Paradise,United States,True,away_win,-3
2023-07-14,South Africa,Zambia,1,2,COSAFA Cup,Durban,South Africa,False,away_win,-1
2023-07-16,Mexico,Panama,1,0,Gold Cup,Inglewood,United States,True,home_win,1
2023-07-16,South Africa,Malawi,0,0,COSAFA Cup,Durban,South Africa,False,draw,0
2023-08-27,Bolivia,Panama,1,2,Friendly,Cochabamba,Bolivia,False,away_win,-1
2023-09-07,Trinidad and Tobago,Curaçao,1,0,CONCACAF Nations League,Port of Spain,Trinidad and Tobago,False,home_win,1
2023-09-07,Panama,Martinique,3,0,CONCACAF Nations League,Panama City,Panama,False,home_win,3
2023-09-07,Colombia,Venezuela,1,0,FIFA World Cup qualification,Barranquilla,Colombia,False,home_win,1
2023-09-07,Paraguay,Peru,0,0,FIFA World Cup qualification,Ciudad del Este,Paraguay,False,draw,0
2023-09-07,Argentina,Ecuador,1,0,FIFA World Cup qualification,Buenos Aires,Argentina,False,home_win,1
2023-09-07,Austria,Moldova,1,1,Friendly,Pasching,Austria,False,draw,0
2023-09-07,Bulgaria,Iran,0,1,Friendly,Plovdiv,Bulgaria,False,away_win,-1
2023-09-07,Norway,Jordan,6,0,Friendly,Oslo,Norway,False,home_win,6
2023-09-07,Qatar,Kenya,1,2,Friendly,Al Wakrah,Qatar,False,away_win,-1
2023-09-07,Wales,South Korea,0,0,Friendly,Cardiff,Wales,False,draw,0
2023-09-07,Ghana,Central African Republic,2,1,African Cup of Nations qualification,Kumasi,Ghana,False,home_win,1
2023-09-07,Algeria,Tanzania,0,0,African Cup of Nations qualification,Annaba,Algeria,False,draw,0
2023-09-07,Tunisia,Botswana,3,0,African Cup of Nations qualification,Radès,Tunisia,False,home_win,3
2023-09-07,France,Republic of Ireland,2,0,UEFA Euro qualification,Paris,France,False,home_win,2
2023-09-07,Netherlands,Greece,3,0,UEFA Euro qualification,Eindhoven,Netherlands,False,home_win,3
2023-09-07,Czech Republic,Albania,1,1,UEFA Euro qualification,Prague,Czech Republic,False,draw,0
2023-09-07,Iraq,India,2,2,King's Cup,Chiang Mai,Thailand,True,draw,0
2023-09-08,Haiti,Cuba,0,0,CONCACAF Nations League,Santo Domingo,Dominican Republic,True,draw,0
2023-09-08,Uruguay,Chile,3,1,FIFA World Cup qualification,Montevideo,Uruguay,False,home_win,2
2023-09-08,Brazil,Bolivia,5,1,FIFA World Cup qualification,Belém,Brazil,False,home_win,4
2023-09-08,Costa Rica,Saudi Arabia,3,1,Friendly,Newcastle,England,True,home_win,2
2023-09-08,Egypt,Ethiopia,1,0,African Cup of Nations qualification,Cairo,Egypt,False,home_win,1
2023-09-08,Georgia,Spain,1,7,UEFA Euro qualification,Tbilisi,Georgia,False,away_win,-6
2023-09-08,Cyprus,Scotland,0,3,UEFA Euro qualification,Larnaca,Cyprus,False,away_win,-3
2023-09-08,Croatia,Latvia,5,0,UEFA Euro qualification,Rijeka,Croatia,False,home_win,5
2023-09-08,Turkey,Armenia,1,1,UEFA Euro qualification,Eskişehir,Turkey,False,draw,0
2023-09-08,Bosnia and Herzegovina,Liechtenstein,2,1,UEFA Euro qualification,Zenica,Bosnia and Herzegovina,False,home_win,1
2023-09-08,Slovakia,Portugal,0,1,UEFA Euro qualification,Bratislava,Slovakia,False,away_win,-1
2023-09-09,Germany,Japan,1,4,Friendly,Wolfsburg,Germany,False,away_win,-3
2023-09-09,Mexico,Australia,2,2,Friendly,Arlington,United States,True,draw,0
2023-09-09,South Africa,Namibia,0,0,Friendly,Johannesburg,South Africa,False,draw,0
2023-09-09,United States,Uzbekistan,3,0,Friendly,St. Louis,United States,False,home_win,3
2023-09-09,Ivory Coast,Lesotho,1,0,African Cup of Nations qualification,San-Pédro,Ivory Coast,False,home_win,1
2023-09-09,DR Congo,Sudan,2,0,African Cup of Nations qualification,Kinshasa,DR Congo,False,home_win,2
2023-09-09,Rwanda,Senegal,1,1,African Cup of Nations qualification,Butare,Rwanda,False,draw,0
2023-09-09,Ukraine,England,1,1,UEFA Euro qualification,Wrocław,Poland,True,draw,0
2023-09-09,Azerbaijan,Belgium,0,1,UEFA Euro qualification,Baku,Azerbaijan,False,away_win,-1
2023-09-09,Estonia,Sweden,0,5,UEFA Euro qualification,Tallinn,Estonia,False,away_win,-5
2023-09-09,Kosovo,Switzerland,2,2,UEFA Euro qualification,Pristina,Kosovo,False,draw,0
2023-09-10,Guatemala,Panama,1,1,CONCACAF Nations League,Guatemala City,Guatemala,False,draw,0
2023-09-10,Martinique,Curaçao,1,0,CONCACAF Nations League,Fort-de-France,Martinique,False,home_win,1
2023-09-10,Hungary,Czech Republic,1,1,Friendly,Budapest,Hungary,False,draw,0
2023-09-10,Togo,Cape Verde,3,2,African Cup of Nations qualification,Lomé,Togo,False,home_win,1
2023-09-10,Republic of Ireland,Netherlands,1,2,UEFA Euro qualification,Dublin,Republic of Ireland,False,away_win,-1
2023-09-10,Thailand,Iraq,2,2,King's Cup,Chiang Mai,Thailand,False,draw,0
2023-09-11,Armenia,Croatia,0,1,UEFA Euro qualification,Yerevan,Armenia,False,away_win,-1
2023-09-11,Iceland,Bosnia and Herzegovina,1,0,UEFA Euro qualification,Reykjavík,Iceland,False,home_win,1
2023-09-11,Portugal,Luxembourg,9,0,UEFA Euro qualification,São João da Venda,Portugal,False,home_win,9
2023-09-12,Jamaica,Haiti,2,2,CONCACAF Nations League,Kingston,Jamaica,False,draw,0
2023-09-12,Bolivia,Argentina,0,3,FIFA World Cup qualification,La Paz,Bolivia,False,away_win,-3
2023-09-12,Ecuador,Uruguay,2,1,FIFA World Cup qualification,Quito,Ecuador,False,home_win,1
2023-09-12,Venezuela,Paraguay,1,0,FIFA World Cup qualification,Maturín,Venezuela,False,home_win,1
2023-09-12,Peru,Brazil,0,1,FIFA World Cup qualification,Lima,Peru,False,away_win,-1
2023-09-12,Chile,Colombia,0,0,FIFA World Cup qualification,Santiago,Chile,False,draw,0
2023-09-12,Azerbaijan,Jordan,2,1,Friendly,Baku,Azerbaijan,False,home_win,1
2023-09-12,Egypt,Tunisia,1,3,Friendly,Cairo,Egypt,False,away_win,-2
2023-09-12,Germany,France,2,1,Friendly,Dortmund,Germany,False,home_win,1
2023-09-12,Qatar,Russia,1,1,Friendly,Al Wakrah,Qatar,False,draw,0
2023-09-12,Ghana,Liberia,3,1,Friendly,Accra,Ghana,False,home_win,2
2023-09-12,Iran,Angola,4,0,Friendly,Tehran,Iran,False,home_win,4
2023-09-12,Japan,Turkey,4,2,Friendly,Genk,Belgium,True,home_win,2
2023-09-12,South Korea,Saudi Arabia,1,0,Friendly,Newcastle,England,True,home_win,1
2023-09-12,Mexico,Uzbekistan,3,3,Friendly,Atlanta,United States,True,draw,0
2023-09-12,Morocco,Burkina Faso,1,0,Friendly,Lens,France,True,home_win,1
2023-09-12,Scotland,England,1,3,Friendly,Glasgow,Scotland,False,away_win,-2
2023-09-12,Senegal,Algeria,0,1,Friendly,Diamniadio,Senegal,False,away_win,-1
2023-09-12,South Africa,DR Congo,1,0,Friendly,Johannesburg,South Africa,False,home_win,1
2023-09-12,United States,Oman,4,0,Friendly,Saint Paul,United States,False,home_win,4
2023-09-12,Norway,Georgia,2,1,UEFA Euro qualification,Oslo,Norway,False,home_win,1
2023-09-12,Spain,Cyprus,6,0,UEFA Euro qualification,Granada,Spain,False,home_win,6
2023-09-12,Belgium,Estonia,5,0,UEFA Euro qualification,Brussels,Belgium,False,home_win,5
2023-09-12,Sweden,Austria,1,3,UEFA Euro qualification,Stockholm,Sweden,False,away_win,-2
2023-09-12,Switzerland,Andorra,3,0,UEFA Euro qualification,Sion,Switzerland,False,home_win,3
2023-10-12,Suriname,Haiti,1,1,CONCACAF Nations League,Paramaribo,Suriname,False,draw,0
2023-10-12,Colombia,Uruguay,2,2,FIFA World Cup qualification,Barranquilla,Colombia,False,draw,0
2023-10-12,Bolivia,Ecuador,1,2,FIFA World Cup qualification,La Paz,Bolivia,False,away_win,-1
2023-10-12,Argentina,Paraguay,1,0,FIFA World Cup qualification,Buenos Aires,Argentina,False,home_win,1
2023-10-12,Brazil,Venezuela,1,1,FIFA World Cup qualification,Cuiabá,Brazil,False,draw,0
2023-10-12,Algeria,Cape Verde,5,1,Friendly,Constantine,Algeria,False,home_win,4
2023-10-12,Egypt,Zambia,1,0,Friendly,Al Ain,United Arab Emirates,True,home_win,1
2023-10-12,Sweden,Moldova,3,1,Friendly,Stockholm,Sweden,False,home_win,2
2023-10-12,Spain,Scotland,2,0,UEFA Euro qualification,Seville,Spain,False,home_win,2
2023-10-12,Cyprus,Norway,0,4,UEFA Euro qualification,Larnaca,Cyprus,False,away_win,-4
2023-10-12,Croatia,Turkey,0,1,UEFA Euro qualification,Osijek,Croatia,False,away_win,-1
2023-10-12,Albania,Czech Republic,3,0,UEFA Euro qualification,Tirana,Albania,False,home_win,3
2023-10-13,Curaçao,Panama,1,2,CONCACAF Nations League,Willemstad,Curaçao,False,away_win,-1
2023-10-13,DR Congo,New Zealand,1,1,Friendly,Murcia,Spain,True,draw,0
2023-10-13,England,Australia,1,0,Friendly,London,England,False,home_win,1
2023-10-13,Iraq,Qatar,0,0,Friendly,Amman,Jordan,True,draw,0
2023-10-13,Japan,Canada,4,1,Friendly,Niigata,Japan,False,home_win,3
2023-10-13,South Korea,Tunisia,4,0,Friendly,Seoul,South Korea,False,home_win,4
2023-10-13,Nigeria,Saudi Arabia,2,2,Friendly,Portimão,Portugal,True,draw,0
2023-10-13,South Africa,Eswatini,0,0,Friendly,Johannesburg,South Africa,False,draw,0
2023-10-13,Vietnam,Uzbekistan,0,2,Friendly,Dalian,China,True,away_win,-2
2023-10-13,Netherlands,France,1,2,UEFA Euro qualification,Amsterdam,Netherlands,False,away_win,-1
2023-10-13,Austria,Belgium,2,3,UEFA Euro qualification,Vienna,Austria,False,away_win,-1
2023-10-13,Portugal,Slovakia,3,2,UEFA Euro qualification,Porto,Portugal,False,home_win,1
2023-10-13,Liechtenstein,Bosnia and Herzegovina,0,2,UEFA Euro qualification,Vaduz,Liechtenstein,False,away_win,-2
2023-10-14,Ivory Coast,Morocco,1,1,Friendly,Abidjan,Ivory Coast,False,draw,0
2023-10-14,Mexico,Ghana,2,0,Friendly,Charlotte,United States,True,home_win,2
2023-10-14,United States,Germany,1,3,Friendly,East Hartford,United States,False,away_win,-2
2023-10-15,Haiti,Jamaica,2,3,CONCACAF Nations League,Port of Spain,Trinidad and Tobago,True,away_win,-1
2023-10-15,Norway,Spain,0,1,UEFA Euro qualification,Oslo,Norway,False,away_win,-1
2023-10-15,Wales,Croatia,2,1,UEFA Euro qualification,Cardiff,Wales,False,home_win,1
2023-10-15,Turkey,Latvia,4,0,UEFA Euro qualification,Konya,Turkey,False,home_win,4
2023-10-15,Czech Republic,Faroe Islands,1,0,UEFA Euro qualification,Plzeň,Czech Republic,False,home_win,1
2023-10-15,Switzerland,Belarus,3,3,UEFA Euro qualification,St. Gallen,Switzerland,False,draw,0
2023-10-16,Algeria,Egypt,1,1,Friendly,Al Ain,United Arab Emirates,True,draw,0
2023-10-16,China,Uzbekistan,1,2,Friendly,Dalian,China,False,away_win,-1
2023-10-16,Senegal,Cameroon,1,0,Friendly,Lens,France,True,home_win,1
2023-10-16,Greece,Netherlands,0,1,UEFA Euro qualification,Athens,Greece,False,away_win,-1
2023-10-16,Azerbaijan,Austria,0,1,UEFA Euro qualification,Baku,Azerbaijan,False,away_win,-1
2023-10-16,Belgium,Sweden,1,1,UEFA Euro qualification,Brussels,Belgium,False,draw,0
2023-10-16,Bosnia and Herzegovina,Portugal,0,5,UEFA Euro qualification,Zenica,Bosnia and Herzegovina,False,away_win,-5
2023-10-17,Panama,Guatemala,3,0,CONCACAF Nations League,Panama City,Panama,False,home_win,3
2023-10-17,Curaçao,Trinidad and Tobago,5,3,CONCACAF Nations League,Willemstad,Curaçao,False,home_win,2
2023-10-17,Ecuador,Colombia,0,0,FIFA World Cup qualification,Quito,Ecuador,False,draw,0
2023-10-17,Paraguay,Bolivia,1,0,FIFA World Cup qualification,Asunción,Paraguay,False,home_win,1
2023-10-17,Peru,Argentina,0,2,FIFA World Cup qualification,Lima,Peru,False,away_win,-2
2023-10-17,Uruguay,Brazil,2,0,FIFA World Cup qualification,Montevideo,Uruguay,False,home_win,2
2023-10-17,Angola,DR Congo,0,0,Friendly,Setúbal,Portugal,True,draw,0
2023-10-17,Australia,New Zealand,2,0,Soccer Ashes,Brentford,England,True,home_win,2
2023-10-17,Cape Verde,Comoros,1,2,Friendly,Fos-sur-Mer,Cape Verde,False,away_win,-1
2023-10-17,France,Scotland,4,1,Friendly,Lille,France,False,home_win,3
2023-10-17,Ivory Coast,South Africa,1,1,Friendly,Abidjan,Ivory Coast,False,draw,0
2023-10-17,South Korea,Vietnam,6,0,Friendly,Suwon,South Korea,False,home_win,6
2023-10-17,Mali,Saudi Arabia,3,1,Friendly,Portimão,Portugal,True,home_win,2
2023-10-17,Mexico,Germany,2,2,Friendly,Philadelphia,United States,True,draw,0
2023-10-17,United States,Ghana,4,0,Friendly,Nashville,United States,False,home_win,4
2023-10-17,Morocco,Liberia,3,0,African Cup of Nations qualification,Agadir,Morocco,False,home_win,3
2023-10-17,England,Italy,3,1,UEFA Euro qualification,London,England,False,home_win,2
2023-11-15,DR Congo,Mauritania,2,0,FIFA World Cup qualification,Kinshasa,DR Congo,False,home_win,2
2023-11-15,Belgium,Serbia,1,0,Friendly,Leuven,Belgium,False,home_win,1
2023-11-15,Israel,Switzerland,1,1,UEFA Euro qualification,Felcsút,Hungary,True,draw,0
2023-11-16,Costa Rica,Panama,0,3,CONCACAF Nations League,San José,Costa Rica,False,away_win,-3
2023-11-16,United States,Trinidad and Tobago,3,0,CONCACAF Nations League,Austin,United States,False,home_win,3
2023-11-16,Venezuela,Ecuador,0,0,FIFA World Cup qualification,Maturín,Venezuela,False,draw,0
2023-11-16,Colombia,Brazil,2,1,FIFA World Cup qualification,Barranquilla,Colombia,False,home_win,1
2023-11-16,Argentina,Uruguay,0,2,FIFA World Cup qualification,Buenos Aires,Argentina,False,away_win,-2
2023-11-16,Chile,Paraguay,0,0,FIFA World Cup qualification,Santiago,Chile,False,draw,0
2023-11-16,Qatar,Afghanistan,8,1,FIFA World Cup qualification,Al Rayyan,Qatar,False,home_win,7
2023-11-16,Japan,Myanmar,5,0,FIFA World Cup qualification,Suita,Japan,False,home_win,5
2023-11-16,South Korea,Singapore,5,0,FIFA World Cup qualification,Seoul,South Korea,False,home_win,5
2023-11-16,Iran,Hong Kong,4,0,FIFA World Cup qualification,Tehran,Iran,False,home_win,4
2023-11-16,Turkmenistan,Uzbekistan,1,3,FIFA World Cup qualification,Ashgabat,Turkmenistan,False,away_win,-2
2023-11-16,Iraq,Indonesia,5,1,FIFA World Cup qualification,Basra,Iraq,False,home_win,4
2023-11-16,Tajikistan,Jordan,1,1,FIFA World Cup qualification,Dushanbe,Tajikistan,False,draw,0
2023-11-16,Saudi Arabia,Pakistan,4,0,FIFA World Cup qualification,Al Hofuf,Saudi Arabia,False,home_win,4
2023-11-16,Australia,Bangladesh,7,0,FIFA World Cup qualification,Melbourne,Australia,False,home_win,7
2023-11-16,Egypt,Djibouti,6,0,FIFA World Cup qualification,Cairo,Egypt,False,home_win,6
2023-11-16,Cape Verde,Angola,0,0,FIFA World Cup qualification,Praia,Cape Verde,False,draw,0
2023-11-16,Algeria,Somalia,3,1,FIFA World Cup qualification,Algiers,Algeria,False,home_win,2
2023-11-16,Curaçao,El Salvador,1,1,Friendly,Willemstad,Curaçao,False,draw,0
2023-11-16,Norway,Faroe Islands,2,0,Friendly,Oslo,Norway,False,home_win,2
2023-11-16,Cyprus,Spain,1,3,UEFA Euro qualification,Limassol,Cyprus,False,away_win,-2
2023-11-16,Georgia,Scotland,2,2,UEFA Euro qualification,Tbilisi,Georgia,False,draw,0
2023-11-16,Estonia,Austria,0,2,UEFA Euro qualification,Tallinn,Estonia,False,away_win,-2
2023-11-16,Azerbaijan,Sweden,3,0,UEFA Euro qualification,Baku,Azerbaijan,False,home_win,3
2023-11-16,Liechtenstein,Portugal,0,2,UEFA Euro qualification,Vaduz,Liechtenstein,False,away_win,-2
2023-11-16,Luxembourg,Bosnia and Herzegovina,4,1,UEFA Euro qualification,Luxembourg,Luxembourg,False,home_win,3
2023-11-17,Honduras,Mexico,2,0,CONCACAF Nations League,Tegucigalpa,Honduras,False,home_win,2
2023-11-17,Ivory Coast,Seychelles,9,0,FIFA World Cup qualification,Abidjan,Ivory Coast,False,home_win,9
2023-11-17,Tunisia,São Tomé and Príncipe,4,0,FIFA World Cup qualification,Radès,Tunisia,False,home_win,4
2023-11-17,Ghana,Madagascar,1,0,FIFA World Cup qualification,Kumasi,Ghana,False,home_win,1
2023-11-17,Greece,New Zealand,2,0,Friendly,Athens,Greece,False,home_win,2
2023-11-17,England,Malta,2,0,UEFA Euro qualification,London,England,False,home_win,2
2023-11-17,Poland,Czech Republic,1,1,UEFA Euro qualification,Warsaw,Poland,False,draw,0
2023-11-18,Jamaica,Canada,1,2,CONCACAF Nations League,Kingston,Jamaica,False,away_win,-1
2023-11-18,Senegal,South Sudan,4,0,FIFA World Cup qualification,Diamniadio,Senegal,False,home_win,4
2023-11-18,South Africa,Benin,2,1,FIFA World Cup qualification,Durban,South Africa,False,home_win,1
2023-11-18,Germany,Turkey,2,3,Friendly,Berlin,Germany,False,away_win,-1
2023-11-18,France,Gibraltar,14,0,UEFA Euro qualification,Nice,France,False,home_win,14
2023-11-18,Netherlands,Republic of Ireland,1,0,UEFA Euro qualification,Amsterdam,Netherlands,False,home_win,1
2023-11-18,Latvia,Croatia,0,2,UEFA Euro qualification,Riga,Latvia,False,away_win,-2
2023-11-18,Switzerland,Kosovo,1,1,UEFA Euro qualification,Basel,Switzerland,False,draw,0
2023-11-19,Sierra Leone,Egypt,0,2,FIFA World Cup qualification,Monrovia,Liberia,True,away_win,-2
2023-11-19,Sudan,DR Congo,1,0,FIFA World Cup qualification,Benghazi,Libya,True,home_win,1
2023-11-19,Mozambique,Algeria,0,2,FIFA World Cup qualification,Maputo,Mozambique,False,away_win,-2
2023-11-19,Scotland,Norway,3,3,UEFA Euro qualification,Glasgow,Scotland,False,draw,0
2023-11-19,Spain,Georgia,3,1,UEFA Euro qualification,Valladolid,Spain,False,home_win,2
2023-11-19,Belgium,Azerbaijan,5,0,UEFA Euro qualification,Brussels,Belgium,False,home_win,5
2023-11-19,Sweden,Estonia,2,0,UEFA Euro qualification,Stockholm,Sweden,False,home_win,2
2023-11-19,Portugal,Iceland,2,0,UEFA Euro qualification,Lisbon,Portugal,False,home_win,2
2023-11-19,Bosnia and Herzegovina,Slovakia,1,2,UEFA Euro qualification,Zenica,Bosnia and Herzegovina,False,away_win,-1
2023-11-20,Panama,Costa Rica,3,1,CONCACAF Nations League,Panama City,Panama,False,home_win,2
2023-11-20,Trinidad and Tobago,United States,2,1,CONCACAF Nations League,Port of Spain,Trinidad and Tobago,False,home_win,1
2023-11-20,Gambia,Ivory Coast,0,2,FIFA World Cup qualification,Dar es Salaam,Tanzania,True,away_win,-2
2023-11-20,Curaçao,El Salvador,1,1,Friendly,Willemstad,Curaçao,False,draw,0
2023-11-20,North Macedonia,England,1,1,UEFA Euro qualification,Skopje,North Macedonia,False,draw,0
2023-11-20,Czech Republic,Moldova,3,0,UEFA Euro qualification,Olomouc,Czech Republic,False,home_win,3
2023-11-21,Canada,Jamaica,2,3,CONCACAF Nations League,Toronto,Canada,False,away_win,-1
2023-11-21,Mexico,Honduras,2,0,CONCACAF Nations League,Mexico City,Mexico,False,home_win,2
2023-11-21,Ecuador,Chile,1,0,FIFA World Cup qualification,Quito,Ecuador,False,home_win,1
2023-11-21,Paraguay,Colombia,0,1,FIFA World Cup qualification,Asunción,Paraguay,False,away_win,-1
2023-11-21,Uruguay,Bolivia,3,0,FIFA World Cup qualification,Montevideo,Uruguay,False,home_win,3
2023-11-21,Brazil,Argentina,0,1,FIFA World Cup qualification,Rio de Janeiro,Brazil,False,away_win,-1
2023-11-21,India,Qatar,0,3,FIFA World Cup qualification,Bhubaneswar,India,False,away_win,-3
2023-11-21,Syria,Japan,0,5,FIFA World Cup qualification,Jeddah,Saudi Arabia,True,away_win,-5
2023-11-21,China,South Korea,0,3,FIFA World Cup qualification,Shenzhen,China,False,away_win,-3
2023-11-21,Uzbekistan,Iran,2,2,FIFA World Cup qualification,Tashkent,Uzbekistan,False,draw,0
2023-11-21,Vietnam,Iraq,0,1,FIFA World Cup qualification,Hanoi,Vietnam,False,away_win,-1
2023-11-21,Jordan,Saudi Arabia,0,2,FIFA World Cup qualification,Amman,Jordan,False,away_win,-2
2023-11-21,Palestine,Australia,0,1,FIFA World Cup qualification,Kuwait City,Kuwait,True,away_win,-1
2023-11-21,Togo,Senegal,0,0,FIFA World Cup qualification,Lomé,Togo,False,draw,0
2023-11-21,Rwanda,South Africa,2,0,FIFA World Cup qualification,Butare,Rwanda,False,home_win,2
2023-11-21,Eswatini,Cape Verde,0,2,FIFA World Cup qualification,Mbombela,South Africa,True,away_win,-2
2023-11-21,Tanzania,Morocco,0,2,FIFA World Cup qualification,Dar es Salaam,Tanzania,False,away_win,-2
2023-11-21,Malawi,Tunisia,0,1,FIFA World Cup qualification,Lilongwe,Malawi,False,away_win,-1
2023-11-21,Comoros,Ghana,1,0,FIFA World Cup qualification,Moroni,Comoros,False,home_win,1
2023-11-21,Austria,Germany,2,0,Friendly,Vienna,Austria,False,home_win,2
2023-11-21,Republic of Ireland,New Zealand,1,1,Friendly,Dublin,Republic of Ireland,False,draw,0
2023-11-21,Gibraltar,Netherlands,0,6,UEFA Euro qualification,Faro-Loulé,Portugal,True,away_win,-6
2023-11-21,Greece,France,2,2,UEFA Euro qualification,Athens,Greece,False,draw,0
2023-11-21,Wales,Turkey,1,1,UEFA Euro qualification,Cardiff,Wales,False,draw,0
2023-11-21,Croatia,Armenia,1,0,UEFA Euro qualification,Zagreb,Croatia,False,home_win,1
2023-11-21,Romania,Switzerland,1,0,UEFA Euro qualification,Bucharest,Romania,False,home_win,1
2023-12-16,Mexico,Colombia,2,3,Friendly,Los Angeles,United States,True,away_win,-1
2024-01-01,Japan,Thailand,5,0,Friendly,Tokyo,Japan,False,home_win,5
2024-01-04,Saudi Arabia,Lebanon,1,0,Friendly,Doha,Qatar,True,home_win,1
2024-01-05,Iran,Burkina Faso,2,1,Friendly,Kish,Iran,False,home_win,1
2024-01-05,Qatar,Jordan,1,2,Friendly,Al Rayyan,Qatar,False,away_win,-1
2024-01-05,Togo,Algeria,0,3,Friendly,Lomé,Togo,False,away_win,-3
2024-01-06,DR Congo,Angola,0,0,Friendly,Dubai,United Arab Emirates,True,draw,0
2024-01-06,Iraq,South Korea,0,1,Friendly,Abu Dhabi,United Arab Emirates,True,away_win,-1
2024-01-06,Bahrain,Australia,0,2,Friendly,Abu Dhabi,United Arab Emirates,True,away_win,-2
2024-01-06,Ivory Coast,Sierra Leone,5,1,Friendly,San-Pédro,Ivory Coast,False,home_win,4
2024-01-06,Tunisia,Mauritania,0,0,Friendly,Radès,Tunisia,False,draw,0
2024-01-07,Uzbekistan,Palestine,1,0,Friendly,Doha,Qatar,True,home_win,1
2024-01-07,Egypt,Tanzania,2,0,Friendly,Cairo,Egypt,False,home_win,2
2024-01-08,Senegal,Niger,1,0,Friendly,Dakar,Senegal,False,home_win,1
2024-01-08,Ghana,Namibia,0,0,Friendly,Kumasi,Ghana,False,draw,0
2024-01-09,Japan,Jordan,6,1,Friendly,Doha,Qatar,True,home_win,5
2024-01-09,Saudi Arabia,Palestine,0,0,Friendly,Al Wakrah,Qatar,True,draw,0
2024-01-09,Burundi,Algeria,0,4,Friendly,Lomé,Togo,True,away_win,-4
2024-01-09,Indonesia,Iran,0,5,Friendly,Al Rayyan,Qatar,True,away_win,-5
2024-01-10,South Africa,Lesotho,0,0,Friendly,Pretoria,South Africa,False,draw,0
2024-01-10,DR Congo,Burkina Faso,1,2,Friendly,Abu Dhabi,United Arab Emirates,True,away_win,-1
2024-01-10,Saudi Arabia,Hong Kong,2,0,Friendly,Al Wakrah,Qatar,True,home_win,2
2024-01-10,Tunisia,Cape Verde,2,0,Friendly,Radès,Tunisia,False,home_win,2
2024-01-11,Morocco,Sierra Leone,3,1,Friendly,San-Pédro,Ivory Coast,True,home_win,2
2024-01-12,Qatar,Lebanon,3,0,AFC Asian Cup,Lusail,Qatar,False,home_win,3
2024-01-12,Sweden,Estonia,2,1,Friendly,Paphos,Cyprus,True,home_win,1
2024-01-13,Australia,India,2,0,AFC Asian Cup,Al Rayyan,Qatar,True,home_win,2
2024-01-13,Uzbekistan,Syria,0,0,AFC Asian Cup,Doha,Qatar,True,draw,0
2024-01-13,Ivory Coast,Guinea-Bissau,2,0,African Cup of Nations,Ebimpé,Ivory Coast,False,home_win,2
2024-01-14,Iran,Palestine,4,1,AFC Asian Cup,Al Rayyan,Qatar,True,home_win,3
2024-01-14,Japan,Vietnam,4,2,AFC Asian Cup,Doha,Qatar,True,home_win,2
2024-01-14,Egypt,Mozambique,2,2,African Cup of Nations,Abidjan,Ivory Coast,True,draw,0
2024-01-14,Ghana,Cape Verde,1,2,African Cup of Nations,Abidjan,Ivory Coast,True,away_win,-1
2024-01-15,Indonesia,Iraq,1,3,AFC Asian Cup,Doha,Qatar,True,away_win,-2
2024-01-15,South Korea,Bahrain,3,1,AFC Asian Cup,Doha,Qatar,True,home_win,2
2024-01-15,Malaysia,Jordan,0,4,AFC Asian Cup,Al Wakrah,Qatar,True,away_win,-4
2024-01-15,Senegal,Gambia,3,0,African Cup of Nations,Yamoussoukro,Ivory Coast,True,home_win,3
2024-01-15,Algeria,Angola,1,1,African Cup of Nations,Bouaké,Ivory Coast,True,draw,0
2024-01-16,Saudi Arabia,Oman,2,1,AFC Asian Cup,Al Rayyan,Qatar,True,home_win,1
2024-01-16,Tunisia,Namibia,0,1,African Cup of Nations,Korhogo,Ivory Coast,True,away_win,-1
2024-01-16,Mali,South Africa,2,0,African Cup of Nations,Korhogo,Ivory Coast,True,home_win,2
2024-01-17,Qatar,Tajikistan,1,0,AFC Asian Cup,Al Khor,Qatar,False,home_win,1
2024-01-17,Morocco,Tanzania,3,0,African Cup of Nations,San-Pédro,Ivory Coast,True,home_win,3
2024-01-17,DR Congo,Zambia,1,1,African Cup of Nations,San-Pédro,Ivory Coast,True,draw,0
2024-01-18,Syria,Australia,0,1,AFC Asian Cup,Doha,Qatar,True,away_win,-1
2024-01-18,India,Uzbekistan,0,3,AFC Asian Cup,Al Rayyan,Qatar,True,away_win,-3
2024-01-18,Ivory Coast,Nigeria,0,1,African Cup of Nations,Ebimpé,Ivory Coast,False,away_win,-1
2024-01-18,Egypt,Ghana,2,2,African Cup of Nations,Abidjan,Ivory Coast,True,draw,0
2024-01-19,Hong Kong,Iran,0,1,AFC Asian Cup,Al Rayyan,Qatar,True,away_win,-1
2024-01-19,Iraq,Japan,2,1,AFC Asian Cup,Al Rayyan,Qatar,True,home_win,1
2024-01-19,Cape Verde,Mozambique,3,0,African Cup of Nations,Abidjan,Ivory Coast,True,home_win,3
2024-01-19,Senegal,Cameroon,3,1,African Cup of Nations,Yamoussoukro,Ivory Coast,True,home_win,2
2024-01-20,Jordan,South Korea,2,2,AFC Asian Cup,Doha,Qatar,True,draw,0
2024-01-20,Algeria,Burkina Faso,2,2,African Cup of Nations,Bouaké,Ivory Coast,True,draw,0
2024-01-20,Tunisia,Mali,1,1,African Cup of Nations,Korhogo,Ivory Coast,True,draw,0
2024-01-20,United States,Slovenia,0,1,Friendly,San Antonio,United States,False,away_win,-1
2024-01-21,Kyrgyzstan,Saudi Arabia,0,2,AFC Asian Cup,Al Rayyan,Qatar,True,away_win,-2
2024-01-21,South Africa,Namibia,4,0,African Cup of Nations,Korhogo,Ivory Coast,True,home_win,4
2024-01-21,Morocco,DR Congo,1,1,African Cup of Nations,San-Pédro,Ivory Coast,True,draw,0
2024-01-22,Qatar,China,1,0,AFC Asian Cup,Al Rayyan,Qatar,False,home_win,1
2024-01-22,Ivory Coast,Equatorial Guinea,0,4,African Cup of Nations,Ebimpé,Ivory Coast,False,away_win,-4
2024-01-22,Cape Verde,Egypt,2,2,African Cup of Nations,Abidjan,Ivory Coast,True,draw,0
2024-01-22,Mozambique,Ghana,2,2,African Cup of Nations,Ebimpé,Ivory Coast,True,draw,0
2024-01-23,Australia,Uzbekistan,1,1,AFC Asian Cup,Al Wakrah,Qatar,True,draw,0
2024-01-23,Iran,United Arab Emirates,2,1,AFC Asian Cup,Al Rayyan,Qatar,True,home_win,1
2024-01-23,Guinea,Senegal,0,2,African Cup of Nations,Yamoussoukro,Ivory Coast,True,away_win,-2
2024-01-23,Mauritania,Algeria,1,0,African Cup of Nations,Bouaké,Ivory Coast,True,home_win,1
2024-01-24,Iraq,Vietnam,3,2,AFC Asian Cup,Doha,Qatar,True,home_win,1
2024-01-24,Japan,Indonesia,3,1,AFC Asian Cup,Doha,Qatar,True,home_win,2
2024-01-24,South Africa,Tunisia,0,0,African Cup of Nations,Korhogo,Ivory Coast,True,draw,0
2024-01-24,Tanzania,DR Congo,0,0,African Cup of Nations,Korhogo,Ivory Coast,True,draw,0
2024-01-24,Zambia,Morocco,0,1,African Cup of Nations,San-Pédro,Ivory Coast,True,away_win,-1
2024-01-25,Jordan,Bahrain,0,1,AFC Asian Cup,Al Rayyan,Qatar,True,away_win,-1
2024-01-25,South Korea,Malaysia,3,3,AFC Asian Cup,Al Wakrah,Qatar,True,draw,0
2024-01-25,Saudi Arabia,Thailand,0,0,AFC Asian Cup,Al Rayyan,Qatar,True,draw,0
2024-01-28,Australia,Indonesia,4,0,AFC Asian Cup,Doha,Qatar,True,home_win,4
2024-01-28,Egypt,DR Congo,1,1,African Cup of Nations,San-Pédro,Ivory Coast,True,draw,0
2024-01-29,Iraq,Jordan,2,3,AFC Asian Cup,Al Rayyan,Qatar,True,away_win,-1
2024-01-29,Qatar,Palestine,2,1,AFC Asian Cup,Al Khor,Qatar,False,home_win,1
2024-01-29,Cape Verde,Mauritania,1,0,African Cup of Nations,Abidjan,Ivory Coast,True,home_win,1
2024-01-29,Ivory Coast,Senegal,1,1,African Cup of Nations,Yamoussoukro,Ivory Coast,False,draw,0
2024-01-30,Saudi Arabia,South Korea,1,1,AFC Asian Cup,Al Rayyan,Qatar,True,draw,0
2024-01-30,Uzbekistan,Thailand,2,1,AFC Asian Cup,Al Wakrah,Qatar,True,home_win,1
2024-01-30,Morocco,South Africa,0,2,African Cup of Nations,San-Pédro,Ivory Coast,True,away_win,-2
2024-01-31,Bahrain,Japan,1,3,AFC Asian Cup,Doha,Qatar,True,away_win,-2
2024-01-31,Iran,Syria,1,1,AFC Asian Cup,Doha,Qatar,True,draw,0
2024-02-02,Australia,South Korea,1,2,AFC Asian Cup,Al Wakrah,Qatar,True,away_win,-1
2024-02-02,Tajikistan,Jordan,0,1,AFC Asian Cup,Al Rayyan,Qatar,True,away_win,-1
2024-02-02,DR Congo,Guinea,3,1,African Cup of Nations,Ebimpé,Ivory Coast,True,home_win,2
2024-02-03,Iran,Japan,2,1,AFC Asian Cup,Al Rayyan,Qatar,True,home_win,1
2024-02-03,Qatar,Uzbekistan,1,1,AFC Asian Cup,Al Khor,Qatar,False,draw,0
2024-02-03,Cape Verde,South Africa,0,0,African Cup of Nations,Yamoussoukro,Ivory Coast,True,draw,0
2024-02-03,Ivory Coast,Mali,2,1,African Cup of Nations,Bouaké,Ivory Coast,False,home_win,1
2024-02-06,Jordan,South Korea,2,0,AFC Asian Cup,Al Rayyan,Qatar,True,home_win,2
2024-02-07,Qatar,Iran,3,2,AFC Asian Cup,Doha,Qatar,False,home_win,1
2024-02-07,Ivory Coast,DR Congo,1,0,African Cup of Nations,Ebimpé,Ivory Coast,False,home_win,1
2024-02-07,Nigeria,South Africa,1,1,African Cup of Nations,Bouaké,Ivory Coast,True,draw,0
2024-02-10,Qatar,Jordan,3,1,AFC Asian Cup,Lusail,Qatar,False,home_win,2
2024-02-10,South Africa,DR Congo,0,0,African Cup of Nations,Abidjan,Ivory Coast,True,draw,0
2024-02-11,Ivory Coast,Nigeria,2,1,African Cup of Nations,Ebimpé,Ivory Coast,False,home_win,1
2024-03-21,South Africa,Andorra,1,1,FIFA Series,Annaba,Algeria,True,draw,0
2024-03-21,Cape Verde,Guyana,1,0,FIFA Series,Jeddah,Saudi Arabia,True,home_win,1
2024-03-21,Panama,Mexico,0,3,CONCACAF Nations League,Arlington,United States,True,away_win,-3
2024-03-21,United States,Jamaica,3,1,CONCACAF Nations League,Arlington,United States,False,home_win,2
2024-03-21,Bosnia and Herzegovina,Ukraine,1,2,UEFA Euro qualification,Zenica,Bosnia and Herzegovina,False,away_win,-1
2024-03-21,Qatar,Kuwait,3,0,FIFA World Cup qualification,Doha,Qatar,False,home_win,3
2024-03-21,Japan,North Korea,1,0,FIFA World Cup qualification,Tokyo,Japan,False,home_win,1
2024-03-21,South Korea,Thailand,1,1,FIFA World Cup qualification,Seoul,South Korea,False,draw,0
2024-03-21,Iran,Turkmenistan,5,0,FIFA World Cup qualification,Tehran,Iran,False,home_win,5
2024-03-21,Hong Kong,Uzbekistan,0,2,FIFA World Cup qualification,Hong Kong,Hong Kong,False,away_win,-2
2024-03-21,Iraq,Philippines,1,0,FIFA World Cup qualification,Basra,Iraq,False,home_win,1
2024-03-21,Pakistan,Jordan,0,3,FIFA World Cup qualification,Islamabad,Pakistan,False,away_win,-3
2024-03-21,Saudi Arabia,Tajikistan,1,0,FIFA World Cup qualification,Riyadh,Saudi Arabia,False,home_win,1
2024-03-21,Australia,Lebanon,2,0,FIFA World Cup qualification,Sydney,Australia,False,home_win,2
2024-03-21,Ecuador,Guatemala,2,0,Friendly,Harrison,United States,True,home_win,2
2024-03-21,Portugal,Sweden,5,2,Friendly,Guimarães,Portugal,False,home_win,3
2024-03-22,Algeria,Bolivia,3,2,FIFA Series,Algiers,Algeria,False,home_win,1
2024-03-22,Egypt,New Zealand,1,0,FIFA Series,Cairo,Egypt,False,home_win,1
2024-03-22,Argentina,El Salvador,3,0,Friendly,Philadelphia,United States,True,home_win,3
2024-03-22,Hungary,Turkey,1,0,Friendly,Budapest,Hungary,False,home_win,1
2024-03-22,Morocco,Angola,1,0,Friendly,Agadir,Morocco,False,home_win,1
2024-03-22,Netherlands,Scotland,4,0,Friendly,Amsterdam,Netherlands,False,home_win,4
2024-03-22,Nigeria,Ghana,2,1,Friendly,Marrakesh,Morocco,True,home_win,1
2024-03-22,Norway,Czech Republic,1,2,Friendly,Oslo,Norway,False,away_win,-1
2024-03-22,Senegal,Gabon,3,0,Friendly,Amiens,France,True,home_win,3
2024-03-22,Spain,Colombia,0,1,Friendly,London,England,True,away_win,-1
2024-03-23,Tunisia,Croatia,0,0,FIFA Series,Cairo,Egypt,True,draw,0
2024-03-23,Canada,Trinidad and Tobago,2,0,Copa América qualification,Frisco,United States,True,home_win,2
2024-03-23,Denmark,Switzerland,0,0,Friendly,Copenhagen,Denmark,False,draw,0
2024-03-23,England,Brazil,0,1,Friendly,London,England,False,away_win,-1
2024-03-23,France,Germany,0,2,Friendly,Lyon,France,False,away_win,-2
2024-03-23,Ivory Coast,Benin,2,2,Friendly,Amiens,France,True,draw,0
2024-03-23,Republic of Ireland,Belgium,0,0,Friendly,Dublin,Republic of Ireland,False,draw,0
2024-03-23,Slovakia,Austria,0,2,Friendly,Bratislava,Slovakia,False,away_win,-2
2024-03-24,Jamaica,Panama,1,0,CONCACAF Nations League,Arlington,United States,True,home_win,1
2024-03-24,United States,Mexico,2,0,CONCACAF Nations League,Arlington,United States,False,home_win,2
2024-03-24,Ecuador,Italy,0,2,Friendly,Harrison,United States,True,away_win,-2
2024-03-25,Cape Verde,Equatorial Guinea,1,0,FIFA Series,Jeddah,Saudi Arabia,True,home_win,1
2024-03-25,Sweden,Albania,1,0,Friendly,Stockholm,Sweden,False,home_win,1
2024-03-26,Algeria,South Africa,3,3,FIFA Series,Algiers,Algeria,False,draw,0
2024-03-26,Egypt,Croatia,2,4,FIFA Series,Cairo,Egypt,False,away_win,-2
2024-03-26,New Zealand,Tunisia,0,0,FIFA Series,Cairo,Egypt,True,draw,0
2024-03-26,Kuwait,Qatar,1,2,FIFA World Cup qualification,Al Farwaniyah,Kuwait,False,away_win,-1
2024-03-26,Thailand,South Korea,0,3,FIFA World Cup qualification,Bangkok,Thailand,False,away_win,-3
2024-03-26,Uzbekistan,Hong Kong,3,0,FIFA World Cup qualification,Tashkent,Uzbekistan,False,home_win,3
2024-03-26,Turkmenistan,Iran,0,1,FIFA World Cup qualification,Ashgabat,Turkmenistan,False,away_win,-1
2024-03-26,Philippines,Iraq,0,5,FIFA World Cup qualification,Manila,Philippines,False,away_win,-5
2024-03-26,Tajikistan,Saudi Arabia,1,1,FIFA World Cup qualification,Dushanbe,Tajikistan,False,draw,0
2024-03-26,Jordan,Pakistan,7,0,FIFA World Cup qualification,Amman,Jordan,False,home_win,7
2024-03-26,Australia,Lebanon,5,0,FIFA World Cup qualification,Canberra,Australia,False,home_win,5
2024-03-26,Argentina,Costa Rica,3,1,Friendly,Los Angeles,United States,True,home_win,2
2024-03-26,Austria,Turkey,6,1,Friendly,Vienna,Austria,False,home_win,5
2024-03-26,Colombia,Romania,3,2,Friendly,Madrid,Spain,True,home_win,1
2024-03-26,Czech Republic,Armenia,2,1,Friendly,Prague,Czech Republic,False,home_win,1
2024-03-26,England,Belgium,2,2,Friendly,London,England,False,draw,0
2024-03-26,France,Chile,3,2,Friendly,Marseille,France,False,home_win,1
2024-03-26,Germany,Netherlands,2,1,Friendly,Frankfurt,Germany,False,home_win,1
2024-03-26,Ivory Coast,Uruguay,2,1,Friendly,Lens,France,True,home_win,1
2024-03-26,Morocco,Mauritania,0,0,Friendly,Agadir,Morocco,False,draw,0
2024-03-26,Norway,Slovakia,1,1,Friendly,Oslo,Norway,False,draw,0
2024-03-26,Republic of Ireland,Switzerland,0,1,Friendly,Dublin,Republic of Ireland,False,away_win,-1
2024-03-26,Scotland,Northern Ireland,0,1,Friendly,Glasgow,Scotland,False,away_win,-1
2024-03-26,Senegal,Benin,1,0,Friendly,Amiens,France,True,home_win,1
2024-03-26,Slovenia,Portugal,2,0,Friendly,Ljubljana,Slovenia,False,home_win,2
2024-03-26,Spain,Brazil,3,3,Friendly,Madrid,Spain,False,draw,0
2024-05-21,Galicia,Panama,0,2,Friendly,Vigo,Spain,False,away_win,-2
2024-05-21,Basque Country,Uruguay,1,1,Friendly,Bilbao,Spain,False,draw,0
2024-05-31,Bolivia,Mexico,0,1,Friendly,Chicago,United States,True,away_win,-1
2024-05-31,Costa Rica,Uruguay,0,0,Friendly,San José,Costa Rica,False,draw,0
2024-06-03,Croatia,North Macedonia,3,0,Friendly,Rijeka,Croatia,False,home_win,3
2024-06-03,England,Bosnia and Herzegovina,3,0,Friendly,Newcastle,England,False,home_win,3
2024-06-03,Germany,Ukraine,0,0,Friendly,Nuremberg,Germany,False,draw,0
2024-06-03,Gibraltar,Scotland,0,2,Friendly,Faro-Loulé,Portugal,True,away_win,-2
2024-06-04,Austria,Serbia,2,1,Friendly,Vienna,Austria,False,home_win,1
2024-06-04,Italy,Turkey,0,0,Friendly,Bologna,Italy,False,draw,0
2024-06-04,Portugal,Finland,4,2,Friendly,Lisbon,Portugal,False,home_win,2
2024-06-04,Switzerland,Estonia,4,0,Friendly,Lucerne,Switzerland,False,home_win,4
2024-06-05,Belgium,Montenegro,2,0,Friendly,Brussels,Belgium,False,home_win,2
2024-06-05,Denmark,Sweden,2,1,Friendly,Copenhagen,Denmark,False,home_win,1
2024-06-05,France,Luxembourg,3,0,Friendly,Metz,France,False,home_win,3
2024-06-05,Mexico,Uruguay,0,4,Friendly,Denver,United States,True,away_win,-4
2024-06-05,Norway,Kosovo,3,0,Friendly,Oslo,Norway,False,home_win,3
2024-06-05,Spain,Andorra,5,0,Friendly,Badajoz,Spain,False,home_win,5
2024-06-05,Tunisia,Equatorial Guinea,1,0,FIFA World Cup qualification,Radès,Tunisia,False,home_win,1
2024-06-05,Curaçao,Barbados,4,1,FIFA World Cup qualification,Willemstad,Curaçao,False,home_win,3
2024-06-06,Netherlands,Canada,4,0,Friendly,Rotterdam,Netherlands,False,home_win,4
2024-06-06,Egypt,Burkina Faso,2,1,FIFA World Cup qualification,Cairo,Egypt,False,home_win,1
2024-06-06,Senegal,DR Congo,1,1,FIFA World Cup qualification,Diamniadio,Senegal,False,draw,0
2024-06-06,Algeria,Guinea,1,2,FIFA World Cup qualification,Algiers,Algeria,False,away_win,-1
2024-06-06,Mali,Ghana,1,2,FIFA World Cup qualification,Bamako,Mali,False,away_win,-1
2024-06-06,Afghanistan,Qatar,0,0,FIFA World Cup qualification,Al Hofuf,Saudi Arabia,True,draw,0
2024-06-06,Myanmar,Japan,0,5,FIFA World Cup qualification,Yangon,Myanmar,False,away_win,-5
2024-06-06,Singapore,South Korea,0,7,FIFA World Cup qualification,Kallang,Singapore,False,away_win,-7
2024-06-06,Uzbekistan,Turkmenistan,3,1,FIFA World Cup qualification,Tashkent,Uzbekistan,False,home_win,2
2024-06-06,Hong Kong,Iran,2,4,FIFA World Cup qualification,Hong Kong,Hong Kong,False,away_win,-2
2024-06-06,Indonesia,Iraq,0,2,FIFA World Cup qualification,Jakarta,Indonesia,False,away_win,-2
2024-06-06,Jordan,Tajikistan,3,0,FIFA World Cup qualification,Amman,Jordan,False,home_win,3
2024-06-06,Pakistan,Saudi Arabia,0,3,FIFA World Cup qualification,Islamabad,Pakistan,False,away_win,-3
2024-06-06,Bangladesh,Australia,0,2,FIFA World Cup qualification,Dhaka,Bangladesh,False,away_win,-2
2024-06-06,Haiti,Saint Lucia,2,1,FIFA World Cup qualification,Bridgetown,Barbados,True,home_win,1
2024-06-06,Panama,Guyana,2,0,FIFA World Cup qualification,Panama City,Panama,False,home_win,2
2024-06-07,Czech Republic,Malta,7,1,Friendly,Grödig,Austria,True,home_win,6
2024-06-07,England,Iceland,0,1,Friendly,London,England,False,away_win,-1
2024-06-07,Germany,Greece,2,1,Friendly,Mönchengladbach,Germany,False,home_win,1
2024-06-07,Peru,Paraguay,0,0,Friendly,Lima,Peru,False,draw,0
2024-06-07,Scotland,Finland,2,2,Friendly,Glasgow,Scotland,False,draw,0
2024-06-07,Nigeria,South Africa,1,1,FIFA World Cup qualification,Uyo,Nigeria,False,draw,0
2024-06-07,Morocco,Zambia,2,1,FIFA World Cup qualification,Agadir,Morocco,False,home_win,1
2024-06-07,Ivory Coast,Gabon,1,0,FIFA World Cup qualification,Korhogo,Ivory Coast,False,home_win,1
2024-06-08,Belgium,Luxembourg,3,0,Friendly,Brussels,Belgium,False,home_win,3
2024-06-08,Denmark,Norway,3,1,Friendly,Brondbyvester,Denmark,False,home_win,2
2024-06-08,Mexico,Brazil,2,3,Friendly,College Station,United States,True,away_win,-1
2024-06-08,Portugal,Croatia,1,2,Friendly,Oeiras,Portugal,False,away_win,-1
2024-06-08,Spain,Northern Ireland,5,1,Friendly,Mallorca,Spain,False,home_win,4
2024-06-08,Sweden,Serbia,0,3,Friendly,Stockholm,Sweden,False,away_win,-3
2024-06-08,Switzerland,Austria,1,1,Friendly,St. Gallen,Switzerland,False,draw,0
2024-06-08,United States,Colombia,1,5,Friendly,Landover,United States,False,away_win,-4
2024-06-08,Cameroon,Cape Verde,4,1,FIFA World Cup qualification,Yaoundé,Cameroon,False,home_win,3
2024-06-08,Aruba,Curaçao,0,2,FIFA World Cup qualification,Oranjestad,Aruba,False,away_win,-2
2024-06-09,Argentina,Ecuador,1,0,Friendly,Chicago,United States,True,home_win,1
2024-06-09,France,Canada,0,0,Friendly,Bordeaux,France,False,draw,0
2024-06-09,Italy,Bosnia and Herzegovina,1,0,Friendly,Empoli,Italy,False,home_win,1
2024-06-09,Mauritania,Senegal,0,1,FIFA World Cup qualification,Nouakchott,Mauritania,False,away_win,-1
2024-06-09,DR Congo,Togo,1,0,FIFA World Cup qualification,Kinshasa,DR Congo,False,home_win,1
2024-06-09,Namibia,Tunisia,0,0,FIFA World Cup qualification,Johannesburg,South Africa,True,draw,0
2024-06-09,Barbados,Haiti,1,3,FIFA World Cup qualification,Bridgetown,Barbados,False,away_win,-2
2024-06-09,Montserrat,Panama,1,3,FIFA World Cup qualification,Managua,Nicaragua,True,away_win,-2
2024-06-10,Czech Republic,North Macedonia,2,1,Friendly,Hradec Králové,Czech Republic,False,home_win,1
2024-06-10,Netherlands,Iceland,4,0,Friendly,Rotterdam,Netherlands,False,home_win,4
2024-06-10,Poland,Turkey,2,1,Friendly,Warsaw,Poland,False,home_win,1
2024-06-10,Guinea-Bissau,Egypt,1,1,FIFA World Cup qualification,Bissau,Guinea-Bissau,False,draw,0
2024-06-10,Uganda,Algeria,1,2,FIFA World Cup qualification,Kira,Uganda,False,away_win,-1
2024-06-10,Ghana,Central African Republic,4,3,FIFA World Cup qualification,Kumasi,Ghana,False,home_win,1
2024-06-11,Chile,Paraguay,3,0,Friendly,Santiago,Chile,False,home_win,3
2024-06-11,Portugal,Republic of Ireland,3,0,Friendly,Aveiro,Portugal,False,home_win,3
2024-06-11,South Africa,Zimbabwe,3,1,FIFA World Cup qualification,Bloemfontein,South Africa,False,home_win,2
2024-06-11,Cape Verde,Libya,1,0,FIFA World Cup qualification,Praia,Cape Verde,False,home_win,1
2024-06-11,Morocco,Congo,6,0,FIFA World Cup qualification,Agadir,Morocco,False,home_win,6
2024-06-11,Kenya,Ivory Coast,0,0,FIFA World Cup qualification,Lilongwe,Malawi,True,draw,0
2024-06-11,Qatar,India,2,1,FIFA World Cup qualification,Al Rayyan,Qatar,False,home_win,1
2024-06-11,Japan,Syria,5,0,FIFA World Cup qualification,Hiroshima,Japan,False,home_win,5
2024-06-11,South Korea,China,1,0,FIFA World Cup qualification,Seoul,South Korea,False,home_win,1
2024-06-11,Iran,Uzbekistan,0,0,FIFA World Cup qualification,Tehran,Iran,False,draw,0
2024-06-11,Iraq,Vietnam,3,1,FIFA World Cup qualification,Basra,Iraq,False,home_win,2
2024-06-11,Saudi Arabia,Jordan,1,2,FIFA World Cup qualification,Riyadh,Saudi Arabia,False,away_win,-1
2024-06-11,Australia,Palestine,5,0,FIFA World Cup qualification,Perth,Australia,False,home_win,5
2024-06-12,Ecuador,Bolivia,3,1,Friendly,Chester,United States,True,home_win,2
2024-06-12,United States,Brazil,1,1,Friendly,Orlando,United States,False,draw,0
2024-06-14,Germany,Scotland,5,1,UEFA Euro,Munich,Germany,False,home_win,4
2024-06-14,Argentina,Guatemala,4,1,Friendly,Landover,United States,True,home_win,3
2024-06-15,Hungary,Switzerland,1,3,UEFA Euro,Cologne,Germany,True,away_win,-2
2024-06-15,Spain,Croatia,3,0,UEFA Euro,Berlin,Germany,True,home_win,3
2024-06-15,Colombia,Bolivia,3,0,Friendly,Denver,United States,True,home_win,3
2024-06-16,Ecuador,Honduras,2,1,Friendly,Hartford,United States,True,home_win,1
2024-06-16,Serbia,England,0,1,UEFA Euro,Gelsenkirchen,Germany,True,away_win,-1
2024-06-16,Poland,Netherlands,1,2,UEFA Euro,Hamburg,Germany,True,away_win,-1
2024-06-16,Panama,Paraguay,0,1,Friendly,Panama City,Panama,False,away_win,-1
2024-06-17,Austria,France,0,1,UEFA Euro,Düsseldorf,Germany,True,away_win,-1
2024-06-17,Belgium,Slovakia,0,1,UEFA Euro,Frankfurt,Germany,True,away_win,-1
2024-06-18,Turkey,Georgia,3,1,UEFA Euro,Dortmund,Germany,True,home_win,2
2024-06-18,Portugal,Czech Republic,2,1,UEFA Euro,Leipzig,Germany,True,home_win,1
2024-06-18,New Zealand,Solomon Islands,3,0,Oceania Nations Cup,Port Vila,Vanuatu,True,home_win,3
2024-06-19,Germany,Hungary,2,0,UEFA Euro,Stuttgart,Germany,False,home_win,2
2024-06-19,Scotland,Switzerland,1,1,UEFA Euro,Cologne,Germany,True,draw,0
2024-06-19,Croatia,Albania,2,2,UEFA Euro,Hamburg,Germany,True,draw,0
2024-06-20,Spain,Italy,1,0,UEFA Euro,Gelsenkirchen,Germany,True,home_win,1
2024-06-20,Denmark,England,1,1,UEFA Euro,Frankfurt,Germany,True,draw,0
2024-06-20,Argentina,Canada,2,0,Copa América,Atlanta,United States,True,home_win,2
2024-06-21,Poland,Austria,1,3,UEFA Euro,Berlin,Germany,True,away_win,-2
2024-06-21,Netherlands,France,0,0,UEFA Euro,Leipzig,Germany,True,draw,0
2024-06-21,Vanuatu,New Zealand,0,4,Oceania Nations Cup,Port Vila,Vanuatu,False,away_win,-4
2024-06-22,Belgium,Romania,2,0,UEFA Euro,Cologne,Germany,True,home_win,2
2024-06-22,Georgia,Czech Republic,1,1,UEFA Euro,Hamburg,Germany,True,draw,0
2024-06-22,Turkey,Portugal,0,3,UEFA Euro,Dortmund,Germany,True,away_win,-3
2024-06-22,Ecuador,Venezuela,1,2,Copa América,Santa Clara,United States,True,away_win,-1
2024-06-22,Mexico,Jamaica,1,0,Copa América,Houston,United States,True,home_win,1
2024-06-23,Germany,Switzerland,1,1,UEFA Euro,Frankfurt,Germany,False,draw,0
2024-06-23,Scotland,Hungary,0,1,UEFA Euro,Stuttgart,Germany,True,away_win,-1
2024-06-23,United States,Bolivia,2,0,Copa América,Arlington,United States,False,home_win,2
2024-06-23,Uruguay,Panama,3,1,Copa América,Miami Gardens,United States,True,home_win,2
2024-06-24,Albania,Spain,0,1,UEFA Euro,Düsseldorf,Germany,True,away_win,-1
2024-06-24,Croatia,Italy,1,1,UEFA Euro,Leipzig,Germany,True,draw,0
2024-06-24,Colombia,Paraguay,2,1,Copa América,Houston,United States,True,home_win,1
2024-06-24,Brazil,Costa Rica,0,0,Copa América,Inglewood,United States,True,draw,0
2024-06-25,England,Slovenia,0,0,UEFA Euro,Cologne,Germany,True,draw,0
2024-06-25,Netherlands,Austria,2,3,UEFA Euro,Berlin,Germany,True,away_win,-1
2024-06-25,France,Poland,1,1,UEFA Euro,Dortmund,Germany,True,draw,0
2024-06-25,Peru,Canada,0,1,Copa América,Kansas City,United States,True,away_win,-1
2024-06-25,Chile,Argentina,0,1,Copa América,East Rutherford,United States,True,away_win,-1
2024-06-26,Ukraine,Belgium,0,0,UEFA Euro,Stuttgart,Germany,True,draw,0
2024-06-26,Georgia,Portugal,2,0,UEFA Euro,Gelsenkirchen,Germany,True,home_win,2
2024-06-26,Czech Republic,Turkey,1,2,UEFA Euro,Hamburg,Germany,True,away_win,-1
2024-06-26,Ecuador,Jamaica,3,1,Copa América,Las Vegas,United States,True,home_win,2
2024-06-26,Venezuela,Mexico,1,0,Copa América,Inglewood,United States,True,home_win,1
2024-06-27,New Zealand,Tahiti,5,0,Oceania Nations Cup,Port Vila,Vanuatu,True,home_win,5
2024-06-27,United States,Panama,1,2,Copa América,Atlanta,United States,False,away_win,-1
2024-06-27,Uruguay,Bolivia,5,0,Copa América,East Rutherford,United States,True,home_win,5
2024-06-28,Colombia,Costa Rica,3,0,Copa América,Glendale,United States,True,home_win,3
2024-06-28,Paraguay,Brazil,1,4,Copa América,Las Vegas,United States,True,away_win,-3
2024-06-29,Switzerland,Italy,2,0,UEFA Euro,Berlin,Germany,True,home_win,2
2024-06-29,Germany,Denmark,2,0,UEFA Euro,Dortmund,Germany,False,home_win,2
2024-06-29,Argentina,Peru,2,0,Copa América,Miami Gardens,United States,True,home_win,2
2024-06-29,Canada,Chile,0,0,Copa América,Orlando,United States,True,draw,0
2024-06-30,England,Slovakia,2,1,UEFA Euro,Gelsenkirchen,Germany,True,home_win,1
2024-06-30,Spain,Georgia,4,1,UEFA Euro,Cologne,Germany,True,home_win,3
2024-06-30,Vanuatu,New Zealand,0,3,Oceania Nations Cup,Port Vila,Vanuatu,False,away_win,-3
2024-06-30,Mexico,Ecuador,0,0,Copa América,Glendale,United States,True,draw,0
2024-07-01,France,Belgium,1,0,UEFA Euro,Düsseldorf,Germany,True,home_win,1
2024-07-01,Portugal,Slovenia,0,0,UEFA Euro,Frankfurt,Germany,True,draw,0
2024-07-01,United States,Uruguay,0,1,Copa América,Kansas City,United States,False,away_win,-1
2024-07-01,Bolivia,Panama,1,3,Copa América,Orlando,United States,True,away_win,-2
2024-07-02,Romania,Netherlands,0,3,UEFA Euro,Munich,Germany,True,away_win,-3
2024-07-02,Austria,Turkey,1,2,UEFA Euro,Leipzig,Germany,True,away_win,-1
2024-07-02,Brazil,Colombia,1,1,Copa América,Santa Clara,United States,True,draw,0
2024-07-02,Costa Rica,Paraguay,2,1,Copa América,Austin,United States,True,home_win,1
2024-07-04,Argentina,Ecuador,1,1,Copa América,Houston,United States,True,draw,0
2024-07-05,Germany,Spain,1,2,UEFA Euro,Stuttgart,Germany,False,away_win,-1
2024-07-05,Portugal,France,0,0,UEFA Euro,Hamburg,Germany,True,draw,0
2024-07-05,Venezuela,Canada,1,1,Copa América,Arlington,United States,True,draw,0
2024-07-06,England,Switzerland,1,1,UEFA Euro,Düsseldorf,Germany,True,draw,0
2024-07-06,Netherlands,Turkey,2,1,UEFA Euro,Berlin,Germany,True,home_win,1
2024-07-06,Uruguay,Brazil,0,0,Copa América,Las Vegas,United States,True,draw,0
2024-07-06,Colombia,Panama,5,0,Copa América,Glendale,United States,True,home_win,5
2024-07-09,Spain,France,2,1,UEFA Euro,Munich,Germany,True,home_win,1
2024-07-09,Argentina,Canada,2,0,Copa América,East Rutherford,United States,True,home_win,2
2024-07-10,Netherlands,England,1,2,UEFA Euro,Dortmund,Germany,True,away_win,-1
2024-07-10,Uruguay,Colombia,0,1,Copa América,Charlotte,United States,True,away_win,-1
2024-07-13,Canada,Uruguay,2,2,Copa América,Charlotte,United States,True,draw,0
2024-07-14,Spain,England,2,1,UEFA Euro,Berlin,Germany,True,home_win,1
2024-07-14,Argentina,Colombia,1,0,Copa América,Miami Gardens,United States,True,home_win,1
2024-07-27,Jordan,North Korea,0,0,Friendly,Amman,Jordan,False,draw,0
2024-08-29,Jordan,North Korea,2,1,Friendly,Amman,Jordan,False,home_win,1
2024-09-01,Guatemala,Uruguay,1,1,Friendly,Fort Lauderdale,United States,True,draw,0
2024-09-05,Tunisia,Madagascar,1,0,African Cup of Nations qualification,Radès,Tunisia,False,home_win,1
2024-09-05,Algeria,Equatorial Guinea,2,0,African Cup of Nations qualification,Oran,Algeria,False,home_win,2
2024-09-05,Ghana,Angola,0,1,African Cup of Nations qualification,Kumasi,Ghana,False,away_win,-1
2024-09-05,Portugal,Croatia,2,1,UEFA Nations League,Lisbon,Portugal,False,home_win,1
2024-09-05,Scotland,Poland,2,3,UEFA Nations League,Glasgow,Scotland,False,away_win,-1
2024-09-05,Denmark,Switzerland,2,0,UEFA Nations League,Copenhagen,Denmark,False,home_win,2
2024-09-05,Serbia,Spain,0,0,UEFA Nations League,Belgrade,Serbia,False,draw,0
2024-09-05,Azerbaijan,Sweden,1,3,UEFA Nations League,Baku,Azerbaijan,False,away_win,-2
2024-09-05,Argentina,Chile,3,0,FIFA World Cup qualification,Buenos Aires,Argentina,False,home_win,3
2024-09-05,Qatar,United Arab Emirates,1,3,FIFA World Cup qualification,Al Rayyan,Qatar,False,away_win,-2
2024-09-05,Uzbekistan,North Korea,1,0,FIFA World Cup qualification,Tashkent,Uzbekistan,False,home_win,1
2024-09-05,Iran,Kyrgyzstan,1,0,FIFA World Cup qualification,Fuladshahr,Iran,False,home_win,1
2024-09-05,Iraq,Oman,1,0,FIFA World Cup qualification,Basra,Iraq,False,home_win,1
2024-09-05,South Korea,Palestine,0,0,FIFA World Cup qualification,Seoul,South Korea,False,draw,0
2024-09-05,Jordan,Kuwait,1,1,FIFA World Cup qualification,Amman,Jordan,False,draw,0
2024-09-05,Japan,China,7,0,FIFA World Cup qualification,Saitama,Japan,False,home_win,7
2024-09-05,Australia,Bahrain,0,1,FIFA World Cup qualification,Robina,Australia,False,away_win,-1
2024-09-05,Saudi Arabia,Indonesia,1,1,FIFA World Cup qualification,Jeddah,Saudi Arabia,False,draw,0
2024-09-06,Morocco,Gabon,4,1,African Cup of Nations qualification,Agadir,Morocco,False,home_win,3
2024-09-06,Egypt,Cape Verde,3,0,African Cup of Nations qualification,Cairo,Egypt,False,home_win,3
2024-09-06,Ivory Coast,Zambia,2,0,African Cup of Nations qualification,Bouaké,Ivory Coast,False,home_win,2
2024-09-06,DR Congo,Guinea,1,0,African Cup of Nations qualification,Kinshasa,DR Congo,False,home_win,1
2024-09-06,South Africa,Uganda,2,2,African Cup of Nations qualification,Johannesburg,South Africa,False,draw,0
2024-09-06,Senegal,Burkina Faso,1,1,African Cup of Nations qualification,Diamniadio,Senegal,False,draw,0
2024-09-06,Saint Lucia,Curaçao,2,1,CONCACAF Nations League,St. George's,Grenada,True,home_win,1
2024-09-06,Puerto Rico,Haiti,1,4,CONCACAF Nations League,Mayagüez,Puerto Rico,False,away_win,-3
2024-09-06,Belgium,Israel,3,1,UEFA Nations League,Debrecen,Hungary,True,home_win,2
2024-09-06,France,Italy,1,3,UEFA Nations League,Paris,France,False,away_win,-2
2024-09-06,Kazakhstan,Norway,0,0,UEFA Nations League,Almaty,Kazakhstan,False,draw,0
2024-09-06,Slovenia,Austria,1,1,UEFA Nations League,Ljubljana,Slovenia,False,draw,0
2024-09-06,Wales,Turkey,0,0,UEFA Nations League,Cardiff,Wales,False,draw,0
2024-09-06,Peru,Colombia,1,1,FIFA World Cup qualification,Lima,Peru,False,draw,0
2024-09-06,Uruguay,Paraguay,0,0,FIFA World Cup qualification,Montevideo,Uruguay,False,draw,0
2024-09-06,Brazil,Ecuador,1,0,FIFA World Cup qualification,Curitiba,Brazil,False,home_win,1
2024-09-07,Mexico,New Zealand,3,0,Friendly,Pasadena,United States,True,home_win,3
2024-09-07,United States,Canada,1,2,Friendly,Kansas City,United States,False,away_win,-1
2024-09-07,Germany,Hungary,5,0,UEFA Nations League,Düsseldorf,Germany,False,home_win,5
2024-09-07,Netherlands,Bosnia and Herzegovina,5,2,UEFA Nations League,Eindhoven,Netherlands,False,home_win,3
2024-09-07,Georgia,Czech Republic,4,1,UEFA Nations League,Tbilisi,Georgia,False,home_win,3
2024-09-07,Republic of Ireland,England,0,2,UEFA Nations League,Dublin,Republic of Ireland,False,away_win,-2
2024-09-08,Gambia,Tunisia,1,2,African Cup of Nations qualification,El Jadida,Morocco,True,away_win,-1
2024-09-08,Portugal,Scotland,2,1,UEFA Nations League,Lisbon,Portugal,False,home_win,1
2024-09-08,Croatia,Poland,1,0,UEFA Nations League,Osijek,Croatia,False,home_win,1
2024-09-08,Switzerland,Spain,1,4,UEFA Nations League,Geneva,Switzerland,False,away_win,-3
2024-09-08,Sweden,Estonia,3,0,UEFA Nations League,Stockholm,Sweden,False,home_win,3
2024-09-09,Morocco,Lesotho,1,0,African Cup of Nations qualification,Agadir,Morocco,False,home_win,1
2024-09-09,Niger,Ghana,1,1,African Cup of Nations qualification,Berkane,Morocco,True,draw,0
2024-09-09,Ethiopia,DR Congo,0,2,African Cup of Nations qualification,Dar es Salaam,Tanzania,True,away_win,-2
2024-09-09,Burundi,Senegal,0,1,African Cup of Nations qualification,Lilongwe,Malawi,True,away_win,-1
2024-09-09,Curaçao,Saint Martin,4,0,CONCACAF Nations League,St. George's,Grenada,True,home_win,4
2024-09-09,Haiti,Sint Maarten,6,0,CONCACAF Nations League,Mayagüez,Puerto Rico,True,home_win,6
2024-09-09,France,Belgium,2,0,UEFA Nations League,Décines-Charpieu,France,False,home_win,2
2024-09-09,Norway,Austria,2,1,UEFA Nations League,Oslo,Norway,False,home_win,1
2024-09-09,Turkey,Iceland,3,1,UEFA Nations League,İzmir,Turkey,False,home_win,2
2024-09-10,Mexico,Canada,0,0,Friendly,Arlington,United States,True,draw,0
2024-09-10,United States,New Zealand,1,1,Friendly,Cincinnati,United States,False,draw,0
2024-09-10,Botswana,Egypt,0,4,African Cup of Nations qualification,Francistown,Botswana,False,away_win,-4
2024-09-10,Cape Verde,Mauritania,2,0,African Cup of Nations qualification,Praia,Cape Verde,False,home_win,2
2024-09-10,Liberia,Algeria,0,3,African Cup of Nations qualification,Monrovia,Liberia,False,away_win,-3
2024-09-10,Chad,Ivory Coast,0,2,African Cup of Nations qualification,Yaoundé,Cameroon,True,away_win,-2
2024-09-10,South Sudan,South Africa,2,3,African Cup of Nations qualification,Juba,South Sudan,False,away_win,-1
2024-09-10,Hungary,Bosnia and Herzegovina,0,0,UEFA Nations League,Budapest,Hungary,False,draw,0
2024-09-10,Netherlands,Germany,2,2,UEFA Nations League,Amsterdam,Netherlands,False,draw,0
2024-09-10,Czech Republic,Ukraine,3,2,UEFA Nations League,Prague,Czech Republic,False,home_win,1
2024-09-10,England,Finland,2,0,UEFA Nations League,London,England,False,home_win,2
2024-09-10,Colombia,Argentina,2,1,FIFA World Cup qualification,Barranquilla,Colombia,False,home_win,1
2024-09-10,Ecuador,Peru,1,0,FIFA World Cup qualification,Quito,Ecuador,False,home_win,1
2024-09-10,Venezuela,Uruguay,0,0,FIFA World Cup qualification,Maturín,Venezuela,False,draw,0
2024-09-10,Paraguay,Brazil,1,0,FIFA World Cup qualification,Asunción,Paraguay,False,home_win,1
2024-09-10,North Korea,Qatar,2,2,FIFA World Cup qualification,Vientiane,Laos,True,draw,0
2024-09-10,Kyrgyzstan,Uzbekistan,2,3,FIFA World Cup qualification,Bishkek,Kyrgyzstan,False,away_win,-1
2024-09-10,United Arab Emirates,Iran,0,1,FIFA World Cup qualification,Al Ain,United Arab Emirates,False,away_win,-1
2024-09-10,Oman,South Korea,1,3,FIFA World Cup qualification,Muscat,Oman,False,away_win,-2
2024-09-10,Kuwait,Iraq,0,0,FIFA World Cup qualification,Kuwait City,Kuwait,False,draw,0
2024-09-10,Palestine,Jordan,1,3,FIFA World Cup qualification,Kuala Lumpur,Malaysia,True,away_win,-2
2024-09-10,Bahrain,Japan,0,5,FIFA World Cup qualification,Riffa,Bahrain,False,away_win,-5
2024-09-10,Indonesia,Australia,0,0,FIFA World Cup qualification,Jakarta,Indonesia,False,draw,0
2024-09-10,China,Saudi Arabia,1,2,FIFA World Cup qualification,Dalian,China,False,away_win,-1
2024-10-10,Cape Verde,Botswana,0,1,African Cup of Nations qualification,Praia,Cape Verde,False,away_win,-1
2024-10-10,Algeria,Togo,5,1,African Cup of Nations qualification,Annaba,Algeria,False,home_win,4
2024-10-10,Ghana,Sudan,0,0,African Cup of Nations qualification,Accra,Ghana,False,draw,0
2024-10-10,DR Congo,Tanzania,1,0,African Cup of Nations qualification,Kinshasa,DR Congo,False,home_win,1
2024-10-10,Israel,France,1,4,UEFA Nations League,Budapest,Hungary,True,away_win,-3
2024-10-10,Italy,Belgium,2,2,UEFA Nations League,Rome,Italy,False,draw,0
2024-10-10,England,Greece,1,2,UEFA Nations League,London,England,False,away_win,-1
2024-10-10,Austria,Kazakhstan,4,0,UEFA Nations League,Salzburg,Austria,False,home_win,4
2024-10-10,Norway,Slovenia,3,0,UEFA Nations League,Oslo,Norway,False,home_win,3
2024-10-10,Bolivia,Colombia,1,0,FIFA World Cup qualification,El Alto,Bolivia,False,home_win,1
2024-10-10,Ecuador,Paraguay,0,0,FIFA World Cup qualification,Quito,Ecuador,False,draw,0
2024-10-10,Venezuela,Argentina,1,1,FIFA World Cup qualification,Maturín,Venezuela,False,draw,0
2024-10-10,Chile,Brazil,1,2,FIFA World Cup qualification,Santiago,Chile,False,away_win,-1
2024-10-10,Qatar,Kyrgyzstan,3,1,FIFA World Cup qualification,Doha,Qatar,False,home_win,2
2024-10-10,Uzbekistan,Iran,0,0,FIFA World Cup qualification,Tashkent,Uzbekistan,False,draw,0
2024-10-10,Jordan,South Korea,0,2,FIFA World Cup qualification,Amman,Jordan,False,away_win,-2
2024-10-10,Iraq,Palestine,1,0,FIFA World Cup qualification,Basra,Iraq,False,home_win,1
2024-10-10,Australia,China,3,1,FIFA World Cup qualification,Adelaide,Australia,False,home_win,2
2024-10-10,Saudi Arabia,Japan,0,2,FIFA World Cup qualification,Jeddah,Saudi Arabia,False,away_win,-2
2024-10-11,Tunisia,Comoros,0,1,African Cup of Nations qualification,Radès,Tunisia,False,away_win,-1
2024-10-11,Egypt,Mauritania,2,0,African Cup of Nations qualification,Cairo,Egypt,False,home_win,2
2024-10-11,Ivory Coast,Sierra Leone,4,1,African Cup of Nations qualification,San-Pédro,Ivory Coast,False,home_win,3
2024-10-11,South Africa,Congo,5,0,African Cup of Nations qualification,Gqeberha,South Africa,False,home_win,5
2024-10-11,Senegal,Malawi,4,0,African Cup of Nations qualification,Diamniadio,Senegal,False,home_win,4
2024-10-11,Grenada,Curaçao,0,0,CONCACAF Nations League,Gros Islet,Saint Lucia,True,draw,0
2024-10-11,Aruba,Haiti,1,3,CONCACAF Nations League,Oranjestad,Aruba,False,away_win,-2
2024-10-11,Bosnia and Herzegovina,Germany,1,2,UEFA Nations League,Zenica,Bosnia and Herzegovina,False,away_win,-1
2024-10-11,Hungary,Netherlands,1,1,UEFA Nations League,Budapest,Hungary,False,draw,0
2024-10-11,Czech Republic,Albania,2,0,UEFA Nations League,Prague,Czech Republic,False,home_win,2
2024-10-11,Turkey,Montenegro,1,0,UEFA Nations League,Tekkeköy,Turkey,False,home_win,1
2024-10-11,Slovakia,Sweden,2,2,UEFA Nations League,Bratislava,Slovakia,False,draw,0
2024-10-11,Peru,Uruguay,1,0,FIFA World Cup qualification,Lima,Peru,False,home_win,1
2024-10-11,New Zealand,Tahiti,3,0,FIFA World Cup qualification,Port Vila,Vanuatu,True,home_win,3
2024-10-12,United States,Panama,2,0,Friendly,Austin,United States,False,home_win,2
2024-10-12,Morocco,Central African Republic,5,0,African Cup of Nations qualification,Oujda,Morocco,False,home_win,5
2024-10-12,Croatia,Scotland,2,1,UEFA Nations League,Zagreb,Croatia,False,home_win,1
2024-10-12,Poland,Portugal,1,3,UEFA Nations League,Warsaw,Poland,False,away_win,-2
2024-10-12,Serbia,Switzerland,2,0,UEFA Nations League,Leskovac,Serbia,False,home_win,2
2024-10-12,Spain,Denmark,1,0,UEFA Nations League,Murcia,Spain,False,home_win,1
2024-10-13,Finland,England,1,3,UEFA Nations League,Helsinki,Finland,False,away_win,-2
2024-10-13,Austria,Norway,5,1,UEFA Nations League,Linz,Austria,False,home_win,4
2024-10-14,New Zealand,Malaysia,4,0,Friendly,Auckland,New Zealand,False,home_win,4
2024-10-14,Togo,Algeria,0,1,African Cup of Nations qualification,Lomé,Togo,False,away_win,-1
2024-10-14,Curaçao,Grenada,1,0,CONCACAF Nations League,Gros Islet,Saint Lucia,True,home_win,1
2024-10-14,Aruba,Haiti,3,5,CONCACAF Nations League,Oranjestad,Aruba,False,away_win,-2
2024-10-14,Belgium,France,1,2,UEFA Nations League,Leuven,Belgium,False,away_win,-1
2024-10-14,Bosnia and Herzegovina,Hungary,0,2,UEFA Nations League,Zenica,Bosnia and Herzegovina,False,away_win,-2
2024-10-14,Germany,Netherlands,1,0,UEFA Nations League,Munich,Germany,False,home_win,1
2024-10-14,Ukraine,Czech Republic,1,1,UEFA Nations League,Wrocław,Poland,True,draw,0
2024-10-14,Iceland,Turkey,2,4,UEFA Nations League,Reykjavík,Iceland,False,away_win,-2
2024-10-14,Estonia,Sweden,0,3,UEFA Nations League,Tallinn,Estonia,False,away_win,-3
2024-10-15,Canada,Panama,2,1,Friendly,Toronto,Canada,False,home_win,1
2024-10-15,Mexico,United States,2,0,Friendly,Zapopan,Mexico,False,home_win,2
2024-10-15,Comoros,Tunisia,1,1,African Cup of Nations qualification,Abidjan,Ivory Coast,True,draw,0
2024-10-15,Morocco,Central African Republic,4,0,African Cup of Nations qualification,Oujda,Morocco,False,home_win,4
2024-10-15,Mauritania,Egypt,0,1,African Cup of Nations qualification,Nouakchott,Mauritania,False,away_win,-1
2024-10-15,Botswana,Cape Verde,1,0,African Cup of Nations qualification,Francistown,Botswana,False,home_win,1
2024-10-15,Sudan,Ghana,2,0,African Cup of Nations qualification,Benghazi,Libya,True,home_win,2
2024-10-15,Sierra Leone,Ivory Coast,1,0,African Cup of Nations qualification,Monrovia,Liberia,True,home_win,1
2024-10-15,Tanzania,DR Congo,0,2,African Cup of Nations qualification,Dar es Salaam,Tanzania,False,away_win,-2
2024-10-15,Congo,South Africa,1,1,African Cup of Nations qualification,Brazzaville,Congo,False,draw,0
2024-10-15,Malawi,Senegal,0,1,African Cup of Nations qualification,Lilongwe,Malawi,False,away_win,-1
2024-10-15,Scotland,Portugal,0,0,UEFA Nations League,Glasgow,Scotland,False,draw,0
2024-10-15,Poland,Croatia,3,3,UEFA Nations League,Warsaw,Poland,False,draw,0
2024-10-15,Spain,Serbia,3,0,UEFA Nations League,Córdoba,Spain,False,home_win,3
2024-10-15,Switzerland,Denmark,2,2,UEFA Nations League,St. Gallen,Switzerland,False,draw,0
2024-10-15,Colombia,Chile,4,0,FIFA World Cup qualification,Barranquilla,Colombia,False,home_win,4
2024-10-15,Paraguay,Venezuela,2,1,FIFA World Cup qualification,Asunción,Paraguay,False,home_win,1
2024-10-15,Uruguay,Ecuador,0,0,FIFA World Cup qualification,Montevideo,Uruguay,False,draw,0
2024-10-15,Argentina,Bolivia,6,0,FIFA World Cup qualification,Buenos Aires,Argentina,False,home_win,6
2024-10-15,Brazil,Peru,4,0,FIFA World Cup qualification,Brasília,Brazil,False,home_win,4
2024-10-15,Uzbekistan,United Arab Emirates,1,0,FIFA World Cup qualification,Tashkent,Uzbekistan,False,home_win,1
2024-10-15,Iran,Qatar,4,1,FIFA World Cup qualification,Dubai,United Arab Emirates,True,home_win,3
2024-10-15,Jordan,Oman,4,0,FIFA World Cup qualification,Amman,Jordan,False,home_win,4
2024-10-15,South Korea,Iraq,3,2,FIFA World Cup qualification,Yongin,South Korea,False,home_win,1
2024-10-15,Japan,Australia,1,1,FIFA World Cup qualification,Saitama,Japan,False,draw,0
2024-10-15,Saudi Arabia,Bahrain,0,0,FIFA World Cup qualification,Jeddah,Saudi Arabia,False,draw,0
2024-11-14,Belgium,Italy,0,1,UEFA Nations League,Brussels,Belgium,False,away_win,-1
2024-11-14,France,Israel,0,0,UEFA Nations League,Paris,France,False,draw,0
2024-11-14,Greece,England,0,3,UEFA Nations League,Athens,Greece,False,away_win,-3
2024-11-14,Kazakhstan,Austria,0,2,UEFA Nations League,Almaty,Kazakhstan,False,away_win,-2
2024-11-14,Slovenia,Norway,1,4,UEFA Nations League,Ljubljana,Slovenia,False,away_win,-3
2024-11-14,Costa Rica,Panama,0,1,CONCACAF Nations League,San José,Costa Rica,False,away_win,-1
2024-11-14,Jamaica,United States,0,1,CONCACAF Nations League,Kingston,Jamaica,False,away_win,-1
2024-11-14,Venezuela,Brazil,1,1,FIFA World Cup qualification,Maturín,Venezuela,False,draw,0
2024-11-14,Ecuador,Bolivia,4,0,FIFA World Cup qualification,Guayaquil,Ecuador,False,home_win,4
2024-11-14,Paraguay,Argentina,2,1,FIFA World Cup qualification,Asunción,Paraguay,False,home_win,1
2024-11-14,North Korea,Iran,2,3,FIFA World Cup qualification,Vientiane,Laos,True,away_win,-1
2024-11-14,Qatar,Uzbekistan,3,2,FIFA World Cup qualification,Al Rayyan,Qatar,False,home_win,1
2024-11-14,Kuwait,South Korea,1,3,FIFA World Cup qualification,Kuwait City,Kuwait,False,away_win,-2
2024-11-14,Iraq,Jordan,0,0,FIFA World Cup qualification,Basra,Iraq,False,draw,0
2024-11-14,Australia,Saudi Arabia,0,0,FIFA World Cup qualification,Melbourne,Australia,False,draw,0
2024-11-14,Madagascar,Tunisia,2,3,African Cup of Nations qualification,Pretoria,South Africa,True,away_win,-1
2024-11-14,Equatorial Guinea,Algeria,0,0,African Cup of Nations qualification,Malabo,Equatorial Guinea,False,draw,0
2024-11-14,Burkina Faso,Senegal,0,1,African Cup of Nations qualification,Bamako,Mali,True,away_win,-1
2024-11-15,Portugal,Poland,5,1,UEFA Nations League,Porto,Portugal,False,home_win,4
2024-11-15,Scotland,Croatia,1,0,UEFA Nations League,Glasgow,Scotland,False,home_win,1
2024-11-15,Denmark,Spain,1,2,UEFA Nations League,Copenhagen,Denmark,False,away_win,-1
2024-11-15,Switzerland,Serbia,1,1,UEFA Nations League,Zürich,Switzerland,False,draw,0
2024-11-15,Curaçao,Saint Martin,5,0,CONCACAF Nations League,Willemstad,Curaçao,False,home_win,5
2024-11-15,Sint Maarten,Haiti,0,8,CONCACAF Nations League,Mayagüez,Puerto Rico,True,away_win,-8
2024-11-15,Honduras,Mexico,2,0,CONCACAF Nations League,San Pedro Sula,Honduras,False,home_win,2
2024-11-15,Suriname,Canada,0,1,CONCACAF Nations League,Paramaribo,Suriname,False,away_win,-1
2024-11-15,Uruguay,Colombia,3,2,FIFA World Cup qualification,Montevideo,Uruguay,False,home_win,1
2024-11-15,New Zealand,Vanuatu,8,1,FIFA World Cup qualification,Hamilton,New Zealand,False,home_win,7
2024-11-15,Indonesia,Japan,0,4,FIFA World Cup qualification,Jakarta,Indonesia,False,away_win,-4
2024-11-15,Gabon,Morocco,1,5,African Cup of Nations qualification,Franceville,Gabon,False,away_win,-4
2024-11-15,Cape Verde,Egypt,1,1,African Cup of Nations qualification,Praia,Cape Verde,False,draw,0
2024-11-15,Angola,Ghana,1,1,African Cup of Nations qualification,Talatona,Angola,False,draw,0
2024-11-15,Zambia,Ivory Coast,1,0,African Cup of Nations qualification,Ndola,Zambia,False,home_win,1
2024-11-15,Uganda,South Africa,0,2,African Cup of Nations qualification,Kampala,Uganda,False,away_win,-2
2024-11-16,Germany,Bosnia and Herzegovina,7,0,UEFA Nations League,Freiburg,Germany,False,home_win,7
2024-11-16,Netherlands,Hungary,4,0,UEFA Nations League,Amsterdam,Netherlands,False,home_win,4
2024-11-16,Albania,Czech Republic,0,0,UEFA Nations League,Tirana,Albania,False,draw,0
2024-11-16,Turkey,Wales,0,0,UEFA Nations League,Kayseri,Turkey,False,draw,0
2024-11-16,Sweden,Slovakia,2,1,UEFA Nations League,Solna,Sweden,False,home_win,1
2024-11-16,Guinea,DR Congo,1,0,African Cup of Nations qualification,Abidjan,Ivory Coast,True,home_win,1
2024-11-17,Israel,Belgium,1,0,UEFA Nations League,Budapest,Hungary,True,home_win,1
2024-11-17,Italy,France,1,3,UEFA Nations League,Milan,Italy,False,away_win,-2
2024-11-17,England,Republic of Ireland,5,0,UEFA Nations League,London,England,False,home_win,5
2024-11-17,Norway,Kazakhstan,5,0,UEFA Nations League,Oslo,Norway,False,home_win,5
2024-11-17,Austria,Slovenia,1,1,UEFA Nations League,Vienna,Austria,False,draw,0
2024-11-17,Algeria,Liberia,5,1,African Cup of Nations qualification,Tizi Ouzou,Algeria,False,home_win,4
2024-11-18,Croatia,Portugal,1,1,UEFA Nations League,Split,Croatia,False,draw,0
2024-11-18,Poland,Scotland,1,2,UEFA Nations League,Warsaw,Poland,False,away_win,-1
2024-11-18,Spain,Switzerland,3,2,UEFA Nations League,Santa Cruz de Tenerife,Spain,False,home_win,1
2024-11-18,Saint Lucia,Curaçao,1,4,CONCACAF Nations League,Gros Islet,Saint Lucia,False,away_win,-3
2024-11-18,Puerto Rico,Haiti,0,3,CONCACAF Nations League,Mayagüez,Puerto Rico,False,away_win,-3
2024-11-18,Panama,Costa Rica,2,2,CONCACAF Nations League,Panama City,Panama,False,draw,0
2024-11-18,United States,Jamaica,4,2,CONCACAF Nations League,St. Louis,United States,False,home_win,2
2024-11-18,New Zealand,Samoa,8,0,FIFA World Cup qualification,Auckland,New Zealand,False,home_win,8
2024-11-18,Tunisia,Gambia,0,1,African Cup of Nations qualification,Tunis,Tunisia,False,away_win,-1
2024-11-18,Morocco,Lesotho,7,0,African Cup of Nations qualification,Oujda,Morocco,False,home_win,7
2024-11-18,Ghana,Niger,1,2,African Cup of Nations qualification,Accra,Ghana,False,away_win,-1
2024-11-19,Bosnia and Herzegovina,Netherlands,1,1,UEFA Nations League,Zenica,Bosnia and Herzegovina,False,draw,0
2024-11-19,Hungary,Germany,1,1,UEFA Nations League,Budapest,Hungary,False,draw,0
2024-11-19,Czech Republic,Georgia,2,1,UEFA Nations League,Olomouc,Czech Republic,False,home_win,1
2024-11-19,Montenegro,Turkey,3,1,UEFA Nations League,Podgorica,Montenegro,False,home_win,2
2024-11-19,Sweden,Azerbaijan,6,0,UEFA Nations League,Solna,Sweden,False,home_win,6
2024-11-19,Canada,Suriname,3,0,CONCACAF Nations League,Toronto,Canada,False,home_win,3
2024-11-19,Mexico,Honduras,4,0,CONCACAF Nations League,Toluca,Mexico,False,home_win,4
2024-11-19,Bolivia,Paraguay,2,2,FIFA World Cup qualification,El Alto,Bolivia,False,draw,0
2024-11-19,Colombia,Ecuador,0,1,FIFA World Cup qualification,Barranquilla,Colombia,False,away_win,-1
2024-11-19,Argentina,Peru,1,0,FIFA World Cup qualification,Buenos Aires,Argentina,False,home_win,1
2024-11-19,Brazil,Uruguay,1,1,FIFA World Cup qualification,Salvador,Brazil,False,draw,0
2024-11-19,North Korea,Uzbekistan,0,1,FIFA World Cup qualification,Vientiane,Laos,True,away_win,-1
2024-11-19,Kyrgyzstan,Iran,2,3,FIFA World Cup qualification,Bishkek,Kyrgyzstan,False,away_win,-1
2024-11-19,United Arab Emirates,Qatar,5,0,FIFA World Cup qualification,Abu Dhabi,United Arab Emirates,False,home_win,5
2024-11-19,Palestine,South Korea,1,1,FIFA World Cup qualification,Amman,Jordan,True,draw,0
2024-11-19,Oman,Iraq,0,1,FIFA World Cup qualification,Muscat,Oman,False,away_win,-1
2024-11-19,Kuwait,Jordan,1,1,FIFA World Cup qualification,Kuwait City,Kuwait,False,draw,0
2024-11-19,Bahrain,Australia,2,2,FIFA World Cup qualification,Riffa,Bahrain,False,draw,0
2024-11-19,Indonesia,Saudi Arabia,2,0,FIFA World Cup qualification,Jakarta,Indonesia,False,home_win,2
2024-11-19,China,Japan,1,3,FIFA World Cup qualification,Xiamen,China,False,away_win,-2
2024-11-19,Egypt,Botswana,1,1,African Cup of Nations qualification,Cairo,Egypt,False,draw,0
2024-11-19,Mauritania,Cape Verde,1,0,African Cup of Nations qualification,Nouakchott,Mauritania,False,home_win,1
2024-11-19,Ivory Coast,Chad,4,0,African Cup of Nations qualification,Abidjan,Ivory Coast,False,home_win,4
2024-11-19,DR Congo,Ethiopia,1,2,African Cup of Nations qualification,Kinshasa,DR Congo,False,away_win,-1
2024-11-19,South Africa,South Sudan,3,0,African Cup of Nations qualification,Cape Town,South Africa,False,home_win,3
2024-11-19,Senegal,Burundi,2,0,African Cup of Nations qualification,Dakar,Senegal,False,home_win,2
2024-12-21,Qatar,United Arab Emirates,1,1,Gulf Cup,Sulaibikhat,Kuwait,True,draw,0
2024-12-22,Iraq,Yemen,1,0,Gulf Cup,Sulaibikhat,Kuwait,True,home_win,1
2024-12-22,Saudi Arabia,Bahrain,2,3,Gulf Cup,Kuwait City,Kuwait,True,away_win,-1
2024-12-24,Oman,Qatar,2,1,Gulf Cup,Sulaibikhat,Kuwait,True,home_win,1
2024-12-25,Yemen,Saudi Arabia,2,3,Gulf Cup,Sulaibikhat,Kuwait,True,away_win,-1
2024-12-25,Bahrain,Iraq,2,0,Gulf Cup,Kuwait City,Kuwait,True,home_win,2
2024-12-27,Kuwait,Qatar,1,1,Gulf Cup,Kuwait City,Kuwait,False,draw,0
2024-12-28,Iraq,Saudi Arabia,1,3,Gulf Cup,Kuwait City,Kuwait,True,away_win,-2
2024-12-31,Oman,Saudi Arabia,2,1,Gulf Cup,Sulaibikhat,Kuwait,True,home_win,1
2025-01-18,United States,Venezuela,3,1,Friendly,Fort Lauderdale,United States,False,home_win,2
2025-01-22,United States,Costa Rica,3,0,Friendly,Orlando,United States,False,home_win,3
2025-01-22,Uzbekistan,Jordan,0,0,Friendly,Doha,Qatar,True,draw,0
2025-02-08,Chile,Panama,6,1,Friendly,Santiago,Chile,False,home_win,5
2025-03-14,Jordan,North Korea,1,1,Friendly,Amman,Jordan,False,draw,0
2025-03-19,Liberia,Tunisia,0,1,FIFA World Cup qualification,Monrovia,Liberia,False,away_win,-1
2025-03-19,Kazakhstan,Curaçao,2,0,Friendly,Antalya,Turkey,True,home_win,2
2025-03-20,Canada,Mexico,0,2,CONCACAF Nations League,Inglewood,United States,True,away_win,-2
2025-03-20,United States,Panama,0,1,CONCACAF Nations League,Inglewood,United States,False,away_win,-1
2025-03-20,Croatia,France,2,0,UEFA Nations League,Split,Croatia,False,home_win,2
2025-03-20,Denmark,Portugal,1,0,UEFA Nations League,Copenhagen,Denmark,False,home_win,1
2025-03-20,Italy,Germany,1,2,UEFA Nations League,Milan,Italy,False,away_win,-1
2025-03-20,Netherlands,Spain,2,2,UEFA Nations League,Rotterdam,Netherlands,False,draw,0
2025-03-20,Austria,Serbia,1,1,UEFA Nations League,Vienna,Austria,False,draw,0
2025-03-20,Greece,Scotland,0,1,UEFA Nations League,Piraeus,Greece,False,away_win,-1
2025-03-20,Turkey,Hungary,3,1,UEFA Nations League,Istanbul,Turkey,False,home_win,2
2025-03-20,Ukraine,Belgium,3,1,UEFA Nations League,Murcia,Spain,True,home_win,2
2025-03-20,Paraguay,Chile,1,0,FIFA World Cup qualification,Asunción,Paraguay,False,home_win,1
2025-03-20,Brazil,Colombia,2,1,FIFA World Cup qualification,Brasília,Brazil,False,home_win,1
2025-03-20,Iran,United Arab Emirates,2,0,FIFA World Cup qualification,Tehran,Iran,False,home_win,2
2025-03-20,Uzbekistan,Kyrgyzstan,1,0,FIFA World Cup qualification,Tashkent,Uzbekistan,False,home_win,1
2025-03-20,Qatar,North Korea,5,1,FIFA World Cup qualification,Al Rayyan,Qatar,False,home_win,4
2025-03-20,South Korea,Oman,1,1,FIFA World Cup qualification,Goyang,South Korea,False,draw,0
2025-03-20,Iraq,Kuwait,2,2,FIFA World Cup qualification,Basra,Iraq,False,draw,0
2025-03-20,Jordan,Palestine,3,1,FIFA World Cup qualification,Amman,Jordan,False,home_win,2
2025-03-20,Japan,Bahrain,2,0,FIFA World Cup qualification,Saitama,Japan,False,home_win,2
2025-03-20,Australia,Indonesia,5,1,FIFA World Cup qualification,Sydney,Australia,False,home_win,4
2025-03-20,Saudi Arabia,China,1,0,FIFA World Cup qualification,Riyadh,Saudi Arabia,False,home_win,1
2025-03-20,Cape Verde,Mauritius,1,0,FIFA World Cup qualification,Praia,Cape Verde,False,home_win,1
2025-03-21,Northern Ireland,Switzerland,1,1,Friendly,Belfast,Northern Ireland,False,draw,0
2025-03-21,Ecuador,Venezuela,2,1,FIFA World Cup qualification,Quito,Ecuador,False,home_win,1
2025-03-21,Uruguay,Argentina,0,1,FIFA World Cup qualification,Montevideo,Uruguay,False,away_win,-1
2025-03-21,New Zealand,Fiji,7,0,FIFA World Cup qualification,Wellington,New Zealand,False,home_win,7
2025-03-21,Ethiopia,Egypt,0,2,FIFA World Cup qualification,Casablanca,Morocco,True,away_win,-2
2025-03-21,DR Congo,South Sudan,1,0,FIFA World Cup qualification,Kinshasa,DR Congo,False,home_win,1
2025-03-21,South Africa,Lesotho,0,3,FIFA World Cup qualification,Polokwane,South Africa,False,away_win,-3
2025-03-21,Morocco,Niger,2,1,FIFA World Cup qualification,Oujda,Morocco,False,home_win,1
2025-03-21,Burundi,Ivory Coast,0,1,FIFA World Cup qualification,Meknes,Morocco,True,away_win,-1
2025-03-21,Botswana,Algeria,1,3,FIFA World Cup qualification,Francistown,Botswana,False,away_win,-2
2025-03-21,Ghana,Chad,5,0,FIFA World Cup qualification,Accra,Ghana,False,home_win,5
2025-03-21,Romania,Bosnia and Herzegovina,0,1,FIFA World Cup qualification,Bucharest,Romania,False,away_win,-1
2025-03-21,England,Albania,2,0,FIFA World Cup qualification,London,England,False,home_win,2
2025-03-22,Azerbaijan,Haiti,0,3,Friendly,Sumgait,Azerbaijan,False,away_win,-3
2025-03-22,Luxembourg,Sweden,1,0,Friendly,Luxembourg,Luxembourg,False,home_win,1
2025-03-22,Sudan,Senegal,0,0,FIFA World Cup qualification,Benghazi,Libya,True,draw,0
2025-03-22,Moldova,Norway,0,5,FIFA World Cup qualification,Chișinău,Moldova,False,away_win,-5
2025-03-22,Czech Republic,Faroe Islands,2,1,FIFA World Cup qualification,Hradec Králové,Czech Republic,False,home_win,1
2025-03-23,United States,Canada,1,2,CONCACAF Nations League,Inglewood,United States,False,away_win,-1
2025-03-23,Panama,Mexico,1,2,CONCACAF Nations League,Inglewood,United States,True,away_win,-1
2025-03-23,France,Croatia,2,0,UEFA Nations League,Paris,France,False,home_win,2
2025-03-23,Germany,Italy,3,3,UEFA Nations League,Dortmund,Germany,False,draw,0
2025-03-23,Portugal,Denmark,5,2,UEFA Nations League,Lisbon,Portugal,False,home_win,3
2025-03-23,Spain,Netherlands,3,3,UEFA Nations League,Valencia,Spain,False,draw,0
2025-03-23,Belgium,Ukraine,3,0,UEFA Nations League,Genk,Belgium,False,home_win,3
2025-03-23,Hungary,Turkey,0,3,UEFA Nations League,Budapest,Hungary,False,away_win,-3
2025-03-23,Scotland,Greece,0,3,UEFA Nations League,Glasgow,Scotland,False,away_win,-3
2025-03-23,Serbia,Austria,2,0,UEFA Nations League,Belgrade,Serbia,False,home_win,2
2025-03-24,New Zealand,New Caledonia,3,0,FIFA World Cup qualification,Auckland,New Zealand,False,home_win,3
2025-03-24,Ivory Coast,Gambia,1,0,FIFA World Cup qualification,Abidjan,Ivory Coast,False,home_win,1
2025-03-24,Tunisia,Malawi,2,0,FIFA World Cup qualification,Radès,Tunisia,False,home_win,2
2025-03-24,Madagascar,Ghana,0,3,FIFA World Cup qualification,Al Hoceima,Morocco,True,away_win,-3
2025-03-24,Bosnia and Herzegovina,Cyprus,2,1,FIFA World Cup qualification,Zenica,Bosnia and Herzegovina,False,home_win,1
2025-03-24,England,Latvia,3,0,FIFA World Cup qualification,London,England,False,home_win,3
2025-03-25,Sweden,Northern Ireland,5,1,Friendly,Solna,Sweden,False,home_win,4
2025-03-25,Switzerland,Luxembourg,3,1,Friendly,St. Gallen,Switzerland,False,home_win,2
2025-03-25,Bolivia,Uruguay,0,0,FIFA World Cup qualification,El Alto,Bolivia,False,draw,0
2025-03-25,Colombia,Paraguay,2,2,FIFA World Cup qualification,Barranquilla,Colombia,False,draw,0
2025-03-25,Argentina,Brazil,4,1,FIFA World Cup qualification,Buenos Aires,Argentina,False,home_win,3
2025-03-25,Chile,Ecuador,0,0,FIFA World Cup qualification,Santiago,Chile,False,draw,0
2025-03-25,Iran,Uzbekistan,2,2,FIFA World Cup qualification,Tehran,Iran,False,draw,0
2025-03-25,Kyrgyzstan,Qatar,3,1,FIFA World Cup qualification,Bishkek,Kyrgyzstan,False,home_win,2
2025-03-25,South Korea,Jordan,1,1,FIFA World Cup qualification,Suwon,South Korea,False,draw,0
2025-03-25,Palestine,Iraq,2,1,FIFA World Cup qualification,Amman,Jordan,True,home_win,1
2025-03-25,China,Australia,0,2,FIFA World Cup qualification,Hangzhou,China,False,away_win,-2
2025-03-25,Japan,Saudi Arabia,0,0,FIFA World Cup qualification,Saitama,Japan,False,draw,0
2025-03-25,Egypt,Sierra Leone,1,0,FIFA World Cup qualification,Cairo,Egypt,False,home_win,1
2025-03-25,Mauritania,DR Congo,0,2,FIFA World Cup qualification,Nouadhibou,Mauritania,False,away_win,-2
2025-03-25,Senegal,Togo,2,0,FIFA World Cup qualification,Diamniadio,Senegal,False,home_win,2
2025-03-25,Benin,South Africa,0,2,FIFA World Cup qualification,Abidjan,Ivory Coast,True,away_win,-2
2025-03-25,Angola,Cape Verde,1,2,FIFA World Cup qualification,Luanda,Angola,False,away_win,-1
2025-03-25,Morocco,Tanzania,2,0,FIFA World Cup qualification,Oujda,Morocco,False,home_win,2
2025-03-25,Algeria,Mozambique,5,1,FIFA World Cup qualification,Tizi Ouzou,Algeria,False,home_win,4
2025-03-25,Israel,Norway,2,4,FIFA World Cup qualification,Debrecen,Hungary,True,away_win,-2
2025-03-25,Gibraltar,Czech Republic,0,4,FIFA World Cup qualification,Faro-Loulé,Portugal,True,away_win,-4
2025-05-28,Nigeria,Ghana,2,1,Unity Cup,London,England,True,home_win,1
2025-05-29,Malaysia,Cape Verde,1,1,Friendly,Kuala Lumpur,Malaysia,False,draw,0
2025-05-30,Saudi Arabia,Jordan,2,0,Friendly,Dammam,Saudi Arabia,False,home_win,2
2025-05-31,Trinidad and Tobago,Ghana,0,4,Unity Cup,London,England,True,away_win,-4
2025-06-02,Tunisia,Burkina Faso,2,0,Friendly,Radès,Tunisia,False,home_win,2
2025-06-03,Malaysia,Cape Verde,0,3,Friendly,Kuala Lumpur,Malaysia,False,away_win,-3
2025-06-04,Germany,Portugal,1,2,UEFA Nations League,Munich,Germany,False,away_win,-1
2025-06-05,Spain,France,5,4,UEFA Nations League,Stuttgart,Germany,True,home_win,1
2025-06-05,Algeria,Rwanda,2,0,Friendly,Constantine,Algeria,False,home_win,2
2025-06-05,DR Congo,Mali,1,0,Friendly,Orléans,France,True,home_win,1
2025-06-05,Ecuador,Brazil,0,0,FIFA World Cup qualification,Guayaquil,Ecuador,False,draw,0
2025-06-05,Paraguay,Uruguay,2,0,FIFA World Cup qualification,Asunción,Paraguay,False,home_win,2
2025-06-05,Chile,Argentina,0,1,FIFA World Cup qualification,Santiago,Chile,False,away_win,-1
2025-06-05,United Arab Emirates,Uzbekistan,0,0,FIFA World Cup qualification,Abu Dhabi,United Arab Emirates,False,draw,0
2025-06-05,Qatar,Iran,1,0,FIFA World Cup qualification,Al Rayyan,Qatar,False,home_win,1
2025-06-05,Oman,Jordan,0,3,FIFA World Cup qualification,Muscat,Oman,False,away_win,-3
2025-06-05,Iraq,South Korea,0,2,FIFA World Cup qualification,Basra,Iraq,False,away_win,-2
2025-06-05,Bahrain,Saudi Arabia,0,2,FIFA World Cup qualification,Riffa,Bahrain,False,away_win,-2
2025-06-05,Australia,Japan,1,0,FIFA World Cup qualification,Perth,Australia,False,home_win,1
2025-06-06,Hungary,Sweden,0,2,Friendly,Budapest,Hungary,False,away_win,-2
2025-06-06,Morocco,Tunisia,2,0,Friendly,Fez,Morocco,False,home_win,2
2025-06-06,Republic of Ireland,Senegal,1,1,Friendly,Dublin,Republic of Ireland,False,draw,0
2025-06-06,Scotland,Iceland,1,3,Friendly,Glasgow,Scotland,False,away_win,-2
2025-06-06,South Africa,Tanzania,0,0,Friendly,Polokwane,South Africa,False,draw,0
2025-06-06,Colombia,Peru,0,0,FIFA World Cup qualification,Barranquilla,Colombia,False,draw,0
2025-06-06,Norway,Italy,3,0,FIFA World Cup qualification,Oslo,Norway,False,home_win,3
2025-06-06,North Macedonia,Belgium,1,1,FIFA World Cup qualification,Skopje,North Macedonia,False,draw,0
2025-06-06,Czech Republic,Montenegro,2,0,FIFA World Cup qualification,Plzeň,Czech Republic,False,home_win,2
2025-06-06,Gibraltar,Croatia,0,7,FIFA World Cup qualification,Faro-Loulé,Portugal,True,away_win,-7
2025-06-06,Curaçao,Saint Lucia,4,0,FIFA World Cup qualification,Willemstad,Curaçao,False,home_win,4
2025-06-07,Mexico,Switzerland,2,4,Friendly,Salt Lake City,United States,True,away_win,-2
2025-06-07,United States,Turkey,1,2,Friendly,East Hartford,United States,False,away_win,-1
2025-06-07,Finland,Netherlands,0,2,FIFA World Cup qualification,Helsinki,Finland,False,away_win,-2
2025-06-07,Bosnia and Herzegovina,San Marino,1,0,FIFA World Cup qualification,Zenica,Bosnia and Herzegovina,False,home_win,1
2025-06-07,Austria,Romania,2,1,FIFA World Cup qualification,Vienna,Austria,False,home_win,1
2025-06-07,Andorra,England,0,1,FIFA World Cup qualification,Barcelona,Spain,True,away_win,-1
2025-06-07,Canada,Ukraine,4,2,Canadian Shield,Toronto,Canada,False,home_win,2
2025-06-07,Ivory Coast,New Zealand,0,1,Canadian Shield,Toronto,Canada,True,away_win,-1
2025-06-07,Aruba,Haiti,0,5,FIFA World Cup qualification,Oranjestad,Aruba,False,away_win,-5
2025-06-07,Belize,Panama,0,2,FIFA World Cup qualification,Belmopan,Belize,False,away_win,-2
2025-06-08,Germany,France,0,2,UEFA Nations League,Stuttgart,Germany,False,away_win,-2
2025-06-08,Portugal,Spain,2,2,UEFA Nations League,Munich,Germany,True,draw,0
2025-06-08,DR Congo,Madagascar,3,1,Friendly,Orléans,France,True,home_win,2
2025-06-08,Georgia,Cape Verde,1,1,Friendly,Kutaisi,Georgia,False,draw,0
2025-06-09,Algeria,Rwanda,2,0,Friendly,Blida,Algeria,False,home_win,2
2025-06-09,Liechtenstein,Scotland,0,4,Friendly,Vaduz,Liechtenstein,False,away_win,-4
2025-06-09,Morocco,Benin,1,0,Friendly,Fez,Morocco,False,home_win,1
2025-06-09,Estonia,Norway,0,1,FIFA World Cup qualification,Tallinn,Estonia,False,away_win,-1
2025-06-09,Belgium,Wales,4,3,FIFA World Cup qualification,Brussels,Belgium,False,home_win,1
2025-06-09,Croatia,Czech Republic,5,1,FIFA World Cup qualification,Osijek,Croatia,False,home_win,4
2025-06-10,England,Senegal,1,3,Friendly,London,England,False,away_win,-2
2025-06-10,Mexico,Turkey,1,0,Friendly,Chapel Hill,United States,True,home_win,1
2025-06-10,Slovenia,Bosnia and Herzegovina,2,1,Friendly,Celje,Slovenia,False,home_win,1
2025-06-10,South Africa,Mozambique,2,0,Friendly,Polokwane,South Africa,False,home_win,2
2025-06-10,Sweden,Algeria,4,3,Friendly,Solna,Sweden,False,home_win,1
2025-06-10,United States,Switzerland,0,4,Friendly,Nashville,United States,False,away_win,-4
2025-06-10,Uruguay,Venezuela,2,0,FIFA World Cup qualification,Montevideo,Uruguay,False,home_win,2
2025-06-10,Peru,Ecuador,0,0,FIFA World Cup qualification,Lima,Peru,False,draw,0
2025-06-10,Argentina,Colombia,1,1,FIFA World Cup qualification,Buenos Aires,Argentina,False,draw,0
2025-06-10,Brazil,Paraguay,1,0,FIFA World Cup qualification,São Paulo,Brazil,False,home_win,1
2025-06-10,Uzbekistan,Qatar,3,0,FIFA World Cup qualification,Tashkent,Uzbekistan,False,home_win,3
2025-06-10,Iran,North Korea,3,0,FIFA World Cup qualification,Tehran,Iran,False,home_win,3
2025-06-10,South Korea,Kuwait,4,0,FIFA World Cup qualification,Seoul,South Korea,False,home_win,4
2025-06-10,Jordan,Iraq,0,1,FIFA World Cup qualification,Amman,Jordan,False,away_win,-1
2025-06-10,Japan,Indonesia,6,0,FIFA World Cup qualification,Suita,Japan,False,home_win,6
2025-06-10,Saudi Arabia,Australia,1,2,FIFA World Cup qualification,Jeddah,Saudi Arabia,False,away_win,-1
2025-06-10,Netherlands,Malta,8,0,FIFA World Cup qualification,Groningen,Netherlands,False,home_win,8
2025-06-10,San Marino,Austria,0,4,FIFA World Cup qualification,Serravalle,San Marino,False,away_win,-4
2025-06-10,New Zealand,Ukraine,1,2,Canadian Shield,Toronto,Canada,True,away_win,-1
2025-06-10,Canada,Ivory Coast,0,0,Canadian Shield,Toronto,Canada,False,draw,0
2025-06-10,Haiti,Curaçao,1,5,FIFA World Cup qualification,Oranjestad,Aruba,True,away_win,-4
2025-06-10,Panama,Nicaragua,3,0,FIFA World Cup qualification,Panama City,Panama,False,home_win,3
2025-06-14,Mexico,Dominican Republic,3,2,Gold Cup,Inglewood,United States,True,home_win,1
2025-06-15,United States,Trinidad and Tobago,5,0,Gold Cup,San Jose,United States,False,home_win,5
2025-06-15,Haiti,Saudi Arabia,0,1,Gold Cup,San Diego,United States,True,away_win,-1
2025-06-16,Panama,Guadeloupe,5,2,Gold Cup,Carson,United States,True,home_win,3
2025-06-17,Curaçao,El Salvador,0,0,Gold Cup,San Jose,United States,True,draw,0
2025-06-17,Canada,Honduras,6,0,Gold Cup,Vancouver,Canada,False,home_win,6
2025-06-18,Suriname,Mexico,0,2,Gold Cup,Arlington,United States,True,away_win,-2
2025-06-19,Trinidad and Tobago,Haiti,1,1,Gold Cup,Houston,United States,True,draw,0
2025-06-19,United States,Saudi Arabia,1,0,Gold Cup,Austin,United States,False,home_win,1
2025-06-20,Guatemala,Panama,0,1,Gold Cup,Austin,United States,True,away_win,-1
2025-06-21,Curaçao,Canada,1,1,Gold Cup,Houston,United States,True,draw,0
2025-06-22,Mexico,Costa Rica,0,0,Gold Cup,Paradise,United States,True,draw,0
2025-06-22,Saudi Arabia,Trinidad and Tobago,1,1,Gold Cup,Paradise,United States,True,draw,0
2025-06-22,United States,Haiti,2,1,Gold Cup,Arlington,United States,False,home_win,1
2025-06-24,Honduras,Curaçao,2,1,Gold Cup,San Jose,United States,True,home_win,1
2025-06-24,Canada,El Salvador,2,0,Gold Cup,Houston,United States,True,home_win,2
2025-06-24,Panama,Jamaica,4,1,Gold Cup,Austin,United States,True,home_win,3
2025-06-28,Panama,Honduras,1,1,Gold Cup,Glendale,United States,True,draw,0
2025-06-28,Mexico,Saudi Arabia,2,0,Gold Cup,Glendale,United States,True,home_win,2
2025-06-29,Canada,Guatemala,1,1,Gold Cup,Minneapolis,United States,True,draw,0
2025-06-29,United States,Costa Rica,2,2,Gold Cup,Minneapolis,United States,False,draw,0
2025-07-02,United States,Guatemala,2,1,Gold Cup,St. Louis,United States,False,home_win,1
2025-07-02,Mexico,Honduras,1,0,Gold Cup,Santa Clara,United States,True,home_win,1
2025-07-06,United States,Mexico,1,2,Gold Cup,Houston,United States,False,away_win,-1
2025-08-24,Qatar,Lebanon,2,2,Friendly,Doha,Qatar,False,draw,0
2025-09-03,Qatar,Bahrain,2,2,Friendly,Doha,Qatar,False,draw,0
2025-09-04,Norway,Finland,1,0,Friendly,Oslo,Norway,False,home_win,1
2025-09-04,Russia,Jordan,0,0,Friendly,Moscow,Russia,False,draw,0
2025-09-04,Saudi Arabia,North Macedonia,2,1,Friendly,Prague,Czech Republic,True,home_win,1
2025-09-04,Colombia,Bolivia,3,0,FIFA World Cup qualification,Barranquilla,Colombia,False,home_win,3
2025-09-04,Argentina,Venezuela,3,0,FIFA World Cup qualification,Buenos Aires,Argentina,False,home_win,3
2025-09-04,Paraguay,Ecuador,0,0,FIFA World Cup qualification,Asunción,Paraguay,False,draw,0
2025-09-04,Uruguay,Peru,3,0,FIFA World Cup qualification,Montevideo,Uruguay,False,home_win,3
2025-09-04,Brazil,Chile,3,0,FIFA World Cup qualification,Rio de Janeiro,Brazil,False,home_win,3
2025-09-04,Mauritius,Cape Verde,0,2,FIFA World Cup qualification,Saint Pierre,Mauritius,False,away_win,-2
2025-09-04,Algeria,Botswana,3,1,FIFA World Cup qualification,Tizi Ouzou,Algeria,False,home_win,2
2025-09-04,Tunisia,Liberia,3,0,FIFA World Cup qualification,Radès,Tunisia,False,home_win,3
2025-09-04,Chad,Ghana,1,1,FIFA World Cup qualification,N'Djamena,Chad,False,draw,0
2025-09-04,Slovakia,Germany,2,0,FIFA World Cup qualification,Bratislava,Slovakia,False,home_win,2
2025-09-04,Georgia,Turkey,2,3,FIFA World Cup qualification,Tbilisi,Georgia,False,away_win,-1
2025-09-04,Bulgaria,Spain,0,3,FIFA World Cup qualification,Sofia,Bulgaria,False,away_win,-3
2025-09-04,Netherlands,Poland,1,1,FIFA World Cup qualification,Rotterdam,Netherlands,False,draw,0
2025-09-04,Liechtenstein,Belgium,0,6,FIFA World Cup qualification,Vaduz,Liechtenstein,False,away_win,-6
2025-09-04,Iraq,Hong Kong,2,1,King's Cup,Kanchanaburi,Thailand,True,home_win,1
2025-09-04,Suriname,Panama,0,0,FIFA World Cup qualification,Paramaribo,Suriname,False,draw,0
2025-09-05,Australia,New Zealand,1,0,Soccer Ashes,Canberra,Australia,False,home_win,1
2025-09-05,Romania,Canada,0,3,Friendly,Bucharest,Romania,False,away_win,-3
2025-09-05,Egypt,Ethiopia,2,0,FIFA World Cup qualification,Cairo,Egypt,False,home_win,2
2025-09-05,South Sudan,DR Congo,1,4,FIFA World Cup qualification,Juba,South Sudan,False,away_win,-3
2025-09-05,Senegal,Sudan,2,0,FIFA World Cup qualification,Diamniadio,Senegal,False,home_win,2
2025-09-05,South Africa,Lesotho,3,0,FIFA World Cup qualification,Bloemfontein,South Africa,False,home_win,3
2025-09-05,Morocco,Niger,5,0,FIFA World Cup qualification,Rabat,Morocco,False,home_win,5
2025-09-05,Ivory Coast,Burundi,1,0,FIFA World Cup qualification,Abidjan,Ivory Coast,False,home_win,1
2025-09-05,Slovenia,Sweden,2,2,FIFA World Cup qualification,Ljubljana,Slovenia,False,draw,0
2025-09-05,Switzerland,Kosovo,4,0,FIFA World Cup qualification,Basel,Switzerland,False,home_win,4
2025-09-05,Denmark,Scotland,0,0,FIFA World Cup qualification,Copenhagen,Denmark,False,draw,0
2025-09-05,Ukraine,France,0,2,FIFA World Cup qualification,Wrocław,Poland,True,away_win,-2
2025-09-05,Faroe Islands,Croatia,0,1,FIFA World Cup qualification,Tórshavn,Faroe Islands,False,away_win,-1
2025-09-05,Montenegro,Czech Republic,0,2,FIFA World Cup qualification,Podgorica,Montenegro,False,away_win,-2
2025-09-05,Trinidad and Tobago,Curaçao,0,0,FIFA World Cup qualification,Port of Spain,Trinidad and Tobago,False,draw,0
2025-09-05,Haiti,Honduras,0,0,FIFA World Cup qualification,Willemstad,Curaçao,True,draw,0
2025-09-06,Mexico,Japan,0,0,Friendly,Oakland,United States,True,draw,0
2025-09-06,United States,South Korea,0,2,Friendly,Harrison,United States,False,away_win,-2
2025-09-06,Armenia,Portugal,0,5,FIFA World Cup qualification,Yerevan,Armenia,False,away_win,-5
2025-09-06,Austria,Cyprus,1,0,FIFA World Cup qualification,Linz,Austria,False,home_win,1
2025-09-06,San Marino,Bosnia and Herzegovina,0,6,FIFA World Cup qualification,Serravalle,San Marino,False,away_win,-6
2025-09-06,England,Andorra,2,0,FIFA World Cup qualification,London,England,False,home_win,2
2025-09-07,Germany,Northern Ireland,3,1,FIFA World Cup qualification,Cologne,Germany,False,home_win,2
2025-09-07,Turkey,Spain,0,6,FIFA World Cup qualification,Konya,Turkey,False,away_win,-6
2025-09-07,Lithuania,Netherlands,2,3,FIFA World Cup qualification,Kaunas,Lithuania,False,away_win,-1
2025-09-07,Belgium,Kazakhstan,6,0,FIFA World Cup qualification,Anderlecht,Belgium,False,home_win,6
2025-09-07,Qatar,Russia,1,4,Friendly,Doha,Qatar,False,away_win,-3
2025-09-07,Thailand,Iraq,0,1,King's Cup,Kanchanaburi,Thailand,False,away_win,-1
2025-09-08,Czech Republic,Saudi Arabia,1,1,Friendly,Hradec Králové,Czech Republic,False,draw,0
2025-09-08,Zambia,Morocco,0,2,FIFA World Cup qualification,Ndola,Zambia,False,away_win,-2
2025-09-08,Guinea,Algeria,0,0,FIFA World Cup qualification,Casablanca,Morocco,True,draw,0
2025-09-08,Equatorial Guinea,Tunisia,0,1,FIFA World Cup qualification,Malabo,Equatorial Guinea,False,away_win,-1
2025-09-08,Ghana,Mali,1,0,FIFA World Cup qualification,Accra,Ghana,False,home_win,1
2025-09-08,Kosovo,Sweden,2,0,FIFA World Cup qualification,Pristina,Kosovo,False,home_win,2
2025-09-08,Switzerland,Slovenia,3,0,FIFA World Cup qualification,Basel,Switzerland,False,home_win,3
2025-09-08,Belarus,Scotland,0,2,FIFA World Cup qualification,Zalaegerszeg,Hungary,True,away_win,-2
2025-09-08,Croatia,Montenegro,4,0,FIFA World Cup qualification,Zagreb,Croatia,False,home_win,4
2025-09-08,Panama,Guatemala,1,1,FIFA World Cup qualification,Panama City,Panama,False,draw,0
2025-09-09,Jordan,Dominican Republic,3,0,Friendly,Amman,Jordan,False,home_win,3
2025-09-09,Mexico,South Korea,2,2,Friendly,Nashville,United States,True,draw,0
2025-09-09,New Zealand,Australia,1,3,Soccer Ashes,Auckland,New Zealand,False,away_win,-2
2025-09-09,United States,Japan,2,0,Friendly,Columbus,United States,False,home_win,2
2025-09-09,Wales,Canada,0,1,Friendly,Cardiff,Wales,False,away_win,-1
2025-09-09,Ecuador,Argentina,1,0,FIFA World Cup qualification,Guayaquil,Ecuador,False,home_win,1
2025-09-09,Peru,Paraguay,0,1,FIFA World Cup qualification,Lima,Peru,False,away_win,-1
2025-09-09,Bolivia,Brazil,1,0,FIFA World Cup qualification,El Alto,Bolivia,False,home_win,1
2025-09-09,Venezuela,Colombia,3,6,FIFA World Cup qualification,Maturín,Venezuela,False,away_win,-3
2025-09-09,Chile,Uruguay,0,0,FIFA World Cup qualification,Santiago,Chile,False,draw,0
2025-09-09,Burkina Faso,Egypt,0,0,FIFA World Cup qualification,Ouagadougou,Burkina Faso,False,draw,0
2025-09-09,DR Congo,Senegal,2,3,FIFA World Cup qualification,Kinshasa,DR Congo,False,away_win,-1
2025-09-09,South Africa,Nigeria,1,1,FIFA World Cup qualification,Bloemfontein,South Africa,False,draw,0
2025-09-09,Cape Verde,Cameroon,1,0,FIFA World Cup qualification,Praia,Cape Verde,False,home_win,1
2025-09-09,Gabon,Ivory Coast,0,0,FIFA World Cup qualification,Franceville,Gabon,False,draw,0
2025-09-09,France,Iceland,2,1,FIFA World Cup qualification,Paris,France,False,home_win,1
2025-09-09,Hungary,Portugal,2,3,FIFA World Cup qualification,Budapest,Hungary,False,away_win,-1
2025-09-09,Bosnia and Herzegovina,Austria,1,2,FIFA World Cup qualification,Zenica,Bosnia and Herzegovina,False,away_win,-1
2025-09-09,Norway,Moldova,11,1,FIFA World Cup qualification,Oslo,Norway,False,home_win,10
2025-09-09,Serbia,England,0,5,FIFA World Cup qualification,Belgrade,Serbia,False,away_win,-5
2025-09-09,Curaçao,Bermuda,3,2,FIFA World Cup qualification,Willemstad,Curaçao,False,home_win,1
2025-09-09,Costa Rica,Haiti,3,3,FIFA World Cup qualification,San José,Costa Rica,False,draw,0
2025-10-08,Qatar,Oman,0,0,FIFA World Cup qualification,Al Rayyan,Qatar,False,draw,0
2025-10-08,Saudi Arabia,Indonesia,3,2,FIFA World Cup qualification,Jeddah,Saudi Arabia,False,home_win,1
2025-10-08,Djibouti,Egypt,0,3,FIFA World Cup qualification,Casablanca,Morocco,True,away_win,-3
2025-10-08,Libya,Cape Verde,3,3,FIFA World Cup qualification,Tripoli,Libya,False,draw,0
2025-10-08,Central African Republic,Ghana,0,5,FIFA World Cup qualification,El Jadida,Morocco,True,away_win,-5
2025-10-09,England,Wales,3,0,Friendly,London,England,False,home_win,3
2025-10-09,Poland,New Zealand,1,0,Friendly,Chorzów,Poland,False,home_win,1
2025-10-09,Morocco,Bahrain,1,0,Friendly,Rabat,Morocco,False,home_win,1
2025-10-09,Algeria,Somalia,3,0,FIFA World Cup qualification,Bir El Djir,Algeria,False,home_win,3
2025-10-09,Scotland,Greece,3,1,FIFA World Cup qualification,Glasgow,Scotland,False,home_win,2
2025-10-09,Malta,Netherlands,0,4,FIFA World Cup qualification,Ta' Qali,Malta,False,away_win,-4
2025-10-09,Austria,San Marino,10,0,FIFA World Cup qualification,Vienna,Austria,False,home_win,10
2025-10-09,Cyprus,Bosnia and Herzegovina,2,2,FIFA World Cup qualification,Larnaca,Cyprus,False,draw,0
2025-10-09,Czech Republic,Croatia,0,0,FIFA World Cup qualification,Prague,Czech Republic,False,draw,0
2025-10-09,Nicaragua,Haiti,0,3,FIFA World Cup qualification,Managua,Nicaragua,False,away_win,-3
2025-10-10,Argentina,Venezuela,1,0,Friendly,Miami Gardens,United States,True,home_win,1
2025-10-10,Canada,Australia,0,1,Friendly,Montreal,Canada,False,away_win,-1
2025-10-10,Russia,Iran,2,1,Friendly,Volgograd,Russia,False,home_win,1
2025-10-10,Japan,Paraguay,2,2,Kirin Cup,Osaka,Japan,False,draw,0
2025-10-10,Uzbekistan,Kuwait,2,0,Friendly,Tashkent,Uzbekistan,False,home_win,2
2025-10-10,Jordan,Bolivia,0,1,Friendly,Istanbul,Turkey,True,away_win,-1
2025-10-10,South Korea,Brazil,0,5,Friendly,Seoul,South Korea,False,away_win,-5
2025-10-10,Uruguay,Dominican Republic,1,0,Friendly,Kuala Lumpur,Malaysia,True,home_win,1
2025-10-10,United States,Ecuador,1,1,Friendly,Austin,United States,False,draw,0
2025-10-10,Togo,DR Congo,0,1,FIFA World Cup qualification,Lomé,Togo,False,away_win,-1
2025-10-10,South Sudan,Senegal,0,5,FIFA World Cup qualification,Juba,South Sudan,False,away_win,-5
2025-10-10,South Africa,Zimbabwe,0,0,FIFA World Cup qualification,Durban,South Africa,False,draw,0
2025-10-10,Seychelles,Ivory Coast,0,7,FIFA World Cup qualification,Saint Pierre,Mauritius,True,away_win,-7
2025-10-10,Tunisia,São Tomé and Príncipe,6,0,FIFA World Cup qualification,Radès,Tunisia,False,home_win,6
2025-10-10,Germany,Luxembourg,4,0,FIFA World Cup qualification,Sinsheim,Germany,False,home_win,4
2025-10-10,Sweden,Switzerland,0,2,FIFA World Cup qualification,Solna,Sweden,False,away_win,-2
2025-10-10,France,Azerbaijan,3,0,FIFA World Cup qualification,Paris,France,False,home_win,3
2025-10-10,Belgium,North Macedonia,0,0,FIFA World Cup qualification,Ghent,Belgium,False,draw,0
2025-10-10,El Salvador,Panama,0,1,FIFA World Cup qualification,San Salvador,El Salvador,False,away_win,-1
2025-10-10,Curaçao,Jamaica,2,0,FIFA World Cup qualification,Willemstad,Curaçao,False,home_win,2
2025-10-11,Mexico,Colombia,0,4,Friendly,Arlington,United States,True,away_win,-4
2025-10-11,Iraq,Indonesia,1,0,FIFA World Cup qualification,Jeddah,Saudi Arabia,True,home_win,1
2025-10-11,Spain,Georgia,2,0,FIFA World Cup qualification,Elche,Spain,False,home_win,2
2025-10-11,Bulgaria,Turkey,1,6,FIFA World Cup qualification,Sofia,Bulgaria,False,away_win,-5
2025-10-11,Portugal,Republic of Ireland,1,0,FIFA World Cup qualification,Lisbon,Portugal,False,home_win,1
2025-10-11,Norway,Israel,5,0,FIFA World Cup qualification,Oslo,Norway,False,home_win,5
2025-10-12,Malta,Bosnia and Herzegovina,1,4,Friendly,Ta' Qali,Malta,False,away_win,-3
2025-10-12,Egypt,Guinea-Bissau,1,0,FIFA World Cup qualification,Cairo,Egypt,False,home_win,1
2025-10-12,Ghana,Comoros,1,0,FIFA World Cup qualification,Accra,Ghana,False,home_win,1
2025-10-12,Scotland,Belarus,2,1,FIFA World Cup qualification,Glasgow,Scotland,False,home_win,1
2025-10-12,Netherlands,Finland,4,0,FIFA World Cup qualification,Amsterdam,Netherlands,False,home_win,4
2025-10-12,Romania,Austria,1,0,FIFA World Cup qualification,Bucharest,Romania,False,home_win,1
2025-10-12,Faroe Islands,Czech Republic,2,1,FIFA World Cup qualification,Tórshavn,Faroe Islands,False,home_win,1
2025-10-12,Croatia,Gibraltar,3,0,FIFA World Cup qualification,Varaždin,Croatia,False,home_win,3
2025-10-13,Uzbekistan,Uruguay,1,2,Friendly,Malacca City,Malaysia,True,away_win,-1
2025-10-13,Cape Verde,Eswatini,3,0,FIFA World Cup qualification,Praia,Cape Verde,False,home_win,3
2025-10-13,Tunisia,Namibia,3,0,FIFA World Cup qualification,Radès,Tunisia,False,home_win,3
2025-10-13,Northern Ireland,Germany,0,1,FIFA World Cup qualification,Belfast,Northern Ireland,False,away_win,-1
2025-10-13,Slovenia,Switzerland,0,0,FIFA World Cup qualification,Ljubljana,Slovenia,False,draw,0
2025-10-13,Sweden,Kosovo,0,1,FIFA World Cup qualification,Gothenburg,Sweden,False,away_win,-1
2025-10-13,Iceland,France,2,2,FIFA World Cup qualification,Reykjavík,Iceland,False,draw,0
2025-10-13,Wales,Belgium,2,4,FIFA World Cup qualification,Cardiff,Wales,False,away_win,-2
2025-10-13,Honduras,Haiti,3,0,FIFA World Cup qualification,Tegucigalpa,Honduras,False,home_win,3
2025-10-14,Albania,Jordan,4,2,Friendly,Tirana,Albania,False,home_win,2
2025-10-14,Japan,Brazil,3,2,Kirin Cup,Tokyo,Japan,False,home_win,1
2025-10-14,Iran,Tanzania,2,0,Friendly,Dubai,United Arab Emirates,True,home_win,2
2025-10-14,Canada,Colombia,0,0,Friendly,Harrison,United States,True,draw,0
2025-10-14,South Korea,Paraguay,2,0,Friendly,Seoul,South Korea,False,home_win,2
2025-10-14,Mexico,Ecuador,1,1,Friendly,Zapopan,Mexico,False,draw,0
2025-10-14,Norway,New Zealand,1,1,Friendly,Oslo,Norway,False,draw,0
2025-10-14,Puerto Rico,Argentina,0,6,Friendly,Fort Lauderdale,United States,True,away_win,-6
2025-10-14,United States,Australia,2,1,Friendly,Denver,United States,False,home_win,1
2025-10-14,Qatar,United Arab Emirates,2,1,FIFA World Cup qualification,Al Rayyan,Qatar,False,home_win,1
2025-10-14,Saudi Arabia,Iraq,0,0,FIFA World Cup qualification,Jeddah,Saudi Arabia,False,draw,0
2025-10-14,Senegal,Mauritania,4,0,FIFA World Cup qualification,Diamniadio,Senegal,False,home_win,4
2025-10-14,DR Congo,Sudan,1,0,FIFA World Cup qualification,Kinshasa,DR Congo,False,home_win,1
2025-10-14,South Africa,Rwanda,3,0,FIFA World Cup qualification,Mbombela,South Africa,False,home_win,3
2025-10-14,Morocco,Congo,1,0,FIFA World Cup qualification,Rabat,Morocco,False,home_win,1
2025-10-14,Ivory Coast,Kenya,3,0,FIFA World Cup qualification,Ebimpé,Ivory Coast,False,home_win,3
2025-10-14,Algeria,Uganda,2,1,FIFA World Cup qualification,Tizi Ouzou,Algeria,False,home_win,1
2025-10-14,Spain,Bulgaria,4,0,FIFA World Cup qualification,Valladolid,Spain,False,home_win,4
2025-10-14,Turkey,Georgia,4,1,FIFA World Cup qualification,İzmit,Turkey,False,home_win,3
2025-10-14,Portugal,Hungary,2,2,FIFA World Cup qualification,Lisbon,Portugal,False,draw,0
2025-10-14,Latvia,England,0,5,FIFA World Cup qualification,Riga,Latvia,False,away_win,-5
2025-10-14,Panama,Suriname,1,1,FIFA World Cup qualification,Panama City,Panama,False,draw,0
2025-10-14,Curaçao,Trinidad and Tobago,1,1,FIFA World Cup qualification,Willemstad,Curaçao,False,draw,0
2025-11-12,Tunisia,Mauritania,1,1,Friendly,Radès,Tunisia,False,draw,0
2025-11-13,Algeria,Zimbabwe,3,1,Friendly,Jeddah,Saudi Arabia,True,home_win,2
2025-11-13,Canada,Ecuador,0,0,Friendly,Toronto,Canada,False,draw,0
2025-11-13,Czech Republic,San Marino,1,0,Friendly,Karviná,Czech Republic,False,home_win,1
2025-11-13,United Arab Emirates,Iraq,1,1,FIFA World Cup qualification,Abu Dhabi,United Arab Emirates,False,draw,0
2025-11-13,Cameroon,DR Congo,0,1,FIFA World Cup qualification,Rabat,Morocco,True,away_win,-1
2025-11-13,France,Ukraine,4,0,FIFA World Cup qualification,Paris,France,False,home_win,4
2025-11-13,Republic of Ireland,Portugal,2,0,FIFA World Cup qualification,Dublin,Republic of Ireland,False,home_win,2
2025-11-13,Norway,Estonia,4,1,FIFA World Cup qualification,Oslo,Norway,False,home_win,3
2025-11-13,England,Serbia,2,0,FIFA World Cup qualification,London,England,False,home_win,2
2025-11-13,Iran,Cape Verde,0,0,Al Ain International Cup,Al Ain,United Arab Emirates,True,draw,0
2025-11-13,Guatemala,Panama,2,3,FIFA World Cup qualification,Guatemala City,Guatemala,False,away_win,-1
2025-11-13,Bermuda,Curaçao,0,7,FIFA World Cup qualification,Devonshire Parish,Bermuda,False,away_win,-7
2025-11-13,Haiti,Costa Rica,1,0,FIFA World Cup qualification,Willemstad,Curaçao,True,home_win,1
2025-11-14,Angola,Argentina,0,2,Friendly,Luanda,Angola,False,away_win,-2
2025-11-14,Australia,Venezuela,0,1,Friendly,Houston,United States,True,away_win,-1
2025-11-14,South Korea,Bolivia,2,0,Friendly,Daejeon,South Korea,False,home_win,2
2025-11-14,Morocco,Mozambique,1,0,Friendly,Tangier,Morocco,False,home_win,1
2025-11-14,Japan,Ghana,2,0,Kirin Cup,Toyota,Japan,False,home_win,2
2025-11-14,Saudi Arabia,Ivory Coast,1,0,Friendly,Jeddah,Saudi Arabia,False,home_win,1
2025-11-14,Tunisia,Jordan,3,2,Friendly,Radès,Tunisia,False,home_win,1
2025-11-14,Luxembourg,Germany,0,2,FIFA World Cup qualification,Luxembourg,Luxembourg,False,away_win,-2
2025-11-14,Poland,Netherlands,1,1,FIFA World Cup qualification,Warsaw,Poland,False,draw,0
2025-11-14,Croatia,Faroe Islands,3,1,FIFA World Cup qualification,Rijeka,Croatia,False,home_win,2
2025-11-14,Uzbekistan,Egypt,2,0,Al Ain International Cup,Al Ain,United Arab Emirates,True,home_win,2
2025-11-15,Brazil,Senegal,2,0,Friendly,London,England,True,home_win,2
2025-11-15,Colombia,New Zealand,2,1,Friendly,Fort Lauderdale,United States,True,home_win,1
2025-11-15,Mexico,Uruguay,0,0,Friendly,Torreón,Mexico,False,draw,0
2025-11-15,South Africa,Zambia,3,1,Friendly,Gqeberha,South Africa,False,home_win,2
2025-11-15,United States,Paraguay,2,1,Friendly,Chester,United States,False,home_win,1
2025-11-15,Switzerland,Sweden,4,1,FIFA World Cup qualification,Geneva,Switzerland,False,home_win,3
2025-11-15,Greece,Scotland,3,2,FIFA World Cup qualification,Piraeus,Greece,False,home_win,1
2025-11-15,Turkey,Bulgaria,2,0,FIFA World Cup qualification,Bursa,Turkey,False,home_win,2
2025-11-15,Georgia,Spain,0,4,FIFA World Cup qualification,Tbilisi,Georgia,False,away_win,-4
2025-11-15,Cyprus,Austria,0,2,FIFA World Cup qualification,Limassol,Cyprus,False,away_win,-2
2025-11-15,Bosnia and Herzegovina,Romania,3,1,FIFA World Cup qualification,Zenica,Bosnia and Herzegovina,False,home_win,2
2025-11-15,Kazakhstan,Belgium,1,1,FIFA World Cup qualification,Astana,Kazakhstan,False,draw,0
2025-11-16,Nigeria,DR Congo,1,1,FIFA World Cup qualification,Rabat,Morocco,True,draw,0
2025-11-16,Azerbaijan,France,1,3,FIFA World Cup qualification,Baku,Azerbaijan,False,away_win,-2
2025-11-16,Portugal,Armenia,9,1,FIFA World Cup qualification,Porto,Portugal,False,home_win,8
2025-11-16,Italy,Norway,1,4,FIFA World Cup qualification,Milan,Italy,False,away_win,-3
2025-11-16,Albania,England,0,2,FIFA World Cup qualification,Tirana,Albania,False,away_win,-2
2025-11-17,Qatar,Zimbabwe,1,2,Friendly,Al Rayyan,Qatar,False,away_win,-1
2025-11-17,Germany,Slovakia,6,0,FIFA World Cup qualification,Leipzig,Germany,False,home_win,6
2025-11-17,Netherlands,Lithuania,4,0,FIFA World Cup qualification,Amsterdam,Netherlands,False,home_win,4
2025-11-17,Czech Republic,Gibraltar,6,0,FIFA World Cup qualification,Olomouc,Czech Republic,False,home_win,6
2025-11-17,Montenegro,Croatia,2,3,FIFA World Cup qualification,Podgorica,Montenegro,False,away_win,-1
2025-11-17,Cape Verde,Egypt,1,1,Al Ain International Cup,Al Ain,United Arab Emirates,True,draw,0
2025-11-18,Morocco,Uganda,4,0,Friendly,Tangier,Morocco,False,home_win,4
2025-11-18,Oman,Ivory Coast,0,2,Friendly,Seeb,Oman,False,away_win,-2
2025-11-18,Saudi Arabia,Algeria,0,2,Friendly,Jeddah,Saudi Arabia,False,away_win,-2
2025-11-18,Kenya,Senegal,0,8,Friendly,Antalya,Turkey,True,away_win,-8
2025-11-18,Japan,Bolivia,3,0,Kirin Cup,Tokyo,Japan,False,home_win,3
2025-11-18,Mali,Jordan,3,2,Friendly,Radès,Tunisia,True,home_win,1
2025-11-18,Brazil,Tunisia,1,1,Friendly,Lille,France,True,draw,0
2025-11-18,Canada,Venezuela,2,0,Friendly,Fort Lauderdale,United States,True,home_win,2
2025-11-18,Colombia,Australia,3,0,Friendly,New York,United States,True,home_win,3
2025-11-18,Ecuador,New Zealand,2,0,Friendly,Harrison,United States,True,home_win,2
2025-11-18,South Korea,Ghana,1,0,Friendly,Seoul,South Korea,False,home_win,1
2025-11-18,Mexico,Paraguay,1,2,Friendly,San Antonio,United States,True,away_win,-1
2025-11-18,United States,Uruguay,5,1,Friendly,Tampa,United States,False,home_win,4
2025-11-18,Iraq,United Arab Emirates,2,1,FIFA World Cup qualification,Basra,Iraq,False,home_win,1
2025-11-18,Kosovo,Switzerland,1,1,FIFA World Cup qualification,Pristina,Kosovo,False,draw,0
2025-11-18,Sweden,Slovenia,1,1,FIFA World Cup qualification,Solna,Sweden,False,draw,0
2025-11-18,Scotland,Denmark,4,2,FIFA World Cup qualification,Glasgow,Scotland,False,home_win,2
2025-11-18,Spain,Turkey,2,2,FIFA World Cup qualification,Seville,Spain,False,draw,0
2025-11-18,Austria,Bosnia and Herzegovina,1,1,FIFA World Cup qualification,Vienna,Austria,False,draw,0
2025-11-18,Belgium,Liechtenstein,7,0,FIFA World Cup qualification,Liège,Belgium,False,home_win,7
2025-11-18,Iran,Uzbekistan,0,0,Al Ain International Cup,Al Ain,United Arab Emirates,True,draw,0
2025-11-18,Panama,El Salvador,3,0,FIFA World Cup qualification,Panama City,Panama,False,home_win,3
2025-11-18,Jamaica,Curaçao,0,0,FIFA World Cup qualification,Kingston,Jamaica,False,draw,0
2025-11-18,Haiti,Nicaragua,2,0,FIFA World Cup qualification,Willemstad,Curaçao,True,home_win,2
2025-12-01,Tunisia,Syria,0,1,Arab Cup,Al Rayyan,Qatar,True,away_win,-1
2025-12-01,Qatar,Palestine,0,1,Arab Cup,Al Khor,Qatar,False,away_win,-1
2025-12-02,Morocco,Comoros,3,1,Arab Cup,Al Rayyan,Qatar,True,home_win,2
2025-12-02,Saudi Arabia,Oman,2,1,Arab Cup,Al Rayyan,Qatar,True,home_win,1
2025-12-02,Egypt,Kuwait,1,1,Arab Cup,Lusail,Qatar,True,draw,0
2025-12-03,Jordan,United Arab Emirates,2,1,Arab Cup,Al Khor,Qatar,True,home_win,1
2025-12-03,Algeria,Sudan,0,0,Arab Cup,Al Rayyan,Qatar,True,draw,0
2025-12-03,Iraq,Bahrain,2,1,Arab Cup,Doha,Qatar,True,home_win,1
2025-12-04,Palestine,Tunisia,2,2,Arab Cup,Lusail,Qatar,True,draw,0
2025-12-04,Qatar,Syria,1,1,Arab Cup,Al Rayyan,Qatar,False,draw,0
2025-12-05,Oman,Morocco,0,0,Arab Cup,Al Rayyan,Qatar,True,draw,0
2025-12-05,Comoros,Saudi Arabia,1,3,Arab Cup,Al Khor,Qatar,True,away_win,-2
2025-12-06,Kuwait,Jordan,1,3,Arab Cup,Al Rayyan,Qatar,True,away_win,-2
2025-12-06,United Arab Emirates,Egypt,1,1,Arab Cup,Lusail,Qatar,True,draw,0
2025-12-06,Bahrain,Algeria,1,5,Arab Cup,Al Rayyan,Qatar,True,away_win,-4
2025-12-06,Sudan,Iraq,0,2,Arab Cup,Doha,Qatar,True,away_win,-2
2025-12-07,Qatar,Tunisia,0,3,Arab Cup,Al Khor,Qatar,False,away_win,-3
2025-12-08,Morocco,Saudi Arabia,1,0,Arab Cup,Lusail,Qatar,True,home_win,1
2025-12-09,Egypt,Jordan,0,3,Arab Cup,Al Khor,Qatar,True,away_win,-3
2025-12-09,Algeria,Iraq,2,0,Arab Cup,Al Rayyan,Qatar,True,home_win,2
2025-12-11,Morocco,Syria,1,0,Arab Cup,Al Rayyan,Qatar,True,home_win,1
2025-12-11,Palestine,Saudi Arabia,1,2,Arab Cup,Lusail,Qatar,True,away_win,-1
2025-12-12,Jordan,Iraq,1,0,Arab Cup,Al Rayyan,Qatar,True,home_win,1
2025-12-12,Algeria,United Arab Emirates,1,1,Arab Cup,Al Khor,Qatar,True,draw,0
2025-12-15,Morocco,United Arab Emirates,3,0,Arab Cup,Al Rayyan,Qatar,True,home_win,3
2025-12-15,Saudi Arabia,Jordan,0,1,Arab Cup,Al Khor,Qatar,True,away_win,-1
2025-12-18,Jordan,Morocco,2,3,Arab Cup,Lusail,Qatar,True,away_win,-1
2025-12-21,Morocco,Comoros,2,0,African Cup of Nations,Rabat,Morocco,False,home_win,2
2025-12-22,South Africa,Angola,2,1,African Cup of Nations,Marrakesh,Morocco,True,home_win,1
2025-12-22,Egypt,Zimbabwe,2,1,African Cup of Nations,Agadir,Morocco,True,home_win,1
2025-12-23,Tunisia,Uganda,3,1,African Cup of Nations,Rabat,Morocco,True,home_win,2
2025-12-23,DR Congo,Benin,1,0,African Cup of Nations,Rabat,Morocco,True,home_win,1
2025-12-23,Senegal,Botswana,3,0,African Cup of Nations,Tangier,Morocco,True,home_win,3
2025-12-24,Algeria,Sudan,3,0,African Cup of Nations,Rabat,Morocco,True,home_win,3
2025-12-24,Ivory Coast,Mozambique,1,0,African Cup of Nations,Marrakesh,Morocco,True,home_win,1
2025-12-26,Morocco,Mali,1,1,African Cup of Nations,Rabat,Morocco,False,draw,0
2025-12-26,Egypt,South Africa,1,0,African Cup of Nations,Agadir,Morocco,True,home_win,1
2025-12-27,Nigeria,Tunisia,3,2,African Cup of Nations,Fez,Morocco,True,home_win,1
2025-12-27,Senegal,DR Congo,1,1,African Cup of Nations,Tangier,Morocco,True,draw,0
2025-12-28,Algeria,Burkina Faso,1,0,African Cup of Nations,Rabat,Morocco,True,home_win,1
2025-12-28,Ivory Coast,Cameroon,1,1,African Cup of Nations,Marrakesh,Morocco,True,draw,0
2025-12-29,Morocco,Zambia,3,0,African Cup of Nations,Rabat,Morocco,False,home_win,3
2025-12-29,Angola,Egypt,0,0,African Cup of Nations,Agadir,Morocco,True,draw,0
2025-12-29,Zimbabwe,South Africa,2,3,African Cup of Nations,Marrakesh,Morocco,True,away_win,-1
2025-12-30,Tanzania,Tunisia,1,1,African Cup of Nations,Rabat,Morocco,True,draw,0
2025-12-30,Benin,Senegal,0,3,African Cup of Nations,Tangier,Morocco,True,away_win,-3
2025-12-30,Botswana,DR Congo,0,3,African Cup of Nations,Rabat,Morocco,True,away_win,-3
2025-12-31,Equatorial Guinea,Algeria,1,3,African Cup of Nations,Rabat,Morocco,True,away_win,-2
2025-12-31,Gabon,Ivory Coast,2,3,African Cup of Nations,Marrakesh,Morocco,True,away_win,-1
2026-01-03,Senegal,Sudan,3,1,African Cup of Nations,Tangier,Morocco,True,home_win,2
2026-01-03,Mali,Tunisia,1,1,African Cup of Nations,Casablanca,Morocco,True,draw,0
2026-01-04,Morocco,Tanzania,1,0,African Cup of Nations,Rabat,Morocco,False,home_win,1
2026-01-04,South Africa,Cameroon,1,2,African Cup of Nations,Rabat,Morocco,True,away_win,-1
2026-01-05,Egypt,Benin,3,1,African Cup of Nations,Agadir,Morocco,True,home_win,2
2026-01-06,Algeria,DR Congo,1,0,African Cup of Nations,Rabat,Morocco,True,home_win,1
2026-01-06,Ivory Coast,Burkina Faso,3,0,African Cup of Nations,Marrakesh,Morocco,True,home_win,3
2026-01-09,Mali,Senegal,0,1,African Cup of Nations,Tangier,Morocco,True,away_win,-1
2026-01-09,Morocco,Cameroon,2,0,African Cup of Nations,Rabat,Morocco,False,home_win,2
2026-01-10,Algeria,Nigeria,0,2,African Cup of Nations,Marrakesh,Morocco,True,away_win,-2
2026-01-10,Egypt,Ivory Coast,3,2,African Cup of Nations,Agadir,Morocco,True,home_win,1
2026-01-14,Senegal,Egypt,1,0,African Cup of Nations,Tangier,Morocco,True,home_win,1
2026-01-14,Morocco,Nigeria,0,0,African Cup of Nations,Rabat,Morocco,False,draw,0
2026-01-17,Egypt,Nigeria,0,0,African Cup of Nations,Casablanca,Morocco,True,draw,0
2026-01-18,Morocco,Senegal,3,0,African Cup of Nations,Rabat,Morocco,False,home_win,3
2026-01-18,Bolivia,Panama,1,1,Friendly,Tarija,Bolivia,False,draw,0
2026-01-22,Panama,Mexico,0,1,Friendly,Panama City,Panama,False,away_win,-1
2026-01-25,Bolivia,Mexico,0,1,Friendly,Santa Cruz,Bolivia,False,away_win,-1
2026-01-26,Uzbekistan,China,2,2,Friendly,Dubai,United Arab Emirates,True,draw,0
2026-02-25,Mexico,Iceland,4,0,Friendly,Querétaro,Mexico,False,home_win,4
2026-03-25,Bermuda,DR Congo,0,2,Friendly,Zapopan,Mexico,True,away_win,-2
2026-03-26,Brazil,France,1,2,Friendly,Foxborough,United States,True,away_win,-1
2026-03-26,Colombia,Croatia,1,2,Friendly,Orlando,United States,True,away_win,-1
2026-03-26,Wales,Bosnia and Herzegovina,1,1,FIFA World Cup qualification,Cardiff,Wales,False,draw,0
2026-03-26,Ukraine,Sweden,1,3,FIFA World Cup qualification,Valencia,Spain,True,away_win,-2
2026-03-26,Turkey,Romania,1,0,FIFA World Cup qualification,Istanbul,Turkey,False,home_win,1
2026-03-26,Czech Republic,Republic of Ireland,2,2,FIFA World Cup qualification,Prague,Czech Republic,False,draw,0
2026-03-27,Algeria,Guatemala,7,0,Friendly,Genoa,Italy,True,home_win,7
2026-03-27,Argentina,Mauritania,2,1,Friendly,Buenos Aires,Argentina,False,home_win,1
2026-03-27,Austria,Ghana,5,1,Friendly,Vienna,Austria,False,home_win,4
2026-03-27,England,Uruguay,1,1,Friendly,London,England,False,draw,0
2026-03-27,Greece,Paraguay,0,1,Friendly,Athens,Greece,False,away_win,-1
2026-03-27,Morocco,Ecuador,1,1,Friendly,Madrid,Spain,True,draw,0
2026-03-27,Netherlands,Norway,2,1,Friendly,Amsterdam,Netherlands,False,home_win,1
2026-03-27,Saudi Arabia,Egypt,0,4,Friendly,Jeddah,Saudi Arabia,False,away_win,-4
2026-03-27,South Africa,Panama,1,1,Friendly,Durban,South Africa,False,draw,0
2026-03-27,Spain,Serbia,3,0,Friendly,Villarreal,Spain,False,home_win,3
2026-03-27,Switzerland,Germany,3,4,Friendly,Basel,Switzerland,False,away_win,-1
2026-03-27,Costa Rica,Jordan,2,2,Friendly,Antalya,Turkey,True,draw,0
2026-03-27,Iran,Nigeria,1,2,Friendly,Antalya,Turkey,True,away_win,-1
2026-03-27,China,Curaçao,2,0,FIFA Series,Sydney,Australia,True,home_win,2
2026-03-27,Australia,Cameroon,1,0,FIFA Series,Sydney,Australia,False,home_win,1
2026-03-27,Chile,Cape Verde,4,2,FIFA Series,Auckland,New Zealand,True,home_win,2
2026-03-27,New Zealand,Finland,0,2,FIFA Series,Auckland,New Zealand,False,away_win,-2
2026-03-27,Uzbekistan,Gabon,3,1,FIFA Series,Tashkent,Uzbekistan,False,home_win,2
2026-03-28,Canada,Iceland,2,2,Friendly,Toronto,Canada,False,draw,0
2026-03-28,Haiti,Tunisia,0,1,Friendly,Toronto,Canada,True,away_win,-1
2026-03-28,Ivory Coast,South Korea,4,0,Friendly,Milton Keynes,England,True,home_win,4
2026-03-28,Mexico,Portugal,0,0,Friendly,Mexico City,Mexico,False,draw,0
2026-03-28,Scotland,Japan,0,1,Friendly,Glasgow,Scotland,False,away_win,-1
2026-03-28,Senegal,Peru,2,0,Friendly,Paris,France,True,home_win,2
2026-03-28,United States,Belgium,2,5,Friendly,Atlanta,United States,False,away_win,-3
2026-03-29,Colombia,France,1,3,Friendly,Landover,United States,True,away_win,-2
2026-03-30,Germany,Ghana,2,1,Friendly,Stuttgart,Germany,False,home_win,1
2026-03-30,Cape Verde,Finland,1,1,FIFA Series,Auckland,New Zealand,True,draw,0
2026-03-30,New Zealand,Chile,4,1,FIFA Series,Auckland,New Zealand,False,home_win,3
2026-03-30,Uzbekistan,Venezuela,0,0,FIFA Series,Tashkent,Uzbekistan,False,draw,0
2026-03-31,Algeria,Uruguay,0,0,Friendly,Turin,Italy,True,draw,0
2026-03-31,Argentina,Zambia,5,0,Friendly,Buenos Aires,Argentina,False,home_win,5
2026-03-31,Austria,South Korea,1,0,Friendly,Vienna,Austria,False,home_win,1
2026-03-31,Brazil,Croatia,3,1,Friendly,Orlando,United States,True,home_win,2
2026-03-31,Canada,Tunisia,0,0,Friendly,Toronto,Canada,False,draw,0
2026-03-31,Costa Rica,Iran,0,5,Friendly,Antalya,Turkey,True,away_win,-5
2026-03-31,England,Japan,0,1,Friendly,London,England,False,away_win,-1
2026-03-31,Haiti,Iceland,1,1,Friendly,Toronto,Canada,True,draw,0
2026-03-31,Ivory Coast,Scotland,1,0,Friendly,Liverpool,England,True,home_win,1
2026-03-31,Jordan,Nigeria,2,2,Friendly,Antalya,Turkey,True,draw,0
2026-03-31,Mexico,Belgium,1,1,Friendly,Chicago,United States,True,draw,0
2026-03-31,Morocco,Paraguay,2,1,Friendly,Lens,France,True,home_win,1
2026-03-31,Netherlands,Ecuador,1,1,Friendly,Eindhoven,Netherlands,False,draw,0
2026-03-31,Norway,Switzerland,0,0,Friendly,Oslo,Norway,False,draw,0
2026-03-31,Senegal,Gambia,3,1,Friendly,Diamniadio,Senegal,False,home_win,2
2026-03-31,Serbia,Saudi Arabia,2,1,Friendly,Bačka Topola,Serbia,False,home_win,1
2026-03-31,South Africa,Panama,1,2,Friendly,Cape Town,South Africa,False,away_win,-1
2026-03-31,Spain,Egypt,0,0,Friendly,Barcelona,Spain,False,draw,0
2026-03-31,United States,Portugal,0,2,Friendly,Atlanta,United States,False,away_win,-2
2026-03-31,DR Congo,Jamaica,1,0,FIFA World Cup qualification,Zapopan,Mexico,True,home_win,1
2026-03-31,Iraq,Bolivia,2,1,FIFA World Cup qualification,Guadalupe,Mexico,True,home_win,1
2026-03-31,Bosnia and Herzegovina,Italy,1,1,FIFA World Cup qualification,Zenica,Bosnia and Herzegovina,False,draw,0
2026-03-31,Sweden,Poland,3,2,FIFA World Cup qualification,Solna,Sweden,False,home_win,1
2026-03-31,Kosovo,Turkey,0,1,FIFA World Cup qualification,Pristina,Kosovo,False,away_win,-1
2026-03-31,Czech Republic,Denmark,2,2,FIFA World Cup qualification,Prague,Czech Republic,False,draw,0
2026-03-31,Australia,Curaçao,5,1,FIFA Series,Melbourne,Australia,False,home_win,4
2026-05-22,Mexico,Ghana,2,0,Friendly,Puebla,Mexico,False,home_win,2
2026-05-26,Morocco,Burundi,5,0,Friendly,Salé,Morocco,False,home_win,5
2026-05-28,Republic of Ireland,Qatar,1,0,Friendly,Dublin,Republic of Ireland,False,home_win,1
2026-05-28,Egypt,Russia,1,0,Friendly,Cairo,Egypt,False,home_win,1
2026-05-29,Andorra,Iraq,0,1,Friendly,Girona,Spain,True,away_win,-1
2026-05-29,Bosnia and Herzegovina,North Macedonia,0,0,Friendly,Sarajevo,Bosnia and Herzegovina,False,draw,0
2026-05-29,Iran,Gambia,3,1,Friendly,Aksu,Turkey,True,home_win,2
2026-05-29,South Africa,Nicaragua,0,0,Friendly,Johannesburg,South Africa,False,draw,0
2026-05-30,Ecuador,Saudi Arabia,2,1,Friendly,Harrison,United States,True,home_win,1
2026-05-30,South Korea,Trinidad and Tobago,5,0,Friendly,Provo,United States,True,home_win,5
2026-05-30,Mexico,Australia,1,0,Friendly,Pasadena,United States,True,home_win,1
2026-05-30,Scotland,Curaçao,4,1,Friendly,Glasgow,Scotland,False,home_win,3
2026-05-31,Brazil,Panama,6,2,Friendly,Rio de Janeiro,Brazil,False,home_win,4
2026-05-31,Cape Verde,Serbia,3,0,Friendly,Lisbon,Portugal,True,home_win,3
2026-05-31,Czech Republic,Kosovo,2,1,Friendly,Prague,Czech Republic,False,home_win,1
2026-05-31,Germany,Finland,4,0,Friendly,Mainz,Germany,False,home_win,4
2026-05-31,Switzerland,Jordan,4,1,Friendly,St. Gallen,Switzerland,False,home_win,3
2026-05-31,United States,Senegal,3,2,Friendly,Charlotte,United States,False,home_win,1
2026-05-31,Japan,Iceland,1,0,Friendly,Tokyo,Japan,False,home_win,1
2026-06-01,Austria,Tunisia,1,0,Friendly,Vienna,Austria,False,home_win,1
2026-06-01,Canada,Uzbekistan,2,0,Friendly,Edmonton,Canada,False,home_win,2
2026-06-01,Colombia,Costa Rica,3,1,Friendly,Bogotá,Colombia,False,home_win,2
2026-06-01,Norway,Sweden,3,1,Friendly,Oslo,Norway,False,home_win,2
2026-06-01,Turkey,North Macedonia,4,0,Friendly,Istanbul,Turkey,False,home_win,4
2026-06-02,Croatia,Belgium,0,2,Friendly,Rijeka,Croatia,False,away_win,-2
2026-06-02,Haiti,New Zealand,4,0,Friendly,Fort Lauderdale,United States,True,home_win,4
2026-06-02,Morocco,Madagascar,4,0,Friendly,Rabat,Morocco,False,home_win,4
2026-06-02,Wales,Ghana,1,1,Friendly,Cardiff,Wales,False,draw,0
2026-06-03,DR Congo,Denmark,0,0,Friendly,Liège,Belgium,True,draw,0
2026-06-03,South Korea,El Salvador,1,0,Friendly,Provo,United States,True,home_win,1
2026-06-03,Netherlands,Algeria,0,1,Friendly,Rotterdam,Netherlands,False,away_win,-1
2026-06-03,Panama,Dominican Republic,4,2,Friendly,Panama City,Panama,False,home_win,2
2026-06-04,France,Ivory Coast,1,2,Friendly,Nantes,France,False,away_win,-1
2026-06-04,Guatemala,Czech Republic,1,5,Friendly,Harrison,United States,True,away_win,-4
2026-06-04,Iran,Mali,2,0,Friendly,Antalya,Turkey,True,home_win,2
2026-06-04,Mexico,Serbia,5,1,Friendly,Toluca,Mexico,False,home_win,4
2026-06-04,Spain,Iraq,1,1,Friendly,A Coruña,Spain,False,draw,0
2026-06-04,Sweden,Greece,2,2,Friendly,Solna,Sweden,False,draw,0
2026-06-05,Canada,Republic of Ireland,1,1,Friendly,Montreal,Canada,False,draw,0
2026-06-05,Haiti,Peru,1,2,Friendly,Miami,United States,True,away_win,-1
2026-06-05,Paraguay,Nicaragua,4,0,Friendly,Asunción,Paraguay,False,home_win,4
2026-06-05,Puerto Rico,Saudi Arabia,0,3,Friendly,Austin,United States,True,away_win,-3
2026-06-06,Argentina,Honduras,2,0,Friendly,College Station,United States,True,home_win,2
2026-06-06,Australia,Switzerland,1,1,Friendly,San Diego,United States,True,draw,0
2026-06-06,Belgium,Tunisia,5,0,Friendly,Brussels,Belgium,False,home_win,5
2026-06-06,Bermuda,Cape Verde,3,0,Friendly,East Hartford,United States,True,home_win,3
2026-06-06,Bolivia,Scotland,0,4,Friendly,Harrison,United States,True,away_win,-4
2026-06-06,Brazil,Egypt,2,1,Friendly,Cleveland,United States,True,home_win,1
2026-06-06,Curaçao,Aruba,4,0,Friendly,Willemstad,Curaçao,False,home_win,4
2026-06-06,England,New Zealand,1,0,Friendly,Tampa,United States,True,home_win,1
2026-06-06,Jamaica,South Africa,0,1,Friendly,Pachuca,Mexico,True,away_win,-1
2026-06-06,Panama,Bosnia and Herzegovina,1,1,Friendly,St. Louis,United States,True,draw,0
2026-06-06,Portugal,Chile,2,1,Friendly,Oeiras,Portugal,False,home_win,1
2026-06-06,Qatar,El Salvador,0,0,Friendly,Los Angeles,United States,True,draw,0
2026-06-06,United States,Germany,1,2,Friendly,Chicago,United States,False,away_win,-1
2026-06-06,Venezuela,Turkey,1,2,Friendly,Fort Lauderdale,United States,True,away_win,-1
2026-06-07,Croatia,Slovenia,2,1,Friendly,Varaždin,Croatia,False,home_win,1
2026-06-07,Ecuador,Guatemala,3,0,Friendly,Columbus,United States,True,home_win,3
2026-06-07,Jordan,Colombia,0,2,Friendly,San Diego,United States,True,away_win,-2
2026-06-07,Morocco,Norway,1,1,Friendly,Harrison,United States,True,draw,0
2026-06-08,France,Northern Ireland,3,1,Friendly,Lille,France,False,home_win,2
2026-06-08,Netherlands,Uzbekistan,2,1,Friendly,New York,United States,True,home_win,1
2026-06-08,Peru,Spain,1,3,Friendly,Puebla,Mexico,True,away_win,-2
2026-06-09,Argentina,Iceland,3,0,Friendly,Auburn,United States,True,home_win,3
2026-06-09,DR Congo,Chile,1,2,Friendly,Orléans,France,True,away_win,-1
2026-06-09,Saudi Arabia,Senegal,0,0,Friendly,San Antonio,United States,True,draw,0
2026-06-09,Iraq,Venezuela,0,2,Friendly,Bridgeview,United States,True,away_win,-2
2026-06-10,Bolivia,Algeria,0,4,Friendly,Kansas City,United States,True,away_win,-4
2026-06-10,England,Costa Rica,3,0,Friendly,Orlando,United States,True,home_win,3
2026-06-10,Portugal,Nigeria,2,1,Friendly,Leiria,Portugal,False,home_win,1
