country,player_name,player_url,raw_cells,club_or_association,market_value_raw,source_file,source_url,fetched_at_utc
Mexico,Raúl Rangel,https://www.transfermarkt.com/raul-rangel/profil/spieler/802855,1 | Raúl Rangel Goalkeeper |  | Raúl Rangel | Goalkeeper | 25/02/2000 (26) |  | €6.50m,Raúl Rangel,€6.50m,data/raw/20260612_130743_transfermarkt_Mexico_national_team_8cad0cbb4b66.html,https://www.transfermarkt.com/mexiko/startseite/verein/6303,2026-06-12T04:07:43+00:00
Mexico,Carlos Acevedo,https://www.transfermarkt.com/carlos-acevedo/profil/spieler/356042,12 | Carlos Acevedo Goalkeeper |  | Carlos Acevedo | Goalkeeper | 19/04/1996 (30) |  | €2.80m,Carlos Acevedo,€2.80m,data/raw/20260612_130743_transfermarkt_Mexico_national_team_8cad0cbb4b66.html,https://www.transfermarkt.com/mexiko/startseite/verein/6303,2026-06-12T04:07:43+00:00
Mexico,Guillermo Ochoa,https://www.transfermarkt.com/guillermo-ochoa/profil/spieler/29559,13 | Guillermo Ochoa Goalkeeper |  | Guillermo Ochoa | Goalkeeper | 13/07/1985 (40) |  | €250k,Guillermo Ochoa,€250k,data/raw/20260612_130743_transfermarkt_Mexico_national_team_8cad0cbb4b66.html,https://www.transfermarkt.com/mexiko/startseite/verein/6303,2026-06-12T04:07:43+00:00
Mexico,Johan Vásquez,https://www.transfermarkt.com/johan-vasquez/profil/spieler/532937,5 | Johan Vásquez Centre-Back |  | Johan Vásquez | Centre-Back | 22/10/1998 (27) |  | €12.00m,Johan Vásquez,€12.00m,data/raw/20260612_130743_transfermarkt_Mexico_national_team_8cad0cbb4b66.html,https://www.transfermarkt.com/mexiko/startseite/verein/6303,2026-06-12T04:07:43+00:00
Mexico,César Montes,https://www.transfermarkt.com/cesar-montes/profil/spieler/387687,3 | César Montes Centre-Back |  | César Montes | Centre-Back | 24/02/1997 (29) |  | €7.50m,César Montes,€7.50m,data/raw/20260612_130743_transfermarkt_Mexico_national_team_8cad0cbb4b66.html,https://www.transfermarkt.com/mexiko/startseite/verein/6303,2026-06-12T04:07:43+00:00
Mexico,Luis Romo,https://www.transfermarkt.com/luis-romo/profil/spieler/532938,7 | Luis Romo Centre-Back |  | Luis Romo | Centre-Back | 05/06/1995 (31) |  | €3.00m,Luis Romo,€3.00m,data/raw/20260612_130743_transfermarkt_Mexico_national_team_8cad0cbb4b66.html,https://www.transfermarkt.com/mexiko/startseite/verein/6303,2026-06-12T04:07:43+00:00
Mexico,Mateo Chávez,https://www.transfermarkt.com/mateo-chavez/profil/spieler/1066953,20 | Mateo Chávez Left-Back |  | Mateo Chávez | Left-Back | 12/05/2004 (22) |  | €4.00m,Mateo Chávez,€4.00m,data/raw/20260612_130743_transfermarkt_Mexico_national_team_8cad0cbb4b66.html,https://www.transfermarkt.com/mexiko/startseite/verein/6303,2026-06-12T04:07:43+00:00
Mexico,Jesús Gallardo,https://www.transfermarkt.com/jesus-gallardo/profil/spieler/344854,23 | Jesús Gallardo Left-Back |  | Jesús Gallardo | Left-Back | 15/08/1994 (31) |  | €2.80m,Jesús Gallardo,€2.80m,data/raw/20260612_130743_transfermarkt_Mexico_national_team_8cad0cbb4b66.html,https://www.transfermarkt.com/mexiko/startseite/verein/6303,2026-06-12T04:07:43+00:00
Mexico,Israel Reyes,https://www.transfermarkt.com/israel-reyes/profil/spieler/687558,15 | Israel Reyes Right-Back |  | Israel Reyes | Right-Back | 23/05/2000 (26) |  | €6.50m,Israel Reyes,€6.50m,data/raw/20260612_130743_transfermarkt_Mexico_national_team_8cad0cbb4b66.html,https://www.transfermarkt.com/mexiko/startseite/verein/6303,2026-06-12T04:07:43+00:00
Mexico,Jorge Sánchez,https://www.transfermarkt.com/jorge-sanchez/profil/spieler/356044,2 | Jorge Sánchez Right-Back |  | Jorge Sánchez | Right-Back | 10/12/1997 (28) |  | €2.00m,Jorge Sánchez,€2.00m,data/raw/20260612_130743_transfermarkt_Mexico_national_team_8cad0cbb4b66.html,https://www.transfermarkt.com/mexiko/startseite/verein/6303,2026-06-12T04:07:43+00:00
Mexico,Edson Álvarez,https://www.transfermarkt.com/edson-alvarez/profil/spieler/401356,4 | Edson Álvarez Defensive Midfield |  | Edson Álvarez | Defensive Midfield | 24/10/1997 (28) |  | €15.00m,Edson Álvarez,€15.00m,data/raw/20260612_130743_transfermarkt_Mexico_national_team_8cad0cbb4b66.html,https://www.transfermarkt.com/mexiko/startseite/verein/6303,2026-06-12T04:07:43+00:00
Mexico,Érik Lira,https://www.transfermarkt.com/erik-lira/profil/spieler/602324,6 | Érik Lira Defensive Midfield |  | Érik Lira | Defensive Midfield | 08/05/2000 (26) |  | €12.00m,Érik Lira,€12.00m,data/raw/20260612_130743_transfermarkt_Mexico_national_team_8cad0cbb4b66.html,https://www.transfermarkt.com/mexiko/startseite/verein/6303,2026-06-12T04:07:43+00:00
Mexico,Luis Chávez,https://www.transfermarkt.com/luis-chavez/profil/spieler/331059,24 | Luis Chávez Defensive Midfield |  | Luis Chávez | Defensive Midfield | 15/01/1996 (30) |  | €6.00m,Luis Chávez,€6.00m,data/raw/20260612_130743_transfermarkt_Mexico_national_team_8cad0cbb4b66.html,https://www.transfermarkt.com/mexiko/startseite/verein/6303,2026-06-12T04:07:43+00:00
Mexico,Obed Vargas,https://www.transfermarkt.com/obed-vargas/profil/spieler/889435,18 | Obed Vargas Central Midfield |  | Obed Vargas | Central Midfield | 05/08/2005 (20) |  | €10.00m,Obed Vargas,€10.00m,data/raw/20260612_130743_transfermarkt_Mexico_national_team_8cad0cbb4b66.html,https://www.transfermarkt.com/mexiko/startseite/verein/6303,2026-06-12T04:07:43+00:00
Mexico,Orbelín Pineda,https://www.transfermarkt.com/orbelin-pineda/profil/spieler/334042,17 | Orbelín Pineda Central Midfield |  | Orbelín Pineda | Central Midfield | 24/03/1996 (30) |  | €7.00m,Orbelín Pineda,€7.00m,data/raw/20260612_130743_transfermarkt_Mexico_national_team_8cad0cbb4b66.html,https://www.transfermarkt.com/mexiko/startseite/verein/6303,2026-06-12T04:07:43+00:00
Mexico,Álvaro Fidalgo,https://www.transfermarkt.com/alvaro-fidalgo/profil/spieler/261503,8 | Álvaro Fidalgo Central Midfield |  | Álvaro Fidalgo | Central Midfield | 09/04/1997 (29) |  | €6.00m,Álvaro Fidalgo,€6.00m,data/raw/20260612_130743_transfermarkt_Mexico_national_team_8cad0cbb4b66.html,https://www.transfermarkt.com/mexiko/startseite/verein/6303,2026-06-12T04:07:43+00:00
Mexico,Gilberto Mora,https://www.transfermarkt.com/gilberto-mora/profil/spieler/1155723,19 | Gilberto Mora Attacking Midfield |  | Gilberto Mora | Attacking Midfield | 14/10/2008 (17) |  | €10.00m,Gilberto Mora,€10.00m,data/raw/20260612_130743_transfermarkt_Mexico_national_team_8cad0cbb4b66.html,https://www.transfermarkt.com/mexiko/startseite/verein/6303,2026-06-12T04:07:43+00:00
Mexico,Brian Gutiérrez,https://www.transfermarkt.com/brian-gutierrez/profil/spieler/724443,26 | Brian Gutiérrez Attacking Midfield |  | Brian Gutiérrez | Attacking Midfield | 17/06/2003 (22) |  | €8.00m,Brian Gutiérrez,€8.00m,data/raw/20260612_130743_transfermarkt_Mexico_national_team_8cad0cbb4b66.html,https://www.transfermarkt.com/mexiko/startseite/verein/6303,2026-06-12T04:07:43+00:00
Mexico,Alexis Vega,https://www.transfermarkt.com/alexis-vega/profil/spieler/424689,10 | Alexis Vega Left Winger |  | Alexis Vega | Left Winger | 25/11/1997 (28) |  | €8.00m,Alexis Vega,€8.00m,data/raw/20260612_130743_transfermarkt_Mexico_national_team_8cad0cbb4b66.html,https://www.transfermarkt.com/mexiko/startseite/verein/6303,2026-06-12T04:07:43+00:00
Mexico,César Huerta,https://www.transfermarkt.com/cesar-huerta/profil/spieler/540315,21 | César Huerta Left Winger |  | César Huerta | Left Winger | 03/12/2000 (25) |  | €3.50m,César Huerta,€3.50m,data/raw/20260612_130743_transfermarkt_Mexico_national_team_8cad0cbb4b66.html,https://www.transfermarkt.com/mexiko/startseite/verein/6303,2026-06-12T04:07:43+00:00
Mexico,Roberto Alvarado,https://www.transfermarkt.com/roberto-alvarado/profil/spieler/353583,25 | Roberto Alvarado Right Winger |  | Roberto Alvarado | Right Winger | 07/09/1998 (27) |  | €7.50m,Roberto Alvarado,€7.50m,data/raw/20260612_130743_transfermarkt_Mexico_national_team_8cad0cbb4b66.html,https://www.transfermarkt.com/mexiko/startseite/verein/6303,2026-06-12T04:07:43+00:00
Mexico,Santiago Gimenez,https://www.transfermarkt.com/santiago-gimenez/profil/spieler/552955,11 | Santiago Gimenez Centre-Forward |  | Santiago Gimenez | Centre-Forward | 18/04/2001 (25) |  | €18.00m,Santiago Gimenez,€18.00m,data/raw/20260612_130743_transfermarkt_Mexico_national_team_8cad0cbb4b66.html,https://www.transfermarkt.com/mexiko/startseite/verein/6303,2026-06-12T04:07:43+00:00
Mexico,Armando González,https://www.transfermarkt.com/armando-gonzalez/profil/spieler/837619,14 | Armando González Centre-Forward |  | Armando González | Centre-Forward | 20/04/2003 (23) |  | €15.00m,Armando González,€15.00m,data/raw/20260612_130743_transfermarkt_Mexico_national_team_8cad0cbb4b66.html,https://www.transfermarkt.com/mexiko/startseite/verein/6303,2026-06-12T04:07:43+00:00
Mexico,Julián Quiñones,https://www.transfermarkt.com/julian-quinones/profil/spieler/416090,16 | Julián Quiñones Centre-Forward |  | Julián Quiñones | Centre-Forward | 24/03/1997 (29) |  | €14.00m,Julián Quiñones,€14.00m,data/raw/20260612_130743_transfermarkt_Mexico_national_team_8cad0cbb4b66.html,https://www.transfermarkt.com/mexiko/startseite/verein/6303,2026-06-12T04:07:43+00:00
Mexico,Raúl Jiménez,https://www.transfermarkt.com/raul-jimenez/profil/spieler/206040,9 | Raúl Jiménez Centre-Forward |  | Raúl Jiménez | Centre-Forward | 05/05/1991 (35) |  | €3.00m,Raúl Jiménez,€3.00m,data/raw/20260612_130743_transfermarkt_Mexico_national_team_8cad0cbb4b66.html,https://www.transfermarkt.com/mexiko/startseite/verein/6303,2026-06-12T04:07:43+00:00
Mexico,Guillermo Martínez,https://www.transfermarkt.com/guillermo-martinez/profil/spieler/347932,22 | Guillermo Martínez Centre-Forward |  | Guillermo Martínez | Centre-Forward | 15/03/1995 (31) |  | €1.50m,Guillermo Martínez,€1.50m,data/raw/20260612_130743_transfermarkt_Mexico_national_team_8cad0cbb4b66.html,https://www.transfermarkt.com/mexiko/startseite/verein/6303,2026-06-12T04:07:43+00:00
South Africa,Sipho Chaine,https://www.transfermarkt.com/sipho-chaine/profil/spieler/453370,16 | Sipho Chaine Goalkeeper |  | Sipho Chaine | Goalkeeper | 14/12/1996 (29) |  | €1.60m,Sipho Chaine,€1.60m,data/raw/20260612_130747_transfermarkt_South_Africa_national_team_a0a94759d1b9.html,https://www.transfermarkt.com/sudafrika/startseite/verein/3806,2026-06-12T04:07:46+00:00
South Africa,Ronwen Williams,https://www.transfermarkt.com/ronwen-williams/profil/spieler/175577,1 | Ronwen Williams Goalkeeper |  | Ronwen Williams | Goalkeeper | 21/01/1992 (34) |  | €800k,Ronwen Williams,€800k,data/raw/20260612_130747_transfermarkt_South_Africa_national_team_a0a94759d1b9.html,https://www.transfermarkt.com/sudafrika/startseite/verein/3806,2026-06-12T04:07:46+00:00
South Africa,Ricardo Goss,https://www.transfermarkt.com/ricardo-goss/profil/spieler/258304,22 | Ricardo Goss Goalkeeper |  | Ricardo Goss | Goalkeeper | 02/04/1994 (32) |  | €350k,Ricardo Goss,€350k,data/raw/20260612_130747_transfermarkt_South_Africa_national_team_a0a94759d1b9.html,https://www.transfermarkt.com/sudafrika/startseite/verein/3806,2026-06-12T04:07:46+00:00
South Africa,Mbekezeli Mbokazi,https://www.transfermarkt.com/mbekezeli-mbokazi/profil/spieler/1378320,14 | Mbekezeli Mbokazi Centre-Back |  | Mbekezeli Mbokazi | Centre-Back | 19/09/2005 (20) |  | €3.50m,Mbekezeli Mbokazi,€3.50m,data/raw/20260612_130747_transfermarkt_South_Africa_national_team_a0a94759d1b9.html,https://www.transfermarkt.com/sudafrika/startseite/verein/3806,2026-06-12T04:07:46+00:00
South Africa,Ime Okon,https://www.transfermarkt.com/ime-okon/profil/spieler/1107265,21 | Ime Okon Centre-Back |  | Ime Okon | Centre-Back | 20/02/2004 (22) |  | €2.00m,Ime Okon,€2.00m,data/raw/20260612_130747_transfermarkt_South_Africa_national_team_a0a94759d1b9.html,https://www.transfermarkt.com/sudafrika/startseite/verein/3806,2026-06-12T04:07:46+00:00
South Africa,Olwethu Makhanya,https://www.transfermarkt.com/olwethu-makhanya/profil/spieler/1069801,24 | Olwethu Makhanya Centre-Back |  | Olwethu Makhanya | Centre-Back | 30/04/2004 (22) |  | €2.00m,Olwethu Makhanya,€2.00m,data/raw/20260612_130747_transfermarkt_South_Africa_national_team_a0a94759d1b9.html,https://www.transfermarkt.com/sudafrika/startseite/verein/3806,2026-06-12T04:07:46+00:00
South Africa,Nkosinathi Sibisi,https://www.transfermarkt.com/nkosinathi-sibisi/profil/spieler/399068,19 | Nkosinathi Sibisi Centre-Back |  | Nkosinathi Sibisi | Centre-Back | 22/09/1995 (30) |  | €1.60m,Nkosinathi Sibisi,€1.60m,data/raw/20260612_130747_transfermarkt_South_Africa_national_team_a0a94759d1b9.html,https://www.transfermarkt.com/sudafrika/startseite/verein/3806,2026-06-12T04:07:46+00:00
South Africa,Khulumani Ndamane,https://www.transfermarkt.com/khulumani-ndamane/profil/spieler/1283140,3 | Khulumani Ndamane Centre-Back |  | Khulumani Ndamane | Centre-Back | 05/02/2004 (22) |  | €1.20m,Khulumani Ndamane,€1.20m,data/raw/20260612_130747_transfermarkt_South_Africa_national_team_a0a94759d1b9.html,https://www.transfermarkt.com/sudafrika/startseite/verein/3806,2026-06-12T04:07:46+00:00
South Africa,Samukele Kabini,https://www.transfermarkt.com/samukele-kabini/profil/spieler/1175086,18 | Samukele Kabini Left-Back |  | Samukele Kabini | Left-Back | 15/03/2004 (22) |  | €2.50m,Samukele Kabini,€2.50m,data/raw/20260612_130747_transfermarkt_South_Africa_national_team_a0a94759d1b9.html,https://www.transfermarkt.com/sudafrika/startseite/verein/3806,2026-06-12T04:07:46+00:00
South Africa,Aubrey Modiba,https://www.transfermarkt.com/aubrey-modiba/profil/spieler/353432,6 | Aubrey Modiba Left-Back |  | Aubrey Modiba | Left-Back | 22/07/1995 (30) |  | €1.80m,Aubrey Modiba,€1.80m,data/raw/20260612_130747_transfermarkt_South_Africa_national_team_a0a94759d1b9.html,https://www.transfermarkt.com/sudafrika/startseite/verein/3806,2026-06-12T04:07:46+00:00
South Africa,Bradley Cross,https://www.transfermarkt.com/bradley-cross/profil/spieler/555209,26 | Bradley Cross Left-Back |  | Bradley Cross | Left-Back | 30/01/2001 (25) |  | €1.00m,Bradley Cross,€1.00m,data/raw/20260612_130747_transfermarkt_South_Africa_national_team_a0a94759d1b9.html,https://www.transfermarkt.com/sudafrika/startseite/verein/3806,2026-06-12T04:07:46+00:00
South Africa,Thabang Matuludi,https://www.transfermarkt.com/thabang-matuludi/profil/spieler/1109254,2 | Thabang Matuludi Right-Back |  | Thabang Matuludi | Right-Back | 14/01/1999 (27) |  | €1.20m,Thabang Matuludi,€1.20m,data/raw/20260612_130747_transfermarkt_South_Africa_national_team_a0a94759d1b9.html,https://www.transfermarkt.com/sudafrika/startseite/verein/3806,2026-06-12T04:07:46+00:00
South Africa,Khuliso Mudau,https://www.transfermarkt.com/khuliso-mudau/profil/spieler/450806,20 | Khuliso Mudau Right-Back |  | Khuliso Mudau | Right-Back | 26/04/1995 (31) |  | €1.20m,Khuliso Mudau,€1.20m,data/raw/20260612_130747_transfermarkt_South_Africa_national_team_a0a94759d1b9.html,https://www.transfermarkt.com/sudafrika/startseite/verein/3806,2026-06-12T04:07:46+00:00
South Africa,Kamogelo Sebelebele,https://www.transfermarkt.com/kamogelo-sebelebele/profil/spieler/994370,25 | Kamogelo Sebelebele Right-Back |  | Kamogelo Sebelebele | Right-Back | 21/07/2002 (23) |  | €1.20m,Kamogelo Sebelebele,€1.20m,data/raw/20260612_130747_transfermarkt_South_Africa_national_team_a0a94759d1b9.html,https://www.transfermarkt.com/sudafrika/startseite/verein/3806,2026-06-12T04:07:46+00:00
South Africa,Teboho Mokoena,https://www.transfermarkt.com/teboho-mokoena/profil/spieler/436372,4 | Teboho Mokoena Defensive Midfield |  | Teboho Mokoena | Defensive Midfield | 24/01/1997 (29) |  | €2.80m,Teboho Mokoena,€2.80m,data/raw/20260612_130747_transfermarkt_South_Africa_national_team_a0a94759d1b9.html,https://www.transfermarkt.com/sudafrika/startseite/verein/3806,2026-06-12T04:07:46+00:00
South Africa,Thalente Mbatha,https://www.transfermarkt.com/thalente-mbatha/profil/spieler/735697,5 | Thalente Mbatha Central Midfield |  | Thalente Mbatha | Central Midfield | 06/03/2000 (26) |  | €2.00m,Thalente Mbatha,€2.00m,data/raw/20260612_130747_transfermarkt_South_Africa_national_team_a0a94759d1b9.html,https://www.transfermarkt.com/sudafrika/startseite/verein/3806,2026-06-12T04:07:46+00:00
South Africa,Jayden Adams,https://www.transfermarkt.com/jayden-adams/profil/spieler/804472,23 | Jayden Adams Central Midfield |  | Jayden Adams | Central Midfield | 05/05/2001 (25) |  | €1.80m,Jayden Adams,€1.80m,data/raw/20260612_130747_transfermarkt_South_Africa_national_team_a0a94759d1b9.html,https://www.transfermarkt.com/sudafrika/startseite/verein/3806,2026-06-12T04:07:46+00:00
South Africa,Yaya Sithole,https://www.transfermarkt.com/yaya-sithole/profil/spieler/401736,13 | Yaya Sithole Central Midfield |  | Yaya Sithole | Central Midfield | 03/03/1999 (27) |  | €600k,Yaya Sithole,€600k,data/raw/20260612_130747_transfermarkt_South_Africa_national_team_a0a94759d1b9.html,https://www.transfermarkt.com/sudafrika/startseite/verein/3806,2026-06-12T04:07:46+00:00
South Africa,Themba Zwane,https://www.transfermarkt.com/themba-zwane/profil/spieler/176578,11 | Themba Zwane Attacking Midfield |  | Themba Zwane | Attacking Midfield | 03/08/1989 (36) |  | €250k,Themba Zwane,€250k,data/raw/20260612_130747_transfermarkt_South_Africa_national_team_a0a94759d1b9.html,https://www.transfermarkt.com/sudafrika/startseite/verein/3806,2026-06-12T04:07:46+00:00
South Africa,Relebohile Mofokeng,https://www.transfermarkt.com/relebohile-mofokeng/profil/spieler/1125037,10 | Relebohile Mofokeng Left Winger |  | Relebohile Mofokeng | Left Winger | 23/10/2004 (21) |  | €3.00m,Relebohile Mofokeng,€3.00m,data/raw/20260612_130747_transfermarkt_South_Africa_national_team_a0a94759d1b9.html,https://www.transfermarkt.com/sudafrika/startseite/verein/3806,2026-06-12T04:07:46+00:00
South Africa,Oswin Appollis,https://www.transfermarkt.com/oswin-appollis/profil/spieler/673381,7 | Oswin Appollis Left Winger |  | Oswin Appollis | Left Winger | 25/08/2001 (24) |  | €2.50m,Oswin Appollis,€2.50m,data/raw/20260612_130747_transfermarkt_South_Africa_national_team_a0a94759d1b9.html,https://www.transfermarkt.com/sudafrika/startseite/verein/3806,2026-06-12T04:07:46+00:00
South Africa,Tshepang Moremi,https://www.transfermarkt.com/tshepang-moremi/profil/spieler/844485,8 | Tshepang Moremi Left Winger |  | Tshepang Moremi | Left Winger | 02/10/2000 (25) |  | €1.40m,Tshepang Moremi,€1.40m,data/raw/20260612_130747_transfermarkt_South_Africa_national_team_a0a94759d1b9.html,https://www.transfermarkt.com/sudafrika/startseite/verein/3806,2026-06-12T04:07:46+00:00
South Africa,Thapelo Maseko,https://www.transfermarkt.com/thapelo-maseko/profil/spieler/983330,12 | Thapelo Maseko Left Winger |  | Thapelo Maseko | Left Winger | 11/11/2003 (22) |  | €750k,Thapelo Maseko,€750k,data/raw/20260612_130747_transfermarkt_South_Africa_national_team_a0a94759d1b9.html,https://www.transfermarkt.com/sudafrika/startseite/verein/3806,2026-06-12T04:07:46+00:00
South Africa,Lyle Foster,https://www.transfermarkt.com/lyle-foster/profil/spieler/467623,9 | Lyle Foster Centre-Forward |  | Lyle Foster | Centre-Forward | 03/09/2000 (25) |  | €8.00m,Lyle Foster,€8.00m,data/raw/20260612_130747_transfermarkt_South_Africa_national_team_a0a94759d1b9.html,https://www.transfermarkt.com/sudafrika/startseite/verein/3806,2026-06-12T04:07:46+00:00
South Africa,Iqraam Rayners,https://www.transfermarkt.com/iqraam-rayners/profil/spieler/337884,15 | Iqraam Rayners Centre-Forward |  | Iqraam Rayners | Centre-Forward | 19/12/1995 (30) |  | €2.80m,Iqraam Rayners,€2.80m,data/raw/20260612_130747_transfermarkt_South_Africa_national_team_a0a94759d1b9.html,https://www.transfermarkt.com/sudafrika/startseite/verein/3806,2026-06-12T04:07:46+00:00
South Africa,Evidence Makgopa,https://www.transfermarkt.com/evidence-makgopa/profil/spieler/746781,17 | Evidence Makgopa Centre-Forward |  | Evidence Makgopa | Centre-Forward | 05/06/2000 (26) |  | €1.40m,Evidence Makgopa,€1.40m,data/raw/20260612_130747_transfermarkt_South_Africa_national_team_a0a94759d1b9.html,https://www.transfermarkt.com/sudafrika/startseite/verein/3806,2026-06-12T04:07:46+00:00
South Korea,Bum-keun Song,https://www.transfermarkt.com/bum-keun-song/profil/spieler/508237,12 | Bum-keun Song Goalkeeper |  | Bum-keun Song | Goalkeeper | 15/10/1997 (28) |  | €1.00m,Bum-keun Song,€1.00m,data/raw/20260612_130751_transfermarkt_South_Korea_national_team_3d9e4b53dbd7.html,https://www.transfermarkt.com/sudkorea/startseite/verein/3589,2026-06-12T04:07:50+00:00
South Korea,Hyeon-woo Jo,https://www.transfermarkt.com/hyeon-woo-jo/profil/spieler/260171,21 | Hyeon-woo Jo Goalkeeper |  | Hyeon-woo Jo | Goalkeeper | 25/09/1991 (34) |  | €650k,Hyeon-woo Jo,€650k,data/raw/20260612_130751_transfermarkt_South_Korea_national_team_3d9e4b53dbd7.html,https://www.transfermarkt.com/sudkorea/startseite/verein/3589,2026-06-12T04:07:50+00:00
South Korea,Seung-gyu Kim,https://www.transfermarkt.com/seung-gyu-kim/profil/spieler/92076,1 | Seung-gyu Kim Goalkeeper |  | Seung-gyu Kim | Goalkeeper | 30/09/1990 (35) |  | €500k,Seung-gyu Kim,€500k,data/raw/20260612_130751_transfermarkt_South_Korea_national_team_3d9e4b53dbd7.html,https://www.transfermarkt.com/sudkorea/startseite/verein/3589,2026-06-12T04:07:50+00:00
South Korea,Min-jae Kim,https://www.transfermarkt.com/min-jae-kim/profil/spieler/503482,4 | Min-jae Kim Centre-Back |  | Min-jae Kim | Centre-Back | 15/11/1996 (29) |  | €20.00m,Min-jae Kim,€20.00m,data/raw/20260612_130751_transfermarkt_South_Korea_national_team_3d9e4b53dbd7.html,https://www.transfermarkt.com/sudkorea/startseite/verein/3589,2026-06-12T04:07:50+00:00
South Korea,Han-beom Lee,https://www.transfermarkt.com/han-beom-lee/profil/spieler/706963,2 | Han-beom Lee Centre-Back |  | Han-beom Lee | Centre-Back | 17/06/2002 (23) |  | €3.00m,Han-beom Lee,€3.00m,data/raw/20260612_130751_transfermarkt_South_Korea_national_team_3d9e4b53dbd7.html,https://www.transfermarkt.com/sudkorea/startseite/verein/3589,2026-06-12T04:07:50+00:00
South Korea,Tae-hyeon Kim,https://www.transfermarkt.com/tae-hyeon-kim/profil/spieler/645847,5 | Tae-hyeon Kim Centre-Back |  | Tae-hyeon Kim | Centre-Back | 17/09/2000 (25) |  | €1.20m,Tae-hyeon Kim,€1.20m,data/raw/20260612_130751_transfermarkt_South_Korea_national_team_3d9e4b53dbd7.html,https://www.transfermarkt.com/sudkorea/startseite/verein/3589,2026-06-12T04:07:50+00:00
South Korea,Gi-hyuk Lee,https://www.transfermarkt.com/gi-hyuk-lee/profil/spieler/763349,3 | Gi-hyuk Lee Centre-Back |  | Gi-hyuk Lee | Centre-Back | 07/07/2000 (25) |  | €800k,Gi-hyuk Lee,€800k,data/raw/20260612_130751_transfermarkt_South_Korea_national_team_3d9e4b53dbd7.html,https://www.transfermarkt.com/sudkorea/startseite/verein/3589,2026-06-12T04:07:50+00:00
South Korea,Wi-je Cho,https://www.transfermarkt.com/wi-je-cho/profil/spieler/550978,14 | Wi-je Cho Centre-Back |  | Wi-je Cho | Centre-Back | 25/08/2001 (24) |  | €550k,Wi-je Cho,€550k,data/raw/20260612_130751_transfermarkt_South_Korea_national_team_3d9e4b53dbd7.html,https://www.transfermarkt.com/sudkorea/startseite/verein/3589,2026-06-12T04:07:50+00:00
South Korea,Tae-seok Lee,https://www.transfermarkt.com/tae-seok-lee/profil/spieler/639027,13 | Tae-seok Lee Left-Back |  | Tae-seok Lee | Left-Back | 28/07/2002 (23) |  | €2.00m,Tae-seok Lee,€2.00m,data/raw/20260612_130751_transfermarkt_South_Korea_national_team_3d9e4b53dbd7.html,https://www.transfermarkt.com/sudkorea/startseite/verein/3589,2026-06-12T04:07:50+00:00
South Korea,Young-woo Seol,https://www.transfermarkt.com/young-woo-seol/profil/spieler/639414,22 | Young-woo Seol Right-Back |  | Young-woo Seol | Right-Back | 05/12/1998 (27) |  | €6.50m,Young-woo Seol,€6.50m,data/raw/20260612_130751_transfermarkt_South_Korea_national_team_3d9e4b53dbd7.html,https://www.transfermarkt.com/sudkorea/startseite/verein/3589,2026-06-12T04:07:50+00:00
South Korea,Moon-hwan Kim,https://www.transfermarkt.com/moon-hwan-kim/profil/spieler/524592,15 | Moon-hwan Kim Right-Back |  | Moon-hwan Kim | Right-Back | 01/08/1995 (30) |  | €750k,Moon-hwan Kim,€750k,data/raw/20260612_130751_transfermarkt_South_Korea_national_team_3d9e4b53dbd7.html,https://www.transfermarkt.com/sudkorea/startseite/verein/3589,2026-06-12T04:07:50+00:00
South Korea,In-beom Hwang,https://www.transfermarkt.com/in-beom-hwang/profil/spieler/365394,6 | In-beom Hwang Defensive Midfield |  | In-beom Hwang | Defensive Midfield | 20/09/1996 (29) |  | €7.00m,In-beom Hwang,€7.00m,data/raw/20260612_130751_transfermarkt_South_Korea_national_team_3d9e4b53dbd7.html,https://www.transfermarkt.com/sudkorea/startseite/verein/3589,2026-06-12T04:07:50+00:00
South Korea,Jin-seob Park,https://www.transfermarkt.com/jin-seob-park/profil/spieler/557469,16 | Jin-seob Park Defensive Midfield |  | Jin-seob Park | Defensive Midfield | 23/10/1995 (30) |  | €1.00m,Jin-seob Park,€1.00m,data/raw/20260612_130751_transfermarkt_South_Korea_national_team_3d9e4b53dbd7.html,https://www.transfermarkt.com/sudkorea/startseite/verein/3589,2026-06-12T04:07:50+00:00
South Korea,Jens Castrop,https://www.transfermarkt.com/jens-castrop/profil/spieler/613192,23 | Jens Castrop Central Midfield |  | Jens Castrop | Central Midfield | 29/07/2003 (22) |  | €10.00m,Jens Castrop,€10.00m,data/raw/20260612_130751_transfermarkt_South_Korea_national_team_3d9e4b53dbd7.html,https://www.transfermarkt.com/sudkorea/startseite/verein/3589,2026-06-12T04:07:50+00:00
South Korea,Seung-ho Paik,https://www.transfermarkt.com/seung-ho-paik/profil/spieler/282689,8 | Seung-ho Paik Central Midfield |  | Seung-ho Paik | Central Midfield | 17/03/1997 (29) |  | €2.00m,Seung-ho Paik,€2.00m,data/raw/20260612_130751_transfermarkt_South_Korea_national_team_3d9e4b53dbd7.html,https://www.transfermarkt.com/sudkorea/startseite/verein/3589,2026-06-12T04:07:50+00:00
South Korea,Jin-gyu Kim,https://www.transfermarkt.com/jin-gyu-kim/profil/spieler/365377,24 | Jin-gyu Kim Central Midfield |  | Jin-gyu Kim | Central Midfield | 24/02/1997 (29) |  | €1.20m,Jin-gyu Kim,€1.20m,data/raw/20260612_130751_transfermarkt_South_Korea_national_team_3d9e4b53dbd7.html,https://www.transfermarkt.com/sudkorea/startseite/verein/3589,2026-06-12T04:07:50+00:00
South Korea,Kang-in Lee,https://www.transfermarkt.com/kang-in-lee/profil/spieler/557149,19 | Kang-in Lee Attacking Midfield |  | Kang-in Lee | Attacking Midfield | 19/02/2001 (25) |  | €28.00m,Kang-in Lee,€28.00m,data/raw/20260612_130751_transfermarkt_South_Korea_national_team_3d9e4b53dbd7.html,https://www.transfermarkt.com/sudkorea/startseite/verein/3589,2026-06-12T04:07:50+00:00
South Korea,Jun-ho Bae,https://www.transfermarkt.com/jun-ho-bae/profil/spieler/912081,17 | Jun-ho Bae Attacking Midfield |  | Jun-ho Bae | Attacking Midfield | 21/08/2003 (22) |  | €4.00m,Jun-ho Bae,€4.00m,data/raw/20260612_130751_transfermarkt_South_Korea_national_team_3d9e4b53dbd7.html,https://www.transfermarkt.com/sudkorea/startseite/verein/3589,2026-06-12T04:07:50+00:00
South Korea,Jae-sung Lee,https://www.transfermarkt.com/jae-sung-lee/profil/spieler/314398,10 | Jae-sung Lee Attacking Midfield |  | Jae-sung Lee | Attacking Midfield | 10/08/1992 (33) |  | €2.00m,Jae-sung Lee,€2.00m,data/raw/20260612_130751_transfermarkt_South_Korea_national_team_3d9e4b53dbd7.html,https://www.transfermarkt.com/sudkorea/startseite/verein/3589,2026-06-12T04:07:50+00:00
South Korea,Dong-gyeong Lee,https://www.transfermarkt.com/dong-gyeong-lee/profil/spieler/558086,26 | Dong-gyeong Lee Attacking Midfield |  | Dong-gyeong Lee | Attacking Midfield | 20/09/1997 (28) |  | €1.60m,Dong-gyeong Lee,€1.60m,data/raw/20260612_130751_transfermarkt_South_Korea_national_team_3d9e4b53dbd7.html,https://www.transfermarkt.com/sudkorea/startseite/verein/3589,2026-06-12T04:07:50+00:00
South Korea,Heung-min Son,https://www.transfermarkt.com/heung-min-son/profil/spieler/91845,7 | Heung-min Son Left Winger |  | Heung-min Son | Left Winger | 08/07/1992 (33) |  | €15.00m,Heung-min Son,€15.00m,data/raw/20260612_130751_transfermarkt_South_Korea_national_team_3d9e4b53dbd7.html,https://www.transfermarkt.com/sudkorea/startseite/verein/3589,2026-06-12T04:07:50+00:00
South Korea,Ji-sung Eom,https://www.transfermarkt.com/ji-sung-eom/profil/spieler/706968,25 | Ji-sung Eom Left Winger |  | Ji-sung Eom | Left Winger | 09/05/2002 (24) |  | €1.80m,Ji-sung Eom,€1.80m,data/raw/20260612_130751_transfermarkt_South_Korea_national_team_3d9e4b53dbd7.html,https://www.transfermarkt.com/sudkorea/startseite/verein/3589,2026-06-12T04:07:50+00:00
South Korea,Hyun-jun Yang,https://www.transfermarkt.com/hyun-jun-yang/profil/spieler/853110,20 | Hyun-jun Yang Right Winger |  | Hyun-jun Yang | Right Winger | 25/05/2002 (24) |  | €5.00m,Hyun-jun Yang,€5.00m,data/raw/20260612_130751_transfermarkt_South_Korea_national_team_3d9e4b53dbd7.html,https://www.transfermarkt.com/sudkorea/startseite/verein/3589,2026-06-12T04:07:50+00:00
South Korea,Hyeon-gyu Oh,https://www.transfermarkt.com/hyeon-gyu-oh/profil/spieler/639246,18 | Hyeon-gyu Oh Centre-Forward |  | Hyeon-gyu Oh | Centre-Forward | 12/04/2001 (25) |  | €15.00m,Hyeon-gyu Oh,€15.00m,data/raw/20260612_130751_transfermarkt_South_Korea_national_team_3d9e4b53dbd7.html,https://www.transfermarkt.com/sudkorea/startseite/verein/3589,2026-06-12T04:07:50+00:00
South Korea,Hee-chan Hwang,https://www.transfermarkt.com/hee-chan-hwang/profil/spieler/292246,11 | Hee-chan Hwang Centre-Forward |  | Hee-chan Hwang | Centre-Forward | 26/01/1996 (30) |  | €6.00m,Hee-chan Hwang,€6.00m,data/raw/20260612_130751_transfermarkt_South_Korea_national_team_3d9e4b53dbd7.html,https://www.transfermarkt.com/sudkorea/startseite/verein/3589,2026-06-12T04:07:50+00:00
South Korea,Gue-sung Cho,https://www.transfermarkt.com/gue-sung-cho/profil/spieler/652537,9 | Gue-sung Cho Centre-Forward |  | Gue-sung Cho | Centre-Forward | 25/01/1998 (28) |  | €2.50m,Gue-sung Cho,€2.50m,data/raw/20260612_130751_transfermarkt_South_Korea_national_team_3d9e4b53dbd7.html,https://www.transfermarkt.com/sudkorea/startseite/verein/3589,2026-06-12T04:07:50+00:00
Czech Republic,Lukas Hornicek,https://www.transfermarkt.com/lukas-hornicek/profil/spieler/629773,23 | Lukas Hornicek Goalkeeper |  | Lukas Hornicek | Goalkeeper | 13/07/2002 (23) |  | €18.00m,Lukas Hornicek,€18.00m,data/raw/20260612_130755_transfermarkt_Czech_Republic_national_team_e88442e71c31.html,https://www.transfermarkt.com/tschechien/startseite/verein/3445,2026-06-12T04:07:54+00:00
Czech Republic,Matej Kovar,https://www.transfermarkt.com/matej-kovar/profil/spieler/550829,1 | Matej Kovar Goalkeeper |  | Matej Kovar | Goalkeeper | 17/05/2000 (26) |  | €8.00m,Matej Kovar,€8.00m,data/raw/20260612_130755_transfermarkt_Czech_Republic_national_team_e88442e71c31.html,https://www.transfermarkt.com/tschechien/startseite/verein/3445,2026-06-12T04:07:54+00:00
Czech Republic,Jindrich Stanek,https://www.transfermarkt.com/jindrich-stanek/profil/spieler/242089,16 | Jindrich Stanek Goalkeeper |  | Jindrich Stanek | Goalkeeper | 27/04/1996 (30) |  | €2.00m,Jindrich Stanek,€2.00m,data/raw/20260612_130755_transfermarkt_Czech_Republic_national_team_e88442e71c31.html,https://www.transfermarkt.com/tschechien/startseite/verein/3445,2026-06-12T04:07:54+00:00
Czech Republic,Ladislav Krejčí,https://www.transfermarkt.com/ladislav-krejci/profil/spieler/345911,7 | Ladislav Krejčí Centre-Back |  | Ladislav Krejčí | Centre-Back | 20/04/1999 (27) |  | €22.00m,Ladislav Krejčí,€22.00m,data/raw/20260612_130755_transfermarkt_Czech_Republic_national_team_e88442e71c31.html,https://www.transfermarkt.com/tschechien/startseite/verein/3445,2026-06-12T04:07:54+00:00
Czech Republic,Robin Hranac,https://www.transfermarkt.com/robin-hranac/profil/spieler/620217,4 | Robin Hranac Centre-Back |  | Robin Hranac | Centre-Back | 29/01/2000 (26) |  | €10.00m,Robin Hranac,€10.00m,data/raw/20260612_130755_transfermarkt_Czech_Republic_national_team_e88442e71c31.html,https://www.transfermarkt.com/tschechien/startseite/verein/3445,2026-06-12T04:07:54+00:00
Czech Republic,Stepan Chaloupek,https://www.transfermarkt.com/stepan-chaloupek/profil/spieler/944827,6 | Stepan Chaloupek Centre-Back |  | Stepan Chaloupek | Centre-Back | 08/03/2003 (23) |  | €10.00m,Stepan Chaloupek,€10.00m,data/raw/20260612_130755_transfermarkt_Czech_Republic_national_team_e88442e71c31.html,https://www.transfermarkt.com/tschechien/startseite/verein/3445,2026-06-12T04:07:54+00:00
Czech Republic,David Zima,https://www.transfermarkt.com/david-zima/profil/spieler/544149,2 | David Zima Centre-Back |  | David Zima | Centre-Back | 08/11/2000 (25) |  | €7.00m,David Zima,€7.00m,data/raw/20260612_130755_transfermarkt_Czech_Republic_national_team_e88442e71c31.html,https://www.transfermarkt.com/tschechien/startseite/verein/3445,2026-06-12T04:07:54+00:00
Czech Republic,Tomas Holes,https://www.transfermarkt.com/tomas-holes/profil/spieler/216278,3 | Tomas Holes Centre-Back |  | Tomas Holes | Centre-Back | 31/03/1993 (33) |  | €1.00m,Tomas Holes,€1.00m,data/raw/20260612_130755_transfermarkt_Czech_Republic_national_team_e88442e71c31.html,https://www.transfermarkt.com/tschechien/startseite/verein/3445,2026-06-12T04:07:54+00:00
Czech Republic,Jaroslav Zelený,https://www.transfermarkt.com/jaroslav-zeleny/profil/spieler/142219,20 | Jaroslav Zelený Centre-Back |  | Jaroslav Zelený | Centre-Back | 20/08/1992 (33) |  | €600k,Jaroslav Zelený,€600k,data/raw/20260612_130755_transfermarkt_Czech_Republic_national_team_e88442e71c31.html,https://www.transfermarkt.com/tschechien/startseite/verein/3445,2026-06-12T04:07:54+00:00
Czech Republic,David Jurásek,https://www.transfermarkt.com/david-jurasek/profil/spieler/500054,14 | David Jurásek Left-Back |  | David Jurásek | Left-Back | 07/08/2000 (25) |  | €5.00m,David Jurásek,€5.00m,data/raw/20260612_130755_transfermarkt_Czech_Republic_national_team_e88442e71c31.html,https://www.transfermarkt.com/tschechien/startseite/verein/3445,2026-06-12T04:07:54+00:00
Czech Republic,Vladimír Coufal,https://www.transfermarkt.com/vladimir-coufal/profil/spieler/157672,5 | Vladimír Coufal Right-Back |  | Vladimír Coufal | Right-Back | 22/08/1992 (33) |  | €2.50m,Vladimír Coufal,€2.50m,data/raw/20260612_130755_transfermarkt_Czech_Republic_national_team_e88442e71c31.html,https://www.transfermarkt.com/tschechien/startseite/verein/3445,2026-06-12T04:07:54+00:00
Czech Republic,Tomáš Souček,https://www.transfermarkt.com/tomas-soucek/profil/spieler/283628,22 | Tomáš Souček Defensive Midfield |  | Tomáš Souček | Defensive Midfield | 27/02/1995 (31) |  | €10.00m,Tomáš Souček,€10.00m,data/raw/20260612_130755_transfermarkt_Czech_Republic_national_team_e88442e71c31.html,https://www.transfermarkt.com/tschechien/startseite/verein/3445,2026-06-12T04:07:54+00:00
Czech Republic,Michal Sadílek,https://www.transfermarkt.com/michal-sadilek/profil/spieler/321204,18 | Michal Sadílek Central Midfield |  | Michal Sadílek | Central Midfield | 31/05/1999 (27) |  | €8.00m,Michal Sadílek,€8.00m,data/raw/20260612_130755_transfermarkt_Czech_Republic_national_team_e88442e71c31.html,https://www.transfermarkt.com/tschechien/startseite/verein/3445,2026-06-12T04:07:54+00:00
Czech Republic,Lukas Cerv,https://www.transfermarkt.com/lukas-cerv/profil/spieler/611049,12 | Lukas Cerv Central Midfield |  | Lukas Cerv | Central Midfield | 10/04/2001 (25) |  | €6.00m,Lukas Cerv,€6.00m,data/raw/20260612_130755_transfermarkt_Czech_Republic_national_team_e88442e71c31.html,https://www.transfermarkt.com/tschechien/startseite/verein/3445,2026-06-12T04:07:54+00:00
Czech Republic,Hugo Sochurek,https://www.transfermarkt.com/hugo-sochurek/profil/spieler/1206877,25 | Hugo Sochurek Central Midfield |  | Hugo Sochurek | Central Midfield | 07/06/2008 (18) |  | €3.50m,Hugo Sochurek,€3.50m,data/raw/20260612_130755_transfermarkt_Czech_Republic_national_team_e88442e71c31.html,https://www.transfermarkt.com/tschechien/startseite/verein/3445,2026-06-12T04:07:54+00:00
Czech Republic,Alexandr Sojka,https://www.transfermarkt.com/alexandr-sojka/profil/spieler/826103,24 | Alexandr Sojka Central Midfield |  | Alexandr Sojka | Central Midfield | 02/04/2003 (23) |  | €2.30m,Alexandr Sojka,€2.30m,data/raw/20260612_130755_transfermarkt_Czech_Republic_national_team_e88442e71c31.html,https://www.transfermarkt.com/tschechien/startseite/verein/3445,2026-06-12T04:07:54+00:00
Czech Republic,Vladimír Darida,https://www.transfermarkt.com/vladimir-darida/profil/spieler/179643,8 | Vladimír Darida Central Midfield |  | Vladimír Darida | Central Midfield | 08/08/1990 (35) |  | €375k,Vladimír Darida,€375k,data/raw/20260612_130755_transfermarkt_Czech_Republic_national_team_e88442e71c31.html,https://www.transfermarkt.com/tschechien/startseite/verein/3445,2026-06-12T04:07:54+00:00
Czech Republic,David Doudera,https://www.transfermarkt.com/david-doudera/profil/spieler/493758,21 | David Doudera Right Midfield |  | David Doudera | Right Midfield | 31/05/1998 (28) |  | €3.50m,David Doudera,€3.50m,data/raw/20260612_130755_transfermarkt_Czech_Republic_national_team_e88442e71c31.html,https://www.transfermarkt.com/tschechien/startseite/verein/3445,2026-06-12T04:07:54+00:00
Czech Republic,Pavel Sulc,https://www.transfermarkt.com/pavel-sulc/profil/spieler/500053,15 | Pavel Sulc Attacking Midfield |  | Pavel Sulc | Attacking Midfield | 29/12/2000 (25) |  | €20.00m,Pavel Sulc,€20.00m,data/raw/20260612_130755_transfermarkt_Czech_Republic_national_team_e88442e71c31.html,https://www.transfermarkt.com/tschechien/startseite/verein/3445,2026-06-12T04:07:54+00:00
Czech Republic,Denis Visinsky,https://www.transfermarkt.com/denis-visinsky/profil/spieler/652060,26 | Denis Visinsky Attacking Midfield |  | Denis Visinsky | Attacking Midfield | 21/03/2003 (23) |  | €3.00m,Denis Visinsky,€3.00m,data/raw/20260612_130755_transfermarkt_Czech_Republic_national_team_e88442e71c31.html,https://www.transfermarkt.com/tschechien/startseite/verein/3445,2026-06-12T04:07:54+00:00
Czech Republic,Lukas Provod,https://www.transfermarkt.com/lukas-provod/profil/spieler/292779,17 | Lukas Provod Left Winger |  | Lukas Provod | Left Winger | 23/10/1996 (29) |  | €8.00m,Lukas Provod,€8.00m,data/raw/20260612_130755_transfermarkt_Czech_Republic_national_team_e88442e71c31.html,https://www.transfermarkt.com/tschechien/startseite/verein/3445,2026-06-12T04:07:54+00:00
Czech Republic,Patrik Schick,https://www.transfermarkt.com/patrik-schick/profil/spieler/242086,10 | Patrik Schick Centre-Forward |  | Patrik Schick | Centre-Forward | 24/01/1996 (30) |  | €18.00m,Patrik Schick,€18.00m,data/raw/20260612_130755_transfermarkt_Czech_Republic_national_team_e88442e71c31.html,https://www.transfermarkt.com/tschechien/startseite/verein/3445,2026-06-12T04:07:54+00:00
Czech Republic,Adam Hlozek,https://www.transfermarkt.com/adam-hlozek/profil/spieler/552057,9 | Adam Hlozek Centre-Forward |  | Adam Hlozek | Centre-Forward | 25/07/2002 (23) |  | €10.00m,Adam Hlozek,€10.00m,data/raw/20260612_130755_transfermarkt_Czech_Republic_national_team_e88442e71c31.html,https://www.transfermarkt.com/tschechien/startseite/verein/3445,2026-06-12T04:07:54+00:00
Czech Republic,Mojmír Chytil,https://www.transfermarkt.com/mojmir-chytil/profil/spieler/405855,13 | Mojmír Chytil Centre-Forward |  | Mojmír Chytil | Centre-Forward | 29/04/1999 (27) |  | €4.00m,Mojmír Chytil,€4.00m,data/raw/20260612_130755_transfermarkt_Czech_Republic_national_team_e88442e71c31.html,https://www.transfermarkt.com/tschechien/startseite/verein/3445,2026-06-12T04:07:54+00:00
Czech Republic,Jan Kuchta,https://www.transfermarkt.com/jan-kuchta/profil/spieler/334802,11 | Jan Kuchta Centre-Forward |  | Jan Kuchta | Centre-Forward | 08/01/1997 (29) |  | €2.70m,Jan Kuchta,€2.70m,data/raw/20260612_130755_transfermarkt_Czech_Republic_national_team_e88442e71c31.html,https://www.transfermarkt.com/tschechien/startseite/verein/3445,2026-06-12T04:07:54+00:00
Czech Republic,Tomas Chory,https://www.transfermarkt.com/tomas-chory/profil/spieler/198614,19 | Tomas Chory Centre-Forward |  | Tomas Chory | Centre-Forward | 26/01/1995 (31) |  | €2.70m,Tomas Chory,€2.70m,data/raw/20260612_130755_transfermarkt_Czech_Republic_national_team_e88442e71c31.html,https://www.transfermarkt.com/tschechien/startseite/verein/3445,2026-06-12T04:07:54+00:00
Canada,Dayne St. Clair,https://www.transfermarkt.com/dayne-st-clair/profil/spieler/439750,1 | Dayne St. Clair Goalkeeper |  | Dayne St. Clair | Goalkeeper | 09/05/1997 (29) |  | €3.50m,Dayne St. Clair,€3.50m,data/raw/20260612_130759_transfermarkt_Canada_national_team_81f0e7f4373a.html,https://www.transfermarkt.com/kanada/startseite/verein/3510,2026-06-12T04:07:58+00:00
Canada,Maxime Crépeau,https://www.transfermarkt.com/maxime-crepeau/profil/spieler/189014,16 | Maxime Crépeau Goalkeeper |  | Maxime Crépeau | Goalkeeper | 11/05/1994 (32) |  | €1.80m,Maxime Crépeau,€1.80m,data/raw/20260612_130759_transfermarkt_Canada_national_team_81f0e7f4373a.html,https://www.transfermarkt.com/kanada/startseite/verein/3510,2026-06-12T04:07:58+00:00
Canada,Owen Goodman,https://www.transfermarkt.com/owen-goodman/profil/spieler/814848,18 | Owen Goodman Goalkeeper |  | Owen Goodman | Goalkeeper | 27/11/2003 (22) |  | €550k,Owen Goodman,€550k,data/raw/20260612_130759_transfermarkt_Canada_national_team_81f0e7f4373a.html,https://www.transfermarkt.com/kanada/startseite/verein/3510,2026-06-12T04:07:58+00:00
Canada,Moïse Bombito,https://www.transfermarkt.com/moise-bombito/profil/spieler/1089202,15 | Moïse Bombito Centre-Back |  | Moïse Bombito | Centre-Back | 30/03/2000 (26) |  | €7.00m,Moïse Bombito,€7.00m,data/raw/20260612_130759_transfermarkt_Canada_national_team_81f0e7f4373a.html,https://www.transfermarkt.com/kanada/startseite/verein/3510,2026-06-12T04:07:58+00:00
Canada,Alfie Jones,https://www.transfermarkt.com/alfie-jones/profil/spieler/340990,3 | Alfie Jones Centre-Back |  | Alfie Jones | Centre-Back | 07/10/1997 (28) |  | €6.00m,Alfie Jones,€6.00m,data/raw/20260612_130759_transfermarkt_Canada_national_team_81f0e7f4373a.html,https://www.transfermarkt.com/kanada/startseite/verein/3510,2026-06-12T04:07:58+00:00
Canada,Derek Cornelius,https://www.transfermarkt.com/derek-cornelius/profil/spieler/328609,13 | Derek Cornelius Centre-Back |  | Derek Cornelius | Centre-Back | 25/11/1997 (28) |  | €2.50m,Derek Cornelius,€2.50m,data/raw/20260612_130759_transfermarkt_Canada_national_team_81f0e7f4373a.html,https://www.transfermarkt.com/kanada/startseite/verein/3510,2026-06-12T04:07:58+00:00
Canada,Joel Waterman,https://www.transfermarkt.com/joel-waterman/profil/spieler/441738,5 | Joel Waterman Centre-Back |  | Joel Waterman | Centre-Back | 24/01/1996 (30) |  | €2.00m,Joel Waterman,€2.00m,data/raw/20260612_130759_transfermarkt_Canada_national_team_81f0e7f4373a.html,https://www.transfermarkt.com/kanada/startseite/verein/3510,2026-06-12T04:07:58+00:00
Canada,Luc De Fougerolles,https://www.transfermarkt.com/luc-de-fougerolles/profil/spieler/921995,4 | Luc De Fougerolles Centre-Back |  | Luc De Fougerolles | Centre-Back | 12/10/2005 (20) |  | €1.00m,Luc De Fougerolles,€1.00m,data/raw/20260612_130759_transfermarkt_Canada_national_team_81f0e7f4373a.html,https://www.transfermarkt.com/kanada/startseite/verein/3510,2026-06-12T04:07:58+00:00
Canada,Alphonso Davies,https://www.transfermarkt.com/alphonso-davies/profil/spieler/424204,19 | Alphonso Davies Left-Back |  | Alphonso Davies | Left-Back | 02/11/2000 (25) |  | €40.00m,Alphonso Davies,€40.00m,data/raw/20260612_130759_transfermarkt_Canada_national_team_81f0e7f4373a.html,https://www.transfermarkt.com/kanada/startseite/verein/3510,2026-06-12T04:07:58+00:00
Canada,Alistair Johnston,https://www.transfermarkt.com/alistair-johnston/profil/spieler/637446,2 | Alistair Johnston Right-Back |  | Alistair Johnston | Right-Back | 08/10/1998 (27) |  | €8.00m,Alistair Johnston,€8.00m,data/raw/20260612_130759_transfermarkt_Canada_national_team_81f0e7f4373a.html,https://www.transfermarkt.com/kanada/startseite/verein/3510,2026-06-12T04:07:58+00:00
Canada,Richie Laryea,https://www.transfermarkt.com/richie-laryea/profil/spieler/417348,22 | Richie Laryea Right-Back |  | Richie Laryea | Right-Back | 07/01/1995 (31) |  | €1.00m,Richie Laryea,€1.00m,data/raw/20260612_130759_transfermarkt_Canada_national_team_81f0e7f4373a.html,https://www.transfermarkt.com/kanada/startseite/verein/3510,2026-06-12T04:07:58+00:00
Canada,Niko Sigur,https://www.transfermarkt.com/niko-sigur/profil/spieler/1045375,23 | Niko Sigur Defensive Midfield |  | Niko Sigur | Defensive Midfield | 09/09/2003 (22) |  | €4.00m,Niko Sigur,€4.00m,data/raw/20260612_130759_transfermarkt_Canada_national_team_81f0e7f4373a.html,https://www.transfermarkt.com/kanada/startseite/verein/3510,2026-06-12T04:07:58+00:00
Canada,Ismaël Koné,https://www.transfermarkt.com/ismael-kone/profil/spieler/921655,8 | Ismaël Koné Central Midfield |  | Ismaël Koné | Central Midfield | 16/06/2002 (23) |  | €25.00m,Ismaël Koné,€25.00m,data/raw/20260612_130759_transfermarkt_Canada_national_team_81f0e7f4373a.html,https://www.transfermarkt.com/kanada/startseite/verein/3510,2026-06-12T04:07:58+00:00
Canada,Nathan-Dylan Saliba,https://www.transfermarkt.com/nathan-dylan-saliba/profil/spieler/842420,25 | Nathan-Dylan Saliba Central Midfield |  | Nathan-Dylan Saliba | Central Midfield | 07/02/2004 (22) |  | €7.50m,Nathan-Dylan Saliba,€7.50m,data/raw/20260612_130759_transfermarkt_Canada_national_team_81f0e7f4373a.html,https://www.transfermarkt.com/kanada/startseite/verein/3510,2026-06-12T04:07:58+00:00
Canada,Stephen Eustaquio,https://www.transfermarkt.com/stephen-eustaquio/profil/spieler/512913,7 | Stephen Eustaquio Central Midfield |  | Stephen Eustaquio | Central Midfield | 21/12/1996 (29) |  | €6.00m,Stephen Eustaquio,€6.00m,data/raw/20260612_130759_transfermarkt_Canada_national_team_81f0e7f4373a.html,https://www.transfermarkt.com/kanada/startseite/verein/3510,2026-06-12T04:07:58+00:00
Canada,Jonathan Osorio,https://www.transfermarkt.com/jonathan-osorio/profil/spieler/260807,21 | Jonathan Osorio Central Midfield |  | Jonathan Osorio | Central Midfield | 12/06/1992 (34) |  | €1.00m,Jonathan Osorio,€1.00m,data/raw/20260612_130759_transfermarkt_Canada_national_team_81f0e7f4373a.html,https://www.transfermarkt.com/kanada/startseite/verein/3510,2026-06-12T04:07:58+00:00
Canada,Mathieu Choinière,https://www.transfermarkt.com/mathieu-choiniere/profil/spieler/589006,6 | Mathieu Choinière Central Midfield |  | Mathieu Choinière | Central Midfield | 07/02/1999 (27) |  | €800k,Mathieu Choinière,€800k,data/raw/20260612_130759_transfermarkt_Canada_national_team_81f0e7f4373a.html,https://www.transfermarkt.com/kanada/startseite/verein/3510,2026-06-12T04:07:58+00:00
Canada,Ali Ahmed,https://www.transfermarkt.com/ali-ahmed/profil/spieler/995642,20 | Ali Ahmed Left Midfield |  | Ali Ahmed | Left Midfield | 10/10/2000 (25) |  | €5.00m,Ali Ahmed,€5.00m,data/raw/20260612_130759_transfermarkt_Canada_national_team_81f0e7f4373a.html,https://www.transfermarkt.com/kanada/startseite/verein/3510,2026-06-12T04:07:58+00:00
Canada,Liam Millar,https://www.transfermarkt.com/liam-millar/profil/spieler/487417,11 | Liam Millar Left Winger |  | Liam Millar | Left Winger | 27/09/1999 (26) |  | €3.00m,Liam Millar,€3.00m,data/raw/20260612_130759_transfermarkt_Canada_national_team_81f0e7f4373a.html,https://www.transfermarkt.com/kanada/startseite/verein/3510,2026-06-12T04:07:58+00:00
Canada,Jacob Shaffelburg,https://www.transfermarkt.com/jacob-shaffelburg/profil/spieler/637632,14 | Jacob Shaffelburg Left Winger |  | Jacob Shaffelburg | Left Winger | 26/11/1999 (26) |  | €2.50m,Jacob Shaffelburg,€2.50m,data/raw/20260612_130759_transfermarkt_Canada_national_team_81f0e7f4373a.html,https://www.transfermarkt.com/kanada/startseite/verein/3510,2026-06-12T04:07:58+00:00
Canada,Jayden Nelson,https://www.transfermarkt.com/jayden-nelson/profil/spieler/635445,7 | Jayden Nelson Left Winger |  | Jayden Nelson | Left Winger | 26/09/2002 (23) |  | €2.00m,Jayden Nelson,€2.00m,data/raw/20260612_130759_transfermarkt_Canada_national_team_81f0e7f4373a.html,https://www.transfermarkt.com/kanada/startseite/verein/3510,2026-06-12T04:07:58+00:00
Canada,Tajon Buchanan,https://www.transfermarkt.com/tajon-buchanan/profil/spieler/638793,17 | Tajon Buchanan Right Winger |  | Tajon Buchanan | Right Winger | 08/02/1999 (27) |  | €12.00m,Tajon Buchanan,€12.00m,data/raw/20260612_130759_transfermarkt_Canada_national_team_81f0e7f4373a.html,https://www.transfermarkt.com/kanada/startseite/verein/3510,2026-06-12T04:07:58+00:00
Canada,Jonathan David,https://www.transfermarkt.com/jonathan-david/profil/spieler/533738,10 | Jonathan David Centre-Forward |  | Jonathan David | Centre-Forward | 14/01/2000 (26) |  | €30.00m,Jonathan David,€30.00m,data/raw/20260612_130759_transfermarkt_Canada_national_team_81f0e7f4373a.html,https://www.transfermarkt.com/kanada/startseite/verein/3510,2026-06-12T04:07:58+00:00
Canada,Promise David,https://www.transfermarkt.com/promise-david/profil/spieler/888785,24 | Promise David Centre-Forward |  | Promise David | Centre-Forward | 03/07/2001 (24) |  | €17.00m,Promise David,€17.00m,data/raw/20260612_130759_transfermarkt_Canada_national_team_81f0e7f4373a.html,https://www.transfermarkt.com/kanada/startseite/verein/3510,2026-06-12T04:07:58+00:00
Canada,Tani Oluwaseyi,https://www.transfermarkt.com/tani-oluwaseyi/profil/spieler/972465,12 | Tani Oluwaseyi Centre-Forward |  | Tani Oluwaseyi | Centre-Forward | 15/05/2000 (26) |  | €7.00m,Tani Oluwaseyi,€7.00m,data/raw/20260612_130759_transfermarkt_Canada_national_team_81f0e7f4373a.html,https://www.transfermarkt.com/kanada/startseite/verein/3510,2026-06-12T04:07:58+00:00
Canada,Cyle Larin,https://www.transfermarkt.com/cyle-larin/profil/spieler/343463,9 | Cyle Larin Centre-Forward |  | Cyle Larin | Centre-Forward | 17/04/1995 (31) |  | €2.50m,Cyle Larin,€2.50m,data/raw/20260612_130759_transfermarkt_Canada_national_team_81f0e7f4373a.html,https://www.transfermarkt.com/kanada/startseite/verein/3510,2026-06-12T04:07:58+00:00
Qatar,Meshaal Barsham,https://www.transfermarkt.com/meshaal-barsham/profil/spieler/560423,22 | Meshaal Barsham Goalkeeper |  | Meshaal Barsham | Goalkeeper | 14/02/1998 (28) |  | €700k,Meshaal Barsham,€700k,data/raw/20260612_130802_transfermarkt_Qatar_national_team_a0f35ffabbeb.html,https://www.transfermarkt.com/katar/startseite/verein/14162,2026-06-12T04:08:02+00:00
Qatar,Mahmoud Abunada,https://www.transfermarkt.com/mahmoud-abunada/profil/spieler/669629,1 | Mahmoud Abunada Goalkeeper |  | Mahmoud Abunada | Goalkeeper | 05/02/2000 (26) |  | €400k,Mahmoud Abunada,€400k,data/raw/20260612_130802_transfermarkt_Qatar_national_team_a0f35ffabbeb.html,https://www.transfermarkt.com/katar/startseite/verein/14162,2026-06-12T04:08:02+00:00
Qatar,Salah Zakaria,https://www.transfermarkt.com/salah-zakaria/profil/spieler/632912,21 | Salah Zakaria Goalkeeper |  | Salah Zakaria | Goalkeeper | 24/04/1999 (27) |  | €400k,Salah Zakaria,€400k,data/raw/20260612_130802_transfermarkt_Qatar_national_team_a0f35ffabbeb.html,https://www.transfermarkt.com/katar/startseite/verein/14162,2026-06-12T04:08:02+00:00
Qatar,Lucas Mendes,https://www.transfermarkt.com/lucas-mendes/profil/spieler/83983,3 | Lucas Mendes Centre-Back |  | Lucas Mendes | Centre-Back | 03/07/1990 (35) |  | €350k,Lucas Mendes,€350k,data/raw/20260612_130802_transfermarkt_Qatar_national_team_a0f35ffabbeb.html,https://www.transfermarkt.com/katar/startseite/verein/14162,2026-06-12T04:08:02+00:00
Qatar,Al-Hashmi Al-Hussain,https://www.transfermarkt.com/al-hashmi-al-hussain/profil/spieler/943150,25 | Al-Hashmi Al-Hussain Centre-Back |  | Al-Hashmi Al-Hussain | Centre-Back | 15/08/2003 (22) |  | €250k,Al-Hashmi Al-Hussain,€250k,data/raw/20260612_130802_transfermarkt_Qatar_national_team_a0f35ffabbeb.html,https://www.transfermarkt.com/katar/startseite/verein/14162,2026-06-12T04:08:02+00:00
Qatar,Issa Laye,https://www.transfermarkt.com/issa-laye/profil/spieler/1264176,4 | Issa Laye Centre-Back |  | Issa Laye | Centre-Back | 22/12/1997 (28) |  | €200k,Issa Laye,€200k,data/raw/20260612_130802_transfermarkt_Qatar_national_team_a0f35ffabbeb.html,https://www.transfermarkt.com/katar/startseite/verein/14162,2026-06-12T04:08:02+00:00
Qatar,Boualem Khoukhi,https://www.transfermarkt.com/boualem-khoukhi/profil/spieler/222669,16 | Boualem Khoukhi Centre-Back |  | Boualem Khoukhi | Centre-Back | 09/07/1990 (35) |  | €200k,Boualem Khoukhi,€200k,data/raw/20260612_130802_transfermarkt_Qatar_national_team_a0f35ffabbeb.html,https://www.transfermarkt.com/katar/startseite/verein/14162,2026-06-12T04:08:02+00:00
Qatar,Pedro Miguel,https://www.transfermarkt.com/pedro-miguel/profil/spieler/228727,2 | Pedro Miguel Centre-Back |  | Pedro Miguel | Centre-Back | 06/08/1990 (35) |  | €150k,Pedro Miguel,€150k,data/raw/20260612_130802_transfermarkt_Qatar_national_team_a0f35ffabbeb.html,https://www.transfermarkt.com/katar/startseite/verein/14162,2026-06-12T04:08:02+00:00
Qatar,Homam Al-Amin,https://www.transfermarkt.com/homam-al-amin/profil/spieler/556713,14 | Homam Al-Amin Left-Back |  | Homam Al-Amin | Left-Back | 25/08/1999 (26) |  | €500k,Homam Al-Amin,€500k,data/raw/20260612_130802_transfermarkt_Qatar_national_team_a0f35ffabbeb.html,https://www.transfermarkt.com/katar/startseite/verein/14162,2026-06-12T04:08:02+00:00
Qatar,Sultan Al-Brake,https://www.transfermarkt.com/sultan-al-brake/profil/spieler/336665,18 | Sultan Al-Brake Left-Back |  | Sultan Al-Brake | Left-Back | 07/04/1996 (30) |  | €300k,Sultan Al-Brake,€300k,data/raw/20260612_130802_transfermarkt_Qatar_national_team_a0f35ffabbeb.html,https://www.transfermarkt.com/katar/startseite/verein/14162,2026-06-12T04:08:02+00:00
Qatar,Ayoub Al-Oui,https://www.transfermarkt.com/ayoub-al-oui/profil/spieler/1054631,13 | Ayoub Al-Oui Right-Back |  | Ayoub Al-Oui | Right-Back | 11/03/2005 (21) |  | €375k,Ayoub Al-Oui,€375k,data/raw/20260612_130802_transfermarkt_Qatar_national_team_a0f35ffabbeb.html,https://www.transfermarkt.com/katar/startseite/verein/14162,2026-06-12T04:08:02+00:00
Qatar,Jassem Gaber,https://www.transfermarkt.com/jassem-gaber/profil/spieler/735813,5 | Jassem Gaber Defensive Midfield |  | Jassem Gaber | Defensive Midfield | 20/02/2002 (24) |  | €500k,Jassem Gaber,€500k,data/raw/20260612_130802_transfermarkt_Qatar_national_team_a0f35ffabbeb.html,https://www.transfermarkt.com/katar/startseite/verein/14162,2026-06-12T04:08:02+00:00
Qatar,Mohamed Al-Mannai,https://www.transfermarkt.com/mohamed-al-mannai/profil/spieler/822935,26 | Mohamed Al-Mannai Defensive Midfield |  | Mohamed Al-Mannai | Defensive Midfield | 30/10/2003 (22) |  | €500k,Mohamed Al-Mannai,€500k,data/raw/20260612_130802_transfermarkt_Qatar_national_team_a0f35ffabbeb.html,https://www.transfermarkt.com/katar/startseite/verein/14162,2026-06-12T04:08:02+00:00
Qatar,Assim Madibo,https://www.transfermarkt.com/assim-madibo/profil/spieler/336667,23 | Assim Madibo Defensive Midfield |  | Assim Madibo | Defensive Midfield | 22/10/1996 (29) |  | €350k,Assim Madibo,€350k,data/raw/20260612_130802_transfermarkt_Qatar_national_team_a0f35ffabbeb.html,https://www.transfermarkt.com/katar/startseite/verein/14162,2026-06-12T04:08:02+00:00
Qatar,Ahmed Fathi,https://www.transfermarkt.com/ahmed-fathi/profil/spieler/251183,20 | Ahmed Fathi Defensive Midfield |  | Ahmed Fathi | Defensive Midfield | 25/01/1993 (33) |  | €250k,Ahmed Fathi,€250k,data/raw/20260612_130802_transfermarkt_Qatar_national_team_a0f35ffabbeb.html,https://www.transfermarkt.com/katar/startseite/verein/14162,2026-06-12T04:08:02+00:00
Qatar,Karim Boudiaf,https://www.transfermarkt.com/karim-boudiaf/profil/spieler/222385,12 | Karim Boudiaf Defensive Midfield |  | Karim Boudiaf | Defensive Midfield | 16/09/1990 (35) |  | €175k,Karim Boudiaf,€175k,data/raw/20260612_130802_transfermarkt_Qatar_national_team_a0f35ffabbeb.html,https://www.transfermarkt.com/katar/startseite/verein/14162,2026-06-12T04:08:02+00:00
Qatar,Abdulaziz Hatim,https://www.transfermarkt.com/abdulaziz-hatim/profil/spieler/113915,6 | Abdulaziz Hatim Central Midfield |  | Abdulaziz Hatim | Central Midfield | 28/10/1990 (35) |  | €250k,Abdulaziz Hatim,€250k,data/raw/20260612_130802_transfermarkt_Qatar_national_team_a0f35ffabbeb.html,https://www.transfermarkt.com/katar/startseite/verein/14162,2026-06-12T04:08:02+00:00
Qatar,Hasan Al-Haydos,https://www.transfermarkt.com/hasan-al-haydos/profil/spieler/86286,10 | Hasan Al-Haydos Attacking Midfield |  | Hasan Al-Haydos | Attacking Midfield | 11/12/1990 (35) |  | €300k,Hasan Al-Haydos,€300k,data/raw/20260612_130802_transfermarkt_Qatar_national_team_a0f35ffabbeb.html,https://www.transfermarkt.com/katar/startseite/verein/14162,2026-06-12T04:08:02+00:00
Qatar,Akram Afif,https://www.transfermarkt.com/akram-afif/profil/spieler/336646,11 | Akram Afif Left Winger |  | Akram Afif | Left Winger | 18/11/1996 (29) |  | €8.00m,Akram Afif,€8.00m,data/raw/20260612_130802_transfermarkt_Qatar_national_team_a0f35ffabbeb.html,https://www.transfermarkt.com/katar/startseite/verein/14162,2026-06-12T04:08:02+00:00
Qatar,Edmílson Junior,https://www.transfermarkt.com/edmilson-junior/profil/spieler/237846,8 | Edmílson Junior Left Winger |  | Edmílson Junior | Left Winger | 19/08/1994 (31) |  | €1.80m,Edmílson Junior,€1.80m,data/raw/20260612_130802_transfermarkt_Qatar_national_team_a0f35ffabbeb.html,https://www.transfermarkt.com/katar/startseite/verein/14162,2026-06-12T04:08:02+00:00
Qatar,Yusuf Abdurisag,https://www.transfermarkt.com/yusuf-abdurisag/profil/spieler/589099,15 | Yusuf Abdurisag Left Winger |  | Yusuf Abdurisag | Left Winger | 06/08/1999 (26) |  | €275k,Yusuf Abdurisag,€275k,data/raw/20260612_130802_transfermarkt_Qatar_national_team_a0f35ffabbeb.html,https://www.transfermarkt.com/katar/startseite/verein/14162,2026-06-12T04:08:02+00:00
Qatar,Tahsin Mohammed Jamshid,https://www.transfermarkt.com/tahsin-mohammed-jamshid/profil/spieler/1143849,24 | Tahsin Mohammed Jamshid Left Winger |  | Tahsin Mohammed Jamshid | Left Winger | 16/06/2006 (19) |  | €200k,Tahsin Mohammed Jamshid,€200k,data/raw/20260612_130802_transfermarkt_Qatar_national_team_a0f35ffabbeb.html,https://www.transfermarkt.com/katar/startseite/verein/14162,2026-06-12T04:08:02+00:00
Qatar,Ahmed Al-Ganehi,https://www.transfermarkt.com/ahmed-al-ganehi/profil/spieler/670659,17 | Ahmed Al-Ganehi Right Winger |  | Ahmed Al-Ganehi | Right Winger | 22/09/2000 (25) |  | €500k,Ahmed Al-Ganehi,€500k,data/raw/20260612_130802_transfermarkt_Qatar_national_team_a0f35ffabbeb.html,https://www.transfermarkt.com/katar/startseite/verein/14162,2026-06-12T04:08:02+00:00
Qatar,Almoez Ali,https://www.transfermarkt.com/almoez-ali/profil/spieler/345095,19 | Almoez Ali Centre-Forward |  | Almoez Ali | Centre-Forward | 19/08/1996 (29) |  | €2.50m,Almoez Ali,€2.50m,data/raw/20260612_130802_transfermarkt_Qatar_national_team_a0f35ffabbeb.html,https://www.transfermarkt.com/katar/startseite/verein/14162,2026-06-12T04:08:02+00:00
Qatar,Ahmed Alaaeldin,https://www.transfermarkt.com/ahmed-alaaeldin/profil/spieler/187987,7 | Ahmed Alaaeldin Centre-Forward |  | Ahmed Alaaeldin | Centre-Forward | 31/01/1993 (33) |  | €300k,Ahmed Alaaeldin,€300k,data/raw/20260612_130802_transfermarkt_Qatar_national_team_a0f35ffabbeb.html,https://www.transfermarkt.com/katar/startseite/verein/14162,2026-06-12T04:08:02+00:00
Qatar,Mohammed Muntari,https://www.transfermarkt.com/mohammed-muntari/profil/spieler/266935,9 | Mohammed Muntari Centre-Forward |  | Mohammed Muntari | Centre-Forward | 20/12/1993 (32) |  | €200k,Mohammed Muntari,€200k,data/raw/20260612_130802_transfermarkt_Qatar_national_team_a0f35ffabbeb.html,https://www.transfermarkt.com/katar/startseite/verein/14162,2026-06-12T04:08:02+00:00
Switzerland,Gregor Kobel,https://www.transfermarkt.com/gregor-kobel/profil/spieler/257814,1 | Gregor Kobel Goalkeeper |  | Gregor Kobel | Goalkeeper | 06/12/1997 (28) |  | €40.00m,Gregor Kobel,€40.00m,data/raw/20260612_130806_transfermarkt_Switzerland_national_team_f6d939b10c72.html,https://www.transfermarkt.com/schweiz/startseite/verein/3384,2026-06-12T04:08:05+00:00
Switzerland,Marvin Keller,https://www.transfermarkt.com/marvin-keller/profil/spieler/500763,21 | Marvin Keller Goalkeeper |  | Marvin Keller | Goalkeeper | 03/07/2002 (23) |  | €6.00m,Marvin Keller,€6.00m,data/raw/20260612_130806_transfermarkt_Switzerland_national_team_f6d939b10c72.html,https://www.transfermarkt.com/schweiz/startseite/verein/3384,2026-06-12T04:08:05+00:00
Switzerland,Yvon Mvogo,https://www.transfermarkt.com/yvon-mvogo/profil/spieler/147051,12 | Yvon Mvogo Goalkeeper |  | Yvon Mvogo | Goalkeeper | 06/06/1994 (32) |  | €2.50m,Yvon Mvogo,€2.50m,data/raw/20260612_130806_transfermarkt_Switzerland_national_team_f6d939b10c72.html,https://www.transfermarkt.com/schweiz/startseite/verein/3384,2026-06-12T04:08:05+00:00
Switzerland,Manuel Akanji,https://www.transfermarkt.com/manuel-akanji/profil/spieler/284730,5 | Manuel Akanji Centre-Back |  | Manuel Akanji | Centre-Back | 19/07/1995 (30) |  | €17.00m,Manuel Akanji,€17.00m,data/raw/20260612_130806_transfermarkt_Switzerland_national_team_f6d939b10c72.html,https://www.transfermarkt.com/schweiz/startseite/verein/3384,2026-06-12T04:08:05+00:00
Switzerland,Aurèle Amenda,https://www.transfermarkt.com/aurele-amenda/profil/spieler/635645,24 | Aurèle Amenda Centre-Back |  | Aurèle Amenda | Centre-Back | 31/07/2003 (22) |  | €10.00m,Aurèle Amenda,€10.00m,data/raw/20260612_130806_transfermarkt_Switzerland_national_team_f6d939b10c72.html,https://www.transfermarkt.com/schweiz/startseite/verein/3384,2026-06-12T04:08:05+00:00
Switzerland,Luca Jaquez,https://www.transfermarkt.com/luca-jaquez/profil/spieler/539798,25 | Luca Jaquez Centre-Back |  | Luca Jaquez | Centre-Back | 02/06/2003 (23) |  | €10.00m,Luca Jaquez,€10.00m,data/raw/20260612_130806_transfermarkt_Switzerland_national_team_f6d939b10c72.html,https://www.transfermarkt.com/schweiz/startseite/verein/3384,2026-06-12T04:08:05+00:00
Switzerland,Nico Elvedi,https://www.transfermarkt.com/nico-elvedi/profil/spieler/192635,4 | Nico Elvedi Centre-Back |  | Nico Elvedi | Centre-Back | 30/09/1996 (29) |  | €8.00m,Nico Elvedi,€8.00m,data/raw/20260612_130806_transfermarkt_Switzerland_national_team_f6d939b10c72.html,https://www.transfermarkt.com/schweiz/startseite/verein/3384,2026-06-12T04:08:05+00:00
Switzerland,Eray Cömert,https://www.transfermarkt.com/eray-comert/profil/spieler/298583,18 | Eray Cömert Centre-Back |  | Eray Cömert | Centre-Back | 04/02/1998 (28) |  | €2.50m,Eray Cömert,€2.50m,data/raw/20260612_130806_transfermarkt_Switzerland_national_team_f6d939b10c72.html,https://www.transfermarkt.com/schweiz/startseite/verein/3384,2026-06-12T04:08:05+00:00
Switzerland,Miro Muheim,https://www.transfermarkt.com/miro-muheim/profil/spieler/298603,2 | Miro Muheim Left-Back |  | Miro Muheim | Left-Back | 24/03/1998 (28) |  | €5.00m,Miro Muheim,€5.00m,data/raw/20260612_130806_transfermarkt_Switzerland_national_team_f6d939b10c72.html,https://www.transfermarkt.com/schweiz/startseite/verein/3384,2026-06-12T04:08:05+00:00
Switzerland,Ricardo Rodríguez,https://www.transfermarkt.com/ricardo-rodriguez/profil/spieler/86784,13 | Ricardo Rodríguez Left-Back |  | Ricardo Rodríguez | Left-Back | 25/08/1992 (33) |  | €1.40m,Ricardo Rodríguez,€1.40m,data/raw/20260612_130806_transfermarkt_Switzerland_national_team_f6d939b10c72.html,https://www.transfermarkt.com/schweiz/startseite/verein/3384,2026-06-12T04:08:05+00:00
Switzerland,Silvan Widmer,https://www.transfermarkt.com/silvan-widmer/profil/spieler/168989,3 | Silvan Widmer Right-Back |  | Silvan Widmer | Right-Back | 05/03/1993 (33) |  | €800k,Silvan Widmer,€800k,data/raw/20260612_130806_transfermarkt_Switzerland_national_team_f6d939b10c72.html,https://www.transfermarkt.com/schweiz/startseite/verein/3384,2026-06-12T04:08:05+00:00
Switzerland,Denis Zakaria,https://www.transfermarkt.com/denis-zakaria/profil/spieler/334526,6 | Denis Zakaria Defensive Midfield |  | Denis Zakaria | Defensive Midfield | 20/11/1996 (29) |  | €25.00m,Denis Zakaria,€25.00m,data/raw/20260612_130806_transfermarkt_Switzerland_national_team_f6d939b10c72.html,https://www.transfermarkt.com/schweiz/startseite/verein/3384,2026-06-12T04:08:05+00:00
Switzerland,Ardon Jashari,https://www.transfermarkt.com/ardon-jashari/profil/spieler/608172,14 | Ardon Jashari Defensive Midfield |  | Ardon Jashari | Defensive Midfield | 30/07/2002 (23) |  | €25.00m,Ardon Jashari,€25.00m,data/raw/20260612_130806_transfermarkt_Switzerland_national_team_f6d939b10c72.html,https://www.transfermarkt.com/schweiz/startseite/verein/3384,2026-06-12T04:08:05+00:00
Switzerland,Granit Xhaka,https://www.transfermarkt.com/granit-xhaka/profil/spieler/111455,10 | Granit Xhaka Defensive Midfield |  | Granit Xhaka | Defensive Midfield | 27/09/1992 (33) |  | €8.00m,Granit Xhaka,€8.00m,data/raw/20260612_130806_transfermarkt_Switzerland_national_team_f6d939b10c72.html,https://www.transfermarkt.com/schweiz/startseite/verein/3384,2026-06-12T04:08:05+00:00
Switzerland,Johan Manzambi,https://www.transfermarkt.com/johan-manzambi/profil/spieler/927353,9 | Johan Manzambi Central Midfield |  | Johan Manzambi | Central Midfield | 14/10/2005 (20) |  | €50.00m,Johan Manzambi,€50.00m,data/raw/20260612_130806_transfermarkt_Switzerland_national_team_f6d939b10c72.html,https://www.transfermarkt.com/schweiz/startseite/verein/3384,2026-06-12T04:08:05+00:00
Switzerland,Djibril Sow,https://www.transfermarkt.com/djibril-sow/profil/spieler/212723,15 | Djibril Sow Central Midfield |  | Djibril Sow | Central Midfield | 06/02/1997 (29) |  | €7.50m,Djibril Sow,€7.50m,data/raw/20260612_130806_transfermarkt_Switzerland_national_team_f6d939b10c72.html,https://www.transfermarkt.com/schweiz/startseite/verein/3384,2026-06-12T04:08:05+00:00
Switzerland,Michel Aebischer,https://www.transfermarkt.com/michel-aebischer/profil/spieler/237658,20 | Michel Aebischer Central Midfield |  | Michel Aebischer | Central Midfield | 06/01/1997 (29) |  | €4.00m,Michel Aebischer,€4.00m,data/raw/20260612_130806_transfermarkt_Switzerland_national_team_f6d939b10c72.html,https://www.transfermarkt.com/schweiz/startseite/verein/3384,2026-06-12T04:08:05+00:00
Switzerland,Remo Freuler,https://www.transfermarkt.com/remo-freuler/profil/spieler/148252,8 | Remo Freuler Central Midfield |  | Remo Freuler | Central Midfield | 15/04/1992 (34) |  | €3.00m,Remo Freuler,€3.00m,data/raw/20260612_130806_transfermarkt_Switzerland_national_team_f6d939b10c72.html,https://www.transfermarkt.com/schweiz/startseite/verein/3384,2026-06-12T04:08:05+00:00
Switzerland,Fabian Rieder,https://www.transfermarkt.com/fabian-rieder/profil/spieler/507341,22 | Fabian Rieder Attacking Midfield |  | Fabian Rieder | Attacking Midfield | 16/02/2002 (24) |  | €12.00m,Fabian Rieder,€12.00m,data/raw/20260612_130806_transfermarkt_Switzerland_national_team_f6d939b10c72.html,https://www.transfermarkt.com/schweiz/startseite/verein/3384,2026-06-12T04:08:05+00:00
Switzerland,Christian Fassnacht,https://www.transfermarkt.com/christian-fassnacht/profil/spieler/250490,16 | Christian Fassnacht Attacking Midfield |  | Christian Fassnacht | Attacking Midfield | 11/11/1993 (32) |  | €2.00m,Christian Fassnacht,€2.00m,data/raw/20260612_130806_transfermarkt_Switzerland_national_team_f6d939b10c72.html,https://www.transfermarkt.com/schweiz/startseite/verein/3384,2026-06-12T04:08:05+00:00
Switzerland,Noah Okafor,https://www.transfermarkt.com/noah-okafor/profil/spieler/346890,19 | Noah Okafor Left Winger |  | Noah Okafor | Left Winger | 24/05/2000 (26) |  | €25.00m,Noah Okafor,€25.00m,data/raw/20260612_130806_transfermarkt_Switzerland_national_team_f6d939b10c72.html,https://www.transfermarkt.com/schweiz/startseite/verein/3384,2026-06-12T04:08:05+00:00
Switzerland,Rubén Vargas,https://www.transfermarkt.com/ruben-vargas/profil/spieler/345886,17 | Rubén Vargas Left Winger |  | Rubén Vargas | Left Winger | 05/08/1998 (27) |  | €12.00m,Rubén Vargas,€12.00m,data/raw/20260612_130806_transfermarkt_Switzerland_national_team_f6d939b10c72.html,https://www.transfermarkt.com/schweiz/startseite/verein/3384,2026-06-12T04:08:05+00:00
Switzerland,Dan Ndoye,https://www.transfermarkt.com/dan-ndoye/profil/spieler/365108,11 | Dan Ndoye Right Winger |  | Dan Ndoye | Right Winger | 25/10/2000 (25) |  | €32.00m,Dan Ndoye,€32.00m,data/raw/20260612_130806_transfermarkt_Switzerland_national_team_f6d939b10c72.html,https://www.transfermarkt.com/schweiz/startseite/verein/3384,2026-06-12T04:08:05+00:00
Switzerland,Breel Embolo,https://www.transfermarkt.com/breel-embolo/profil/spieler/237662,7 | Breel Embolo Centre-Forward |  | Breel Embolo | Centre-Forward | 14/02/1997 (29) |  | €15.00m,Breel Embolo,€15.00m,data/raw/20260612_130806_transfermarkt_Switzerland_national_team_f6d939b10c72.html,https://www.transfermarkt.com/schweiz/startseite/verein/3384,2026-06-12T04:08:05+00:00
Switzerland,Zeki Amdouni,https://www.transfermarkt.com/zeki-amdouni/profil/spieler/548729,23 | Zeki Amdouni Centre-Forward |  | Zeki Amdouni | Centre-Forward | 04/12/2000 (25) |  | €7.00m,Zeki Amdouni,€7.00m,data/raw/20260612_130806_transfermarkt_Switzerland_national_team_f6d939b10c72.html,https://www.transfermarkt.com/schweiz/startseite/verein/3384,2026-06-12T04:08:05+00:00
Switzerland,Cedric Itten,https://www.transfermarkt.com/cedric-itten/profil/spieler/243856,26 | Cedric Itten Centre-Forward |  | Cedric Itten | Centre-Forward | 27/12/1996 (29) |  | €1.80m,Cedric Itten,€1.80m,data/raw/20260612_130806_transfermarkt_Switzerland_national_team_f6d939b10c72.html,https://www.transfermarkt.com/schweiz/startseite/verein/3384,2026-06-12T04:08:05+00:00
Bosnia and Herzegovina,Nikola Vasilj,https://www.transfermarkt.com/nikola-vasilj/profil/spieler/248454,1 | Nikola Vasilj Goalkeeper |  | Nikola Vasilj | Goalkeeper | 02/12/1995 (30) |  | €4.50m,Nikola Vasilj,€4.50m,data/raw/20260612_130810_transfermarkt_Bosnia_and_Herzegovina_national_team_720436ce35d9.html,https://www.transfermarkt.com/bosnien-herzegowina/startseite/verein/3446,2026-06-12T04:08:09+00:00
Bosnia and Herzegovina,Martin Zlomislic,https://www.transfermarkt.com/martin-zlomislic/profil/spieler/495320,22 | Martin Zlomislic Goalkeeper |  | Martin Zlomislic | Goalkeeper | 16/08/1998 (27) |  | €2.00m,Martin Zlomislic,€2.00m,data/raw/20260612_130810_transfermarkt_Bosnia_and_Herzegovina_national_team_720436ce35d9.html,https://www.transfermarkt.com/bosnien-herzegowina/startseite/verein/3446,2026-06-12T04:08:09+00:00
Bosnia and Herzegovina,Mladen Jurkas,https://www.transfermarkt.com/mladen-jurkas/profil/spieler/952692,12 | Mladen Jurkas Goalkeeper |  | Mladen Jurkas | Goalkeeper | 07/10/2007 (18) |  | €700k,Mladen Jurkas,€700k,data/raw/20260612_130810_transfermarkt_Bosnia_and_Herzegovina_national_team_720436ce35d9.html,https://www.transfermarkt.com/bosnien-herzegowina/startseite/verein/3446,2026-06-12T04:08:09+00:00
Bosnia and Herzegovina,Tarik Muharemović,https://www.transfermarkt.com/tarik-muharemovic/profil/spieler/679423,4 | Tarik Muharemović Centre-Back |  | Tarik Muharemović | Centre-Back | 28/02/2003 (23) |  | €25.00m,Tarik Muharemović,€25.00m,data/raw/20260612_130810_transfermarkt_Bosnia_and_Herzegovina_national_team_720436ce35d9.html,https://www.transfermarkt.com/bosnien-herzegowina/startseite/verein/3446,2026-06-12T04:08:09+00:00
Bosnia and Herzegovina,Nidal Celik,https://www.transfermarkt.com/nidal-celik/profil/spieler/819566,24 | Nidal Celik Centre-Back |  | Nidal Celik | Centre-Back | 17/07/2006 (19) |  | €7.00m,Nidal Celik,€7.00m,data/raw/20260612_130810_transfermarkt_Bosnia_and_Herzegovina_national_team_720436ce35d9.html,https://www.transfermarkt.com/bosnien-herzegowina/startseite/verein/3446,2026-06-12T04:08:09+00:00
Bosnia and Herzegovina,Sead Kolasinac,https://www.transfermarkt.com/sead-kolasinac/profil/spieler/94005,5 | Sead Kolasinac Centre-Back |  | Sead Kolasinac | Centre-Back | 20/06/1993 (32) |  | €4.00m,Sead Kolasinac,€4.00m,data/raw/20260612_130810_transfermarkt_Bosnia_and_Herzegovina_national_team_720436ce35d9.html,https://www.transfermarkt.com/bosnien-herzegowina/startseite/verein/3446,2026-06-12T04:08:09+00:00
Bosnia and Herzegovina,Stjepan Radeljic,https://www.transfermarkt.com/stjepan-radeljic/profil/spieler/384568,21 | Stjepan Radeljic Centre-Back |  | Stjepan Radeljic | Centre-Back | 05/09/1997 (28) |  | €2.80m,Stjepan Radeljic,€2.80m,data/raw/20260612_130810_transfermarkt_Bosnia_and_Herzegovina_national_team_720436ce35d9.html,https://www.transfermarkt.com/bosnien-herzegowina/startseite/verein/3446,2026-06-12T04:08:09+00:00
Bosnia and Herzegovina,Nikola Katic,https://www.transfermarkt.com/nikola-katic/profil/spieler/422051,18 | Nikola Katic Centre-Back |  | Nikola Katic | Centre-Back | 10/10/1996 (29) |  | €1.80m,Nikola Katic,€1.80m,data/raw/20260612_130810_transfermarkt_Bosnia_and_Herzegovina_national_team_720436ce35d9.html,https://www.transfermarkt.com/bosnien-herzegowina/startseite/verein/3446,2026-06-12T04:08:09+00:00
Bosnia and Herzegovina,Nihad Mujakic,https://www.transfermarkt.com/nihad-mujakic/profil/spieler/380919,2 | Nihad Mujakic Centre-Back |  | Nihad Mujakic | Centre-Back | 15/04/1998 (28) |  | €1.20m,Nihad Mujakic,€1.20m,data/raw/20260612_130810_transfermarkt_Bosnia_and_Herzegovina_national_team_720436ce35d9.html,https://www.transfermarkt.com/bosnien-herzegowina/startseite/verein/3446,2026-06-12T04:08:09+00:00
Bosnia and Herzegovina,Dennis Hadzikadunic,https://www.transfermarkt.com/dennis-hadzikadunic/profil/spieler/322065,3 | Dennis Hadzikadunic Centre-Back |  | Dennis Hadzikadunic | Centre-Back | 09/07/1998 (27) |  | €1.20m,Dennis Hadzikadunic,€1.20m,data/raw/20260612_130810_transfermarkt_Bosnia_and_Herzegovina_national_team_720436ce35d9.html,https://www.transfermarkt.com/bosnien-herzegowina/startseite/verein/3446,2026-06-12T04:08:09+00:00
Bosnia and Herzegovina,Amar Dedić,https://www.transfermarkt.com/amar-dedic/profil/spieler/519184,7 | Amar Dedić Right-Back |  | Amar Dedić | Right-Back | 18/08/2002 (23) |  | €16.00m,Amar Dedić,€16.00m,data/raw/20260612_130810_transfermarkt_Bosnia_and_Herzegovina_national_team_720436ce35d9.html,https://www.transfermarkt.com/bosnien-herzegowina/startseite/verein/3446,2026-06-12T04:08:09+00:00
Bosnia and Herzegovina,Amir Hadziahmetovic,https://www.transfermarkt.com/amir-hadziahmetovic/profil/spieler/293213,16 | Amir Hadziahmetovic Defensive Midfield |  | Amir Hadziahmetovic | Defensive Midfield | 08/03/1997 (29) |  | €4.00m,Amir Hadziahmetovic,€4.00m,data/raw/20260612_130810_transfermarkt_Bosnia_and_Herzegovina_national_team_720436ce35d9.html,https://www.transfermarkt.com/bosnien-herzegowina/startseite/verein/3446,2026-06-12T04:08:09+00:00
Bosnia and Herzegovina,Ivan Šunjić,https://www.transfermarkt.com/ivan-sunjic/profil/spieler/226097,14 | Ivan Šunjić Defensive Midfield |  | Ivan Šunjić | Defensive Midfield | 09/10/1996 (29) |  | €2.00m,Ivan Šunjić,€2.00m,data/raw/20260612_130810_transfermarkt_Bosnia_and_Herzegovina_national_team_720436ce35d9.html,https://www.transfermarkt.com/bosnien-herzegowina/startseite/verein/3446,2026-06-12T04:08:09+00:00
Bosnia and Herzegovina,Dzenis Burnic,https://www.transfermarkt.com/dzenis-burnic/profil/spieler/251295,17 | Dzenis Burnic Defensive Midfield |  | Dzenis Burnic | Defensive Midfield | 22/05/1998 (28) |  | €1.20m,Dzenis Burnic,€1.20m,data/raw/20260612_130810_transfermarkt_Bosnia_and_Herzegovina_national_team_720436ce35d9.html,https://www.transfermarkt.com/bosnien-herzegowina/startseite/verein/3446,2026-06-12T04:08:09+00:00
Bosnia and Herzegovina,Benjamin Tahirović,https://www.transfermarkt.com/benjamin-tahirovic/profil/spieler/787907,6 | Benjamin Tahirović Central Midfield |  | Benjamin Tahirović | Central Midfield | 03/03/2003 (23) |  | €4.50m,Benjamin Tahirović,€4.50m,data/raw/20260612_130810_transfermarkt_Bosnia_and_Herzegovina_national_team_720436ce35d9.html,https://www.transfermarkt.com/bosnien-herzegowina/startseite/verein/3446,2026-06-12T04:08:09+00:00
Bosnia and Herzegovina,Armin Gigovic,https://www.transfermarkt.com/armin-gigovic/profil/spieler/651269,8 | Armin Gigovic Central Midfield |  | Armin Gigovic | Central Midfield | 06/04/2002 (24) |  | €2.50m,Armin Gigovic,€2.50m,data/raw/20260612_130810_transfermarkt_Bosnia_and_Herzegovina_national_team_720436ce35d9.html,https://www.transfermarkt.com/bosnien-herzegowina/startseite/verein/3446,2026-06-12T04:08:09+00:00
Bosnia and Herzegovina,Ivan Basic,https://www.transfermarkt.com/ivan-basic/profil/spieler/620560,13 | Ivan Basic Central Midfield |  | Ivan Basic | Central Midfield | 30/04/2002 (24) |  | €1.50m,Ivan Basic,€1.50m,data/raw/20260612_130810_transfermarkt_Bosnia_and_Herzegovina_national_team_720436ce35d9.html,https://www.transfermarkt.com/bosnien-herzegowina/startseite/verein/3446,2026-06-12T04:08:09+00:00
Bosnia and Herzegovina,Amar Memić,https://www.transfermarkt.com/amar-memic/profil/spieler/638990,15 | Amar Memić Right Midfield |  | Amar Memić | Right Midfield | 20/01/2001 (25) |  | €4.50m,Amar Memić,€4.50m,data/raw/20260612_130810_transfermarkt_Bosnia_and_Herzegovina_national_team_720436ce35d9.html,https://www.transfermarkt.com/bosnien-herzegowina/startseite/verein/3446,2026-06-12T04:08:09+00:00
Bosnia and Herzegovina,Ermin Mahmic,https://www.transfermarkt.com/ermin-mahmic/profil/spieler/803049,26 | Ermin Mahmic Attacking Midfield |  | Ermin Mahmic | Attacking Midfield | 14/03/2005 (21) |  | €5.00m,Ermin Mahmic,€5.00m,data/raw/20260612_130810_transfermarkt_Bosnia_and_Herzegovina_national_team_720436ce35d9.html,https://www.transfermarkt.com/bosnien-herzegowina/startseite/verein/3446,2026-06-12T04:08:09+00:00
Bosnia and Herzegovina,Kerim Alajbegovic,https://www.transfermarkt.com/kerim-alajbegovic/profil/spieler/929994,19 | Kerim Alajbegovic Left Winger |  | Kerim Alajbegovic | Left Winger | 21/09/2007 (18) |  | €22.00m,Kerim Alajbegovic,€22.00m,data/raw/20260612_130810_transfermarkt_Bosnia_and_Herzegovina_national_team_720436ce35d9.html,https://www.transfermarkt.com/bosnien-herzegowina/startseite/verein/3446,2026-06-12T04:08:09+00:00
Bosnia and Herzegovina,Esmir Bajraktarevic,https://www.transfermarkt.com/esmir-bajraktarevic/profil/spieler/925862,20 | Esmir Bajraktarevic Right Winger |  | Esmir Bajraktarevic | Right Winger | 10/03/2005 (21) |  | €8.00m,Esmir Bajraktarevic,€8.00m,data/raw/20260612_130810_transfermarkt_Bosnia_and_Herzegovina_national_team_720436ce35d9.html,https://www.transfermarkt.com/bosnien-herzegowina/startseite/verein/3446,2026-06-12T04:08:09+00:00
Bosnia and Herzegovina,Ermedin Demirovic,https://www.transfermarkt.com/ermedin-demirovic/profil/spieler/335457,10 | Ermedin Demirovic Centre-Forward |  | Ermedin Demirovic | Centre-Forward | 25/03/1998 (28) |  | €22.00m,Ermedin Demirovic,€22.00m,data/raw/20260612_130810_transfermarkt_Bosnia_and_Herzegovina_national_team_720436ce35d9.html,https://www.transfermarkt.com/bosnien-herzegowina/startseite/verein/3446,2026-06-12T04:08:09+00:00
Bosnia and Herzegovina,Haris Tabakovic,https://www.transfermarkt.com/haris-tabakovic/profil/spieler/203123,23 | Haris Tabakovic Centre-Forward |  | Haris Tabakovic | Centre-Forward | 20/06/1994 (31) |  | €3.50m,Haris Tabakovic,€3.50m,data/raw/20260612_130810_transfermarkt_Bosnia_and_Herzegovina_national_team_720436ce35d9.html,https://www.transfermarkt.com/bosnien-herzegowina/startseite/verein/3446,2026-06-12T04:08:09+00:00
Bosnia and Herzegovina,Jovo Lukić,https://www.transfermarkt.com/jovo-lukic/profil/spieler/457738,25 | Jovo Lukić Centre-Forward |  | Jovo Lukić | Centre-Forward | 28/11/1998 (27) |  | €2.20m,Jovo Lukić,€2.20m,data/raw/20260612_130810_transfermarkt_Bosnia_and_Herzegovina_national_team_720436ce35d9.html,https://www.transfermarkt.com/bosnien-herzegowina/startseite/verein/3446,2026-06-12T04:08:09+00:00
Bosnia and Herzegovina,Samed Bazdar,https://www.transfermarkt.com/samed-bazdar/profil/spieler/710969,9 | Samed Bazdar Centre-Forward |  | Samed Bazdar | Centre-Forward | 31/01/2004 (22) |  | €1.50m,Samed Bazdar,€1.50m,data/raw/20260612_130810_transfermarkt_Bosnia_and_Herzegovina_national_team_720436ce35d9.html,https://www.transfermarkt.com/bosnien-herzegowina/startseite/verein/3446,2026-06-12T04:08:09+00:00
Bosnia and Herzegovina,Edin Dzeko,https://www.transfermarkt.com/edin-dzeko/profil/spieler/28396,11 | Edin Dzeko Centre-Forward |  | Edin Dzeko | Centre-Forward | 17/03/1986 (40) |  | €1.00m,Edin Dzeko,€1.00m,data/raw/20260612_130810_transfermarkt_Bosnia_and_Herzegovina_national_team_720436ce35d9.html,https://www.transfermarkt.com/bosnien-herzegowina/startseite/verein/3446,2026-06-12T04:08:09+00:00
Brazil,Ederson,https://www.transfermarkt.com/ederson/profil/spieler/238223,23 | Ederson Goalkeeper |  | Ederson | Goalkeeper | 17/08/1993 (31) |  | €30.00m,Ederson,€30.00m,data/raw/20260612_130814_transfermarkt_Brazil_national_team_8510a9c52963.html,https://www.transfermarkt.com/brasilien/startseite/verein/3439,2026-06-12T04:08:13+00:00
Brazil,Alisson,https://www.transfermarkt.com/alisson/profil/spieler/105470,1 | Alisson Goalkeeper |  | Alisson | Goalkeeper | 02/10/1992 (32) |  | €25.00m,Alisson,€25.00m,data/raw/20260612_130814_transfermarkt_Brazil_national_team_8510a9c52963.html,https://www.transfermarkt.com/brasilien/startseite/verein/3439,2026-06-12T04:08:13+00:00
Brazil,Bento,https://www.transfermarkt.com/bento/profil/spieler/691906,- | Bento Goalkeeper |  | Bento | Goalkeeper | 10/06/1999 (25) |  | €12.00m,Bento,€12.00m,data/raw/20260612_130814_transfermarkt_Brazil_national_team_8510a9c52963.html,https://www.transfermarkt.com/brasilien/startseite/verein/3439,2026-06-12T04:08:13+00:00
Brazil,Lucas Perri,https://www.transfermarkt.com/lucas-perri/profil/spieler/352041,- | Lucas Perri Goalkeeper |  | Lucas Perri | Goalkeeper | 10/12/1997 (27) |  | €8.00m,Lucas Perri,€8.00m,data/raw/20260612_130814_transfermarkt_Brazil_national_team_8510a9c52963.html,https://www.transfermarkt.com/brasilien/startseite/verein/3439,2026-06-12T04:08:13+00:00
Brazil,Hugo Souza,https://www.transfermarkt.com/hugo-souza/profil/spieler/574901,- | Hugo Souza Goalkeeper |  | Hugo Souza | Goalkeeper | 31/01/1999 (25) |  | €8.00m,Hugo Souza,€8.00m,data/raw/20260612_130814_transfermarkt_Brazil_national_team_8510a9c52963.html,https://www.transfermarkt.com/brasilien/startseite/verein/3439,2026-06-12T04:08:13+00:00
Brazil,John Victor,https://www.transfermarkt.com/john-victor/profil/spieler/432914,- | John Victor Goalkeeper |  | John Victor | Goalkeeper | 13/02/1996 (28) |  | €7.00m,John Victor,€7.00m,data/raw/20260612_130814_transfermarkt_Brazil_national_team_8510a9c52963.html,https://www.transfermarkt.com/brasilien/startseite/verein/3439,2026-06-12T04:08:13+00:00
Brazil,Weverton,https://www.transfermarkt.com/weverton/profil/spieler/69400,12 | Weverton Goalkeeper |  | Weverton | Goalkeeper | 13/12/1987 (37) |  | €1.80m,Weverton,€1.80m,data/raw/20260612_130814_transfermarkt_Brazil_national_team_8510a9c52963.html,https://www.transfermarkt.com/brasilien/startseite/verein/3439,2026-06-12T04:08:13+00:00
Brazil,Gabriel,https://www.transfermarkt.com/gabriel/profil/spieler/435338,3 | Gabriel Centre-Back |  | Gabriel | Centre-Back | 19/12/1997 (27) |  | €75.00m,Gabriel,€75.00m,data/raw/20260612_130814_transfermarkt_Brazil_national_team_8510a9c52963.html,https://www.transfermarkt.com/brasilien/startseite/verein/3439,2026-06-12T04:08:13+00:00
Brazil,Murillo,https://www.transfermarkt.com/murillo/profil/spieler/1005649,- | Murillo Centre-Back |  | Murillo | Centre-Back | 04/07/2002 (22) |  | €50.00m,Murillo,€50.00m,data/raw/20260612_130814_transfermarkt_Brazil_national_team_8510a9c52963.html,https://www.transfermarkt.com/brasilien/startseite/verein/3439,2026-06-12T04:08:13+00:00
Brazil,Éder Militão,https://www.transfermarkt.com/eder-militao/profil/spieler/401530,- | Éder Militão Centre-Back |  | Éder Militão | Centre-Back | 18/01/1998 (26) |  | €40.00m,Éder Militão,€40.00m,data/raw/20260612_130814_transfermarkt_Brazil_national_team_8510a9c52963.html,https://www.transfermarkt.com/brasilien/startseite/verein/3439,2026-06-12T04:08:13+00:00
Brazil,Marquinhos,https://www.transfermarkt.com/marquinhos/profil/spieler/181767,4 | Marquinhos Centre-Back |  | Marquinhos | Centre-Back | 14/05/1994 (30) |  | €40.00m,Marquinhos,€40.00m,data/raw/20260612_130814_transfermarkt_Brazil_national_team_8510a9c52963.html,https://www.transfermarkt.com/brasilien/startseite/verein/3439,2026-06-12T04:08:13+00:00
Brazil,Lucas Beraldo,https://www.transfermarkt.com/lucas-beraldo/profil/spieler/872171,- | Lucas Beraldo Centre-Back |  | Lucas Beraldo | Centre-Back | 24/11/2003 (21) |  | €30.00m,Lucas Beraldo,€30.00m,data/raw/20260612_130814_transfermarkt_Brazil_national_team_8510a9c52963.html,https://www.transfermarkt.com/brasilien/startseite/verein/3439,2026-06-12T04:08:13+00:00
Brazil,Alexsandro,https://www.transfermarkt.com/alexsandro/profil/spieler/648020,- | Alexsandro Centre-Back |  | Alexsandro | Centre-Back | 09/08/1999 (25) |  | €12.00m,Alexsandro,€12.00m,data/raw/20260612_130814_transfermarkt_Brazil_national_team_8510a9c52963.html,https://www.transfermarkt.com/brasilien/startseite/verein/3439,2026-06-12T04:08:13+00:00
Brazil,Léo Ortiz,https://www.transfermarkt.com/leo-ortiz/profil/spieler/374136,- | Léo Ortiz Centre-Back |  | Léo Ortiz | Centre-Back | 03/01/1996 (28) |  | €11.00m,Léo Ortiz,€11.00m,data/raw/20260612_130814_transfermarkt_Brazil_national_team_8510a9c52963.html,https://www.transfermarkt.com/brasilien/startseite/verein/3439,2026-06-12T04:08:13+00:00
Brazil,Fabrício Bruno,https://www.transfermarkt.com/fabricio-bruno/profil/spieler/432773,- | Fabrício Bruno Centre-Back |  | Fabrício Bruno | Centre-Back | 12/02/1996 (28) |  | €7.00m,Fabrício Bruno,€7.00m,data/raw/20260612_130814_transfermarkt_Brazil_national_team_8510a9c52963.html,https://www.transfermarkt.com/brasilien/startseite/verein/3439,2026-06-12T04:08:13+00:00
Brazil,Danilo,https://www.transfermarkt.com/danilo/profil/spieler/145707,13 | Danilo Centre-Back |  | Danilo | Centre-Back | 15/07/1991 (33) |  | €4.00m,Danilo,€4.00m,data/raw/20260612_130814_transfermarkt_Brazil_national_team_8510a9c52963.html,https://www.transfermarkt.com/brasilien/startseite/verein/3439,2026-06-12T04:08:13+00:00
Brazil,Carlos Augusto,https://www.transfermarkt.com/carlos-augusto/profil/spieler/585982,- | Carlos Augusto Left-Back |  | Carlos Augusto | Left-Back | 07/01/1999 (25) |  | €22.00m,Carlos Augusto,€22.00m,data/raw/20260612_130814_transfermarkt_Brazil_national_team_8510a9c52963.html,https://www.transfermarkt.com/brasilien/startseite/verein/3439,2026-06-12T04:08:13+00:00
Brazil,Caio Henrique,https://www.transfermarkt.com/caio-henrique/profil/spieler/420064,- | Caio Henrique Left-Back |  | Caio Henrique | Left-Back | 31/07/1997 (27) |  | €18.00m,Caio Henrique,€18.00m,data/raw/20260612_130814_transfermarkt_Brazil_national_team_8510a9c52963.html,https://www.transfermarkt.com/brasilien/startseite/verein/3439,2026-06-12T04:08:13+00:00
Brazil,Guilherme Arana,https://www.transfermarkt.com/guilherme-arana/profil/spieler/346766,- | Guilherme Arana Left-Back |  | Guilherme Arana | Left-Back | 14/04/1997 (27) |  | €13.00m,Guilherme Arana,€13.00m,data/raw/20260612_130814_transfermarkt_Brazil_national_team_8510a9c52963.html,https://www.transfermarkt.com/brasilien/startseite/verein/3439,2026-06-12T04:08:13+00:00
Brazil,Douglas Santos,https://www.transfermarkt.com/douglas-santos/profil/spieler/220793,16 | Douglas Santos Left-Back |  | Douglas Santos | Left-Back | 22/03/1994 (30) |  | €10.00m,Douglas Santos,€10.00m,data/raw/20260612_130814_transfermarkt_Brazil_national_team_8510a9c52963.html,https://www.transfermarkt.com/brasilien/startseite/verein/3439,2026-06-12T04:08:13+00:00
Brazil,Luciano Juba,https://www.transfermarkt.com/luciano-juba/profil/spieler/676035,- | Luciano Juba Left-Back |  | Luciano Juba | Left-Back | 29/08/1999 (25) |  | €3.00m,Luciano Juba,€3.00m,data/raw/20260612_130814_transfermarkt_Brazil_national_team_8510a9c52963.html,https://www.transfermarkt.com/brasilien/startseite/verein/3439,2026-06-12T04:08:13+00:00
Brazil,Alex Sandro,https://www.transfermarkt.com/alex-sandro/profil/spieler/79960,6 | Alex Sandro Left-Back |  | Alex Sandro | Left-Back | 26/01/1991 (33) |  | €1.80m,Alex Sandro,€1.80m,data/raw/20260612_130814_transfermarkt_Brazil_national_team_8510a9c52963.html,https://www.transfermarkt.com/brasilien/startseite/verein/3439,2026-06-12T04:08:13+00:00
Brazil,Vanderson,https://www.transfermarkt.com/vanderson/profil/spieler/789082,- | Vanderson Right-Back |  | Vanderson | Right-Back | 21/06/2001 (23) |  | €20.00m,Vanderson,€20.00m,data/raw/20260612_130814_transfermarkt_Brazil_national_team_8510a9c52963.html,https://www.transfermarkt.com/brasilien/startseite/verein/3439,2026-06-12T04:08:13+00:00
Brazil,Wesley,https://www.transfermarkt.com/wesley/profil/spieler/964580,- | Wesley Right-Back |  | Wesley | Right-Back | 06/09/2003 (21) |  | €9.00m,Wesley,€9.00m,data/raw/20260612_130814_transfermarkt_Brazil_national_team_8510a9c52963.html,https://www.transfermarkt.com/brasilien/startseite/verein/3439,2026-06-12T04:08:13+00:00
Brazil,Vitinho,https://www.transfermarkt.com/vitinho/profil/spieler/468249,- | Vitinho Right-Back |  | Vitinho | Right-Back | 23/07/1999 (25) |  | €6.00m,Vitinho,€6.00m,data/raw/20260612_130814_transfermarkt_Brazil_national_team_8510a9c52963.html,https://www.transfermarkt.com/brasilien/startseite/verein/3439,2026-06-12T04:08:13+00:00
Brazil,Paulo Henrique,https://www.transfermarkt.com/paulo-henrique/profil/spieler/412594,- | Paulo Henrique Right-Back |  | Paulo Henrique | Right-Back | 25/07/1996 (28) |  | €1.70m,Paulo Henrique,€1.70m,data/raw/20260612_130814_transfermarkt_Brazil_national_team_8510a9c52963.html,https://www.transfermarkt.com/brasilien/startseite/verein/3439,2026-06-12T04:08:13+00:00
Brazil,André,https://www.transfermarkt.com/andre/profil/spieler/800176,- | André Defensive Midfield |  | André | Defensive Midfield | 16/07/2001 (23) |  | €25.00m,André,€25.00m,data/raw/20260612_130814_transfermarkt_Brazil_national_team_8510a9c52963.html,https://www.transfermarkt.com/brasilien/startseite/verein/3439,2026-06-12T04:08:13+00:00
Brazil,Fabinho,https://www.transfermarkt.com/fabinho/profil/spieler/225693,17 | Fabinho Defensive Midfield |  | Fabinho | Defensive Midfield | 23/10/1993 (31) |  | €18.00m,Fabinho,€18.00m,data/raw/20260612_130814_transfermarkt_Brazil_national_team_8510a9c52963.html,https://www.transfermarkt.com/brasilien/startseite/verein/3439,2026-06-12T04:08:13+00:00
Brazil,Casemiro,https://www.transfermarkt.com/casemiro/profil/spieler/16306,5 | Casemiro Defensive Midfield |  | Casemiro | Defensive Midfield | 23/02/1992 (32) |  | €12.00m,Casemiro,€12.00m,data/raw/20260612_130814_transfermarkt_Brazil_national_team_8510a9c52963.html,https://www.transfermarkt.com/brasilien/startseite/verein/3439,2026-06-12T04:08:13+00:00
Brazil,Bruno Guimarães,https://www.transfermarkt.com/bruno-guimaraes/profil/spieler/520624,8 | Bruno Guimarães Central Midfield |  | Bruno Guimarães | Central Midfield | 16/11/1997 (27) |  | €80.00m,Bruno Guimarães,€80.00m,data/raw/20260612_130814_transfermarkt_Brazil_national_team_8510a9c52963.html,https://www.transfermarkt.com/brasilien/startseite/verein/3439,2026-06-12T04:08:13+00:00
Brazil,Éderson,https://www.transfermarkt.com/ederson/profil/spieler/607854,2 | Éderson Central Midfield |  | Éderson | Central Midfield | 07/07/1999 (25) |  | €50.00m,Éderson,€50.00m,data/raw/20260612_130814_transfermarkt_Brazil_national_team_8510a9c52963.html,https://www.transfermarkt.com/brasilien/startseite/verein/3439,2026-06-12T04:08:13+00:00
Brazil,Joelinton,https://www.transfermarkt.com/joelinton/profil/spieler/333241,- | Joelinton Central Midfield |  | Joelinton | Central Midfield | 14/08/1996 (28) |  | €40.00m,Joelinton,€40.00m,data/raw/20260612_130814_transfermarkt_Brazil_national_team_8510a9c52963.html,https://www.transfermarkt.com/brasilien/startseite/verein/3439,2026-06-12T04:08:13+00:00
Brazil,João Gomes,https://www.transfermarkt.com/joao-gomes/profil/spieler/735570,- | João Gomes Central Midfield |  | João Gomes | Central Midfield | 12/02/2001 (23) |  | €40.00m,João Gomes,€40.00m,data/raw/20260612_130814_transfermarkt_Brazil_national_team_8510a9c52963.html,https://www.transfermarkt.com/brasilien/startseite/verein/3439,2026-06-12T04:08:13+00:00
Brazil,Andrey Santos,https://www.transfermarkt.com/andrey-santos/profil/spieler/743600,- | Andrey Santos Central Midfield |  | Andrey Santos | Central Midfield | 03/05/2004 (20) |  | €25.00m,Andrey Santos,€25.00m,data/raw/20260612_130814_transfermarkt_Brazil_national_team_8510a9c52963.html,https://www.transfermarkt.com/brasilien/startseite/verein/3439,2026-06-12T04:08:13+00:00
Brazil,Andreas Pereira,https://www.transfermarkt.com/andreas-pereira/profil/spieler/203394,- | Andreas Pereira Central Midfield |  | Andreas Pereira | Central Midfield | 01/01/1996 (28) |  | €20.00m,Andreas Pereira,€20.00m,data/raw/20260612_130814_transfermarkt_Brazil_national_team_8510a9c52963.html,https://www.transfermarkt.com/brasilien/startseite/verein/3439,2026-06-12T04:08:13+00:00
Brazil,Gerson,https://www.transfermarkt.com/gerson/profil/spieler/341705,- | Gerson Central Midfield |  | Gerson | Central Midfield | 20/05/1997 (27) |  | €20.00m,Gerson,€20.00m,data/raw/20260612_130814_transfermarkt_Brazil_national_team_8510a9c52963.html,https://www.transfermarkt.com/brasilien/startseite/verein/3439,2026-06-12T04:08:13+00:00
Brazil,Jean Lucas,https://www.transfermarkt.com/jean-lucas/profil/spieler/578872,- | Jean Lucas Central Midfield |  | Jean Lucas | Central Midfield | 22/06/1998 (26) |  | €8.00m,Jean Lucas,€8.00m,data/raw/20260612_130814_transfermarkt_Brazil_national_team_8510a9c52963.html,https://www.transfermarkt.com/brasilien/startseite/verein/3439,2026-06-12T04:08:13+00:00
Brazil,Lucas Paquetá,https://www.transfermarkt.com/lucas-paqueta/profil/spieler/444523,20 | Lucas Paquetá Attacking Midfield |  | Lucas Paquetá | Attacking Midfield | 27/08/1997 (27) |  | €40.00m,Lucas Paquetá,€40.00m,data/raw/20260612_130814_transfermarkt_Brazil_national_team_8510a9c52963.html,https://www.transfermarkt.com/brasilien/startseite/verein/3439,2026-06-12T04:08:13+00:00
Brazil,Vinicius Junior,https://www.transfermarkt.com/vinicius-junior/profil/spieler/371998,7 | Vinicius Junior Left Winger |  | Vinicius Junior | Left Winger | 12/07/2000 (24) |  | €200.00m,Vinicius Junior,€200.00m,data/raw/20260612_130814_transfermarkt_Brazil_national_team_8510a9c52963.html,https://www.transfermarkt.com/brasilien/startseite/verein/3439,2026-06-12T04:08:13+00:00
Brazil,Raphinha,https://www.transfermarkt.com/raphinha/profil/spieler/411295,11 | Raphinha Left Winger |  | Raphinha | Left Winger | 14/12/1996 (28) |  | €80.00m,Raphinha,€80.00m,data/raw/20260612_130814_transfermarkt_Brazil_national_team_8510a9c52963.html,https://www.transfermarkt.com/brasilien/startseite/verein/3439,2026-06-12T04:08:13+00:00
Brazil,Savinho,https://www.transfermarkt.com/savinho/profil/spieler/743591,- | Savinho Left Winger |  | Savinho | Left Winger | 10/04/2004 (20) |  | €55.00m,Savinho,€55.00m,data/raw/20260612_130814_transfermarkt_Brazil_national_team_8510a9c52963.html,https://www.transfermarkt.com/brasilien/startseite/verein/3439,2026-06-12T04:08:13+00:00
Brazil,Gabriel Martinelli,https://www.transfermarkt.com/gabriel-martinelli/profil/spieler/655488,22 | Gabriel Martinelli Left Winger |  | Gabriel Martinelli | Left Winger | 18/06/2001 (23) |  | €55.00m,Gabriel Martinelli,€55.00m,data/raw/20260612_130814_transfermarkt_Brazil_national_team_8510a9c52963.html,https://www.transfermarkt.com/brasilien/startseite/verein/3439,2026-06-12T04:08:13+00:00
Brazil,Matheus Cunha,https://www.transfermarkt.com/matheus-cunha/profil/spieler/517894,9 | Matheus Cunha Left Winger |  | Matheus Cunha | Left Winger | 27/05/1999 (25) |  | €50.00m,Matheus Cunha,€50.00m,data/raw/20260612_130814_transfermarkt_Brazil_national_team_8510a9c52963.html,https://www.transfermarkt.com/brasilien/startseite/verein/3439,2026-06-12T04:08:13+00:00
Brazil,Samuel Lino,https://www.transfermarkt.com/samuel-lino/profil/spieler/694928,- | Samuel Lino Left Winger |  | Samuel Lino | Left Winger | 23/12/1999 (25) |  | €25.00m,Samuel Lino,€25.00m,data/raw/20260612_130814_transfermarkt_Brazil_national_team_8510a9c52963.html,https://www.transfermarkt.com/brasilien/startseite/verein/3439,2026-06-12T04:08:13+00:00
Brazil,Rodrygo,https://www.transfermarkt.com/rodrygo/profil/spieler/412363,- | Rodrygo Right Winger |  | Rodrygo | Right Winger | 09/01/2001 (23) |  | €100.00m,Rodrygo,€100.00m,data/raw/20260612_130814_transfermarkt_Brazil_national_team_8510a9c52963.html,https://www.transfermarkt.com/brasilien/startseite/verein/3439,2026-06-12T04:08:13+00:00
Brazil,Estêvão,https://www.transfermarkt.com/estevao/profil/spieler/1056993,- | Estêvão Right Winger |  | Estêvão | Right Winger | 24/04/2007 (17) |  | €50.00m,Estêvão,€50.00m,data/raw/20260612_130814_transfermarkt_Brazil_national_team_8510a9c52963.html,https://www.transfermarkt.com/brasilien/startseite/verein/3439,2026-06-12T04:08:13+00:00
Brazil,Luiz Henrique,https://www.transfermarkt.com/luiz-henrique/profil/spieler/800175,21 | Luiz Henrique Right Winger |  | Luiz Henrique | Right Winger | 02/01/2001 (23) |  | €22.00m,Luiz Henrique,€22.00m,data/raw/20260612_130814_transfermarkt_Brazil_national_team_8510a9c52963.html,https://www.transfermarkt.com/brasilien/startseite/verein/3439,2026-06-12T04:08:13+00:00
Brazil,Antony,https://www.transfermarkt.com/antony/profil/spieler/602105,- | Antony Right Winger |  | Antony | Right Winger | 24/02/2000 (24) |  | €20.00m,Antony,€20.00m,data/raw/20260612_130814_transfermarkt_Brazil_national_team_8510a9c52963.html,https://www.transfermarkt.com/brasilien/startseite/verein/3439,2026-06-12T04:08:13+00:00
Brazil,João Pedro,https://www.transfermarkt.com/joao-pedro/profil/spieler/626724,- | João Pedro Centre-Forward |  | João Pedro | Centre-Forward | 26/09/2001 (23) |  | €50.00m,João Pedro,€50.00m,data/raw/20260612_130814_transfermarkt_Brazil_national_team_8510a9c52963.html,https://www.transfermarkt.com/brasilien/startseite/verein/3439,2026-06-12T04:08:13+00:00
Brazil,Endrick,https://www.transfermarkt.com/endrick/profil/spieler/971570,19 | Endrick Centre-Forward |  | Endrick | Centre-Forward | 21/07/2006 (18) |  | €40.00m,Endrick,€40.00m,data/raw/20260612_130814_transfermarkt_Brazil_national_team_8510a9c52963.html,https://www.transfermarkt.com/brasilien/startseite/verein/3439,2026-06-12T04:08:13+00:00
Brazil,Richarlison,https://www.transfermarkt.com/richarlison/profil/spieler/378710,- | Richarlison Centre-Forward |  | Richarlison | Centre-Forward | 10/05/1997 (27) |  | €30.00m,Richarlison,€30.00m,data/raw/20260612_130814_transfermarkt_Brazil_national_team_8510a9c52963.html,https://www.transfermarkt.com/brasilien/startseite/verein/3439,2026-06-12T04:08:13+00:00
Brazil,Vitor Roque,https://www.transfermarkt.com/vitor-roque/profil/spieler/943837,- | Vitor Roque Centre-Forward |  | Vitor Roque | Centre-Forward | 28/02/2005 (19) |  | €20.00m,Vitor Roque,€20.00m,data/raw/20260612_130814_transfermarkt_Brazil_national_team_8510a9c52963.html,https://www.transfermarkt.com/brasilien/startseite/verein/3439,2026-06-12T04:08:13+00:00
Brazil,Igor Jesus,https://www.transfermarkt.com/igor-jesus/profil/spieler/432164,- | Igor Jesus Centre-Forward |  | Igor Jesus | Centre-Forward | 25/02/2001 (23) |  | €15.00m,Igor Jesus,€15.00m,data/raw/20260612_130814_transfermarkt_Brazil_national_team_8510a9c52963.html,https://www.transfermarkt.com/brasilien/startseite/verein/3439,2026-06-12T04:08:13+00:00
Brazil,Kaio Jorge,https://www.transfermarkt.com/kaio-jorge/profil/spieler/620477,- | Kaio Jorge Centre-Forward |  | Kaio Jorge | Centre-Forward | 24/01/2002 (22) |  | €4.50m,Kaio Jorge,€4.50m,data/raw/20260612_130814_transfermarkt_Brazil_national_team_8510a9c52963.html,https://www.transfermarkt.com/brasilien/startseite/verein/3439,2026-06-12T04:08:13+00:00
Morocco,Yassine Bounou,https://www.transfermarkt.com/yassine-bounou/profil/spieler/207834,1 | Yassine Bounou Goalkeeper |  | Yassine Bounou | Goalkeeper | 05/04/1991 (33) |  | €7.00m,Yassine Bounou,€7.00m,data/raw/20260612_130817_transfermarkt_Morocco_national_team_2cfbc05173fd.html,https://www.transfermarkt.com/marokko/startseite/verein/3575,2026-06-12T04:08:17+00:00
Morocco,El Mehdi Benabid,https://www.transfermarkt.com/el-mehdi-benabid/profil/spieler/544414,- | El Mehdi Benabid Goalkeeper |  | El Mehdi Benabid | Goalkeeper | 24/01/1998 (26) |  | €1.60m,El Mehdi Benabid,€1.60m,data/raw/20260612_130817_transfermarkt_Morocco_national_team_2cfbc05173fd.html,https://www.transfermarkt.com/marokko/startseite/verein/3575,2026-06-12T04:08:17+00:00
Morocco,Salaheddine Chihab,https://www.transfermarkt.com/salaheddine-chihab/profil/spieler/356586,- | Salaheddine Chihab Goalkeeper |  | Salaheddine Chihab | Goalkeeper | 23/02/1993 (31) |  | €1.00m,Salaheddine Chihab,€1.00m,data/raw/20260612_130817_transfermarkt_Morocco_national_team_2cfbc05173fd.html,https://www.transfermarkt.com/marokko/startseite/verein/3575,2026-06-12T04:08:17+00:00
Morocco,Munir El Kajoui,https://www.transfermarkt.com/munir-el-kajoui/profil/spieler/97925,12 | Munir El Kajoui Goalkeeper |  | Munir El Kajoui | Goalkeeper | 10/05/1989 (35) |  | €850k,Munir El Kajoui,€850k,data/raw/20260612_130817_transfermarkt_Morocco_national_team_2cfbc05173fd.html,https://www.transfermarkt.com/marokko/startseite/verein/3575,2026-06-12T04:08:17+00:00
Morocco,El Mehdi Al Harrar,https://www.transfermarkt.com/el-mehdi-al-harrar/profil/spieler/822538,- | El Mehdi Al Harrar Goalkeeper |  | El Mehdi Al Harrar | Goalkeeper | 30/11/2000 (24) |  | €200k,El Mehdi Al Harrar,€200k,data/raw/20260612_130817_transfermarkt_Morocco_national_team_2cfbc05173fd.html,https://www.transfermarkt.com/marokko/startseite/verein/3575,2026-06-12T04:08:17+00:00
Morocco,Rachid Ghanimi,https://www.transfermarkt.com/rachid-ghanimi/profil/spieler/981522,- | Rachid Ghanimi Goalkeeper |  | Rachid Ghanimi | Goalkeeper | 25/04/2001 (23) |  | €25k,Rachid Ghanimi,€25k,data/raw/20260612_130817_transfermarkt_Morocco_national_team_2cfbc05173fd.html,https://www.transfermarkt.com/marokko/startseite/verein/3575,2026-06-12T04:08:17+00:00
Morocco,Nayef Aguerd,https://www.transfermarkt.com/nayef-aguerd/profil/spieler/361914,- | Nayef Aguerd Centre-Back |  | Nayef Aguerd | Centre-Back | 30/03/1996 (28) |  | €35.00m,Nayef Aguerd,€35.00m,data/raw/20260612_130817_transfermarkt_Morocco_national_team_2cfbc05173fd.html,https://www.transfermarkt.com/marokko/startseite/verein/3575,2026-06-12T04:08:17+00:00
Morocco,Abdel Abqar,https://www.transfermarkt.com/abdel-abqar/profil/spieler/559979,- | Abdel Abqar Centre-Back |  | Abdel Abqar | Centre-Back | 10/03/1999 (25) |  | €7.50m,Abdel Abqar,€7.50m,data/raw/20260612_130817_transfermarkt_Morocco_national_team_2cfbc05173fd.html,https://www.transfermarkt.com/marokko/startseite/verein/3575,2026-06-12T04:08:17+00:00
Morocco,Romain Saïss,https://www.transfermarkt.com/romain-saiss/profil/spieler/204198,- | Romain Saïss Centre-Back |  | Romain Saïss | Centre-Back | 26/03/1990 (34) |  | €3.00m,Romain Saïss,€3.00m,data/raw/20260612_130817_transfermarkt_Morocco_national_team_2cfbc05173fd.html,https://www.transfermarkt.com/marokko/startseite/verein/3575,2026-06-12T04:08:17+00:00
Morocco,Soufiane Bouftini,https://www.transfermarkt.com/soufiane-bouftini/profil/spieler/531007,- | Soufiane Bouftini Centre-Back |  | Soufiane Bouftini | Centre-Back | 03/05/1994 (30) |  | €1.80m,Soufiane Bouftini,€1.80m,data/raw/20260612_130817_transfermarkt_Morocco_national_team_2cfbc05173fd.html,https://www.transfermarkt.com/marokko/startseite/verein/3575,2026-06-12T04:08:17+00:00
Morocco,Jawad El Yamiq,https://www.transfermarkt.com/jawad-el-yamiq/profil/spieler/235412,- | Jawad El Yamiq Centre-Back |  | Jawad El Yamiq | Centre-Back | 29/02/1992 (32) |  | €1.50m,Jawad El Yamiq,€1.50m,data/raw/20260612_130817_transfermarkt_Morocco_national_team_2cfbc05173fd.html,https://www.transfermarkt.com/marokko/startseite/verein/3575,2026-06-12T04:08:17+00:00
Morocco,Adam Masina,https://www.transfermarkt.com/adam-masina/profil/spieler/286949,- | Adam Masina Centre-Back |  | Adam Masina | Centre-Back | 02/01/1994 (30) |  | €1.50m,Adam Masina,€1.50m,data/raw/20260612_130817_transfermarkt_Morocco_national_team_2cfbc05173fd.html,https://www.transfermarkt.com/marokko/startseite/verein/3575,2026-06-12T04:08:17+00:00
Morocco,Jamal Harkass,https://www.transfermarkt.com/jamal-harkass/profil/spieler/612041,- | Jamal Harkass Centre-Back |  | Jamal Harkass | Centre-Back | 24/11/1995 (29) |  | €1.40m,Jamal Harkass,€1.40m,data/raw/20260612_130817_transfermarkt_Morocco_national_team_2cfbc05173fd.html,https://www.transfermarkt.com/marokko/startseite/verein/3575,2026-06-12T04:08:17+00:00
Morocco,Marouane Louadni,https://www.transfermarkt.com/marouane-louadni/profil/spieler/518801,- | Marouane Louadni Centre-Back |  | Marouane Louadni | Centre-Back | 01/01/1995 (29) |  | €650k,Marouane Louadni,€650k,data/raw/20260612_130817_transfermarkt_Morocco_national_team_2cfbc05173fd.html,https://www.transfermarkt.com/marokko/startseite/verein/3575,2026-06-12T04:08:17+00:00
Morocco,Abdelhak Assal,https://www.transfermarkt.com/abdelhak-assal/profil/spieler/842418,- | Abdelhak Assal Centre-Back |  | Abdelhak Assal | Centre-Back | 08/06/1998 (26) |  | €650k,Abdelhak Assal,€650k,data/raw/20260612_130817_transfermarkt_Morocco_national_team_2cfbc05173fd.html,https://www.transfermarkt.com/marokko/startseite/verein/3575,2026-06-12T04:08:17+00:00
Morocco,Marwane Saadane,https://www.transfermarkt.com/marwane-saadane/profil/spieler/210009,5 | Marwane Saadane Centre-Back |  | Marwane Saadane | Centre-Back | 17/01/1992 (32) |  | €600k,Marwane Saadane,€600k,data/raw/20260612_130817_transfermarkt_Morocco_national_team_2cfbc05173fd.html,https://www.transfermarkt.com/marokko/startseite/verein/3575,2026-06-12T04:08:17+00:00
Morocco,Bouchaib Arrassi,https://www.transfermarkt.com/bouchaib-arrassi/profil/spieler/969934,- | Bouchaib Arrassi Centre-Back |  | Bouchaib Arrassi | Centre-Back | 06/01/2000 (24) |  | €250k,Bouchaib Arrassi,€250k,data/raw/20260612_130817_transfermarkt_Morocco_national_team_2cfbc05173fd.html,https://www.transfermarkt.com/marokko/startseite/verein/3575,2026-06-12T04:08:17+00:00
Morocco,Mehdi Mchakhchekh,https://www.transfermarkt.com/mehdi-mchakhchekh/profil/spieler/988205,- | Mehdi Mchakhchekh Centre-Back |  | Mehdi Mchakhchekh | Centre-Back | 23/02/2004 (20) |  | €10k,Mehdi Mchakhchekh,€10k,data/raw/20260612_130817_transfermarkt_Morocco_national_team_2cfbc05173fd.html,https://www.transfermarkt.com/marokko/startseite/verein/3575,2026-06-12T04:08:17+00:00
Morocco,Abdelhamid Ait Boudlal,https://www.transfermarkt.com/abdelhamid-ait-boudlal/profil/spieler/1134251,- | Abdelhamid Ait Boudlal Centre-Back |  | Abdelhamid Ait Boudlal | Centre-Back | 16/04/2006 (18) |  | -,Abdelhamid Ait Boudlal,-,data/raw/20260612_130817_transfermarkt_Morocco_national_team_2cfbc05173fd.html,https://www.transfermarkt.com/marokko/startseite/verein/3575,2026-06-12T04:08:17+00:00
Morocco,Souffian El Karouani,https://www.transfermarkt.com/souffian-el-karouani/profil/spieler/541134,- | Souffian El Karouani Left-Back |  | Souffian El Karouani | Left-Back | 19/10/2000 (24) |  | €5.00m,Souffian El Karouani,€5.00m,data/raw/20260612_130817_transfermarkt_Morocco_national_team_2cfbc05173fd.html,https://www.transfermarkt.com/marokko/startseite/verein/3575,2026-06-12T04:08:17+00:00
Morocco,Anass Salah-Eddine,https://www.transfermarkt.com/anass-salah-eddine/profil/spieler/485584,26 | Anass Salah-Eddine Left-Back |  | Anass Salah-Eddine | Left-Back | 18/01/2002 (22) |  | €5.00m,Anass Salah-Eddine,€5.00m,data/raw/20260612_130817_transfermarkt_Morocco_national_team_2cfbc05173fd.html,https://www.transfermarkt.com/marokko/startseite/verein/3575,2026-06-12T04:08:17+00:00
Morocco,Adam Aznou,https://www.transfermarkt.com/adam-aznou/profil/spieler/938146,- | Adam Aznou Left-Back |  | Adam Aznou | Left-Back | 02/06/2006 (18) |  | €3.00m,Adam Aznou,€3.00m,data/raw/20260612_130817_transfermarkt_Morocco_national_team_2cfbc05173fd.html,https://www.transfermarkt.com/marokko/startseite/verein/3575,2026-06-12T04:08:17+00:00
Morocco,Youssef Belammari,https://www.transfermarkt.com/youssef-belammari/profil/spieler/518804,19 | Youssef Belammari Left-Back |  | Youssef Belammari | Left-Back | 20/09/1998 (26) |  | €1.70m,Youssef Belammari,€1.70m,data/raw/20260612_130817_transfermarkt_Morocco_national_team_2cfbc05173fd.html,https://www.transfermarkt.com/marokko/startseite/verein/3575,2026-06-12T04:08:17+00:00
Morocco,Hamza El Moussaoui,https://www.transfermarkt.com/hamza-el-moussaoui/profil/spieler/348772,- | Hamza El Moussaoui Left-Back |  | Hamza El Moussaoui | Left-Back | 07/04/1993 (31) |  | €900k,Hamza El Moussaoui,€900k,data/raw/20260612_130817_transfermarkt_Morocco_national_team_2cfbc05173fd.html,https://www.transfermarkt.com/marokko/startseite/verein/3575,2026-06-12T04:08:17+00:00
Morocco,Mahmoud Bentayg,https://www.transfermarkt.com/mahmoud-bentayg/profil/spieler/840920,- | Mahmoud Bentayg Left-Back |  | Mahmoud Bentayg | Left-Back | 30/10/1999 (25) |  | €400k,Mahmoud Bentayg,€400k,data/raw/20260612_130817_transfermarkt_Morocco_national_team_2cfbc05173fd.html,https://www.transfermarkt.com/marokko/startseite/verein/3575,2026-06-12T04:08:17+00:00
Morocco,Fouad Zahouani,https://www.transfermarkt.com/fouad-zahouani/profil/spieler/1134255,- | Fouad Zahouani Left-Back |  | Fouad Zahouani | Left-Back | 18/04/2006 (18) |  | -,Fouad Zahouani,-,data/raw/20260612_130817_transfermarkt_Morocco_national_team_2cfbc05173fd.html,https://www.transfermarkt.com/marokko/startseite/verein/3575,2026-06-12T04:08:17+00:00
Morocco,Achraf Hakimi,https://www.transfermarkt.com/achraf-hakimi/profil/spieler/398073,2 | Achraf Hakimi Right-Back |  | Achraf Hakimi | Right-Back | 04/11/1998 (26) |  | €60.00m,Achraf Hakimi,€60.00m,data/raw/20260612_130817_transfermarkt_Morocco_national_team_2cfbc05173fd.html,https://www.transfermarkt.com/marokko/startseite/verein/3575,2026-06-12T04:08:17+00:00
Morocco,Noussair Mazraoui,https://www.transfermarkt.com/noussair-mazraoui/profil/spieler/340456,3 | Noussair Mazraoui Right-Back |  | Noussair Mazraoui | Right-Back | 14/11/1997 (27) |  | €32.00m,Noussair Mazraoui,€32.00m,data/raw/20260612_130817_transfermarkt_Morocco_national_team_2cfbc05173fd.html,https://www.transfermarkt.com/marokko/startseite/verein/3575,2026-06-12T04:08:17+00:00
Morocco,Zakaria El Ouahdi,https://www.transfermarkt.com/zakaria-el-ouahdi/profil/spieler/820474,13 | Zakaria El Ouahdi Right-Back |  | Zakaria El Ouahdi | Right-Back | 31/12/2001 (23) |  | €10.00m,Zakaria El Ouahdi,€10.00m,data/raw/20260612_130817_transfermarkt_Morocco_national_team_2cfbc05173fd.html,https://www.transfermarkt.com/marokko/startseite/verein/3575,2026-06-12T04:08:17+00:00
Morocco,Omar El Hilali,https://www.transfermarkt.com/omar-el-hilali/profil/spieler/822331,- | Omar El Hilali Right-Back |  | Omar El Hilali | Right-Back | 12/09/2003 (21) |  | €3.00m,Omar El Hilali,€3.00m,data/raw/20260612_130817_transfermarkt_Morocco_national_team_2cfbc05173fd.html,https://www.transfermarkt.com/marokko/startseite/verein/3575,2026-06-12T04:08:17+00:00
Morocco,Mohamed Chibi,https://www.transfermarkt.com/mohamed-chibi/profil/spieler/197714,- | Mohamed Chibi Right-Back |  | Mohamed Chibi | Right-Back | 21/01/1993 (31) |  | €1.20m,Mohamed Chibi,€1.20m,data/raw/20260612_130817_transfermarkt_Morocco_national_team_2cfbc05173fd.html,https://www.transfermarkt.com/marokko/startseite/verein/3575,2026-06-12T04:08:17+00:00
Morocco,Mohamed Moufid,https://www.transfermarkt.com/mohamed-moufid/profil/spieler/800363,- | Mohamed Moufid Right-Back |  | Mohamed Moufid | Right-Back | 12/01/2000 (24) |  | €850k,Mohamed Moufid,€850k,data/raw/20260612_130817_transfermarkt_Morocco_national_team_2cfbc05173fd.html,https://www.transfermarkt.com/marokko/startseite/verein/3575,2026-06-12T04:08:17+00:00
Morocco,Mohamed Boulacsout,https://www.transfermarkt.com/mohamed-boulacsout/profil/spieler/560873,- | Mohamed Boulacsout Right-Back |  | Mohamed Boulacsout | Right-Back | 23/09/1998 (26) |  | €800k,Mohamed Boulacsout,€800k,data/raw/20260612_130817_transfermarkt_Morocco_national_team_2cfbc05173fd.html,https://www.transfermarkt.com/marokko/startseite/verein/3575,2026-06-12T04:08:17+00:00
Morocco,Sofyan Amrabat,https://www.transfermarkt.com/sofyan-amrabat/profil/spieler/287579,4 | Sofyan Amrabat Defensive Midfield |  | Sofyan Amrabat | Defensive Midfield | 21/08/1996 (28) |  | €22.00m,Sofyan Amrabat,€22.00m,data/raw/20260612_130817_transfermarkt_Morocco_national_team_2cfbc05173fd.html,https://www.transfermarkt.com/marokko/startseite/verein/3575,2026-06-12T04:08:17+00:00
Morocco,Aschraf El Mahdioui,https://www.transfermarkt.com/aschraf-el-mahdioui/profil/spieler/295764,- | Aschraf El Mahdioui Defensive Midfield |  | Aschraf El Mahdioui | Defensive Midfield | 24/05/1996 (28) |  | €3.00m,Aschraf El Mahdioui,€3.00m,data/raw/20260612_130817_transfermarkt_Morocco_national_team_2cfbc05173fd.html,https://www.transfermarkt.com/marokko/startseite/verein/3575,2026-06-12T04:08:17+00:00
Morocco,Oussama Targhalline,https://www.transfermarkt.com/oussama-targhalline/profil/spieler/667965,- | Oussama Targhalline Defensive Midfield |  | Oussama Targhalline | Defensive Midfield | 20/05/2002 (22) |  | €3.00m,Oussama Targhalline,€3.00m,data/raw/20260612_130817_transfermarkt_Morocco_national_team_2cfbc05173fd.html,https://www.transfermarkt.com/marokko/startseite/verein/3575,2026-06-12T04:08:17+00:00
Morocco,Oussama El Azzouzi,https://www.transfermarkt.com/oussama-el-azzouzi/profil/spieler/531065,- | Oussama El Azzouzi Defensive Midfield |  | Oussama El Azzouzi | Defensive Midfield | 29/05/2001 (23) |  | €2.00m,Oussama El Azzouzi,€2.00m,data/raw/20260612_130817_transfermarkt_Morocco_national_team_2cfbc05173fd.html,https://www.transfermarkt.com/marokko/startseite/verein/3575,2026-06-12T04:08:17+00:00
Morocco,Mohamed Rabie Hrimat,https://www.transfermarkt.com/mohamed-rabie-hrimat/profil/spieler/553100,- | Mohamed Rabie Hrimat Defensive Midfield |  | Mohamed Rabie Hrimat | Defensive Midfield | 07/08/1994 (30) |  | €1.60m,Mohamed Rabie Hrimat,€1.60m,data/raw/20260612_130817_transfermarkt_Morocco_national_team_2cfbc05173fd.html,https://www.transfermarkt.com/marokko/startseite/verein/3575,2026-06-12T04:08:17+00:00
Morocco,Anas Bach,https://www.transfermarkt.com/anas-bach/profil/spieler/518802,- | Anas Bach Defensive Midfield |  | Anas Bach | Defensive Midfield | 10/02/1998 (26) |  | €750k,Anas Bach,€750k,data/raw/20260612_130817_transfermarkt_Morocco_national_team_2cfbc05173fd.html,https://www.transfermarkt.com/marokko/startseite/verein/3575,2026-06-12T04:08:17+00:00
Morocco,Azzedine Ounahi,https://www.transfermarkt.com/azzedine-ounahi/profil/spieler/593482,8 | Azzedine Ounahi Central Midfield |  | Azzedine Ounahi | Central Midfield | 19/04/2000 (24) |  | €10.00m,Azzedine Ounahi,€10.00m,data/raw/20260612_130817_transfermarkt_Morocco_national_team_2cfbc05173fd.html,https://www.transfermarkt.com/marokko/startseite/verein/3575,2026-06-12T04:08:17+00:00
Morocco,Amir Richardson,https://www.transfermarkt.com/amir-richardson/profil/spieler/893675,- | Amir Richardson Central Midfield |  | Amir Richardson | Central Midfield | 24/01/2002 (22) |  | €9.00m,Amir Richardson,€9.00m,data/raw/20260612_130817_transfermarkt_Morocco_national_team_2cfbc05173fd.html,https://www.transfermarkt.com/marokko/startseite/verein/3575,2026-06-12T04:08:17+00:00
Morocco,Neil El Aynaoui,https://www.transfermarkt.com/neil-el-aynaoui/profil/spieler/901019,24 | Neil El Aynaoui Central Midfield |  | Neil El Aynaoui | Central Midfield | 02/07/2001 (23) |  | €8.00m,Neil El Aynaoui,€8.00m,data/raw/20260612_130817_transfermarkt_Morocco_national_team_2cfbc05173fd.html,https://www.transfermarkt.com/marokko/startseite/verein/3575,2026-06-12T04:08:17+00:00
Morocco,Walid El Karti,https://www.transfermarkt.com/walid-el-karti/profil/spieler/235381,- | Walid El Karti Central Midfield |  | Walid El Karti | Central Midfield | 23/07/1994 (30) |  | €1.50m,Walid El Karti,€1.50m,data/raw/20260612_130817_transfermarkt_Morocco_national_team_2cfbc05173fd.html,https://www.transfermarkt.com/marokko/startseite/verein/3575,2026-06-12T04:08:17+00:00
Morocco,Bilal Nadir,https://www.transfermarkt.com/bilal-nadir/profil/spieler/659520,- | Bilal Nadir Central Midfield |  | Bilal Nadir | Central Midfield | 28/11/2003 (21) |  | €500k,Bilal Nadir,€500k,data/raw/20260612_130817_transfermarkt_Morocco_national_team_2cfbc05173fd.html,https://www.transfermarkt.com/marokko/startseite/verein/3575,2026-06-12T04:08:17+00:00
Morocco,Ayoub Khairi,https://www.transfermarkt.com/ayoub-khairi/profil/spieler/665738,- | Ayoub Khairi Central Midfield |  | Ayoub Khairi | Central Midfield | 16/02/2000 (24) |  | €500k,Ayoub Khairi,€500k,data/raw/20260612_130817_transfermarkt_Morocco_national_team_2cfbc05173fd.html,https://www.transfermarkt.com/marokko/startseite/verein/3575,2026-06-12T04:08:17+00:00
Morocco,Bilal El Khannouss,https://www.transfermarkt.com/bilal-el-khannouss/profil/spieler/654982,23 | Bilal El Khannouss Attacking Midfield |  | Bilal El Khannouss | Attacking Midfield | 10/05/2004 (20) |  | €30.00m,Bilal El Khannouss,€30.00m,data/raw/20260612_130817_transfermarkt_Morocco_national_team_2cfbc05173fd.html,https://www.transfermarkt.com/marokko/startseite/verein/3575,2026-06-12T04:08:17+00:00
Morocco,Ismael Saibari,https://www.transfermarkt.com/ismael-saibari/profil/spieler/702869,11 | Ismael Saibari Attacking Midfield |  | Ismael Saibari | Attacking Midfield | 28/01/2001 (23) |  | €23.00m,Ismael Saibari,€23.00m,data/raw/20260612_130817_transfermarkt_Morocco_national_team_2cfbc05173fd.html,https://www.transfermarkt.com/marokko/startseite/verein/3575,2026-06-12T04:08:17+00:00
Morocco,Oussama Tannane,https://www.transfermarkt.com/oussama-tannane/profil/spieler/235540,- | Oussama Tannane Attacking Midfield |  | Oussama Tannane | Attacking Midfield | 23/03/1994 (30) |  | €1.60m,Oussama Tannane,€1.60m,data/raw/20260612_130817_transfermarkt_Morocco_national_team_2cfbc05173fd.html,https://www.transfermarkt.com/marokko/startseite/verein/3575,2026-06-12T04:08:17+00:00
Morocco,Amine Zouhzouh,https://www.transfermarkt.com/amine-zouhzouh/profil/spieler/859134,- | Amine Zouhzouh Attacking Midfield |  | Amine Zouhzouh | Attacking Midfield | 11/08/2000 (24) |  | €1.50m,Amine Zouhzouh,€1.50m,data/raw/20260612_130817_transfermarkt_Morocco_national_team_2cfbc05173fd.html,https://www.transfermarkt.com/marokko/startseite/verein/3575,2026-06-12T04:08:17+00:00
Morocco,Sabir Bougrine,https://www.transfermarkt.com/sabir-bougrine/profil/spieler/318904,- | Sabir Bougrine Attacking Midfield |  | Sabir Bougrine | Attacking Midfield | 10/07/1996 (28) |  | €800k,Sabir Bougrine,€800k,data/raw/20260612_130817_transfermarkt_Morocco_national_team_2cfbc05173fd.html,https://www.transfermarkt.com/marokko/startseite/verein/3575,2026-06-12T04:08:17+00:00
Morocco,Khalid Aït Ouarkhane,https://www.transfermarkt.com/khalid-ait-ouarkhane/profil/spieler/631508,- | Khalid Aït Ouarkhane Attacking Midfield |  | Khalid Aït Ouarkhane | Attacking Midfield | 22/04/2000 (24) |  | €500k,Khalid Aït Ouarkhane,€500k,data/raw/20260612_130817_transfermarkt_Morocco_national_team_2cfbc05173fd.html,https://www.transfermarkt.com/marokko/startseite/verein/3575,2026-06-12T04:08:17+00:00
Morocco,Hossam Essadak,https://www.transfermarkt.com/hossam-essadak/profil/spieler/1074351,- | Hossam Essadak Attacking Midfield |  | Hossam Essadak | Attacking Midfield | 30/07/2005 (19) |  | €225k,Hossam Essadak,€225k,data/raw/20260612_130817_transfermarkt_Morocco_national_team_2cfbc05173fd.html,https://www.transfermarkt.com/marokko/startseite/verein/3575,2026-06-12T04:08:17+00:00
Morocco,Reda Hajji,https://www.transfermarkt.com/reda-hajji/profil/spieler/882910,- | Reda Hajji Attacking Midfield |  | Reda Hajji | Attacking Midfield | 26/08/2000 (24) |  | €150k,Reda Hajji,€150k,data/raw/20260612_130817_transfermarkt_Morocco_national_team_2cfbc05173fd.html,https://www.transfermarkt.com/marokko/startseite/verein/3575,2026-06-12T04:08:17+00:00
Morocco,Eliesse Ben Seghir,https://www.transfermarkt.com/eliesse-ben-seghir/profil/spieler/810895,- | Eliesse Ben Seghir Left Winger |  | Eliesse Ben Seghir | Left Winger | 16/02/2005 (19) |  | €30.00m,Eliesse Ben Seghir,€30.00m,data/raw/20260612_130817_transfermarkt_Morocco_national_team_2cfbc05173fd.html,https://www.transfermarkt.com/marokko/startseite/verein/3575,2026-06-12T04:08:17+00:00
Morocco,Amine Adli,https://www.transfermarkt.com/amine-adli/profil/spieler/532776,- | Amine Adli Left Winger |  | Amine Adli | Left Winger | 10/05/2000 (24) |  | €22.00m,Amine Adli,€22.00m,data/raw/20260612_130817_transfermarkt_Morocco_national_team_2cfbc05173fd.html,https://www.transfermarkt.com/marokko/startseite/verein/3575,2026-06-12T04:08:17+00:00
Morocco,Abde Ezzalzouli,https://www.transfermarkt.com/abde-ezzalzouli/profil/spieler/724520,- | Abde Ezzalzouli Left Winger |  | Abde Ezzalzouli | Left Winger | 17/12/2001 (23) |  | €15.00m,Abde Ezzalzouli,€15.00m,data/raw/20260612_130817_transfermarkt_Morocco_national_team_2cfbc05173fd.html,https://www.transfermarkt.com/marokko/startseite/verein/3575,2026-06-12T04:08:17+00:00
Morocco,Sofiane Diop,https://www.transfermarkt.com/sofiane-diop/profil/spieler/569389,- | Sofiane Diop Left Winger |  | Sofiane Diop | Left Winger | 09/06/2000 (24) |  | €12.00m,Sofiane Diop,€12.00m,data/raw/20260612_130817_transfermarkt_Morocco_national_team_2cfbc05173fd.html,https://www.transfermarkt.com/marokko/startseite/verein/3575,2026-06-12T04:08:17+00:00
Morocco,Osame Sahraoui,https://www.transfermarkt.com/osame-sahraoui/profil/spieler/580657,- | Osame Sahraoui Left Winger |  | Osame Sahraoui | Left Winger | 11/06/2001 (23) |  | €12.00m,Osame Sahraoui,€12.00m,data/raw/20260612_130817_transfermarkt_Morocco_national_team_2cfbc05173fd.html,https://www.transfermarkt.com/marokko/startseite/verein/3575,2026-06-12T04:08:17+00:00
Morocco,Soufiane Rahimi,https://www.transfermarkt.com/soufiane-rahimi/profil/spieler/598506,9 | Soufiane Rahimi Left Winger |  | Soufiane Rahimi | Left Winger | 02/06/1996 (28) |  | €7.50m,Soufiane Rahimi,€7.50m,data/raw/20260612_130817_transfermarkt_Morocco_national_team_2cfbc05173fd.html,https://www.transfermarkt.com/marokko/startseite/verein/3575,2026-06-12T04:08:17+00:00
Morocco,Mounir Chouiar,https://www.transfermarkt.com/mounir-chouiar/profil/spieler/355641,- | Mounir Chouiar Left Winger |  | Mounir Chouiar | Left Winger | 23/01/1999 (25) |  | €3.00m,Mounir Chouiar,€3.00m,data/raw/20260612_130817_transfermarkt_Morocco_national_team_2cfbc05173fd.html,https://www.transfermarkt.com/marokko/startseite/verein/3575,2026-06-12T04:08:17+00:00
Morocco,Youssef Mehri,https://www.transfermarkt.com/youssef-mehri/profil/spieler/868636,- | Youssef Mehri Left Winger |  | Youssef Mehri | Left Winger | 07/09/1999 (25) |  | €800k,Youssef Mehri,€800k,data/raw/20260612_130817_transfermarkt_Morocco_national_team_2cfbc05173fd.html,https://www.transfermarkt.com/marokko/startseite/verein/3575,2026-06-12T04:08:17+00:00
Morocco,Anas El Mahraoui,https://www.transfermarkt.com/anas-el-mahraoui/profil/spieler/1203845,- | Anas El Mahraoui Left Winger |  | Anas El Mahraoui | Left Winger | 29/03/2001 (23) |  | €50k,Anas El Mahraoui,€50k,data/raw/20260612_130817_transfermarkt_Morocco_national_team_2cfbc05173fd.html,https://www.transfermarkt.com/marokko/startseite/verein/3575,2026-06-12T04:08:17+00:00
Morocco,Brahim Díaz,https://www.transfermarkt.com/brahim-diaz/profil/spieler/314678,10 | Brahim Díaz Right Winger |  | Brahim Díaz | Right Winger | 03/08/1999 (25) |  | €35.00m,Brahim Díaz,€35.00m,data/raw/20260612_130817_transfermarkt_Morocco_national_team_2cfbc05173fd.html,https://www.transfermarkt.com/marokko/startseite/verein/3575,2026-06-12T04:08:17+00:00
Morocco,Ilias Akhomach,https://www.transfermarkt.com/ilias-akhomach/profil/spieler/709969,- | Ilias Akhomach Right Winger |  | Ilias Akhomach | Right Winger | 16/04/2004 (20) |  | €15.00m,Ilias Akhomach,€15.00m,data/raw/20260612_130817_transfermarkt_Morocco_national_team_2cfbc05173fd.html,https://www.transfermarkt.com/marokko/startseite/verein/3575,2026-06-12T04:08:17+00:00
Morocco,Chemsdine Talbi,https://www.transfermarkt.com/chemsdine-talbi/profil/spieler/743384,7 | Chemsdine Talbi Right Winger |  | Chemsdine Talbi | Right Winger | 09/05/2005 (19) |  | €3.00m,Chemsdine Talbi,€3.00m,data/raw/20260612_130817_transfermarkt_Morocco_national_team_2cfbc05173fd.html,https://www.transfermarkt.com/marokko/startseite/verein/3575,2026-06-12T04:08:17+00:00
Morocco,Amine Souane,https://www.transfermarkt.com/amine-souane/profil/spieler/738951,- | Amine Souane Right Winger |  | Amine Souane | Right Winger | 17/09/2001 (23) |  | €600k,Amine Souane,€600k,data/raw/20260612_130817_transfermarkt_Morocco_national_team_2cfbc05173fd.html,https://www.transfermarkt.com/marokko/startseite/verein/3575,2026-06-12T04:08:17+00:00
Morocco,Saifeddine Bouhra,https://www.transfermarkt.com/saifeddine-bouhra/profil/spieler/692595,- | Saifeddine Bouhra Right Winger |  | Saifeddine Bouhra | Right Winger | 05/03/2000 (24) |  | €450k,Saifeddine Bouhra,€450k,data/raw/20260612_130817_transfermarkt_Morocco_national_team_2cfbc05173fd.html,https://www.transfermarkt.com/marokko/startseite/verein/3575,2026-06-12T04:08:17+00:00
Morocco,Imad Riahi,https://www.transfermarkt.com/imad-riahi/profil/spieler/838829,- | Imad Riahi Right Winger |  | Imad Riahi | Right Winger | 28/07/2000 (24) |  | €450k,Imad Riahi,€450k,data/raw/20260612_130817_transfermarkt_Morocco_national_team_2cfbc05173fd.html,https://www.transfermarkt.com/marokko/startseite/verein/3575,2026-06-12T04:08:17+00:00
Morocco,Khalid Baba,https://www.transfermarkt.com/khalid-baba/profil/spieler/863506,- | Khalid Baba Right Winger |  | Khalid Baba | Right Winger | 13/01/2000 (24) |  | €175k,Khalid Baba,€175k,data/raw/20260612_130817_transfermarkt_Morocco_national_team_2cfbc05173fd.html,https://www.transfermarkt.com/marokko/startseite/verein/3575,2026-06-12T04:08:17+00:00
Morocco,Salaheddine Errahouli,https://www.transfermarkt.com/salaheddine-errahouli/profil/spieler/846437,- | Salaheddine Errahouli Right Winger |  | Salaheddine Errahouli | Right Winger | 12/10/2002 (22) |  | €150k,Salaheddine Errahouli,€150k,data/raw/20260612_130817_transfermarkt_Morocco_national_team_2cfbc05173fd.html,https://www.transfermarkt.com/marokko/startseite/verein/3575,2026-06-12T04:08:17+00:00
Morocco,Youssef En-Nesyri,https://www.transfermarkt.com/youssef-en-nesyri/profil/spieler/433049,- | Youssef En-Nesyri Centre-Forward |  | Youssef En-Nesyri | Centre-Forward | 01/06/1997 (27) |  | €22.00m,Youssef En-Nesyri,€22.00m,data/raw/20260612_130817_transfermarkt_Morocco_national_team_2cfbc05173fd.html,https://www.transfermarkt.com/marokko/startseite/verein/3575,2026-06-12T04:08:17+00:00
Morocco,Tarik Tissoudali,https://www.transfermarkt.com/tarik-tissoudali/profil/spieler/245228,- | Tarik Tissoudali Centre-Forward |  | Tarik Tissoudali | Centre-Forward | 02/04/1993 (31) |  | €5.00m,Tarik Tissoudali,€5.00m,data/raw/20260612_130817_transfermarkt_Morocco_national_team_2cfbc05173fd.html,https://www.transfermarkt.com/marokko/startseite/verein/3575,2026-06-12T04:08:17+00:00
Morocco,Ayoub El Kaabi,https://www.transfermarkt.com/ayoub-el-kaabi/profil/spieler/521127,20 | Ayoub El Kaabi Centre-Forward |  | Ayoub El Kaabi | Centre-Forward | 25/06/1993 (31) |  | €5.00m,Ayoub El Kaabi,€5.00m,data/raw/20260612_130817_transfermarkt_Morocco_national_team_2cfbc05173fd.html,https://www.transfermarkt.com/marokko/startseite/verein/3575,2026-06-12T04:08:17+00:00
Morocco,Walid Azaro,https://www.transfermarkt.com/walid-azaro/profil/spieler/471776,- | Walid Azaro Centre-Forward |  | Walid Azaro | Centre-Forward | 11/06/1995 (29) |  | €4.50m,Walid Azaro,€4.50m,data/raw/20260612_130817_transfermarkt_Morocco_national_team_2cfbc05173fd.html,https://www.transfermarkt.com/marokko/startseite/verein/3575,2026-06-12T04:08:17+00:00
Morocco,Hamza Igamane,https://www.transfermarkt.com/hamza-igamane/profil/spieler/885445,- | Hamza Igamane Centre-Forward |  | Hamza Igamane | Centre-Forward | 02/11/2002 (22) |  | €2.50m,Hamza Igamane,€2.50m,data/raw/20260612_130817_transfermarkt_Morocco_national_team_2cfbc05173fd.html,https://www.transfermarkt.com/marokko/startseite/verein/3575,2026-06-12T04:08:17+00:00
Morocco,Abderrazak Hamdallah,https://www.transfermarkt.com/abderrazak-hamdallah/profil/spieler/235052,- | Abderrazak Hamdallah Centre-Forward |  | Abderrazak Hamdallah | Centre-Forward | 17/12/1990 (34) |  | €2.00m,Abderrazak Hamdallah,€2.00m,data/raw/20260612_130817_transfermarkt_Morocco_national_team_2cfbc05173fd.html,https://www.transfermarkt.com/marokko/startseite/verein/3575,2026-06-12T04:08:17+00:00
Morocco,Karim El Berkaoui,https://www.transfermarkt.com/karim-el-berkaoui/profil/spieler/362278,- | Karim El Berkaoui Centre-Forward |  | Karim El Berkaoui | Centre-Forward | 29/03/1995 (29) |  | €1.00m,Karim El Berkaoui,€1.00m,data/raw/20260612_130817_transfermarkt_Morocco_national_team_2cfbc05173fd.html,https://www.transfermarkt.com/marokko/startseite/verein/3575,2026-06-12T04:08:17+00:00
Morocco,Oussama Lamlioui,https://www.transfermarkt.com/oussama-lamlioui/profil/spieler/732950,- | Oussama Lamlioui Centre-Forward |  | Oussama Lamlioui | Centre-Forward | 02/01/1996 (28) |  | €550k,Oussama Lamlioui,€550k,data/raw/20260612_130817_transfermarkt_Morocco_national_team_2cfbc05173fd.html,https://www.transfermarkt.com/marokko/startseite/verein/3575,2026-06-12T04:08:17+00:00
Morocco,Hamza Hannouri,https://www.transfermarkt.com/hamza-hannouri/profil/spieler/517712,- | Hamza Hannouri Centre-Forward |  | Hamza Hannouri | Centre-Forward | 22/01/1998 (26) |  | €500k,Hamza Hannouri,€500k,data/raw/20260612_130817_transfermarkt_Morocco_national_team_2cfbc05173fd.html,https://www.transfermarkt.com/marokko/startseite/verein/3575,2026-06-12T04:08:17+00:00
Morocco,Maroan Sannadi,https://www.transfermarkt.com/maroan-sannadi/profil/spieler/1054934,- | Maroan Sannadi Centre-Forward |  | Maroan Sannadi | Centre-Forward | 01/02/2001 (23) |  | €400k,Maroan Sannadi,€400k,data/raw/20260612_130817_transfermarkt_Morocco_national_team_2cfbc05173fd.html,https://www.transfermarkt.com/marokko/startseite/verein/3575,2026-06-12T04:08:17+00:00
Morocco,Ayoub Mouloua,https://www.transfermarkt.com/ayoub-mouloua/profil/spieler/844300,- | Ayoub Mouloua Centre-Forward |  | Ayoub Mouloua | Centre-Forward | 30/09/2002 (22) |  | €100k,Ayoub Mouloua,€100k,data/raw/20260612_130817_transfermarkt_Morocco_national_team_2cfbc05173fd.html,https://www.transfermarkt.com/marokko/startseite/verein/3575,2026-06-12T04:08:17+00:00
Morocco,Youness El Kaabi,https://www.transfermarkt.com/youness-el-kaabi/profil/spieler/1210200,- | Youness El Kaabi Centre-Forward |  | Youness El Kaabi | Centre-Forward | 12/12/2000 (24) |  | -,Youness El Kaabi,-,data/raw/20260612_130817_transfermarkt_Morocco_national_team_2cfbc05173fd.html,https://www.transfermarkt.com/marokko/startseite/verein/3575,2026-06-12T04:08:17+00:00
Haiti,Alexandre Pierre,https://www.transfermarkt.com/alexandre-pierre/profil/spieler/838947,12 | Alexandre Pierre Goalkeeper |  | Alexandre Pierre | Goalkeeper | 25/02/2001 (25) |  | €700k,Alexandre Pierre,€700k,data/raw/20260612_130821_transfermarkt_Haiti_national_team_f943a2fe07f8.html,https://www.transfermarkt.com/haiti/startseite/verein/14161,2026-06-12T04:08:20+00:00
Haiti,Johny Placide,https://www.transfermarkt.com/johny-placide/profil/spieler/51035,1 | Johny Placide Goalkeeper |  | Johny Placide | Goalkeeper | 29/01/1988 (38) |  | €150k,Johny Placide,€150k,data/raw/20260612_130821_transfermarkt_Haiti_national_team_f943a2fe07f8.html,https://www.transfermarkt.com/haiti/startseite/verein/14161,2026-06-12T04:08:20+00:00
Haiti,Josué Duverger,https://www.transfermarkt.com/josue-duverger/profil/spieler/490369,23 | Josué Duverger Goalkeeper |  | Josué Duverger | Goalkeeper | 27/04/2000 (26) |  | €50k,Josué Duverger,€50k,data/raw/20260612_130821_transfermarkt_Haiti_national_team_f943a2fe07f8.html,https://www.transfermarkt.com/haiti/startseite/verein/14161,2026-06-12T04:08:20+00:00
Haiti,Hannes Delcroix,https://www.transfermarkt.com/hannes-delcroix/profil/spieler/338635,5 | Hannes Delcroix Centre-Back |  | Hannes Delcroix | Centre-Back | 28/02/1999 (27) |  | €2.00m,Hannes Delcroix,€2.00m,data/raw/20260612_130821_transfermarkt_Haiti_national_team_f943a2fe07f8.html,https://www.transfermarkt.com/haiti/startseite/verein/14161,2026-06-12T04:08:20+00:00
Haiti,Jean-Kévin Duverne,https://www.transfermarkt.com/jean-kevin-duverne/profil/spieler/344864,22 | Jean-Kévin Duverne Centre-Back |  | Jean-Kévin Duverne | Centre-Back | 12/07/1997 (28) |  | €2.00m,Jean-Kévin Duverne,€2.00m,data/raw/20260612_130821_transfermarkt_Haiti_national_team_f943a2fe07f8.html,https://www.transfermarkt.com/haiti/startseite/verein/14161,2026-06-12T04:08:20+00:00
Haiti,Ricardo Adé,https://www.transfermarkt.com/ricardo-ade/profil/spieler/278145,4 | Ricardo Adé Centre-Back |  | Ricardo Adé | Centre-Back | 21/05/1990 (36) |  | €300k,Ricardo Adé,€300k,data/raw/20260612_130821_transfermarkt_Haiti_national_team_f943a2fe07f8.html,https://www.transfermarkt.com/haiti/startseite/verein/14161,2026-06-12T04:08:20+00:00
Haiti,Keeto Thermoncy,https://www.transfermarkt.com/keeto-thermoncy/profil/spieler/1061046,3 | Keeto Thermoncy Centre-Back |  | Keeto Thermoncy | Centre-Back | 29/03/2006 (20) |  | €100k,Keeto Thermoncy,€100k,data/raw/20260612_130821_transfermarkt_Haiti_national_team_f943a2fe07f8.html,https://www.transfermarkt.com/haiti/startseite/verein/14161,2026-06-12T04:08:20+00:00
Haiti,Martin Expérience,https://www.transfermarkt.com/martin-experience/profil/spieler/804885,8 | Martin Expérience Left-Back |  | Martin Expérience | Left-Back | 09/03/1999 (27) |  | €350k,Martin Expérience,€350k,data/raw/20260612_130821_transfermarkt_Haiti_national_team_f943a2fe07f8.html,https://www.transfermarkt.com/haiti/startseite/verein/14161,2026-06-12T04:08:20+00:00
Haiti,Duke Lacroix,https://www.transfermarkt.com/duke-lacroix/profil/spieler/375472,13 | Duke Lacroix Left-Back |  | Duke Lacroix | Left-Back | 14/10/1993 (32) |  | €125k,Duke Lacroix,€125k,data/raw/20260612_130821_transfermarkt_Haiti_national_team_f943a2fe07f8.html,https://www.transfermarkt.com/haiti/startseite/verein/14161,2026-06-12T04:08:20+00:00
Haiti,Carlens Arcus,https://www.transfermarkt.com/carlens-arcus/profil/spieler/371686,2 | Carlens Arcus Right-Back |  | Carlens Arcus | Right-Back | 28/06/1996 (29) |  | €1.80m,Carlens Arcus,€1.80m,data/raw/20260612_130821_transfermarkt_Haiti_national_team_f943a2fe07f8.html,https://www.transfermarkt.com/haiti/startseite/verein/14161,2026-06-12T04:08:20+00:00
Haiti,Wilguens Paugain,https://www.transfermarkt.com/wilguens-paugain/profil/spieler/609691,24 | Wilguens Paugain Right-Back |  | Wilguens Paugain | Right-Back | 24/08/2001 (24) |  | €800k,Wilguens Paugain,€800k,data/raw/20260612_130821_transfermarkt_Haiti_national_team_f943a2fe07f8.html,https://www.transfermarkt.com/haiti/startseite/verein/14161,2026-06-12T04:08:20+00:00
Haiti,Danley Jean Jacques,https://www.transfermarkt.com/danley-jean-jacques/profil/spieler/628834,17 | Danley Jean Jacques Defensive Midfield |  | Danley Jean Jacques | Defensive Midfield | 20/05/2000 (26) |  | €3.00m,Danley Jean Jacques,€3.00m,data/raw/20260612_130821_transfermarkt_Haiti_national_team_f943a2fe07f8.html,https://www.transfermarkt.com/haiti/startseite/verein/14161,2026-06-12T04:08:20+00:00
Haiti,Leverton Pierre,https://www.transfermarkt.com/leverton-pierre/profil/spieler/552467,14 | Leverton Pierre Defensive Midfield |  | Leverton Pierre | Defensive Midfield | 09/03/1998 (28) |  | €200k,Leverton Pierre,€200k,data/raw/20260612_130821_transfermarkt_Haiti_national_team_f943a2fe07f8.html,https://www.transfermarkt.com/haiti/startseite/verein/14161,2026-06-12T04:08:20+00:00
Haiti,Dominique Simon,https://www.transfermarkt.com/dominique-simon/profil/spieler/988188,25 | Dominique Simon Defensive Midfield |  | Dominique Simon | Defensive Midfield | 29/07/2000 (25) |  | €200k,Dominique Simon,€200k,data/raw/20260612_130821_transfermarkt_Haiti_national_team_f943a2fe07f8.html,https://www.transfermarkt.com/haiti/startseite/verein/14161,2026-06-12T04:08:20+00:00
Haiti,Carl Sainté,https://www.transfermarkt.com/carl-sainte/profil/spieler/718244,6 | Carl Sainté Defensive Midfield |  | Carl Sainté | Defensive Midfield | 09/08/2002 (23) |  | €125k,Carl Sainté,€125k,data/raw/20260612_130821_transfermarkt_Haiti_national_team_f943a2fe07f8.html,https://www.transfermarkt.com/haiti/startseite/verein/14161,2026-06-12T04:08:20+00:00
Haiti,Woodensky Pierre,https://www.transfermarkt.com/woodensky-pierre/profil/spieler/1017735,26 | Woodensky Pierre Defensive Midfield |  | Woodensky Pierre | Defensive Midfield | 30/12/2004 (21) |  | €100k,Woodensky Pierre,€100k,data/raw/20260612_130821_transfermarkt_Haiti_national_team_f943a2fe07f8.html,https://www.transfermarkt.com/haiti/startseite/verein/14161,2026-06-12T04:08:20+00:00
Haiti,Jean-Ricner Bellegarde,https://www.transfermarkt.com/jean-ricner-bellegarde/profil/spieler/450050,10 | Jean-Ricner Bellegarde Central Midfield |  | Jean-Ricner Bellegarde | Central Midfield | 27/06/1998 (27) |  | €16.00m,Jean-Ricner Bellegarde,€16.00m,data/raw/20260612_130821_transfermarkt_Haiti_national_team_f943a2fe07f8.html,https://www.transfermarkt.com/haiti/startseite/verein/14161,2026-06-12T04:08:20+00:00
Haiti,Derrick Etienne Jr.,https://www.transfermarkt.com/derrick-etienne-jr-/profil/spieler/354763,7 | Derrick Etienne Jr. Left Winger |  | Derrick Etienne Jr. | Left Winger | 25/11/1996 (29) |  | €800k,Derrick Etienne Jr.,€800k,data/raw/20260612_130821_transfermarkt_Haiti_national_team_f943a2fe07f8.html,https://www.transfermarkt.com/haiti/startseite/verein/14161,2026-06-12T04:08:20+00:00
Haiti,Ruben Providence,https://www.transfermarkt.com/ruben-providence/profil/spieler/536520,15 | Ruben Providence Left Winger |  | Ruben Providence | Left Winger | 07/07/2001 (24) |  | €300k,Ruben Providence,€300k,data/raw/20260612_130821_transfermarkt_Haiti_national_team_f943a2fe07f8.html,https://www.transfermarkt.com/haiti/startseite/verein/14161,2026-06-12T04:08:20+00:00
Haiti,Josué Casimir,https://www.transfermarkt.com/josue-casimir/profil/spieler/763182,21 | Josué Casimir Right Winger |  | Josué Casimir | Right Winger | 24/09/2001 (24) |  | €3.00m,Josué Casimir,€3.00m,data/raw/20260612_130821_transfermarkt_Haiti_national_team_f943a2fe07f8.html,https://www.transfermarkt.com/haiti/startseite/verein/14161,2026-06-12T04:08:20+00:00
Haiti,Louicius Deedson,https://www.transfermarkt.com/louicius-deedson/profil/spieler/646108,11 | Louicius Deedson Right Winger |  | Louicius Deedson | Right Winger | 11/02/2001 (25) |  | €1.20m,Louicius Deedson,€1.20m,data/raw/20260612_130821_transfermarkt_Haiti_national_team_f943a2fe07f8.html,https://www.transfermarkt.com/haiti/startseite/verein/14161,2026-06-12T04:08:20+00:00
Haiti,Wilson Isidor,https://www.transfermarkt.com/wilson-isidor/profil/spieler/494237,18 | Wilson Isidor Centre-Forward |  | Wilson Isidor | Centre-Forward | 27/08/2000 (25) |  | €18.00m,Wilson Isidor,€18.00m,data/raw/20260612_130821_transfermarkt_Haiti_national_team_f943a2fe07f8.html,https://www.transfermarkt.com/haiti/startseite/verein/14161,2026-06-12T04:08:20+00:00
Haiti,Lenny Joseph,https://www.transfermarkt.com/lenny-joseph/profil/spieler/815359,16 | Lenny Joseph Centre-Forward |  | Lenny Joseph | Centre-Forward | 12/10/2000 (25) |  | €2.00m,Lenny Joseph,€2.00m,data/raw/20260612_130821_transfermarkt_Haiti_national_team_f943a2fe07f8.html,https://www.transfermarkt.com/haiti/startseite/verein/14161,2026-06-12T04:08:20+00:00
Haiti,Frantzdy Pierrot,https://www.transfermarkt.com/frantzdy-pierrot/profil/spieler/492955,20 | Frantzdy Pierrot Centre-Forward |  | Frantzdy Pierrot | Centre-Forward | 29/03/1995 (31) |  | €1.50m,Frantzdy Pierrot,€1.50m,data/raw/20260612_130821_transfermarkt_Haiti_national_team_f943a2fe07f8.html,https://www.transfermarkt.com/haiti/startseite/verein/14161,2026-06-12T04:08:20+00:00
Haiti,Duckens Nazon,https://www.transfermarkt.com/duckens-nazon/profil/spieler/345763,9 | Duckens Nazon Centre-Forward |  | Duckens Nazon | Centre-Forward | 07/04/1994 (32) |  | €800k,Duckens Nazon,€800k,data/raw/20260612_130821_transfermarkt_Haiti_national_team_f943a2fe07f8.html,https://www.transfermarkt.com/haiti/startseite/verein/14161,2026-06-12T04:08:20+00:00
Haiti,Yassin Fortuné,https://www.transfermarkt.com/yassin-fortune/profil/spieler/342878,19 | Yassin Fortuné Centre-Forward |  | Yassin Fortuné | Centre-Forward | 30/01/1999 (27) |  | €300k,Yassin Fortuné,€300k,data/raw/20260612_130821_transfermarkt_Haiti_national_team_f943a2fe07f8.html,https://www.transfermarkt.com/haiti/startseite/verein/14161,2026-06-12T04:08:20+00:00
Scotland,Angus Gunn,https://www.transfermarkt.com/angus-gunn/profil/spieler/201574,1 | Angus Gunn Goalkeeper |  | Angus Gunn | Goalkeeper | 22/01/1996 (28) |  | €2.50m,Angus Gunn,€2.50m,data/raw/20260612_130824_transfermarkt_Scotland_national_team_0cdc0c995499.html,https://www.transfermarkt.com/schottland/startseite/verein/3380,2026-06-12T04:08:24+00:00
Scotland,Liam Kelly,https://www.transfermarkt.com/liam-kelly/profil/spieler/208772,12 | Liam Kelly Goalkeeper |  | Liam Kelly | Goalkeeper | 23/01/1996 (28) |  | €800k,Liam Kelly,€800k,data/raw/20260612_130824_transfermarkt_Scotland_national_team_0cdc0c995499.html,https://www.transfermarkt.com/schottland/startseite/verein/3380,2026-06-12T04:08:24+00:00
Scotland,Zander Clark,https://www.transfermarkt.com/zander-clark/profil/spieler/98067,- | Zander Clark Goalkeeper |  | Zander Clark | Goalkeeper | 26/06/1992 (32) |  | €500k,Zander Clark,€500k,data/raw/20260612_130824_transfermarkt_Scotland_national_team_0cdc0c995499.html,https://www.transfermarkt.com/schottland/startseite/verein/3380,2026-06-12T04:08:24+00:00
Scotland,Robby McCrorie,https://www.transfermarkt.com/robby-mccrorie/profil/spieler/244260,- | Robby McCrorie Goalkeeper |  | Robby McCrorie | Goalkeeper | 18/03/1998 (26) |  | €500k,Robby McCrorie,€500k,data/raw/20260612_130824_transfermarkt_Scotland_national_team_0cdc0c995499.html,https://www.transfermarkt.com/schottland/startseite/verein/3380,2026-06-12T04:08:24+00:00
Scotland,Cieran Slicker,https://www.transfermarkt.com/cieran-slicker/profil/spieler/621997,- | Cieran Slicker Goalkeeper |  | Cieran Slicker | Goalkeeper | 15/09/2002 (22) |  | €300k,Cieran Slicker,€300k,data/raw/20260612_130824_transfermarkt_Scotland_national_team_0cdc0c995499.html,https://www.transfermarkt.com/schottland/startseite/verein/3380,2026-06-12T04:08:24+00:00
Scotland,Ross Doohan,https://www.transfermarkt.com/ross-doohan/profil/spieler/285283,- | Ross Doohan Goalkeeper |  | Ross Doohan | Goalkeeper | 29/03/1998 (26) |  | €250k,Ross Doohan,€250k,data/raw/20260612_130824_transfermarkt_Scotland_national_team_0cdc0c995499.html,https://www.transfermarkt.com/schottland/startseite/verein/3380,2026-06-12T04:08:24+00:00
Scotland,Scott Bain,https://www.transfermarkt.com/scott-bain/profil/spieler/85627,- | Scott Bain Goalkeeper |  | Scott Bain | Goalkeeper | 22/11/1991 (33) |  | €200k,Scott Bain,€200k,data/raw/20260612_130824_transfermarkt_Scotland_national_team_0cdc0c995499.html,https://www.transfermarkt.com/schottland/startseite/verein/3380,2026-06-12T04:08:24+00:00
Scotland,Callan McKenna,https://www.transfermarkt.com/callan-mckenna/profil/spieler/983248,- | Callan McKenna Goalkeeper |  | Callan McKenna | Goalkeeper | 22/12/2006 (18) |  | €100k,Callan McKenna,€100k,data/raw/20260612_130824_transfermarkt_Scotland_national_team_0cdc0c995499.html,https://www.transfermarkt.com/schottland/startseite/verein/3380,2026-06-12T04:08:24+00:00
Scotland,Craig Gordon,https://www.transfermarkt.com/craig-gordon/profil/spieler/12589,21 | Craig Gordon Goalkeeper |  | Craig Gordon | Goalkeeper | 31/12/1982 (42) |  | €100k,Craig Gordon,€100k,data/raw/20260612_130824_transfermarkt_Scotland_national_team_0cdc0c995499.html,https://www.transfermarkt.com/schottland/startseite/verein/3380,2026-06-12T04:08:24+00:00
Scotland,Scott McKenna,https://www.transfermarkt.com/scott-mckenna/profil/spieler/255906,26 | Scott McKenna Centre-Back |  | Scott McKenna | Centre-Back | 12/11/1996 (28) |  | €6.00m,Scott McKenna,€6.00m,data/raw/20260612_130824_transfermarkt_Scotland_national_team_0cdc0c995499.html,https://www.transfermarkt.com/schottland/startseite/verein/3380,2026-06-12T04:08:24+00:00
Scotland,John Souttar,https://www.transfermarkt.com/john-souttar/profil/spieler/235767,15 | John Souttar Centre-Back |  | John Souttar | Centre-Back | 25/09/1996 (28) |  | €4.50m,John Souttar,€4.50m,data/raw/20260612_130824_transfermarkt_Scotland_national_team_0cdc0c995499.html,https://www.transfermarkt.com/schottland/startseite/verein/3380,2026-06-12T04:08:24+00:00
Scotland,Ryan Porteous,https://www.transfermarkt.com/ryan-porteous/profil/spieler/446093,- | Ryan Porteous Centre-Back |  | Ryan Porteous | Centre-Back | 25/03/1999 (25) |  | €3.00m,Ryan Porteous,€3.00m,data/raw/20260612_130824_transfermarkt_Scotland_national_team_0cdc0c995499.html,https://www.transfermarkt.com/schottland/startseite/verein/3380,2026-06-12T04:08:24+00:00
Scotland,Jack Hendry,https://www.transfermarkt.com/jack-hendry/profil/spieler/363223,13 | Jack Hendry Centre-Back |  | Jack Hendry | Centre-Back | 07/05/1995 (29) |  | €2.50m,Jack Hendry,€2.50m,data/raw/20260612_130824_transfermarkt_Scotland_national_team_0cdc0c995499.html,https://www.transfermarkt.com/schottland/startseite/verein/3380,2026-06-12T04:08:24+00:00
Scotland,Grant Hanley,https://www.transfermarkt.com/grant-hanley/profil/spieler/121385,5 | Grant Hanley Centre-Back |  | Grant Hanley | Centre-Back | 20/11/1991 (33) |  | €700k,Grant Hanley,€700k,data/raw/20260612_130824_transfermarkt_Scotland_national_team_0cdc0c995499.html,https://www.transfermarkt.com/schottland/startseite/verein/3380,2026-06-12T04:08:24+00:00
Scotland,Andrew Robertson,https://www.transfermarkt.com/andrew-robertson/profil/spieler/234803,3 | Andrew Robertson Left-Back |  | Andrew Robertson | Left-Back | 11/03/1994 (30) |  | €25.00m,Andrew Robertson,€25.00m,data/raw/20260612_130824_transfermarkt_Scotland_national_team_0cdc0c995499.html,https://www.transfermarkt.com/schottland/startseite/verein/3380,2026-06-12T04:08:24+00:00
Scotland,Kieran Tierney,https://www.transfermarkt.com/kieran-tierney/profil/spieler/300716,6 | Kieran Tierney Left-Back |  | Kieran Tierney | Left-Back | 05/06/1997 (27) |  | €10.00m,Kieran Tierney,€10.00m,data/raw/20260612_130824_transfermarkt_Scotland_national_team_0cdc0c995499.html,https://www.transfermarkt.com/schottland/startseite/verein/3380,2026-06-12T04:08:24+00:00
Scotland,Josh Doig,https://www.transfermarkt.com/josh-doig/profil/spieler/567129,- | Josh Doig Left-Back |  | Josh Doig | Left-Back | 18/05/2002 (22) |  | €4.50m,Josh Doig,€4.50m,data/raw/20260612_130824_transfermarkt_Scotland_national_team_0cdc0c995499.html,https://www.transfermarkt.com/schottland/startseite/verein/3380,2026-06-12T04:08:24+00:00
Scotland,Aaron Hickey,https://www.transfermarkt.com/aaron-hickey/profil/spieler/591949,2 | Aaron Hickey Right-Back |  | Aaron Hickey | Right-Back | 10/06/2002 (22) |  | €22.00m,Aaron Hickey,€22.00m,data/raw/20260612_130824_transfermarkt_Scotland_national_team_0cdc0c995499.html,https://www.transfermarkt.com/schottland/startseite/verein/3380,2026-06-12T04:08:24+00:00
Scotland,Nathan Patterson,https://www.transfermarkt.com/nathan-patterson/profil/spieler/424015,22 | Nathan Patterson Right-Back |  | Nathan Patterson | Right-Back | 16/10/2001 (23) |  | €15.00m,Nathan Patterson,€15.00m,data/raw/20260612_130824_transfermarkt_Scotland_national_team_0cdc0c995499.html,https://www.transfermarkt.com/schottland/startseite/verein/3380,2026-06-12T04:08:24+00:00
Scotland,Anthony Ralston,https://www.transfermarkt.com/anthony-ralston/profil/spieler/388171,24 | Anthony Ralston Right-Back |  | Anthony Ralston | Right-Back | 16/11/1998 (26) |  | €2.00m,Anthony Ralston,€2.00m,data/raw/20260612_130824_transfermarkt_Scotland_national_team_0cdc0c995499.html,https://www.transfermarkt.com/schottland/startseite/verein/3380,2026-06-12T04:08:24+00:00
Scotland,Max Johnston,https://www.transfermarkt.com/max-johnston/profil/spieler/652632,- | Max Johnston Right-Back |  | Max Johnston | Right-Back | 26/12/2003 (21) |  | €1.50m,Max Johnston,€1.50m,data/raw/20260612_130824_transfermarkt_Scotland_national_team_0cdc0c995499.html,https://www.transfermarkt.com/schottland/startseite/verein/3380,2026-06-12T04:08:24+00:00
Scotland,Billy Gilmour,https://www.transfermarkt.com/billy-gilmour/profil/spieler/423744,- | Billy Gilmour Defensive Midfield |  | Billy Gilmour | Defensive Midfield | 11/06/2001 (23) |  | €16.00m,Billy Gilmour,€16.00m,data/raw/20260612_130824_transfermarkt_Scotland_national_team_0cdc0c995499.html,https://www.transfermarkt.com/schottland/startseite/verein/3380,2026-06-12T04:08:24+00:00
Scotland,Connor Barron,https://www.transfermarkt.com/connor-barron/profil/spieler/567151,- | Connor Barron Defensive Midfield |  | Connor Barron | Defensive Midfield | 29/08/2002 (22) |  | €2.50m,Connor Barron,€2.50m,data/raw/20260612_130824_transfermarkt_Scotland_national_team_0cdc0c995499.html,https://www.transfermarkt.com/schottland/startseite/verein/3380,2026-06-12T04:08:24+00:00
Scotland,Scott McTominay,https://www.transfermarkt.com/scott-mctominay/profil/spieler/315969,4 | Scott McTominay Central Midfield |  | Scott McTominay | Central Midfield | 08/12/1996 (28) |  | €40.00m,Scott McTominay,€40.00m,data/raw/20260612_130824_transfermarkt_Scotland_national_team_0cdc0c995499.html,https://www.transfermarkt.com/schottland/startseite/verein/3380,2026-06-12T04:08:24+00:00
Scotland,John McGinn,https://www.transfermarkt.com/john-mcginn/profil/spieler/193116,7 | John McGinn Central Midfield |  | John McGinn | Central Midfield | 18/10/1994 (30) |  | €23.00m,John McGinn,€23.00m,data/raw/20260612_130824_transfermarkt_Scotland_national_team_0cdc0c995499.html,https://www.transfermarkt.com/schottland/startseite/verein/3380,2026-06-12T04:08:24+00:00
Scotland,Lewis Ferguson,https://www.transfermarkt.com/lewis-ferguson/profil/spieler/428563,19 | Lewis Ferguson Central Midfield |  | Lewis Ferguson | Central Midfield | 24/08/1999 (25) |  | €22.00m,Lewis Ferguson,€22.00m,data/raw/20260612_130824_transfermarkt_Scotland_national_team_0cdc0c995499.html,https://www.transfermarkt.com/schottland/startseite/verein/3380,2026-06-12T04:08:24+00:00
Scotland,Ryan Christie,https://www.transfermarkt.com/ryan-christie/profil/spieler/188077,11 | Ryan Christie Central Midfield |  | Ryan Christie | Central Midfield | 22/02/1995 (29) |  | €12.00m,Ryan Christie,€12.00m,data/raw/20260612_130824_transfermarkt_Scotland_national_team_0cdc0c995499.html,https://www.transfermarkt.com/schottland/startseite/verein/3380,2026-06-12T04:08:24+00:00
Scotland,Andrew Irving,https://www.transfermarkt.com/andrew-irving/profil/spieler/430310,- | Andrew Irving Central Midfield |  | Andrew Irving | Central Midfield | 13/05/2000 (24) |  | €5.00m,Andrew Irving,€5.00m,data/raw/20260612_130824_transfermarkt_Scotland_national_team_0cdc0c995499.html,https://www.transfermarkt.com/schottland/startseite/verein/3380,2026-06-12T04:08:24+00:00
Scotland,Lennon Miller,https://www.transfermarkt.com/lennon-miller/profil/spieler/924857,- | Lennon Miller Central Midfield |  | Lennon Miller | Central Midfield | 25/08/2006 (18) |  | €4.00m,Lennon Miller,€4.00m,data/raw/20260612_130824_transfermarkt_Scotland_national_team_0cdc0c995499.html,https://www.transfermarkt.com/schottland/startseite/verein/3380,2026-06-12T04:08:24+00:00
Scotland,Kenny McLean,https://www.transfermarkt.com/kenny-mclean/profil/spieler/126600,23 | Kenny McLean Central Midfield |  | Kenny McLean | Central Midfield | 08/01/1992 (32) |  | €800k,Kenny McLean,€800k,data/raw/20260612_130824_transfermarkt_Scotland_national_team_0cdc0c995499.html,https://www.transfermarkt.com/schottland/startseite/verein/3380,2026-06-12T04:08:24+00:00
Scotland,Josh Mulligan,https://www.transfermarkt.com/josh-mulligan/profil/spieler/674809,- | Josh Mulligan Central Midfield |  | Josh Mulligan | Central Midfield | 12/11/2002 (22) |  | €400k,Josh Mulligan,€400k,data/raw/20260612_130824_transfermarkt_Scotland_national_team_0cdc0c995499.html,https://www.transfermarkt.com/schottland/startseite/verein/3380,2026-06-12T04:08:24+00:00
Scotland,Ben Gannon-Doak,https://www.transfermarkt.com/ben-gannon-doak/profil/spieler/719673,17 | Ben Gannon-Doak Right Winger |  | Ben Gannon-Doak | Right Winger | 11/11/2005 (19) |  | €10.00m,Ben Gannon-Doak,€10.00m,data/raw/20260612_130824_transfermarkt_Scotland_national_team_0cdc0c995499.html,https://www.transfermarkt.com/schottland/startseite/verein/3380,2026-06-12T04:08:24+00:00
Scotland,Ché Adams,https://www.transfermarkt.com/che-adams/profil/spieler/346779,10 | Ché Adams Centre-Forward |  | Ché Adams | Centre-Forward | 13/07/1996 (28) |  | €15.00m,Ché Adams,€15.00m,data/raw/20260612_130824_transfermarkt_Scotland_national_team_0cdc0c995499.html,https://www.transfermarkt.com/schottland/startseite/verein/3380,2026-06-12T04:08:24+00:00
Scotland,Tommy Conway,https://www.transfermarkt.com/tommy-conway/profil/spieler/801426,- | Tommy Conway Centre-Forward |  | Tommy Conway | Centre-Forward | 06/08/2002 (22) |  | €6.00m,Tommy Conway,€6.00m,data/raw/20260612_130824_transfermarkt_Scotland_national_team_0cdc0c995499.html,https://www.transfermarkt.com/schottland/startseite/verein/3380,2026-06-12T04:08:24+00:00
Scotland,George Hirst,https://www.transfermarkt.com/george-hirst/profil/spieler/420808,18 | George Hirst Centre-Forward |  | George Hirst | Centre-Forward | 15/02/1999 (25) |  | €5.00m,George Hirst,€5.00m,data/raw/20260612_130824_transfermarkt_Scotland_national_team_0cdc0c995499.html,https://www.transfermarkt.com/schottland/startseite/verein/3380,2026-06-12T04:08:24+00:00
Scotland,Lawrence Shankland,https://www.transfermarkt.com/lawrence-shankland/profil/spieler/225744,20 | Lawrence Shankland Centre-Forward |  | Lawrence Shankland | Centre-Forward | 10/08/1995 (29) |  | €3.00m,Lawrence Shankland,€3.00m,data/raw/20260612_130824_transfermarkt_Scotland_national_team_0cdc0c995499.html,https://www.transfermarkt.com/schottland/startseite/verein/3380,2026-06-12T04:08:24+00:00
Scotland,Kevin Nisbet,https://www.transfermarkt.com/kevin-nisbet/profil/spieler/360661,- | Kevin Nisbet Centre-Forward |  | Kevin Nisbet | Centre-Forward | 08/03/1997 (27) |  | €2.50m,Kevin Nisbet,€2.50m,data/raw/20260612_130824_transfermarkt_Scotland_national_team_0cdc0c995499.html,https://www.transfermarkt.com/schottland/startseite/verein/3380,2026-06-12T04:08:24+00:00
Scotland,Lyndon Dykes,https://www.transfermarkt.com/lyndon-dykes/profil/spieler/347138,9 | Lyndon Dykes Centre-Forward |  | Lyndon Dykes | Centre-Forward | 07/10/1995 (29) |  | €1.50m,Lyndon Dykes,€1.50m,data/raw/20260612_130824_transfermarkt_Scotland_national_team_0cdc0c995499.html,https://www.transfermarkt.com/schottland/startseite/verein/3380,2026-06-12T04:08:24+00:00
Scotland,James Wilson,https://www.transfermarkt.com/james-wilson/profil/spieler/1041600,- | James Wilson Centre-Forward |  | James Wilson | Centre-Forward | 06/03/2007 (17) |  | €800k,James Wilson,€800k,data/raw/20260612_130824_transfermarkt_Scotland_national_team_0cdc0c995499.html,https://www.transfermarkt.com/schottland/startseite/verein/3380,2026-06-12T04:08:24+00:00
Scotland,Kieron Bowie,https://www.transfermarkt.com/kieron-bowie/profil/spieler/647280,- | Kieron Bowie Centre-Forward |  | Kieron Bowie | Centre-Forward | 21/09/2002 (22) |  | €500k,Kieron Bowie,€500k,data/raw/20260612_130824_transfermarkt_Scotland_national_team_0cdc0c995499.html,https://www.transfermarkt.com/schottland/startseite/verein/3380,2026-06-12T04:08:24+00:00
United States,Matt Turner,https://www.transfermarkt.com/matt-turner/profil/spieler/425306,1 | Matt Turner Goalkeeper |  | Matt Turner | Goalkeeper | 24/06/1994 (31) |  | €2.50m,Matt Turner,€2.50m,data/raw/20260612_130828_transfermarkt_United_States_national_team_3b77eaa2b23a.html,https://www.transfermarkt.com/vereinigte-staaten/startseite/verein/3505,2026-06-12T04:08:28+00:00
United States,Chris Brady,https://www.transfermarkt.com/chris-brady/profil/spieler/765504,25 | Chris Brady Goalkeeper |  | Chris Brady | Goalkeeper | 03/03/2004 (22) |  | €2.50m,Chris Brady,€2.50m,data/raw/20260612_130828_transfermarkt_United_States_national_team_3b77eaa2b23a.html,https://www.transfermarkt.com/vereinigte-staaten/startseite/verein/3505,2026-06-12T04:08:28+00:00
United States,Matt Freese,https://www.transfermarkt.com/matt-freese/profil/spieler/500309,24 | Matt Freese Goalkeeper |  | Matt Freese | Goalkeeper | 02/09/1998 (27) |  | €2.00m,Matt Freese,€2.00m,data/raw/20260612_130828_transfermarkt_United_States_national_team_3b77eaa2b23a.html,https://www.transfermarkt.com/vereinigte-staaten/startseite/verein/3505,2026-06-12T04:08:28+00:00
United States,Chris Richards,https://www.transfermarkt.com/chris-richards/profil/spieler/578539,3 | Chris Richards Centre-Back |  | Chris Richards | Centre-Back | 28/03/2000 (26) |  | €28.00m,Chris Richards,€28.00m,data/raw/20260612_130828_transfermarkt_United_States_national_team_3b77eaa2b23a.html,https://www.transfermarkt.com/vereinigte-staaten/startseite/verein/3505,2026-06-12T04:08:28+00:00
United States,Mark McKenzie,https://www.transfermarkt.com/mark-mckenzie/profil/spieler/429259,22 | Mark McKenzie Centre-Back |  | Mark McKenzie | Centre-Back | 25/02/1999 (27) |  | €7.00m,Mark McKenzie,€7.00m,data/raw/20260612_130828_transfermarkt_United_States_national_team_3b77eaa2b23a.html,https://www.transfermarkt.com/vereinigte-staaten/startseite/verein/3505,2026-06-12T04:08:28+00:00
United States,Auston Trusty,https://www.transfermarkt.com/auston-trusty/profil/spieler/389253,6 | Auston Trusty Centre-Back |  | Auston Trusty | Centre-Back | 12/08/1998 (27) |  | €6.00m,Auston Trusty,€6.00m,data/raw/20260612_130828_transfermarkt_United_States_national_team_3b77eaa2b23a.html,https://www.transfermarkt.com/vereinigte-staaten/startseite/verein/3505,2026-06-12T04:08:28+00:00
United States,Miles Robinson,https://www.transfermarkt.com/miles-robinson/profil/spieler/468022,12 | Miles Robinson Centre-Back |  | Miles Robinson | Centre-Back | 14/03/1997 (29) |  | €3.50m,Miles Robinson,€3.50m,data/raw/20260612_130828_transfermarkt_United_States_national_team_3b77eaa2b23a.html,https://www.transfermarkt.com/vereinigte-staaten/startseite/verein/3505,2026-06-12T04:08:28+00:00
United States,Tim Ream,https://www.transfermarkt.com/tim-ream/profil/spieler/145466,13 | Tim Ream Centre-Back |  | Tim Ream | Centre-Back | 05/10/1987 (38) |  | €150k,Tim Ream,€150k,data/raw/20260612_130828_transfermarkt_United_States_national_team_3b77eaa2b23a.html,https://www.transfermarkt.com/vereinigte-staaten/startseite/verein/3505,2026-06-12T04:08:28+00:00
United States,Antonee Robinson,https://www.transfermarkt.com/antonee-robinson/profil/spieler/349701,5 | Antonee Robinson Left-Back |  | Antonee Robinson | Left-Back | 08/08/1997 (28) |  | €22.00m,Antonee Robinson,€22.00m,data/raw/20260612_130828_transfermarkt_United_States_national_team_3b77eaa2b23a.html,https://www.transfermarkt.com/vereinigte-staaten/startseite/verein/3505,2026-06-12T04:08:28+00:00
United States,Sergiño Dest,https://www.transfermarkt.com/sergino-dest/profil/spieler/361104,2 | Sergiño Dest Right-Back |  | Sergiño Dest | Right-Back | 03/11/2000 (25) |  | €18.00m,Sergiño Dest,€18.00m,data/raw/20260612_130828_transfermarkt_United_States_national_team_3b77eaa2b23a.html,https://www.transfermarkt.com/vereinigte-staaten/startseite/verein/3505,2026-06-12T04:08:28+00:00
United States,Joe Scally,https://www.transfermarkt.com/joe-scally/profil/spieler/504153,23 | Joe Scally Right-Back |  | Joe Scally | Right-Back | 31/12/2002 (23) |  | €7.00m,Joe Scally,€7.00m,data/raw/20260612_130828_transfermarkt_United_States_national_team_3b77eaa2b23a.html,https://www.transfermarkt.com/vereinigte-staaten/startseite/verein/3505,2026-06-12T04:08:28+00:00
United States,Alex Freeman,https://www.transfermarkt.com/alex-freeman/profil/spieler/985806,16 | Alex Freeman Right-Back |  | Alex Freeman | Right-Back | 09/08/2004 (21) |  | €3.50m,Alex Freeman,€3.50m,data/raw/20260612_130828_transfermarkt_United_States_national_team_3b77eaa2b23a.html,https://www.transfermarkt.com/vereinigte-staaten/startseite/verein/3505,2026-06-12T04:08:28+00:00
United States,Tyler Adams,https://www.transfermarkt.com/tyler-adams/profil/spieler/332705,4 | Tyler Adams Defensive Midfield |  | Tyler Adams | Defensive Midfield | 14/02/1999 (27) |  | €25.00m,Tyler Adams,€25.00m,data/raw/20260612_130828_transfermarkt_United_States_national_team_3b77eaa2b23a.html,https://www.transfermarkt.com/vereinigte-staaten/startseite/verein/3505,2026-06-12T04:08:28+00:00
United States,Weston McKennie,https://www.transfermarkt.com/weston-mckennie/profil/spieler/332697,8 | Weston McKennie Central Midfield |  | Weston McKennie | Central Midfield | 28/08/1998 (27) |  | €30.00m,Weston McKennie,€30.00m,data/raw/20260612_130828_transfermarkt_United_States_national_team_3b77eaa2b23a.html,https://www.transfermarkt.com/vereinigte-staaten/startseite/verein/3505,2026-06-12T04:08:28+00:00
United States,Sebastian Berhalter,https://www.transfermarkt.com/sebastian-berhalter/profil/spieler/734761,14 | Sebastian Berhalter Central Midfield |  | Sebastian Berhalter | Central Midfield | 10/05/2001 (25) |  | €8.00m,Sebastian Berhalter,€8.00m,data/raw/20260612_130828_transfermarkt_United_States_national_team_3b77eaa2b23a.html,https://www.transfermarkt.com/vereinigte-staaten/startseite/verein/3505,2026-06-12T04:08:28+00:00
United States,Cristian Roldán,https://www.transfermarkt.com/cristian-roldan/profil/spieler/354792,15 | Cristian Roldán Central Midfield |  | Cristian Roldán | Central Midfield | 03/06/1995 (31) |  | €3.50m,Cristian Roldán,€3.50m,data/raw/20260612_130828_transfermarkt_United_States_national_team_3b77eaa2b23a.html,https://www.transfermarkt.com/vereinigte-staaten/startseite/verein/3505,2026-06-12T04:08:28+00:00
United States,Timothy Weah,https://www.transfermarkt.com/timothy-weah/profil/spieler/370846,21 | Timothy Weah Right Midfield |  | Timothy Weah | Right Midfield | 22/02/2000 (26) |  | €20.00m,Timothy Weah,€20.00m,data/raw/20260612_130828_transfermarkt_United_States_national_team_3b77eaa2b23a.html,https://www.transfermarkt.com/vereinigte-staaten/startseite/verein/3505,2026-06-12T04:08:28+00:00
United States,Malik Tillman,https://www.transfermarkt.com/malik-tillman/profil/spieler/467437,17 | Malik Tillman Attacking Midfield |  | Malik Tillman | Attacking Midfield | 28/05/2002 (24) |  | €30.00m,Malik Tillman,€30.00m,data/raw/20260612_130828_transfermarkt_United_States_national_team_3b77eaa2b23a.html,https://www.transfermarkt.com/vereinigte-staaten/startseite/verein/3505,2026-06-12T04:08:28+00:00
United States,Brenden Aaronson,https://www.transfermarkt.com/brenden-aaronson/profil/spieler/393323,11 | Brenden Aaronson Attacking Midfield |  | Brenden Aaronson | Attacking Midfield | 22/10/2000 (25) |  | €22.00m,Brenden Aaronson,€22.00m,data/raw/20260612_130828_transfermarkt_United_States_national_team_3b77eaa2b23a.html,https://www.transfermarkt.com/vereinigte-staaten/startseite/verein/3505,2026-06-12T04:08:28+00:00
United States,Giovanni Reyna,https://www.transfermarkt.com/giovanni-reyna/profil/spieler/504215,7 | Giovanni Reyna Attacking Midfield |  | Giovanni Reyna | Attacking Midfield | 13/11/2002 (23) |  | €4.00m,Giovanni Reyna,€4.00m,data/raw/20260612_130828_transfermarkt_United_States_national_team_3b77eaa2b23a.html,https://www.transfermarkt.com/vereinigte-staaten/startseite/verein/3505,2026-06-12T04:08:28+00:00
United States,Max Arfsten,https://www.transfermarkt.com/max-arfsten/profil/spieler/993063,18 | Max Arfsten Left Winger |  | Max Arfsten | Left Winger | 19/04/2001 (25) |  | €5.00m,Max Arfsten,€5.00m,data/raw/20260612_130828_transfermarkt_United_States_national_team_3b77eaa2b23a.html,https://www.transfermarkt.com/vereinigte-staaten/startseite/verein/3505,2026-06-12T04:08:28+00:00
United States,Christian Pulisic,https://www.transfermarkt.com/christian-pulisic/profil/spieler/315779,10 | Christian Pulisic Right Winger |  | Christian Pulisic | Right Winger | 18/09/1998 (27) |  | €40.00m,Christian Pulisic,€40.00m,data/raw/20260612_130828_transfermarkt_United_States_national_team_3b77eaa2b23a.html,https://www.transfermarkt.com/vereinigte-staaten/startseite/verein/3505,2026-06-12T04:08:28+00:00
United States,Álex Zendejas,https://www.transfermarkt.com/alex-zendejas/profil/spieler/351505,26 | Álex Zendejas Right Winger |  | Álex Zendejas | Right Winger | 07/02/1998 (28) |  | €10.00m,Álex Zendejas,€10.00m,data/raw/20260612_130828_transfermarkt_United_States_national_team_3b77eaa2b23a.html,https://www.transfermarkt.com/vereinigte-staaten/startseite/verein/3505,2026-06-12T04:08:28+00:00
United States,Folarin Balogun,https://www.transfermarkt.com/folarin-balogun/profil/spieler/503770,20 | Folarin Balogun Centre-Forward |  | Folarin Balogun | Centre-Forward | 03/07/2001 (24) |  | €40.00m,Folarin Balogun,€40.00m,data/raw/20260612_130828_transfermarkt_United_States_national_team_3b77eaa2b23a.html,https://www.transfermarkt.com/vereinigte-staaten/startseite/verein/3505,2026-06-12T04:08:28+00:00
United States,Ricardo Pepi,https://www.transfermarkt.com/ricardo-pepi/profil/spieler/627207,9 | Ricardo Pepi Centre-Forward |  | Ricardo Pepi | Centre-Forward | 09/01/2003 (23) |  | €30.00m,Ricardo Pepi,€30.00m,data/raw/20260612_130828_transfermarkt_United_States_national_team_3b77eaa2b23a.html,https://www.transfermarkt.com/vereinigte-staaten/startseite/verein/3505,2026-06-12T04:08:28+00:00
United States,Haji Wright,https://www.transfermarkt.com/haji-wright/profil/spieler/315291,19 | Haji Wright Centre-Forward |  | Haji Wright | Centre-Forward | 27/03/1998 (28) |  | €16.00m,Haji Wright,€16.00m,data/raw/20260612_130828_transfermarkt_United_States_national_team_3b77eaa2b23a.html,https://www.transfermarkt.com/vereinigte-staaten/startseite/verein/3505,2026-06-12T04:08:28+00:00
Paraguay,Carlos Coronel,https://www.transfermarkt.com/carlos-coronel/profil/spieler/378871,- | Carlos Coronel Goalkeeper |  | Carlos Coronel | Goalkeeper | 29/12/1996 (28) |  | €1.50m,Carlos Coronel,€1.50m,data/raw/20260612_130831_transfermarkt_Paraguay_national_team_437ad19c7e3f.html,https://www.transfermarkt.com/paraguay/startseite/verein/3581,2026-06-12T04:08:31+00:00
Paraguay,Juan Espínola,https://www.transfermarkt.com/juan-espinola/profil/spieler/532557,- | Juan Espínola Goalkeeper |  | Juan Espínola | Goalkeeper | 02/11/1994 (30) |  | €800k,Juan Espínola,€800k,data/raw/20260612_130831_transfermarkt_Paraguay_national_team_437ad19c7e3f.html,https://www.transfermarkt.com/paraguay/startseite/verein/3581,2026-06-12T04:08:31+00:00
Paraguay,Roberto Fernández,https://www.transfermarkt.com/roberto-fernandez/profil/spieler/107318,1 | Roberto Fernández Goalkeeper |  | Roberto Fernández | Goalkeeper | 29/03/1988 (36) |  | €250k,Roberto Fernández,€250k,data/raw/20260612_130831_transfermarkt_Paraguay_national_team_437ad19c7e3f.html,https://www.transfermarkt.com/paraguay/startseite/verein/3581,2026-06-12T04:08:31+00:00
Paraguay,Aldo Pérez,https://www.transfermarkt.com/aldo-perez/profil/spieler/491583,- | Aldo Pérez Goalkeeper |  | Aldo Pérez | Goalkeeper | 03/11/2000 (24) |  | €200k,Aldo Pérez,€200k,data/raw/20260612_130831_transfermarkt_Paraguay_national_team_437ad19c7e3f.html,https://www.transfermarkt.com/paraguay/startseite/verein/3581,2026-06-12T04:08:31+00:00
Paraguay,Orlando Gill,https://www.transfermarkt.com/orlando-gill/profil/spieler/643259,12 | Orlando Gill Goalkeeper |  | Orlando Gill | Goalkeeper | 11/06/2000 (24) |  | -,Orlando Gill,-,data/raw/20260612_130831_transfermarkt_Paraguay_national_team_437ad19c7e3f.html,https://www.transfermarkt.com/paraguay/startseite/verein/3581,2026-06-12T04:08:31+00:00
Paraguay,Júnior Alonso,https://www.transfermarkt.com/junior-alonso/profil/spieler/273000,6 | Júnior Alonso Centre-Back |  | Júnior Alonso | Centre-Back | 09/02/1993 (31) |  | €6.00m,Júnior Alonso,€6.00m,data/raw/20260612_130831_transfermarkt_Paraguay_national_team_437ad19c7e3f.html,https://www.transfermarkt.com/paraguay/startseite/verein/3581,2026-06-12T04:08:31+00:00
Paraguay,Gustavo Gómez,https://www.transfermarkt.com/gustavo-gomez/profil/spieler/215390,15 | Gustavo Gómez Centre-Back |  | Gustavo Gómez | Centre-Back | 06/05/1993 (31) |  | €6.00m,Gustavo Gómez,€6.00m,data/raw/20260612_130831_transfermarkt_Paraguay_national_team_437ad19c7e3f.html,https://www.transfermarkt.com/paraguay/startseite/verein/3581,2026-06-12T04:08:31+00:00
Paraguay,Omar Alderete,https://www.transfermarkt.com/omar-alderete/profil/spieler/353032,3 | Omar Alderete Centre-Back |  | Omar Alderete | Centre-Back | 26/12/1996 (28) |  | €5.00m,Omar Alderete,€5.00m,data/raw/20260612_130831_transfermarkt_Paraguay_national_team_437ad19c7e3f.html,https://www.transfermarkt.com/paraguay/startseite/verein/3581,2026-06-12T04:08:31+00:00
Paraguay,Alexis Duarte,https://www.transfermarkt.com/alexis-duarte/profil/spieler/491587,- | Alexis Duarte Centre-Back |  | Alexis Duarte | Centre-Back | 12/03/2000 (24) |  | €3.00m,Alexis Duarte,€3.00m,data/raw/20260612_130831_transfermarkt_Paraguay_national_team_437ad19c7e3f.html,https://www.transfermarkt.com/paraguay/startseite/verein/3581,2026-06-12T04:08:31+00:00
Paraguay,Fabián Balbuena,https://www.transfermarkt.com/fabian-balbuena/profil/spieler/285548,5 | Fabián Balbuena Centre-Back |  | Fabián Balbuena | Centre-Back | 23/08/1991 (33) |  | €2.80m,Fabián Balbuena,€2.80m,data/raw/20260612_130831_transfermarkt_Paraguay_national_team_437ad19c7e3f.html,https://www.transfermarkt.com/paraguay/startseite/verein/3581,2026-06-12T04:08:31+00:00
Paraguay,Gustavo Velázquez,https://www.transfermarkt.com/gustavo-velazquez/profil/spieler/389399,2 | Gustavo Velázquez Centre-Back |  | Gustavo Velázquez | Centre-Back | 17/04/1991 (33) |  | €1.30m,Gustavo Velázquez,€1.30m,data/raw/20260612_130831_transfermarkt_Paraguay_national_team_437ad19c7e3f.html,https://www.transfermarkt.com/paraguay/startseite/verein/3581,2026-06-12T04:08:31+00:00
Paraguay,Ronaldo Dejesús,https://www.transfermarkt.com/ronaldo-dejesus/profil/spieler/847074,- | Ronaldo Dejesús Centre-Back |  | Ronaldo Dejesús | Centre-Back | 21/04/2001 (23) |  | €700k,Ronaldo Dejesús,€700k,data/raw/20260612_130831_transfermarkt_Paraguay_national_team_437ad19c7e3f.html,https://www.transfermarkt.com/paraguay/startseite/verein/3581,2026-06-12T04:08:31+00:00
Paraguay,Diego León,https://www.transfermarkt.com/diego-leon/profil/spieler/1283997,- | Diego León Left-Back |  | Diego León | Left-Back | 03/04/2007 (17) |  | €4.00m,Diego León,€4.00m,data/raw/20260612_130831_transfermarkt_Paraguay_national_team_437ad19c7e3f.html,https://www.transfermarkt.com/paraguay/startseite/verein/3581,2026-06-12T04:08:31+00:00
Paraguay,Agustín Sández,https://www.transfermarkt.com/agustin-sandez/profil/spieler/847023,- | Agustín Sández Left-Back |  | Agustín Sández | Left-Back | 16/01/2001 (23) |  | €1.50m,Agustín Sández,€1.50m,data/raw/20260612_130831_transfermarkt_Paraguay_national_team_437ad19c7e3f.html,https://www.transfermarkt.com/paraguay/startseite/verein/3581,2026-06-12T04:08:31+00:00
Paraguay,Blas Riveros,https://www.transfermarkt.com/blas-riveros/profil/spieler/401732,- | Blas Riveros Left-Back |  | Blas Riveros | Left-Back | 03/02/1998 (26) |  | €800k,Blas Riveros,€800k,data/raw/20260612_130831_transfermarkt_Paraguay_national_team_437ad19c7e3f.html,https://www.transfermarkt.com/paraguay/startseite/verein/3581,2026-06-12T04:08:31+00:00
Paraguay,Juan José Cáceres,https://www.transfermarkt.com/juan-jose-caceres/profil/spieler/756494,4 | Juan José Cáceres Right-Back |  | Juan José Cáceres | Right-Back | 01/06/2000 (24) |  | €1.00m,Juan José Cáceres,€1.00m,data/raw/20260612_130831_transfermarkt_Paraguay_national_team_437ad19c7e3f.html,https://www.transfermarkt.com/paraguay/startseite/verein/3581,2026-06-12T04:08:31+00:00
Paraguay,Alan Benítez,https://www.transfermarkt.com/alan-benitez/profil/spieler/344676,- | Alan Benítez Right-Back |  | Alan Benítez | Right-Back | 25/01/1994 (30) |  | €450k,Alan Benítez,€450k,data/raw/20260612_130831_transfermarkt_Paraguay_national_team_437ad19c7e3f.html,https://www.transfermarkt.com/paraguay/startseite/verein/3581,2026-06-12T04:08:31+00:00
Paraguay,Mathías Villasanti,https://www.transfermarkt.com/mathias-villasanti/profil/spieler/436385,- | Mathías Villasanti Defensive Midfield |  | Mathías Villasanti | Defensive Midfield | 24/01/1997 (27) |  | €10.00m,Mathías Villasanti,€10.00m,data/raw/20260612_130831_transfermarkt_Paraguay_national_team_437ad19c7e3f.html,https://www.transfermarkt.com/paraguay/startseite/verein/3581,2026-06-12T04:08:31+00:00
Paraguay,Andrés Cubas,https://www.transfermarkt.com/andres-cubas/profil/spieler/323872,14 | Andrés Cubas Defensive Midfield |  | Andrés Cubas | Defensive Midfield | 22/05/1996 (28) |  | €4.00m,Andrés Cubas,€4.00m,data/raw/20260612_130831_transfermarkt_Paraguay_national_team_437ad19c7e3f.html,https://www.transfermarkt.com/paraguay/startseite/verein/3581,2026-06-12T04:08:31+00:00
Paraguay,Braian Ojeda,https://www.transfermarkt.com/braian-ojeda/profil/spieler/491596,20 | Braian Ojeda Defensive Midfield |  | Braian Ojeda | Defensive Midfield | 27/06/2000 (24) |  | €4.00m,Braian Ojeda,€4.00m,data/raw/20260612_130831_transfermarkt_Paraguay_national_team_437ad19c7e3f.html,https://www.transfermarkt.com/paraguay/startseite/verein/3581,2026-06-12T04:08:31+00:00
Paraguay,Lucas Romero,https://www.transfermarkt.com/lucas-romero/profil/spieler/1127335,- | Lucas Romero Defensive Midfield |  | Lucas Romero | Defensive Midfield | 29/08/2002 (22) |  | €100k,Lucas Romero,€100k,data/raw/20260612_130831_transfermarkt_Paraguay_national_team_437ad19c7e3f.html,https://www.transfermarkt.com/paraguay/startseite/verein/3581,2026-06-12T04:08:31+00:00
Paraguay,Diego Gómez,https://www.transfermarkt.com/diego-gomez/profil/spieler/996897,8 | Diego Gómez Central Midfield |  | Diego Gómez | Central Midfield | 27/03/2003 (21) |  | €12.00m,Diego Gómez,€12.00m,data/raw/20260612_130831_transfermarkt_Paraguay_national_team_437ad19c7e3f.html,https://www.transfermarkt.com/paraguay/startseite/verein/3581,2026-06-12T04:08:31+00:00
Paraguay,Damián Bobadilla,https://www.transfermarkt.com/damian-bobadilla/profil/spieler/861852,16 | Damián Bobadilla Central Midfield |  | Damián Bobadilla | Central Midfield | 11/07/2001 (23) |  | €2.50m,Damián Bobadilla,€2.50m,data/raw/20260612_130831_transfermarkt_Paraguay_national_team_437ad19c7e3f.html,https://www.transfermarkt.com/paraguay/startseite/verein/3581,2026-06-12T04:08:31+00:00
Paraguay,Matías Galarza,https://www.transfermarkt.com/matias-galarza/profil/spieler/661269,23 | Matías Galarza Central Midfield |  | Matías Galarza | Central Midfield | 11/02/2002 (22) |  | €2.50m,Matías Galarza,€2.50m,data/raw/20260612_130831_transfermarkt_Paraguay_national_team_437ad19c7e3f.html,https://www.transfermarkt.com/paraguay/startseite/verein/3581,2026-06-12T04:08:31+00:00
Paraguay,Julio Enciso,https://www.transfermarkt.com/julio-enciso/profil/spieler/660867,19 | Julio Enciso Attacking Midfield |  | Julio Enciso | Attacking Midfield | 23/01/2004 (20) |  | €22.00m,Julio Enciso,€22.00m,data/raw/20260612_130831_transfermarkt_Paraguay_national_team_437ad19c7e3f.html,https://www.transfermarkt.com/paraguay/startseite/verein/3581,2026-06-12T04:08:31+00:00
Paraguay,Kaku,https://www.transfermarkt.com/kaku/profil/spieler/355817,17 | Kaku Attacking Midfield |  | Kaku | Attacking Midfield | 11/01/1995 (29) |  | €5.00m,Kaku,€5.00m,data/raw/20260612_130831_transfermarkt_Paraguay_national_team_437ad19c7e3f.html,https://www.transfermarkt.com/paraguay/startseite/verein/3581,2026-06-12T04:08:31+00:00
Paraguay,Hugo Cuenca,https://www.transfermarkt.com/hugo-cuenca/profil/spieler/906315,- | Hugo Cuenca Attacking Midfield |  | Hugo Cuenca | Attacking Midfield | 08/01/2005 (19) |  | €100k,Hugo Cuenca,€100k,data/raw/20260612_130831_transfermarkt_Paraguay_national_team_437ad19c7e3f.html,https://www.transfermarkt.com/paraguay/startseite/verein/3581,2026-06-12T04:08:31+00:00
Paraguay,Rubén Lezcano,https://www.transfermarkt.com/ruben-lezcano/profil/spieler/1039533,- | Rubén Lezcano Left Winger |  | Rubén Lezcano | Left Winger | 09/02/2004 (20) |  | €4.00m,Rubén Lezcano,€4.00m,data/raw/20260612_130831_transfermarkt_Paraguay_national_team_437ad19c7e3f.html,https://www.transfermarkt.com/paraguay/startseite/verein/3581,2026-06-12T04:08:31+00:00
Paraguay,Miguel Almirón,https://www.transfermarkt.com/miguel-almiron/profil/spieler/272999,10 | Miguel Almirón Right Winger |  | Miguel Almirón | Right Winger | 10/02/1994 (30) |  | €16.00m,Miguel Almirón,€16.00m,data/raw/20260612_130831_transfermarkt_Paraguay_national_team_437ad19c7e3f.html,https://www.transfermarkt.com/paraguay/startseite/verein/3581,2026-06-12T04:08:31+00:00
Paraguay,Ángel Romero,https://www.transfermarkt.com/angel-romero/profil/spieler/262262,- | Ángel Romero Right Winger |  | Ángel Romero | Right Winger | 04/07/1992 (32) |  | €1.20m,Ángel Romero,€1.20m,data/raw/20260612_130831_transfermarkt_Paraguay_national_team_437ad19c7e3f.html,https://www.transfermarkt.com/paraguay/startseite/verein/3581,2026-06-12T04:08:31+00:00
Paraguay,Diego González,https://www.transfermarkt.com/diego-gonzalez/profil/spieler/873981,- | Diego González Right Winger |  | Diego González | Right Winger | 07/01/2003 (21) |  | €700k,Diego González,€700k,data/raw/20260612_130831_transfermarkt_Paraguay_national_team_437ad19c7e3f.html,https://www.transfermarkt.com/paraguay/startseite/verein/3581,2026-06-12T04:08:31+00:00
Paraguay,Ramón Sosa,https://www.transfermarkt.com/ramon-sosa/profil/spieler/745191,7 | Ramón Sosa Second Striker |  | Ramón Sosa | Second Striker | 31/08/1999 (25) |  | €13.00m,Ramón Sosa,€13.00m,data/raw/20260612_130831_transfermarkt_Paraguay_national_team_437ad19c7e3f.html,https://www.transfermarkt.com/paraguay/startseite/verein/3581,2026-06-12T04:08:31+00:00
Paraguay,Antonio Sanabria,https://www.transfermarkt.com/antonio-sanabria/profil/spieler/234523,9 | Antonio Sanabria Centre-Forward |  | Antonio Sanabria | Centre-Forward | 04/03/1996 (28) |  | €6.00m,Antonio Sanabria,€6.00m,data/raw/20260612_130831_transfermarkt_Paraguay_national_team_437ad19c7e3f.html,https://www.transfermarkt.com/paraguay/startseite/verein/3581,2026-06-12T04:08:31+00:00
Paraguay,Isidro Pitta,https://www.transfermarkt.com/isidro-pitta/profil/spieler/675178,25 | Isidro Pitta Centre-Forward |  | Isidro Pitta | Centre-Forward | 14/08/1999 (25) |  | €5.50m,Isidro Pitta,€5.50m,data/raw/20260612_130831_transfermarkt_Paraguay_national_team_437ad19c7e3f.html,https://www.transfermarkt.com/paraguay/startseite/verein/3581,2026-06-12T04:08:31+00:00
Paraguay,Álex Arce,https://www.transfermarkt.com/alex-arce/profil/spieler/970518,18 | Álex Arce Centre-Forward |  | Álex Arce | Centre-Forward | 16/06/1995 (29) |  | €5.00m,Álex Arce,€5.00m,data/raw/20260612_130831_transfermarkt_Paraguay_national_team_437ad19c7e3f.html,https://www.transfermarkt.com/paraguay/startseite/verein/3581,2026-06-12T04:08:31+00:00
Paraguay,Ronaldo Martínez,https://www.transfermarkt.com/ronaldo-martinez/profil/spieler/567736,- | Ronaldo Martínez Centre-Forward |  | Ronaldo Martínez | Centre-Forward | 25/04/1996 (28) |  | €1.20m,Ronaldo Martínez,€1.20m,data/raw/20260612_130831_transfermarkt_Paraguay_national_team_437ad19c7e3f.html,https://www.transfermarkt.com/paraguay/startseite/verein/3581,2026-06-12T04:08:31+00:00
Paraguay,Gabriel Ávalos,https://www.transfermarkt.com/gabriel-avalos/profil/spieler/358418,21 | Gabriel Ávalos Centre-Forward |  | Gabriel Ávalos | Centre-Forward | 12/10/1990 (34) |  | €1.20m,Gabriel Ávalos,€1.20m,data/raw/20260612_130831_transfermarkt_Paraguay_national_team_437ad19c7e3f.html,https://www.transfermarkt.com/paraguay/startseite/verein/3581,2026-06-12T04:08:31+00:00
Paraguay,Adrián Alcaraz,https://www.transfermarkt.com/adrian-alcaraz/profil/spieler/975188,- | Adrián Alcaraz Centre-Forward |  | Adrián Alcaraz | Centre-Forward | 28/09/1999 (25) |  | €500k,Adrián Alcaraz,€500k,data/raw/20260612_130831_transfermarkt_Paraguay_national_team_437ad19c7e3f.html,https://www.transfermarkt.com/paraguay/startseite/verein/3581,2026-06-12T04:08:31+00:00
Australia,Mathew Ryan,https://www.transfermarkt.com/mathew-ryan/profil/spieler/128969,1 | Mathew Ryan Goalkeeper |  | Mathew Ryan | Goalkeeper | 08/04/1992 (34) |  | €1.80m,Mathew Ryan,€1.80m,data/raw/20260612_130835_transfermarkt_Australia_national_team_4cf3b05f98aa.html,https://www.transfermarkt.com/australien/startseite/verein/3433,2026-06-12T04:08:34+00:00
Australia,Patrick Beach,https://www.transfermarkt.com/patrick-beach/profil/spieler/983578,18 | Patrick Beach Goalkeeper |  | Patrick Beach | Goalkeeper | 06/08/2003 (22) |  | €1.00m,Patrick Beach,€1.00m,data/raw/20260612_130835_transfermarkt_Australia_national_team_4cf3b05f98aa.html,https://www.transfermarkt.com/australien/startseite/verein/3433,2026-06-12T04:08:34+00:00
Australia,Paul Izzo,https://www.transfermarkt.com/paul-izzo/profil/spieler/181921,12 | Paul Izzo Goalkeeper |  | Paul Izzo | Goalkeeper | 06/01/1995 (31) |  | €500k,Paul Izzo,€500k,data/raw/20260612_130835_transfermarkt_Australia_national_team_4cf3b05f98aa.html,https://www.transfermarkt.com/australien/startseite/verein/3433,2026-06-12T04:08:34+00:00
Australia,Alessandro Circati,https://www.transfermarkt.com/alessandro-circati/profil/spieler/867137,3 | Alessandro Circati Centre-Back |  | Alessandro Circati | Centre-Back | 10/10/2003 (22) |  | €12.00m,Alessandro Circati,€12.00m,data/raw/20260612_130835_transfermarkt_Australia_national_team_4cf3b05f98aa.html,https://www.transfermarkt.com/australien/startseite/verein/3433,2026-06-12T04:08:34+00:00
Australia,Lucas Herrington,https://www.transfermarkt.com/lucas-herrington/profil/spieler/1279984,25 | Lucas Herrington Centre-Back |  | Lucas Herrington | Centre-Back | 05/09/2007 (18) |  | €4.50m,Lucas Herrington,€4.50m,data/raw/20260612_130835_transfermarkt_Australia_national_team_4cf3b05f98aa.html,https://www.transfermarkt.com/australien/startseite/verein/3433,2026-06-12T04:08:34+00:00
Australia,Harry Souttar,https://www.transfermarkt.com/harry-souttar/profil/spieler/298091,19 | Harry Souttar Centre-Back |  | Harry Souttar | Centre-Back | 22/10/1998 (27) |  | €3.50m,Harry Souttar,€3.50m,data/raw/20260612_130835_transfermarkt_Australia_national_team_4cf3b05f98aa.html,https://www.transfermarkt.com/australien/startseite/verein/3433,2026-06-12T04:08:34+00:00
Australia,Cameron Burgess,https://www.transfermarkt.com/cameron-burgess/profil/spieler/255788,21 | Cameron Burgess Centre-Back |  | Cameron Burgess | Centre-Back | 21/10/1995 (30) |  | €1.50m,Cameron Burgess,€1.50m,data/raw/20260612_130835_transfermarkt_Australia_national_team_4cf3b05f98aa.html,https://www.transfermarkt.com/australien/startseite/verein/3433,2026-06-12T04:08:34+00:00
Australia,Milos Degenek,https://www.transfermarkt.com/milos-degenek/profil/spieler/187353,2 | Milos Degenek Centre-Back |  | Milos Degenek | Centre-Back | 28/04/1994 (32) |  | €450k,Milos Degenek,€450k,data/raw/20260612_130835_transfermarkt_Australia_national_team_4cf3b05f98aa.html,https://www.transfermarkt.com/australien/startseite/verein/3433,2026-06-12T04:08:34+00:00
Australia,Jordan Bos,https://www.transfermarkt.com/jordan-bos/profil/spieler/855731,5 | Jordan Bos Left-Back |  | Jordan Bos | Left-Back | 29/10/2002 (23) |  | €12.00m,Jordan Bos,€12.00m,data/raw/20260612_130835_transfermarkt_Australia_national_team_4cf3b05f98aa.html,https://www.transfermarkt.com/australien/startseite/verein/3433,2026-06-12T04:08:34+00:00
Australia,Aziz Behich,https://www.transfermarkt.com/aziz-behich/profil/spieler/136834,16 | Aziz Behich Left-Back |  | Aziz Behich | Left-Back | 16/12/1990 (35) |  | €250k,Aziz Behich,€250k,data/raw/20260612_130835_transfermarkt_Australia_national_team_4cf3b05f98aa.html,https://www.transfermarkt.com/australien/startseite/verein/3433,2026-06-12T04:08:34+00:00
Australia,Jacob Italiano,https://www.transfermarkt.com/jacob-italiano/profil/spieler/545810,4 | Jacob Italiano Right-Back |  | Jacob Italiano | Right-Back | 30/07/2001 (24) |  | €600k,Jacob Italiano,€600k,data/raw/20260612_130835_transfermarkt_Australia_national_team_4cf3b05f98aa.html,https://www.transfermarkt.com/australien/startseite/verein/3433,2026-06-12T04:08:34+00:00
Australia,Jason Geria,https://www.transfermarkt.com/jason-geria/profil/spieler/185175,6 | Jason Geria Right-Back |  | Jason Geria | Right-Back | 10/05/1993 (33) |  | €350k,Jason Geria,€350k,data/raw/20260612_130835_transfermarkt_Australia_national_team_4cf3b05f98aa.html,https://www.transfermarkt.com/australien/startseite/verein/3433,2026-06-12T04:08:34+00:00
Australia,Aiden O'Neill,https://www.transfermarkt.com/aiden-oneill/profil/spieler/385918,13 | Aiden O'Neill Defensive Midfield |  | Aiden O'Neill | Defensive Midfield | 04/07/1998 (27) |  | €3.00m,Aiden O'Neill,€3.00m,data/raw/20260612_130835_transfermarkt_Australia_national_team_4cf3b05f98aa.html,https://www.transfermarkt.com/australien/startseite/verein/3433,2026-06-12T04:08:34+00:00
Australia,Kai Trewin,https://www.transfermarkt.com/kai-trewin/profil/spieler/691326,15 | Kai Trewin Defensive Midfield |  | Kai Trewin | Defensive Midfield | 18/05/2001 (25) |  | €1.80m,Kai Trewin,€1.80m,data/raw/20260612_130835_transfermarkt_Australia_national_team_4cf3b05f98aa.html,https://www.transfermarkt.com/australien/startseite/verein/3433,2026-06-12T04:08:34+00:00
Australia,Paul Okon-Engstler,https://www.transfermarkt.com/paul-okon-engstler/profil/spieler/1064377,24 | Paul Okon-Engstler Defensive Midfield |  | Paul Okon-Engstler | Defensive Midfield | 24/01/2005 (21) |  | €1.20m,Paul Okon-Engstler,€1.20m,data/raw/20260612_130835_transfermarkt_Australia_national_team_4cf3b05f98aa.html,https://www.transfermarkt.com/australien/startseite/verein/3433,2026-06-12T04:08:34+00:00
Australia,Cammy Devlin,https://www.transfermarkt.com/cammy-devlin/profil/spieler/399162,14 | Cammy Devlin Central Midfield |  | Cammy Devlin | Central Midfield | 07/06/1998 (28) |  | €2.00m,Cammy Devlin,€2.00m,data/raw/20260612_130835_transfermarkt_Australia_national_team_4cf3b05f98aa.html,https://www.transfermarkt.com/australien/startseite/verein/3433,2026-06-12T04:08:34+00:00
Australia,Connor Metcalfe,https://www.transfermarkt.com/connor-metcalfe/profil/spieler/522223,8 | Connor Metcalfe Central Midfield |  | Connor Metcalfe | Central Midfield | 05/11/1999 (26) |  | €1.50m,Connor Metcalfe,€1.50m,data/raw/20260612_130835_transfermarkt_Australia_national_team_4cf3b05f98aa.html,https://www.transfermarkt.com/australien/startseite/verein/3433,2026-06-12T04:08:34+00:00
Australia,Jackson Irvine,https://www.transfermarkt.com/jackson-irvine/profil/spieler/192557,22 | Jackson Irvine Central Midfield |  | Jackson Irvine | Central Midfield | 07/03/1993 (33) |  | €1.00m,Jackson Irvine,€1.00m,data/raw/20260612_130835_transfermarkt_Australia_national_team_4cf3b05f98aa.html,https://www.transfermarkt.com/australien/startseite/verein/3433,2026-06-12T04:08:34+00:00
Australia,Ajdin Hrustic,https://www.transfermarkt.com/ajdin-hrustic/profil/spieler/265625,10 | Ajdin Hrustic Central Midfield |  | Ajdin Hrustic | Central Midfield | 05/07/1996 (29) |  | €600k,Ajdin Hrustic,€600k,data/raw/20260612_130835_transfermarkt_Australia_national_team_4cf3b05f98aa.html,https://www.transfermarkt.com/australien/startseite/verein/3433,2026-06-12T04:08:34+00:00
Australia,Cristian Volpato,https://www.transfermarkt.com/cristian-volpato/profil/spieler/746891,20 | Cristian Volpato Attacking Midfield |  | Cristian Volpato | Attacking Midfield | 15/11/2003 (22) |  | €10.00m,Cristian Volpato,€10.00m,data/raw/20260612_130835_transfermarkt_Australia_national_team_4cf3b05f98aa.html,https://www.transfermarkt.com/australien/startseite/verein/3433,2026-06-12T04:08:34+00:00
Australia,Nishan Velupillay,https://www.transfermarkt.com/nishan-velupillay/profil/spieler/888140,23 | Nishan Velupillay Left Winger |  | Nishan Velupillay | Left Winger | 07/05/2001 (25) |  | €650k,Nishan Velupillay,€650k,data/raw/20260612_130835_transfermarkt_Australia_national_team_4cf3b05f98aa.html,https://www.transfermarkt.com/australien/startseite/verein/3433,2026-06-12T04:08:34+00:00
Australia,Awer Mabil,https://www.transfermarkt.com/awer-mabil/profil/spieler/255729,11 | Awer Mabil Left Winger |  | Awer Mabil | Left Winger | 15/09/1995 (30) |  | €500k,Awer Mabil,€500k,data/raw/20260612_130835_transfermarkt_Australia_national_team_4cf3b05f98aa.html,https://www.transfermarkt.com/australien/startseite/verein/3433,2026-06-12T04:08:34+00:00
Australia,Mathew Leckie,https://www.transfermarkt.com/mathew-leckie/profil/spieler/126214,7 | Mathew Leckie Left Winger |  | Mathew Leckie | Left Winger | 04/02/1991 (35) |  | €300k,Mathew Leckie,€300k,data/raw/20260612_130835_transfermarkt_Australia_national_team_4cf3b05f98aa.html,https://www.transfermarkt.com/australien/startseite/verein/3433,2026-06-12T04:08:34+00:00
Australia,Nestory Irankunda,https://www.transfermarkt.com/nestory-irankunda/profil/spieler/956920,17 | Nestory Irankunda Right Winger |  | Nestory Irankunda | Right Winger | 09/02/2006 (20) |  | €8.00m,Nestory Irankunda,€8.00m,data/raw/20260612_130835_transfermarkt_Australia_national_team_4cf3b05f98aa.html,https://www.transfermarkt.com/australien/startseite/verein/3433,2026-06-12T04:08:34+00:00
Australia,Mohamed Touré,https://www.transfermarkt.com/mohamed-toure/profil/spieler/742770,9 | Mohamed Touré Centre-Forward |  | Mohamed Touré | Centre-Forward | 26/03/2004 (22) |  | €8.00m,Mohamed Touré,€8.00m,data/raw/20260612_130835_transfermarkt_Australia_national_team_4cf3b05f98aa.html,https://www.transfermarkt.com/australien/startseite/verein/3433,2026-06-12T04:08:34+00:00
Australia,Tete Yengi,https://www.transfermarkt.com/tete-yengi/profil/spieler/849429,26 | Tete Yengi Centre-Forward |  | Tete Yengi | Centre-Forward | 28/11/2000 (25) |  | €450k,Tete Yengi,€450k,data/raw/20260612_130835_transfermarkt_Australia_national_team_4cf3b05f98aa.html,https://www.transfermarkt.com/australien/startseite/verein/3433,2026-06-12T04:08:34+00:00
Turkey,Uğurcan Çakır,https://www.transfermarkt.com/ugurcan-cakir/profil/spieler/292199,23 | Uğurcan Çakır Goalkeeper |  | Uğurcan Çakır | Goalkeeper | 05/04/1996 (30) |  | €15.00m,Uğurcan Çakır,€15.00m,data/raw/20260612_130839_transfermarkt_Turkey_national_team_7a032d2b855d.html,https://www.transfermarkt.com/turkei/startseite/verein/3381,2026-06-12T04:08:38+00:00
Turkey,Altay Bayındır,https://www.transfermarkt.com/altay-bayindir/profil/spieler/336077,12 | Altay Bayındır Goalkeeper |  | Altay Bayındır | Goalkeeper | 14/04/1998 (28) |  | €5.00m,Altay Bayındır,€5.00m,data/raw/20260612_130839_transfermarkt_Turkey_national_team_7a032d2b855d.html,https://www.transfermarkt.com/turkei/startseite/verein/3381,2026-06-12T04:08:38+00:00
Turkey,Mert Günok,https://www.transfermarkt.com/mert-gunok/profil/spieler/51894,1 | Mert Günok Goalkeeper |  | Mert Günok | Goalkeeper | 01/03/1989 (37) |  | €500k,Mert Günok,€500k,data/raw/20260612_130839_transfermarkt_Turkey_national_team_7a032d2b855d.html,https://www.transfermarkt.com/turkei/startseite/verein/3381,2026-06-12T04:08:38+00:00
Turkey,Ozan Kabak,https://www.transfermarkt.com/ozan-kabak/profil/spieler/361260,15 | Ozan Kabak Centre-Back |  | Ozan Kabak | Centre-Back | 25/03/2000 (26) |  | €15.00m,Ozan Kabak,€15.00m,data/raw/20260612_130839_transfermarkt_Turkey_national_team_7a032d2b855d.html,https://www.transfermarkt.com/turkei/startseite/verein/3381,2026-06-12T04:08:38+00:00
Turkey,Merih Demiral,https://www.transfermarkt.com/merih-demiral/profil/spieler/340879,3 | Merih Demiral Centre-Back |  | Merih Demiral | Centre-Back | 05/03/1998 (28) |  | €12.00m,Merih Demiral,€12.00m,data/raw/20260612_130839_transfermarkt_Turkey_national_team_7a032d2b855d.html,https://www.transfermarkt.com/turkei/startseite/verein/3381,2026-06-12T04:08:38+00:00
Turkey,Abdülkerim Bardakcı,https://www.transfermarkt.com/abdulkerim-bardakci/profil/spieler/199316,14 | Abdülkerim Bardakcı Centre-Back |  | Abdülkerim Bardakcı | Centre-Back | 07/09/1994 (31) |  | €6.50m,Abdülkerim Bardakcı,€6.50m,data/raw/20260612_130839_transfermarkt_Turkey_national_team_7a032d2b855d.html,https://www.transfermarkt.com/turkei/startseite/verein/3381,2026-06-12T04:08:38+00:00
Turkey,Çağlar Söyüncü,https://www.transfermarkt.com/caglar-soyuncu/profil/spieler/320141,4 | Çağlar Söyüncü Centre-Back |  | Çağlar Söyüncü | Centre-Back | 23/05/1996 (30) |  | €3.50m,Çağlar Söyüncü,€3.50m,data/raw/20260612_130839_transfermarkt_Turkey_national_team_7a032d2b855d.html,https://www.transfermarkt.com/turkei/startseite/verein/3381,2026-06-12T04:08:38+00:00
Turkey,Samet Akaydin,https://www.transfermarkt.com/samet-akaydin/profil/spieler/295024,25 | Samet Akaydin Centre-Back |  | Samet Akaydin | Centre-Back | 13/03/1994 (32) |  | €1.20m,Samet Akaydin,€1.20m,data/raw/20260612_130839_transfermarkt_Turkey_national_team_7a032d2b855d.html,https://www.transfermarkt.com/turkei/startseite/verein/3381,2026-06-12T04:08:38+00:00
Turkey,Ferdi Kadıoğlu,https://www.transfermarkt.com/ferdi-kadioglu/profil/spieler/369316,20 | Ferdi Kadıoğlu Left-Back |  | Ferdi Kadıoğlu | Left-Back | 07/10/1999 (26) |  | €35.00m,Ferdi Kadıoğlu,€35.00m,data/raw/20260612_130839_transfermarkt_Turkey_national_team_7a032d2b855d.html,https://www.transfermarkt.com/turkei/startseite/verein/3381,2026-06-12T04:08:38+00:00
Turkey,Eren Elmalı,https://www.transfermarkt.com/eren-elmali/profil/spieler/616894,13 | Eren Elmalı Left-Back |  | Eren Elmalı | Left-Back | 07/07/2000 (25) |  | €5.00m,Eren Elmalı,€5.00m,data/raw/20260612_130839_transfermarkt_Turkey_national_team_7a032d2b855d.html,https://www.transfermarkt.com/turkei/startseite/verein/3381,2026-06-12T04:08:38+00:00
Turkey,Zeki Çelik,https://www.transfermarkt.com/zeki-celik/profil/spieler/251075,2 | Zeki Çelik Right-Back |  | Zeki Çelik | Right-Back | 17/02/1997 (29) |  | €14.00m,Zeki Çelik,€14.00m,data/raw/20260612_130839_transfermarkt_Turkey_national_team_7a032d2b855d.html,https://www.transfermarkt.com/turkei/startseite/verein/3381,2026-06-12T04:08:38+00:00
Turkey,Mert Müldür,https://www.transfermarkt.com/mert-muldur/profil/spieler/353922,18 | Mert Müldür Right-Back |  | Mert Müldür | Right-Back | 03/04/1999 (27) |  | €7.00m,Mert Müldür,€7.00m,data/raw/20260612_130839_transfermarkt_Turkey_national_team_7a032d2b855d.html,https://www.transfermarkt.com/turkei/startseite/verein/3381,2026-06-12T04:08:38+00:00
Turkey,Hakan Çalhanoğlu,https://www.transfermarkt.com/hakan-calhanoglu/profil/spieler/126414,10 | Hakan Çalhanoğlu Defensive Midfield |  | Hakan Çalhanoğlu | Defensive Midfield | 08/02/1994 (32) |  | €16.00m,Hakan Çalhanoğlu,€16.00m,data/raw/20260612_130839_transfermarkt_Turkey_national_team_7a032d2b855d.html,https://www.transfermarkt.com/turkei/startseite/verein/3381,2026-06-12T04:08:38+00:00
Turkey,İsmail Yüksek,https://www.transfermarkt.com/ismail-yuksek/profil/spieler/613725,16 | İsmail Yüksek Defensive Midfield |  | İsmail Yüksek | Defensive Midfield | 26/01/1999 (27) |  | €15.00m,İsmail Yüksek,€15.00m,data/raw/20260612_130839_transfermarkt_Turkey_national_team_7a032d2b855d.html,https://www.transfermarkt.com/turkei/startseite/verein/3381,2026-06-12T04:08:38+00:00
Turkey,Salih Özcan,https://www.transfermarkt.com/salih-ozcan/profil/spieler/244940,5 | Salih Özcan Defensive Midfield |  | Salih Özcan | Defensive Midfield | 11/01/1998 (28) |  | €3.50m,Salih Özcan,€3.50m,data/raw/20260612_130839_transfermarkt_Turkey_national_team_7a032d2b855d.html,https://www.transfermarkt.com/turkei/startseite/verein/3381,2026-06-12T04:08:38+00:00
Turkey,Kaan Ayhan,https://www.transfermarkt.com/kaan-ayhan/profil/spieler/119031,22 | Kaan Ayhan Defensive Midfield |  | Kaan Ayhan | Defensive Midfield | 10/11/1994 (31) |  | €1.50m,Kaan Ayhan,€1.50m,data/raw/20260612_130839_transfermarkt_Turkey_national_team_7a032d2b855d.html,https://www.transfermarkt.com/turkei/startseite/verein/3381,2026-06-12T04:08:38+00:00
Turkey,Orkun Kökçü,https://www.transfermarkt.com/orkun-kokcu/profil/spieler/454567,6 | Orkun Kökçü Central Midfield |  | Orkun Kökçü | Central Midfield | 29/12/2000 (25) |  | €25.00m,Orkun Kökçü,€25.00m,data/raw/20260612_130839_transfermarkt_Turkey_national_team_7a032d2b855d.html,https://www.transfermarkt.com/turkei/startseite/verein/3381,2026-06-12T04:08:38+00:00
Turkey,Arda Güler,https://www.transfermarkt.com/arda-guler/profil/spieler/861410,8 | Arda Güler Attacking Midfield |  | Arda Güler | Attacking Midfield | 25/02/2005 (21) |  | €90.00m,Arda Güler,€90.00m,data/raw/20260612_130839_transfermarkt_Turkey_national_team_7a032d2b855d.html,https://www.transfermarkt.com/turkei/startseite/verein/3381,2026-06-12T04:08:38+00:00
Turkey,Can Uzun,https://www.transfermarkt.com/can-uzun/profil/spieler/816585,26 | Can Uzun Attacking Midfield |  | Can Uzun | Attacking Midfield | 11/11/2005 (20) |  | €45.00m,Can Uzun,€45.00m,data/raw/20260612_130839_transfermarkt_Turkey_national_team_7a032d2b855d.html,https://www.transfermarkt.com/turkei/startseite/verein/3381,2026-06-12T04:08:38+00:00
Turkey,Kenan Yıldız,https://www.transfermarkt.com/kenan-yildiz/profil/spieler/845654,11 | Kenan Yıldız Left Winger |  | Kenan Yıldız | Left Winger | 04/05/2005 (21) |  | €75.00m,Kenan Yıldız,€75.00m,data/raw/20260612_130839_transfermarkt_Turkey_national_team_7a032d2b855d.html,https://www.transfermarkt.com/turkei/startseite/verein/3381,2026-06-12T04:08:38+00:00
Turkey,Barış Alper Yılmaz,https://www.transfermarkt.com/baris-alper-yilmaz/profil/spieler/541537,21 | Barış Alper Yılmaz Left Winger |  | Barış Alper Yılmaz | Left Winger | 23/05/2000 (26) |  | €30.00m,Barış Alper Yılmaz,€30.00m,data/raw/20260612_130839_transfermarkt_Turkey_national_team_7a032d2b855d.html,https://www.transfermarkt.com/turkei/startseite/verein/3381,2026-06-12T04:08:38+00:00
Turkey,Kerem Aktürkoğlu,https://www.transfermarkt.com/kerem-akturkoglu/profil/spieler/382528,7 | Kerem Aktürkoğlu Left Winger |  | Kerem Aktürkoğlu | Left Winger | 21/10/1998 (27) |  | €20.00m,Kerem Aktürkoğlu,€20.00m,data/raw/20260612_130839_transfermarkt_Turkey_national_team_7a032d2b855d.html,https://www.transfermarkt.com/turkei/startseite/verein/3381,2026-06-12T04:08:38+00:00
Turkey,Yunus Akgün,https://www.transfermarkt.com/yunus-akgun/profil/spieler/396908,19 | Yunus Akgün Right Winger |  | Yunus Akgün | Right Winger | 07/07/2000 (25) |  | €18.00m,Yunus Akgün,€18.00m,data/raw/20260612_130839_transfermarkt_Turkey_national_team_7a032d2b855d.html,https://www.transfermarkt.com/turkei/startseite/verein/3381,2026-06-12T04:08:38+00:00
Turkey,Oğuz Aydın,https://www.transfermarkt.com/oguz-aydin/profil/spieler/563749,24 | Oğuz Aydın Right Winger |  | Oğuz Aydın | Right Winger | 27/10/2000 (25) |  | €7.00m,Oğuz Aydın,€7.00m,data/raw/20260612_130839_transfermarkt_Turkey_national_team_7a032d2b855d.html,https://www.transfermarkt.com/turkei/startseite/verein/3381,2026-06-12T04:08:38+00:00
Turkey,İrfan Can Kahveci,https://www.transfermarkt.com/irfan-can-kahveci/profil/spieler/216603,17 | İrfan Can Kahveci Right Winger |  | İrfan Can Kahveci | Right Winger | 15/07/1995 (30) |  | €3.00m,İrfan Can Kahveci,€3.00m,data/raw/20260612_130839_transfermarkt_Turkey_national_team_7a032d2b855d.html,https://www.transfermarkt.com/turkei/startseite/verein/3381,2026-06-12T04:08:38+00:00
Turkey,Deniz Gül,https://www.transfermarkt.com/deniz-gul/profil/spieler/1063292,9 | Deniz Gül Centre-Forward |  | Deniz Gül | Centre-Forward | 02/07/2004 (21) |  | €5.00m,Deniz Gül,€5.00m,data/raw/20260612_130839_transfermarkt_Turkey_national_team_7a032d2b855d.html,https://www.transfermarkt.com/turkei/startseite/verein/3381,2026-06-12T04:08:38+00:00
Germany,Alexander Nübel,https://www.transfermarkt.com/alexander-nubel/profil/spieler/195778,21 | Alexander Nübel Goalkeeper |  | Alexander Nübel | Goalkeeper | 30/09/1996 (29) |  | €12.00m,Alexander Nübel,€12.00m,data/raw/20260612_130842_transfermarkt_Germany_national_team_754f20063c42.html,https://www.transfermarkt.com/deutschland/startseite/verein/3262,2026-06-12T04:08:42+00:00
Germany,Manuel Neuer,https://www.transfermarkt.com/manuel-neuer/profil/spieler/17259,1 | Manuel Neuer Goalkeeper |  | Manuel Neuer | Goalkeeper | 27/03/1986 (40) |  | €4.00m,Manuel Neuer,€4.00m,data/raw/20260612_130842_transfermarkt_Germany_national_team_754f20063c42.html,https://www.transfermarkt.com/deutschland/startseite/verein/3262,2026-06-12T04:08:42+00:00
Germany,Oliver Baumann,https://www.transfermarkt.com/oliver-baumann/profil/spieler/55089,12 | Oliver Baumann Goalkeeper |  | Oliver Baumann | Goalkeeper | 02/06/1990 (36) |  | €2.50m,Oliver Baumann,€2.50m,data/raw/20260612_130842_transfermarkt_Germany_national_team_754f20063c42.html,https://www.transfermarkt.com/deutschland/startseite/verein/3262,2026-06-12T04:08:42+00:00
Germany,Nico Schlotterbeck,https://www.transfermarkt.com/nico-schlotterbeck/profil/spieler/388198,15 | Nico Schlotterbeck Centre-Back |  | Nico Schlotterbeck | Centre-Back | 01/12/1999 (26) |  | €55.00m,Nico Schlotterbeck,€55.00m,data/raw/20260612_130842_transfermarkt_Germany_national_team_754f20063c42.html,https://www.transfermarkt.com/deutschland/startseite/verein/3262,2026-06-12T04:08:42+00:00
Germany,Malick Thiaw,https://www.transfermarkt.com/malick-thiaw/profil/spieler/521964,24 | Malick Thiaw Centre-Back |  | Malick Thiaw | Centre-Back | 08/08/2001 (24) |  | €45.00m,Malick Thiaw,€45.00m,data/raw/20260612_130842_transfermarkt_Germany_national_team_754f20063c42.html,https://www.transfermarkt.com/deutschland/startseite/verein/3262,2026-06-12T04:08:42+00:00
Germany,Jonathan Tah,https://www.transfermarkt.com/jonathan-tah/profil/spieler/196357,4 | Jonathan Tah Centre-Back |  | Jonathan Tah | Centre-Back | 11/02/1996 (30) |  | €28.00m,Jonathan Tah,€28.00m,data/raw/20260612_130842_transfermarkt_Germany_national_team_754f20063c42.html,https://www.transfermarkt.com/deutschland/startseite/verein/3262,2026-06-12T04:08:42+00:00
Germany,Waldemar Anton,https://www.transfermarkt.com/waldemar-anton/profil/spieler/193004,3 | Waldemar Anton Centre-Back |  | Waldemar Anton | Centre-Back | 20/07/1996 (29) |  | €18.00m,Waldemar Anton,€18.00m,data/raw/20260612_130842_transfermarkt_Germany_national_team_754f20063c42.html,https://www.transfermarkt.com/deutschland/startseite/verein/3262,2026-06-12T04:08:42+00:00
Germany,Antonio Rüdiger,https://www.transfermarkt.com/antonio-rudiger/profil/spieler/86202,2 | Antonio Rüdiger Centre-Back |  | Antonio Rüdiger | Centre-Back | 03/03/1993 (33) |  | €6.00m,Antonio Rüdiger,€6.00m,data/raw/20260612_130842_transfermarkt_Germany_national_team_754f20063c42.html,https://www.transfermarkt.com/deutschland/startseite/verein/3262,2026-06-12T04:08:42+00:00
Germany,Nathaniel Brown,https://www.transfermarkt.com/nathaniel-brown/profil/spieler/691892,18 | Nathaniel Brown Left-Back |  | Nathaniel Brown | Left-Back | 16/06/2003 (22) |  | €40.00m,Nathaniel Brown,€40.00m,data/raw/20260612_130842_transfermarkt_Germany_national_team_754f20063c42.html,https://www.transfermarkt.com/deutschland/startseite/verein/3262,2026-06-12T04:08:42+00:00
Germany,David Raum,https://www.transfermarkt.com/david-raum/profil/spieler/318204,22 | David Raum Left-Back |  | David Raum | Left-Back | 22/04/1998 (28) |  | €25.00m,David Raum,€25.00m,data/raw/20260612_130842_transfermarkt_Germany_national_team_754f20063c42.html,https://www.transfermarkt.com/deutschland/startseite/verein/3262,2026-06-12T04:08:42+00:00
Germany,Aleksandar Pavlovic,https://www.transfermarkt.com/aleksandar-pavlovic/profil/spieler/792380,5 | Aleksandar Pavlovic Defensive Midfield |  | Aleksandar Pavlovic | Defensive Midfield | 03/05/2004 (22) |  | €90.00m,Aleksandar Pavlovic,€90.00m,data/raw/20260612_130842_transfermarkt_Germany_national_team_754f20063c42.html,https://www.transfermarkt.com/deutschland/startseite/verein/3262,2026-06-12T04:08:42+00:00
Germany,Angelo Stiller,https://www.transfermarkt.com/angelo-stiller/profil/spieler/443710,16 | Angelo Stiller Defensive Midfield |  | Angelo Stiller | Defensive Midfield | 04/04/2001 (25) |  | €45.00m,Angelo Stiller,€45.00m,data/raw/20260612_130842_transfermarkt_Germany_national_team_754f20063c42.html,https://www.transfermarkt.com/deutschland/startseite/verein/3262,2026-06-12T04:08:42+00:00
Germany,Joshua Kimmich,https://www.transfermarkt.com/joshua-kimmich/profil/spieler/161056,6 | Joshua Kimmich Defensive Midfield |  | Joshua Kimmich | Defensive Midfield | 08/02/1995 (31) |  | €35.00m,Joshua Kimmich,€35.00m,data/raw/20260612_130842_transfermarkt_Germany_national_team_754f20063c42.html,https://www.transfermarkt.com/deutschland/startseite/verein/3262,2026-06-12T04:08:42+00:00
Germany,Felix Nmecha,https://www.transfermarkt.com/felix-nmecha/profil/spieler/406640,23 | Felix Nmecha Central Midfield |  | Felix Nmecha | Central Midfield | 10/10/2000 (25) |  | €50.00m,Felix Nmecha,€50.00m,data/raw/20260612_130842_transfermarkt_Germany_national_team_754f20063c42.html,https://www.transfermarkt.com/deutschland/startseite/verein/3262,2026-06-12T04:08:42+00:00
Germany,Assan Ouédraogo,https://www.transfermarkt.com/assan-ouedraogo/profil/spieler/897424,25 | Assan Ouédraogo Central Midfield |  | Assan Ouédraogo | Central Midfield | 09/05/2006 (20) |  | €28.00m,Assan Ouédraogo,€28.00m,data/raw/20260612_130842_transfermarkt_Germany_national_team_754f20063c42.html,https://www.transfermarkt.com/deutschland/startseite/verein/3262,2026-06-12T04:08:42+00:00
Germany,Nadiem Amiri,https://www.transfermarkt.com/nadiem-amiri/profil/spieler/232454,20 | Nadiem Amiri Central Midfield |  | Nadiem Amiri | Central Midfield | 27/10/1996 (29) |  | €17.00m,Nadiem Amiri,€17.00m,data/raw/20260612_130842_transfermarkt_Germany_national_team_754f20063c42.html,https://www.transfermarkt.com/deutschland/startseite/verein/3262,2026-06-12T04:08:42+00:00
Germany,Leon Goretzka,https://www.transfermarkt.com/leon-goretzka/profil/spieler/153084,8 | Leon Goretzka Central Midfield |  | Leon Goretzka | Central Midfield | 06/02/1995 (31) |  | €12.00m,Leon Goretzka,€12.00m,data/raw/20260612_130842_transfermarkt_Germany_national_team_754f20063c42.html,https://www.transfermarkt.com/deutschland/startseite/verein/3262,2026-06-12T04:08:42+00:00
Germany,Pascal Groß,https://www.transfermarkt.com/pascal-gross/profil/spieler/82873,13 | Pascal Groß Central Midfield |  | Pascal Groß | Central Midfield | 15/06/1991 (34) |  | €2.50m,Pascal Groß,€2.50m,data/raw/20260612_130842_transfermarkt_Germany_national_team_754f20063c42.html,https://www.transfermarkt.com/deutschland/startseite/verein/3262,2026-06-12T04:08:42+00:00
Germany,Jamal Musiala,https://www.transfermarkt.com/jamal-musiala/profil/spieler/580195,10 | Jamal Musiala Attacking Midfield |  | Jamal Musiala | Attacking Midfield | 26/02/2003 (23) |  | €100.00m,Jamal Musiala,€100.00m,data/raw/20260612_130842_transfermarkt_Germany_national_team_754f20063c42.html,https://www.transfermarkt.com/deutschland/startseite/verein/3262,2026-06-12T04:08:42+00:00
Germany,Florian Wirtz,https://www.transfermarkt.com/florian-wirtz/profil/spieler/598577,17 | Florian Wirtz Attacking Midfield |  | Florian Wirtz | Attacking Midfield | 03/05/2003 (23) |  | €100.00m,Florian Wirtz,€100.00m,data/raw/20260612_130842_transfermarkt_Germany_national_team_754f20063c42.html,https://www.transfermarkt.com/deutschland/startseite/verein/3262,2026-06-12T04:08:42+00:00
Germany,Jamie Leweling,https://www.transfermarkt.com/jamie-leweling/profil/spieler/518505,9 | Jamie Leweling Right Winger |  | Jamie Leweling | Right Winger | 26/02/2001 (25) |  | €40.00m,Jamie Leweling,€40.00m,data/raw/20260612_130842_transfermarkt_Germany_national_team_754f20063c42.html,https://www.transfermarkt.com/deutschland/startseite/verein/3262,2026-06-12T04:08:42+00:00
Germany,Leroy Sané,https://www.transfermarkt.com/leroy-sane/profil/spieler/192565,19 | Leroy Sané Right Winger |  | Leroy Sané | Right Winger | 11/01/1996 (30) |  | €20.00m,Leroy Sané,€20.00m,data/raw/20260612_130842_transfermarkt_Germany_national_team_754f20063c42.html,https://www.transfermarkt.com/deutschland/startseite/verein/3262,2026-06-12T04:08:42+00:00
Germany,Kai Havertz,https://www.transfermarkt.com/kai-havertz/profil/spieler/309400,7 | Kai Havertz Centre-Forward |  | Kai Havertz | Centre-Forward | 11/06/1999 (27) |  | €55.00m,Kai Havertz,€55.00m,data/raw/20260612_130842_transfermarkt_Germany_national_team_754f20063c42.html,https://www.transfermarkt.com/deutschland/startseite/verein/3262,2026-06-12T04:08:42+00:00
Germany,Nick Woltemade,https://www.transfermarkt.com/nick-woltemade/profil/spieler/455661,11 | Nick Woltemade Centre-Forward |  | Nick Woltemade | Centre-Forward | 14/02/2002 (24) |  | €55.00m,Nick Woltemade,€55.00m,data/raw/20260612_130842_transfermarkt_Germany_national_team_754f20063c42.html,https://www.transfermarkt.com/deutschland/startseite/verein/3262,2026-06-12T04:08:42+00:00
Germany,Maximilian Beier,https://www.transfermarkt.com/maximilian-beier/profil/spieler/578392,14 | Maximilian Beier Centre-Forward |  | Maximilian Beier | Centre-Forward | 17/10/2002 (23) |  | €40.00m,Maximilian Beier,€40.00m,data/raw/20260612_130842_transfermarkt_Germany_national_team_754f20063c42.html,https://www.transfermarkt.com/deutschland/startseite/verein/3262,2026-06-12T04:08:42+00:00
Germany,Deniz Undav,https://www.transfermarkt.com/deniz-undav/profil/spieler/339314,26 | Deniz Undav Centre-Forward |  | Deniz Undav | Centre-Forward | 19/07/1996 (29) |  | €22.00m,Deniz Undav,€22.00m,data/raw/20260612_130842_transfermarkt_Germany_national_team_754f20063c42.html,https://www.transfermarkt.com/deutschland/startseite/verein/3262,2026-06-12T04:08:42+00:00
Curaçao,Eloy Room,https://www.transfermarkt.com/eloy-room/profil/spieler/79294,1 | Eloy Room Goalkeeper |  | Eloy Room | Goalkeeper | 06/02/1989 (37) |  | €150k,Eloy Room,€150k,data/raw/20260612_130847_transfermarkt_Curaçao_national_team_e8e377086d74.html,https://www.transfermarkt.com/curacao/startseite/verein/32364,2026-06-12T04:08:46+00:00
Curaçao,Trevor Doornbusch,https://www.transfermarkt.com/trevor-doornbusch/profil/spieler/390814,26 | Trevor Doornbusch Goalkeeper |  | Trevor Doornbusch | Goalkeeper | 06/07/1999 (26) |  | €50k,Trevor Doornbusch,€50k,data/raw/20260612_130847_transfermarkt_Curaçao_national_team_e8e377086d74.html,https://www.transfermarkt.com/curacao/startseite/verein/32364,2026-06-12T04:08:46+00:00
Curaçao,Tyrick Bodak,https://www.transfermarkt.com/tyrick-bodak/profil/spieler/663961,25 | Tyrick Bodak Goalkeeper |  | Tyrick Bodak | Goalkeeper | 15/05/2002 (24) |  | €25k,Tyrick Bodak,€25k,data/raw/20260612_130847_transfermarkt_Curaçao_national_team_e8e377086d74.html,https://www.transfermarkt.com/curacao/startseite/verein/32364,2026-06-12T04:08:46+00:00
Curaçao,Armando Obispo,https://www.transfermarkt.com/armando-obispo/profil/spieler/339337,18 | Armando Obispo Centre-Back |  | Armando Obispo | Centre-Back | 05/03/1999 (27) |  | €4.00m,Armando Obispo,€4.00m,data/raw/20260612_130847_transfermarkt_Curaçao_national_team_e8e377086d74.html,https://www.transfermarkt.com/curacao/startseite/verein/32364,2026-06-12T04:08:46+00:00
Curaçao,Riechedly Bazoer,https://www.transfermarkt.com/riechedly-bazoer/profil/spieler/216443,23 | Riechedly Bazoer Centre-Back |  | Riechedly Bazoer | Centre-Back | 12/10/1996 (29) |  | €1.50m,Riechedly Bazoer,€1.50m,data/raw/20260612_130847_transfermarkt_Curaçao_national_team_e8e377086d74.html,https://www.transfermarkt.com/curacao/startseite/verein/32364,2026-06-12T04:08:46+00:00
Curaçao,Deveron Fonville,https://www.transfermarkt.com/deveron-fonville/profil/spieler/708989,24 | Deveron Fonville Centre-Back |  | Deveron Fonville | Centre-Back | 16/05/2003 (23) |  | €1.50m,Deveron Fonville,€1.50m,data/raw/20260612_130847_transfermarkt_Curaçao_national_team_e8e377086d74.html,https://www.transfermarkt.com/curacao/startseite/verein/32364,2026-06-12T04:08:46+00:00
Curaçao,Roshon van Eijma,https://www.transfermarkt.com/roshon-van-eijma/profil/spieler/401029,4 | Roshon van Eijma Centre-Back |  | Roshon van Eijma | Centre-Back | 09/06/1998 (28) |  | €375k,Roshon van Eijma,€375k,data/raw/20260612_130847_transfermarkt_Curaçao_national_team_e8e377086d74.html,https://www.transfermarkt.com/curacao/startseite/verein/32364,2026-06-12T04:08:46+00:00
Curaçao,Juriën Gaari,https://www.transfermarkt.com/jurien-gaari/profil/spieler/328455,3 | Juriën Gaari Centre-Back |  | Juriën Gaari | Centre-Back | 23/12/1993 (32) |  | €350k,Juriën Gaari,€350k,data/raw/20260612_130847_transfermarkt_Curaçao_national_team_e8e377086d74.html,https://www.transfermarkt.com/curacao/startseite/verein/32364,2026-06-12T04:08:46+00:00
Curaçao,Sherel Floranus,https://www.transfermarkt.com/sherel-floranus/profil/spieler/315211,5 | Sherel Floranus Left-Back |  | Sherel Floranus | Left-Back | 23/08/1998 (27) |  | €800k,Sherel Floranus,€800k,data/raw/20260612_130847_transfermarkt_Curaçao_national_team_e8e377086d74.html,https://www.transfermarkt.com/curacao/startseite/verein/32364,2026-06-12T04:08:46+00:00
Curaçao,Shurandy Sambo,https://www.transfermarkt.com/shurandy-sambo/profil/spieler/412937,2 | Shurandy Sambo Right-Back |  | Shurandy Sambo | Right-Back | 19/08/2001 (24) |  | €1.30m,Shurandy Sambo,€1.30m,data/raw/20260612_130847_transfermarkt_Curaçao_national_team_e8e377086d74.html,https://www.transfermarkt.com/curacao/startseite/verein/32364,2026-06-12T04:08:46+00:00
Curaçao,Joshua Brenet,https://www.transfermarkt.com/joshua-brenet/profil/spieler/207006,20 | Joshua Brenet Right-Back |  | Joshua Brenet | Right-Back | 20/03/1994 (32) |  | €1.00m,Joshua Brenet,€1.00m,data/raw/20260612_130847_transfermarkt_Curaçao_national_team_e8e377086d74.html,https://www.transfermarkt.com/curacao/startseite/verein/32364,2026-06-12T04:08:46+00:00
Curaçao,Livano Comenencia,https://www.transfermarkt.com/livano-comenencia/profil/spieler/626764,8 | Livano Comenencia Right-Back |  | Livano Comenencia | Right-Back | 03/02/2004 (22) |  | €500k,Livano Comenencia,€500k,data/raw/20260612_130847_transfermarkt_Curaçao_national_team_e8e377086d74.html,https://www.transfermarkt.com/curacao/startseite/verein/32364,2026-06-12T04:08:46+00:00
Curaçao,Kevin Felida,https://www.transfermarkt.com/kevin-felida/profil/spieler/433933,22 | Kevin Felida Defensive Midfield |  | Kevin Felida | Defensive Midfield | 11/11/1999 (26) |  | €400k,Kevin Felida,€400k,data/raw/20260612_130847_transfermarkt_Curaçao_national_team_e8e377086d74.html,https://www.transfermarkt.com/curacao/startseite/verein/32364,2026-06-12T04:08:46+00:00
Curaçao,Godfried Roemeratoe,https://www.transfermarkt.com/godfried-roemeratoe/profil/spieler/393241,6 | Godfried Roemeratoe Defensive Midfield |  | Godfried Roemeratoe | Defensive Midfield | 19/08/1999 (26) |  | €350k,Godfried Roemeratoe,€350k,data/raw/20260612_130847_transfermarkt_Curaçao_national_team_e8e377086d74.html,https://www.transfermarkt.com/curacao/startseite/verein/32364,2026-06-12T04:08:46+00:00
Curaçao,Juninho Bacuna,https://www.transfermarkt.com/juninho-bacuna/profil/spieler/348863,7 | Juninho Bacuna Central Midfield |  | Juninho Bacuna | Central Midfield | 07/08/1997 (28) |  | €1.70m,Juninho Bacuna,€1.70m,data/raw/20260612_130847_transfermarkt_Curaçao_national_team_e8e377086d74.html,https://www.transfermarkt.com/curacao/startseite/verein/32364,2026-06-12T04:08:46+00:00
Curaçao,Leandro Bacuna,https://www.transfermarkt.com/leandro-bacuna/profil/spieler/126014,10 | Leandro Bacuna Central Midfield |  | Leandro Bacuna | Central Midfield | 21/08/1991 (34) |  | €250k,Leandro Bacuna,€250k,data/raw/20260612_130847_transfermarkt_Curaçao_national_team_e8e377086d74.html,https://www.transfermarkt.com/curacao/startseite/verein/32364,2026-06-12T04:08:46+00:00
Curaçao,Tyrese Noslin,https://www.transfermarkt.com/tyrese-noslin/profil/spieler/708005,13 | Tyrese Noslin Right Midfield |  | Tyrese Noslin | Right Midfield | 11/09/2002 (23) |  | €750k,Tyrese Noslin,€750k,data/raw/20260612_130847_transfermarkt_Curaçao_national_team_e8e377086d74.html,https://www.transfermarkt.com/curacao/startseite/verein/32364,2026-06-12T04:08:46+00:00
Curaçao,Tahith Chong,https://www.transfermarkt.com/tahith-chong/profil/spieler/344830,21 | Tahith Chong Attacking Midfield |  | Tahith Chong | Attacking Midfield | 04/12/1999 (26) |  | €3.50m,Tahith Chong,€3.50m,data/raw/20260612_130847_transfermarkt_Curaçao_national_team_e8e377086d74.html,https://www.transfermarkt.com/curacao/startseite/verein/32364,2026-06-12T04:08:46+00:00
Curaçao,Jearl Margaritha,https://www.transfermarkt.com/jearl-margaritha/profil/spieler/538958,16 | Jearl Margaritha Left Winger |  | Jearl Margaritha | Left Winger | 10/04/2000 (26) |  | €1.00m,Jearl Margaritha,€1.00m,data/raw/20260612_130847_transfermarkt_Curaçao_national_team_e8e377086d74.html,https://www.transfermarkt.com/curacao/startseite/verein/32364,2026-06-12T04:08:46+00:00
Curaçao,Jeremy Antonisse,https://www.transfermarkt.com/jeremy-antonisse/profil/spieler/594273,11 | Jeremy Antonisse Left Winger |  | Jeremy Antonisse | Left Winger | 29/03/2002 (24) |  | €800k,Jeremy Antonisse,€800k,data/raw/20260612_130847_transfermarkt_Curaçao_national_team_e8e377086d74.html,https://www.transfermarkt.com/curacao/startseite/verein/32364,2026-06-12T04:08:46+00:00
Curaçao,Kenji Gorré,https://www.transfermarkt.com/kenji-gorre/profil/spieler/374889,14 | Kenji Gorré Left Winger |  | Kenji Gorré | Left Winger | 29/09/1994 (31) |  | €600k,Kenji Gorré,€600k,data/raw/20260612_130847_transfermarkt_Curaçao_national_team_e8e377086d74.html,https://www.transfermarkt.com/curacao/startseite/verein/32364,2026-06-12T04:08:46+00:00
Curaçao,Sontje Hansen,https://www.transfermarkt.com/sontje-hansen/profil/spieler/485582,12 | Sontje Hansen Right Winger |  | Sontje Hansen | Right Winger | 18/05/2002 (24) |  | €3.50m,Sontje Hansen,€3.50m,data/raw/20260612_130847_transfermarkt_Curaçao_national_team_e8e377086d74.html,https://www.transfermarkt.com/curacao/startseite/verein/32364,2026-06-12T04:08:46+00:00
Curaçao,Ar'jany Martha,https://www.transfermarkt.com/arjany-martha/profil/spieler/572519,15 | Ar'jany Martha Right Winger |  | Ar'jany Martha | Right Winger | 04/09/2003 (22) |  | €700k,Ar'jany Martha,€700k,data/raw/20260612_130847_transfermarkt_Curaçao_national_team_e8e377086d74.html,https://www.transfermarkt.com/curacao/startseite/verein/32364,2026-06-12T04:08:46+00:00
Curaçao,Brandley Kuwas,https://www.transfermarkt.com/brandley-kuwas/profil/spieler/232219,17 | Brandley Kuwas Right Winger |  | Brandley Kuwas | Right Winger | 19/09/1992 (33) |  | €250k,Brandley Kuwas,€250k,data/raw/20260612_130847_transfermarkt_Curaçao_national_team_e8e377086d74.html,https://www.transfermarkt.com/curacao/startseite/verein/32364,2026-06-12T04:08:46+00:00
Curaçao,Gervane Kastaneer,https://www.transfermarkt.com/gervane-kastaneer/profil/spieler/240752,19 | Gervane Kastaneer Centre-Forward |  | Gervane Kastaneer | Centre-Forward | 09/06/1996 (30) |  | €225k,Gervane Kastaneer,€225k,data/raw/20260612_130847_transfermarkt_Curaçao_national_team_e8e377086d74.html,https://www.transfermarkt.com/curacao/startseite/verein/32364,2026-06-12T04:08:46+00:00
Curaçao,Jürgen Locadia,https://www.transfermarkt.com/jurgen-locadia/profil/spieler/166240,9 | Jürgen Locadia Centre-Forward |  | Jürgen Locadia | Centre-Forward | 07/11/1993 (32) |  | €200k,Jürgen Locadia,€200k,data/raw/20260612_130847_transfermarkt_Curaçao_national_team_e8e377086d74.html,https://www.transfermarkt.com/curacao/startseite/verein/32364,2026-06-12T04:08:46+00:00
Ivory Coast,Yahia Fofana,https://www.transfermarkt.com/yahia-fofana/profil/spieler/418651,1 | Yahia Fofana Goalkeeper |  | Yahia Fofana | Goalkeeper | 21/08/2000 (25) |  | €5.00m,Yahia Fofana,€5.00m,data/raw/20260612_130850_transfermarkt_Ivory_Coast_national_team_2fd0c4ead2fe.html,https://www.transfermarkt.com/elfenbeinkuste/startseite/verein/3591,2026-06-12T04:08:50+00:00
Ivory Coast,Alban Lafont,https://www.transfermarkt.com/alban-lafont/profil/spieler/357117,23 | Alban Lafont Goalkeeper |  | Alban Lafont | Goalkeeper | 23/01/1999 (27) |  | €3.00m,Alban Lafont,€3.00m,data/raw/20260612_130850_transfermarkt_Ivory_Coast_national_team_2fd0c4ead2fe.html,https://www.transfermarkt.com/elfenbeinkuste/startseite/verein/3591,2026-06-12T04:08:50+00:00
Ivory Coast,Mohamed Koné,https://www.transfermarkt.com/mohamed-kone/profil/spieler/911985,16 | Mohamed Koné Goalkeeper |  | Mohamed Koné | Goalkeeper | 07/03/2002 (24) |  | €2.00m,Mohamed Koné,€2.00m,data/raw/20260612_130850_transfermarkt_Ivory_Coast_national_team_2fd0c4ead2fe.html,https://www.transfermarkt.com/elfenbeinkuste/startseite/verein/3591,2026-06-12T04:08:50+00:00
Ivory Coast,Ousmane Diomande,https://www.transfermarkt.com/ousmane-diomande/profil/spieler/974982,2 | Ousmane Diomande Centre-Back |  | Ousmane Diomande | Centre-Back | 04/12/2003 (22) |  | €42.00m,Ousmane Diomande,€42.00m,data/raw/20260612_130850_transfermarkt_Ivory_Coast_national_team_2fd0c4ead2fe.html,https://www.transfermarkt.com/elfenbeinkuste/startseite/verein/3591,2026-06-12T04:08:50+00:00
Ivory Coast,Evan Ndicka,https://www.transfermarkt.com/evan-ndicka/profil/spieler/371149,21 | Evan Ndicka Centre-Back |  | Evan Ndicka | Centre-Back | 20/08/1999 (26) |  | €35.00m,Evan Ndicka,€35.00m,data/raw/20260612_130850_transfermarkt_Ivory_Coast_national_team_2fd0c4ead2fe.html,https://www.transfermarkt.com/elfenbeinkuste/startseite/verein/3591,2026-06-12T04:08:50+00:00
Ivory Coast,Wilfried Singo,https://www.transfermarkt.com/wilfried-singo/profil/spieler/648779,5 | Wilfried Singo Centre-Back |  | Wilfried Singo | Centre-Back | 25/12/2000 (25) |  | €23.00m,Wilfried Singo,€23.00m,data/raw/20260612_130850_transfermarkt_Ivory_Coast_national_team_2fd0c4ead2fe.html,https://www.transfermarkt.com/elfenbeinkuste/startseite/verein/3591,2026-06-12T04:08:50+00:00
Ivory Coast,Emmanuel Agbadou,https://www.transfermarkt.com/emmanuel-agbadou/profil/spieler/683895,20 | Emmanuel Agbadou Centre-Back |  | Emmanuel Agbadou | Centre-Back | 17/06/1997 (28) |  | €16.00m,Emmanuel Agbadou,€16.00m,data/raw/20260612_130850_transfermarkt_Ivory_Coast_national_team_2fd0c4ead2fe.html,https://www.transfermarkt.com/elfenbeinkuste/startseite/verein/3591,2026-06-12T04:08:50+00:00
Ivory Coast,Odilon Kossounou,https://www.transfermarkt.com/odilon-kossounou/profil/spieler/644771,7 | Odilon Kossounou Centre-Back |  | Odilon Kossounou | Centre-Back | 04/01/2001 (25) |  | €15.00m,Odilon Kossounou,€15.00m,data/raw/20260612_130850_transfermarkt_Ivory_Coast_national_team_2fd0c4ead2fe.html,https://www.transfermarkt.com/elfenbeinkuste/startseite/verein/3591,2026-06-12T04:08:50+00:00
Ivory Coast,Christopher Operi,https://www.transfermarkt.com/christopher-operi/profil/spieler/469976,13 | Christopher Operi Left-Back |  | Christopher Operi | Left-Back | 29/04/1997 (29) |  | €4.00m,Christopher Operi,€4.00m,data/raw/20260612_130850_transfermarkt_Ivory_Coast_national_team_2fd0c4ead2fe.html,https://www.transfermarkt.com/elfenbeinkuste/startseite/verein/3591,2026-06-12T04:08:50+00:00
Ivory Coast,Ghislain Konan,https://www.transfermarkt.com/ghislain-konan/profil/spieler/422850,3 | Ghislain Konan Left-Back |  | Ghislain Konan | Left-Back | 27/12/1995 (30) |  | €3.00m,Ghislain Konan,€3.00m,data/raw/20260612_130850_transfermarkt_Ivory_Coast_national_team_2fd0c4ead2fe.html,https://www.transfermarkt.com/elfenbeinkuste/startseite/verein/3591,2026-06-12T04:08:50+00:00
Ivory Coast,Guéla Doué,https://www.transfermarkt.com/guela-doue/profil/spieler/711980,17 | Guéla Doué Right-Back |  | Guéla Doué | Right-Back | 17/10/2002 (23) |  | €20.00m,Guéla Doué,€20.00m,data/raw/20260612_130850_transfermarkt_Ivory_Coast_national_team_2fd0c4ead2fe.html,https://www.transfermarkt.com/elfenbeinkuste/startseite/verein/3591,2026-06-12T04:08:50+00:00
Ivory Coast,Ibrahim Sangaré,https://www.transfermarkt.com/ibrahim-sangare/profil/spieler/375885,18 | Ibrahim Sangaré Defensive Midfield |  | Ibrahim Sangaré | Defensive Midfield | 02/12/1997 (28) |  | €20.00m,Ibrahim Sangaré,€20.00m,data/raw/20260612_130850_transfermarkt_Ivory_Coast_national_team_2fd0c4ead2fe.html,https://www.transfermarkt.com/elfenbeinkuste/startseite/verein/3591,2026-06-12T04:08:50+00:00
Ivory Coast,Jean Michaël Seri,https://www.transfermarkt.com/jean-michael-seri/profil/spieler/178614,4 | Jean Michaël Seri Defensive Midfield |  | Jean Michaël Seri | Defensive Midfield | 19/07/1991 (34) |  | €100k,Jean Michaël Seri,€100k,data/raw/20260612_130850_transfermarkt_Ivory_Coast_national_team_2fd0c4ead2fe.html,https://www.transfermarkt.com/elfenbeinkuste/startseite/verein/3591,2026-06-12T04:08:50+00:00
Ivory Coast,Christ Inao Oulaï,https://www.transfermarkt.com/christ-inao-oulai/profil/spieler/1279526,26 | Christ Inao Oulaï Central Midfield |  | Christ Inao Oulaï | Central Midfield | 06/04/2006 (20) |  | €23.00m,Christ Inao Oulaï,€23.00m,data/raw/20260612_130850_transfermarkt_Ivory_Coast_national_team_2fd0c4ead2fe.html,https://www.transfermarkt.com/elfenbeinkuste/startseite/verein/3591,2026-06-12T04:08:50+00:00
Ivory Coast,Franck Kessié,https://www.transfermarkt.com/franck-kessie/profil/spieler/294808,8 | Franck Kessié Central Midfield |  | Franck Kessié | Central Midfield | 19/12/1996 (29) |  | €12.00m,Franck Kessié,€12.00m,data/raw/20260612_130850_transfermarkt_Ivory_Coast_national_team_2fd0c4ead2fe.html,https://www.transfermarkt.com/elfenbeinkuste/startseite/verein/3591,2026-06-12T04:08:50+00:00
Ivory Coast,Seko Fofana,https://www.transfermarkt.com/seko-fofana/profil/spieler/182893,6 | Seko Fofana Central Midfield |  | Seko Fofana | Central Midfield | 07/05/1995 (31) |  | €8.00m,Seko Fofana,€8.00m,data/raw/20260612_130850_transfermarkt_Ivory_Coast_national_team_2fd0c4ead2fe.html,https://www.transfermarkt.com/elfenbeinkuste/startseite/verein/3591,2026-06-12T04:08:50+00:00
Ivory Coast,Yan Diomande,https://www.transfermarkt.com/yan-diomande/profil/spieler/1390649,11 | Yan Diomande Left Winger |  | Yan Diomande | Left Winger | 14/11/2006 (19) |  | €90.00m,Yan Diomande,€90.00m,data/raw/20260612_130850_transfermarkt_Ivory_Coast_national_team_2fd0c4ead2fe.html,https://www.transfermarkt.com/elfenbeinkuste/startseite/verein/3591,2026-06-12T04:08:50+00:00
Ivory Coast,Bazoumana Touré,https://www.transfermarkt.com/bazoumana-toure/profil/spieler/1067904,24 | Bazoumana Touré Left Winger |  | Bazoumana Touré | Left Winger | 02/03/2006 (20) |  | €40.00m,Bazoumana Touré,€40.00m,data/raw/20260612_130850_transfermarkt_Ivory_Coast_national_team_2fd0c4ead2fe.html,https://www.transfermarkt.com/elfenbeinkuste/startseite/verein/3591,2026-06-12T04:08:50+00:00
Ivory Coast,Simon Adingra,https://www.transfermarkt.com/simon-adingra/profil/spieler/658536,10 | Simon Adingra Left Winger |  | Simon Adingra | Left Winger | 01/01/2002 (24) |  | €22.00m,Simon Adingra,€22.00m,data/raw/20260612_130850_transfermarkt_Ivory_Coast_national_team_2fd0c4ead2fe.html,https://www.transfermarkt.com/elfenbeinkuste/startseite/verein/3591,2026-06-12T04:08:50+00:00
Ivory Coast,Parfait Guiagon,https://www.transfermarkt.com/parfait-guiagon/profil/spieler/624913,25 | Parfait Guiagon Left Winger |  | Parfait Guiagon | Left Winger | 22/02/2001 (25) |  | €5.00m,Parfait Guiagon,€5.00m,data/raw/20260612_130850_transfermarkt_Ivory_Coast_national_team_2fd0c4ead2fe.html,https://www.transfermarkt.com/elfenbeinkuste/startseite/verein/3591,2026-06-12T04:08:50+00:00
Ivory Coast,Amad Diallo,https://www.transfermarkt.com/amad-diallo/profil/spieler/536835,15 | Amad Diallo Right Winger |  | Amad Diallo | Right Winger | 11/07/2002 (23) |  | €45.00m,Amad Diallo,€45.00m,data/raw/20260612_130850_transfermarkt_Ivory_Coast_national_team_2fd0c4ead2fe.html,https://www.transfermarkt.com/elfenbeinkuste/startseite/verein/3591,2026-06-12T04:08:50+00:00
Ivory Coast,Evann Guessand,https://www.transfermarkt.com/evann-guessand/profil/spieler/500689,22 | Evann Guessand Right Winger |  | Evann Guessand | Right Winger | 01/07/2001 (24) |  | €25.00m,Evann Guessand,€25.00m,data/raw/20260612_130850_transfermarkt_Ivory_Coast_national_team_2fd0c4ead2fe.html,https://www.transfermarkt.com/elfenbeinkuste/startseite/verein/3591,2026-06-12T04:08:50+00:00
Ivory Coast,Nicolas Pépé,https://www.transfermarkt.com/nicolas-pepe/profil/spieler/343052,19 | Nicolas Pépé Right Winger |  | Nicolas Pépé | Right Winger | 29/05/1995 (31) |  | €6.00m,Nicolas Pépé,€6.00m,data/raw/20260612_130850_transfermarkt_Ivory_Coast_national_team_2fd0c4ead2fe.html,https://www.transfermarkt.com/elfenbeinkuste/startseite/verein/3591,2026-06-12T04:08:50+00:00
Ivory Coast,Ange-Yoan Bonny,https://www.transfermarkt.com/ange-yoan-bonny/profil/spieler/827734,9 | Ange-Yoan Bonny Centre-Forward |  | Ange-Yoan Bonny | Centre-Forward | 25/10/2003 (22) |  | €35.00m,Ange-Yoan Bonny,€35.00m,data/raw/20260612_130850_transfermarkt_Ivory_Coast_national_team_2fd0c4ead2fe.html,https://www.transfermarkt.com/elfenbeinkuste/startseite/verein/3591,2026-06-12T04:08:50+00:00
Ivory Coast,Elye Wahi,https://www.transfermarkt.com/elye-wahi/profil/spieler/659542,12 | Elye Wahi Centre-Forward |  | Elye Wahi | Centre-Forward | 02/01/2003 (23) |  | €18.00m,Elye Wahi,€18.00m,data/raw/20260612_130850_transfermarkt_Ivory_Coast_national_team_2fd0c4ead2fe.html,https://www.transfermarkt.com/elfenbeinkuste/startseite/verein/3591,2026-06-12T04:08:50+00:00
Ivory Coast,Oumar Diakité,https://www.transfermarkt.com/oumar-diakite/profil/spieler/847279,14 | Oumar Diakité Centre-Forward |  | Oumar Diakité | Centre-Forward | 20/12/2003 (22) |  | €5.00m,Oumar Diakité,€5.00m,data/raw/20260612_130850_transfermarkt_Ivory_Coast_national_team_2fd0c4ead2fe.html,https://www.transfermarkt.com/elfenbeinkuste/startseite/verein/3591,2026-06-12T04:08:50+00:00
Ecuador,Gonzalo Valle,https://www.transfermarkt.com/gonzalo-valle/profil/spieler/351941,22 | Gonzalo Valle Goalkeeper |  | Gonzalo Valle | Goalkeeper | 28/02/1996 (30) |  | €1.80m,Gonzalo Valle,€1.80m,data/raw/20260612_130854_transfermarkt_Ecuador_national_team_f117399e9dee.html,https://www.transfermarkt.com/ecuador/startseite/verein/5750,2026-06-12T04:08:53+00:00
Ecuador,Moisés Ramírez,https://www.transfermarkt.com/moises-ramirez/profil/spieler/450233,12 | Moisés Ramírez Goalkeeper |  | Moisés Ramírez | Goalkeeper | 09/09/2000 (25) |  | €800k,Moisés Ramírez,€800k,data/raw/20260612_130854_transfermarkt_Ecuador_national_team_f117399e9dee.html,https://www.transfermarkt.com/ecuador/startseite/verein/5750,2026-06-12T04:08:53+00:00
Ecuador,Hernán Galíndez,https://www.transfermarkt.com/hernan-galindez/profil/spieler/77127,1 | Hernán Galíndez Goalkeeper |  | Hernán Galíndez | Goalkeeper | 30/03/1987 (39) |  | €300k,Hernán Galíndez,€300k,data/raw/20260612_130854_transfermarkt_Ecuador_national_team_f117399e9dee.html,https://www.transfermarkt.com/ecuador/startseite/verein/5750,2026-06-12T04:08:53+00:00
Ecuador,Willian Pacho,https://www.transfermarkt.com/willian-pacho/profil/spieler/661171,6 | Willian Pacho Centre-Back |  | Willian Pacho | Centre-Back | 16/10/2001 (24) |  | €80.00m,Willian Pacho,€80.00m,data/raw/20260612_130854_transfermarkt_Ecuador_national_team_f117399e9dee.html,https://www.transfermarkt.com/ecuador/startseite/verein/5750,2026-06-12T04:08:53+00:00
Ecuador,Piero Hincapié,https://www.transfermarkt.com/piero-hincapie/profil/spieler/659813,3 | Piero Hincapié Centre-Back |  | Piero Hincapié | Centre-Back | 09/01/2002 (24) |  | €50.00m,Piero Hincapié,€50.00m,data/raw/20260612_130854_transfermarkt_Ecuador_national_team_f117399e9dee.html,https://www.transfermarkt.com/ecuador/startseite/verein/5750,2026-06-12T04:08:53+00:00
Ecuador,Joel Ordóñez,https://www.transfermarkt.com/joel-ordonez/profil/spieler/893661,4 | Joel Ordóñez Centre-Back |  | Joel Ordóñez | Centre-Back | 21/04/2004 (22) |  | €33.00m,Joel Ordóñez,€33.00m,data/raw/20260612_130854_transfermarkt_Ecuador_national_team_f117399e9dee.html,https://www.transfermarkt.com/ecuador/startseite/verein/5750,2026-06-12T04:08:53+00:00
Ecuador,Jackson Porozo,https://www.transfermarkt.com/jackson-porozo/profil/spieler/491616,25 | Jackson Porozo Centre-Back |  | Jackson Porozo | Centre-Back | 04/08/2000 (25) |  | €2.50m,Jackson Porozo,€2.50m,data/raw/20260612_130854_transfermarkt_Ecuador_national_team_f117399e9dee.html,https://www.transfermarkt.com/ecuador/startseite/verein/5750,2026-06-12T04:08:53+00:00
Ecuador,Félix Torres,https://www.transfermarkt.com/felix-torres/profil/spieler/468174,2 | Félix Torres Centre-Back |  | Félix Torres | Centre-Back | 11/01/1997 (29) |  | €1.00m,Félix Torres,€1.00m,data/raw/20260612_130854_transfermarkt_Ecuador_national_team_f117399e9dee.html,https://www.transfermarkt.com/ecuador/startseite/verein/5750,2026-06-12T04:08:53+00:00
Ecuador,Pervis Estupiñán,https://www.transfermarkt.com/pervis-estupinan/profil/spieler/349599,7 | Pervis Estupiñán Left-Back |  | Pervis Estupiñán | Left-Back | 21/01/1998 (28) |  | €12.00m,Pervis Estupiñán,€12.00m,data/raw/20260612_130854_transfermarkt_Ecuador_national_team_f117399e9dee.html,https://www.transfermarkt.com/ecuador/startseite/verein/5750,2026-06-12T04:08:53+00:00
Ecuador,Yaimar Medina,https://www.transfermarkt.com/yaimar-medina/profil/spieler/893659,26 | Yaimar Medina Left-Back |  | Yaimar Medina | Left-Back | 05/11/2004 (21) |  | €4.00m,Yaimar Medina,€4.00m,data/raw/20260612_130854_transfermarkt_Ecuador_national_team_f117399e9dee.html,https://www.transfermarkt.com/ecuador/startseite/verein/5750,2026-06-12T04:08:53+00:00
Ecuador,Angelo Preciado,https://www.transfermarkt.com/angelo-preciado/profil/spieler/450241,17 | Angelo Preciado Right-Back |  | Angelo Preciado | Right-Back | 18/02/1998 (28) |  | €3.50m,Angelo Preciado,€3.50m,data/raw/20260612_130854_transfermarkt_Ecuador_national_team_f117399e9dee.html,https://www.transfermarkt.com/ecuador/startseite/verein/5750,2026-06-12T04:08:53+00:00
Ecuador,Moisés Caicedo,https://www.transfermarkt.com/moises-caicedo/profil/spieler/687626,23 | Moisés Caicedo Defensive Midfield |  | Moisés Caicedo | Defensive Midfield | 02/11/2001 (24) |  | €100.00m,Moisés Caicedo,€100.00m,data/raw/20260612_130854_transfermarkt_Ecuador_national_team_f117399e9dee.html,https://www.transfermarkt.com/ecuador/startseite/verein/5750,2026-06-12T04:08:53+00:00
Ecuador,Jordy Alcívar,https://www.transfermarkt.com/jordy-alcivar/profil/spieler/598145,5 | Jordy Alcívar Defensive Midfield |  | Jordy Alcívar | Defensive Midfield | 05/08/1999 (26) |  | €2.00m,Jordy Alcívar,€2.00m,data/raw/20260612_130854_transfermarkt_Ecuador_national_team_f117399e9dee.html,https://www.transfermarkt.com/ecuador/startseite/verein/5750,2026-06-12T04:08:53+00:00
Ecuador,Denil Castillo,https://www.transfermarkt.com/denil-castillo/profil/spieler/941418,18 | Denil Castillo Central Midfield |  | Denil Castillo | Central Midfield | 24/03/2004 (22) |  | €7.00m,Denil Castillo,€7.00m,data/raw/20260612_130854_transfermarkt_Ecuador_national_team_f117399e9dee.html,https://www.transfermarkt.com/ecuador/startseite/verein/5750,2026-06-12T04:08:53+00:00
Ecuador,Alan Franco,https://www.transfermarkt.com/alan-franco/profil/spieler/400960,21 | Alan Franco Central Midfield |  | Alan Franco | Central Midfield | 21/08/1998 (27) |  | €4.50m,Alan Franco,€4.50m,data/raw/20260612_130854_transfermarkt_Ecuador_national_team_f117399e9dee.html,https://www.transfermarkt.com/ecuador/startseite/verein/5750,2026-06-12T04:08:53+00:00
Ecuador,Kendry Páez,https://www.transfermarkt.com/kendry-paez/profil/spieler/1052439,10 | Kendry Páez Attacking Midfield |  | Kendry Páez | Attacking Midfield | 04/05/2007 (19) |  | €8.00m,Kendry Páez,€8.00m,data/raw/20260612_130854_transfermarkt_Ecuador_national_team_f117399e9dee.html,https://www.transfermarkt.com/ecuador/startseite/verein/5750,2026-06-12T04:08:53+00:00
Ecuador,Pedro Vite,https://www.transfermarkt.com/pedro-vite/profil/spieler/659806,15 | Pedro Vite Attacking Midfield |  | Pedro Vite | Attacking Midfield | 09/03/2002 (24) |  | €6.00m,Pedro Vite,€6.00m,data/raw/20260612_130854_transfermarkt_Ecuador_national_team_f117399e9dee.html,https://www.transfermarkt.com/ecuador/startseite/verein/5750,2026-06-12T04:08:53+00:00
Ecuador,Nilson Angulo,https://www.transfermarkt.com/nilson-angulo/profil/spieler/903611,20 | Nilson Angulo Left Winger |  | Nilson Angulo | Left Winger | 19/06/2003 (22) |  | €17.00m,Nilson Angulo,€17.00m,data/raw/20260612_130854_transfermarkt_Ecuador_national_team_f117399e9dee.html,https://www.transfermarkt.com/ecuador/startseite/verein/5750,2026-06-12T04:08:53+00:00
Ecuador,Gonzalo Plata,https://www.transfermarkt.com/gonzalo-plata/profil/spieler/592735,19 | Gonzalo Plata Right Winger |  | Gonzalo Plata | Right Winger | 01/11/2000 (25) |  | €9.00m,Gonzalo Plata,€9.00m,data/raw/20260612_130854_transfermarkt_Ecuador_national_team_f117399e9dee.html,https://www.transfermarkt.com/ecuador/startseite/verein/5750,2026-06-12T04:08:53+00:00
Ecuador,Alan Minda,https://www.transfermarkt.com/alan-minda/profil/spieler/897051,14 | Alan Minda Right Winger |  | Alan Minda | Right Winger | 14/05/2003 (23) |  | €3.00m,Alan Minda,€3.00m,data/raw/20260612_130854_transfermarkt_Ecuador_national_team_f117399e9dee.html,https://www.transfermarkt.com/ecuador/startseite/verein/5750,2026-06-12T04:08:53+00:00
Ecuador,Anthony Valencia,https://www.transfermarkt.com/anthony-valencia/profil/spieler/974374,8 | Anthony Valencia Right Winger |  | Anthony Valencia | Right Winger | 21/07/2003 (22) |  | €1.80m,Anthony Valencia,€1.80m,data/raw/20260612_130854_transfermarkt_Ecuador_national_team_f117399e9dee.html,https://www.transfermarkt.com/ecuador/startseite/verein/5750,2026-06-12T04:08:53+00:00
Ecuador,John Yeboah,https://www.transfermarkt.com/john-yeboah/profil/spieler/439914,9 | John Yeboah Second Striker |  | John Yeboah | Second Striker | 23/06/2000 (25) |  | €5.50m,John Yeboah,€5.50m,data/raw/20260612_130854_transfermarkt_Ecuador_national_team_f117399e9dee.html,https://www.transfermarkt.com/ecuador/startseite/verein/5750,2026-06-12T04:08:53+00:00
Ecuador,Jeremy Arévalo,https://www.transfermarkt.com/jeremy-arevalo/profil/spieler/971663,24 | Jeremy Arévalo Centre-Forward |  | Jeremy Arévalo | Centre-Forward | 19/03/2005 (21) |  | €7.00m,Jeremy Arévalo,€7.00m,data/raw/20260612_130854_transfermarkt_Ecuador_national_team_f117399e9dee.html,https://www.transfermarkt.com/ecuador/startseite/verein/5750,2026-06-12T04:08:53+00:00
Ecuador,Kevin Rodríguez,https://www.transfermarkt.com/kevin-rodriguez/profil/spieler/684159,11 | Kevin Rodríguez Centre-Forward |  | Kevin Rodríguez | Centre-Forward | 04/03/2000 (26) |  | €6.00m,Kevin Rodríguez,€6.00m,data/raw/20260612_130854_transfermarkt_Ecuador_national_team_f117399e9dee.html,https://www.transfermarkt.com/ecuador/startseite/verein/5750,2026-06-12T04:08:53+00:00
Ecuador,Jordy Caicedo,https://www.transfermarkt.com/jordy-caicedo/profil/spieler/360412,16 | Jordy Caicedo Centre-Forward |  | Jordy Caicedo | Centre-Forward | 18/11/1997 (28) |  | €2.00m,Jordy Caicedo,€2.00m,data/raw/20260612_130854_transfermarkt_Ecuador_national_team_f117399e9dee.html,https://www.transfermarkt.com/ecuador/startseite/verein/5750,2026-06-12T04:08:53+00:00
Ecuador,Enner Valencia,https://www.transfermarkt.com/enner-valencia/profil/spieler/139503,13 | Enner Valencia Centre-Forward |  | Enner Valencia | Centre-Forward | 04/11/1989 (36) |  | €1.00m,Enner Valencia,€1.00m,data/raw/20260612_130854_transfermarkt_Ecuador_national_team_f117399e9dee.html,https://www.transfermarkt.com/ecuador/startseite/verein/5750,2026-06-12T04:08:53+00:00
Netherlands,Bart Verbruggen,https://www.transfermarkt.com/bart-verbruggen/profil/spieler/565093,1 | Bart Verbruggen Goalkeeper |  | Bart Verbruggen | Goalkeeper | 18/08/2002 (23) |  | €40.00m,Bart Verbruggen,€40.00m,data/raw/20260612_130858_transfermarkt_Netherlands_national_team_add1fa4df9e4.html,https://www.transfermarkt.com/niederlande/startseite/verein/3379,2026-06-12T04:08:57+00:00
Netherlands,Robin Roefs,https://www.transfermarkt.com/robin-roefs/profil/spieler/646991,13 | Robin Roefs Goalkeeper |  | Robin Roefs | Goalkeeper | 17/01/2003 (23) |  | €28.00m,Robin Roefs,€28.00m,data/raw/20260612_130858_transfermarkt_Netherlands_national_team_add1fa4df9e4.html,https://www.transfermarkt.com/niederlande/startseite/verein/3379,2026-06-12T04:08:57+00:00
Netherlands,Mark Flekken,https://www.transfermarkt.com/mark-flekken/profil/spieler/125714,23 | Mark Flekken Goalkeeper |  | Mark Flekken | Goalkeeper | 13/06/1993 (32) |  | €6.00m,Mark Flekken,€6.00m,data/raw/20260612_130858_transfermarkt_Netherlands_national_team_add1fa4df9e4.html,https://www.transfermarkt.com/niederlande/startseite/verein/3379,2026-06-12T04:08:57+00:00
Netherlands,Micky van de Ven,https://www.transfermarkt.com/micky-van-de-ven/profil/spieler/557459,15 | Micky van de Ven Centre-Back |  | Micky van de Ven | Centre-Back | 19/04/2001 (25) |  | €50.00m,Micky van de Ven,€50.00m,data/raw/20260612_130858_transfermarkt_Netherlands_national_team_add1fa4df9e4.html,https://www.transfermarkt.com/niederlande/startseite/verein/3379,2026-06-12T04:08:57+00:00
Netherlands,Jan Paul van Hecke,https://www.transfermarkt.com/jan-paul-van-hecke/profil/spieler/576314,6 | Jan Paul van Hecke Centre-Back |  | Jan Paul van Hecke | Centre-Back | 08/06/2000 (26) |  | €45.00m,Jan Paul van Hecke,€45.00m,data/raw/20260612_130858_transfermarkt_Netherlands_national_team_add1fa4df9e4.html,https://www.transfermarkt.com/niederlande/startseite/verein/3379,2026-06-12T04:08:57+00:00
Netherlands,Virgil van Dijk,https://www.transfermarkt.com/virgil-van-dijk/profil/spieler/139208,4 | Virgil van Dijk Centre-Back |  | Virgil van Dijk | Centre-Back | 08/07/1991 (34) |  | €15.00m,Virgil van Dijk,€15.00m,data/raw/20260612_130858_transfermarkt_Netherlands_national_team_add1fa4df9e4.html,https://www.transfermarkt.com/niederlande/startseite/verein/3379,2026-06-12T04:08:57+00:00
Netherlands,Nathan Aké,https://www.transfermarkt.com/nathan-ake/profil/spieler/177476,5 | Nathan Aké Centre-Back |  | Nathan Aké | Centre-Back | 18/02/1995 (31) |  | €12.00m,Nathan Aké,€12.00m,data/raw/20260612_130858_transfermarkt_Netherlands_national_team_add1fa4df9e4.html,https://www.transfermarkt.com/niederlande/startseite/verein/3379,2026-06-12T04:08:57+00:00
Netherlands,Jorrel Hato,https://www.transfermarkt.com/jorrel-hato/profil/spieler/904802,25 | Jorrel Hato Left-Back |  | Jorrel Hato | Left-Back | 07/03/2006 (20) |  | €40.00m,Jorrel Hato,€40.00m,data/raw/20260612_130858_transfermarkt_Netherlands_national_team_add1fa4df9e4.html,https://www.transfermarkt.com/niederlande/startseite/verein/3379,2026-06-12T04:08:57+00:00
Netherlands,Mats Wieffer,https://www.transfermarkt.com/mats-wieffer/profil/spieler/415381,12 | Mats Wieffer Right-Back |  | Mats Wieffer | Right-Back | 16/11/1999 (26) |  | €25.00m,Mats Wieffer,€25.00m,data/raw/20260612_130858_transfermarkt_Netherlands_national_team_add1fa4df9e4.html,https://www.transfermarkt.com/niederlande/startseite/verein/3379,2026-06-12T04:08:57+00:00
Netherlands,Denzel Dumfries,https://www.transfermarkt.com/denzel-dumfries/profil/spieler/321528,22 | Denzel Dumfries Right-Back |  | Denzel Dumfries | Right-Back | 18/04/1996 (30) |  | €25.00m,Denzel Dumfries,€25.00m,data/raw/20260612_130858_transfermarkt_Netherlands_national_team_add1fa4df9e4.html,https://www.transfermarkt.com/niederlande/startseite/verein/3379,2026-06-12T04:08:57+00:00
Netherlands,Lutsharel Geertruida,https://www.transfermarkt.com/lutsharel-geertruida/profil/spieler/420210,2 | Lutsharel Geertruida Right-Back |  | Lutsharel Geertruida | Right-Back | 18/07/2000 (25) |  | €20.00m,Lutsharel Geertruida,€20.00m,data/raw/20260612_130858_transfermarkt_Netherlands_national_team_add1fa4df9e4.html,https://www.transfermarkt.com/niederlande/startseite/verein/3379,2026-06-12T04:08:57+00:00
Netherlands,Ryan Gravenberch,https://www.transfermarkt.com/ryan-gravenberch/profil/spieler/478573,8 | Ryan Gravenberch Defensive Midfield |  | Ryan Gravenberch | Defensive Midfield | 16/05/2002 (24) |  | €80.00m,Ryan Gravenberch,€80.00m,data/raw/20260612_130858_transfermarkt_Netherlands_national_team_add1fa4df9e4.html,https://www.transfermarkt.com/niederlande/startseite/verein/3379,2026-06-12T04:08:57+00:00
Netherlands,Teun Koopmeiners,https://www.transfermarkt.com/teun-koopmeiners/profil/spieler/360518,20 | Teun Koopmeiners Defensive Midfield |  | Teun Koopmeiners | Defensive Midfield | 28/02/1998 (28) |  | €14.00m,Teun Koopmeiners,€14.00m,data/raw/20260612_130858_transfermarkt_Netherlands_national_team_add1fa4df9e4.html,https://www.transfermarkt.com/niederlande/startseite/verein/3379,2026-06-12T04:08:57+00:00
Netherlands,Marten de Roon,https://www.transfermarkt.com/marten-de-roon/profil/spieler/133179,3 | Marten de Roon Defensive Midfield |  | Marten de Roon | Defensive Midfield | 29/03/1991 (35) |  | €3.20m,Marten de Roon,€3.20m,data/raw/20260612_130858_transfermarkt_Netherlands_national_team_add1fa4df9e4.html,https://www.transfermarkt.com/niederlande/startseite/verein/3379,2026-06-12T04:08:57+00:00
Netherlands,Tijjani Reijnders,https://www.transfermarkt.com/tijjani-reijnders/profil/spieler/460939,14 | Tijjani Reijnders Central Midfield |  | Tijjani Reijnders | Central Midfield | 29/07/1998 (27) |  | €50.00m,Tijjani Reijnders,€50.00m,data/raw/20260612_130858_transfermarkt_Netherlands_national_team_add1fa4df9e4.html,https://www.transfermarkt.com/niederlande/startseite/verein/3379,2026-06-12T04:08:57+00:00
Netherlands,Frenkie de Jong,https://www.transfermarkt.com/frenkie-de-jong/profil/spieler/326330,21 | Frenkie de Jong Central Midfield |  | Frenkie de Jong | Central Midfield | 12/05/1997 (29) |  | €35.00m,Frenkie de Jong,€35.00m,data/raw/20260612_130858_transfermarkt_Netherlands_national_team_add1fa4df9e4.html,https://www.transfermarkt.com/niederlande/startseite/verein/3379,2026-06-12T04:08:57+00:00
Netherlands,Quinten Timber,https://www.transfermarkt.com/quinten-timber/profil/spieler/420213,26 | Quinten Timber Central Midfield |  | Quinten Timber | Central Midfield | 17/06/2001 (24) |  | €25.00m,Quinten Timber,€25.00m,data/raw/20260612_130858_transfermarkt_Netherlands_national_team_add1fa4df9e4.html,https://www.transfermarkt.com/niederlande/startseite/verein/3379,2026-06-12T04:08:57+00:00
Netherlands,Justin Kluivert,https://www.transfermarkt.com/justin-kluivert/profil/spieler/330659,7 | Justin Kluivert Attacking Midfield |  | Justin Kluivert | Attacking Midfield | 05/05/1999 (27) |  | €25.00m,Justin Kluivert,€25.00m,data/raw/20260612_130858_transfermarkt_Netherlands_national_team_add1fa4df9e4.html,https://www.transfermarkt.com/niederlande/startseite/verein/3379,2026-06-12T04:08:57+00:00
Netherlands,Guus Til,https://www.transfermarkt.com/guus-til/profil/spieler/372267,16 | Guus Til Attacking Midfield |  | Guus Til | Attacking Midfield | 22/12/1997 (28) |  | €15.00m,Guus Til,€15.00m,data/raw/20260612_130858_transfermarkt_Netherlands_national_team_add1fa4df9e4.html,https://www.transfermarkt.com/niederlande/startseite/verein/3379,2026-06-12T04:08:57+00:00
Netherlands,Cody Gakpo,https://www.transfermarkt.com/cody-gakpo/profil/spieler/434675,11 | Cody Gakpo Left Winger |  | Cody Gakpo | Left Winger | 07/05/1999 (27) |  | €60.00m,Cody Gakpo,€60.00m,data/raw/20260612_130858_transfermarkt_Netherlands_national_team_add1fa4df9e4.html,https://www.transfermarkt.com/niederlande/startseite/verein/3379,2026-06-12T04:08:57+00:00
Netherlands,Crysencio Summerville,https://www.transfermarkt.com/crysencio-summerville/profil/spieler/474701,24 | Crysencio Summerville Left Winger |  | Crysencio Summerville | Left Winger | 30/10/2001 (24) |  | €35.00m,Crysencio Summerville,€35.00m,data/raw/20260612_130858_transfermarkt_Netherlands_national_team_add1fa4df9e4.html,https://www.transfermarkt.com/niederlande/startseite/verein/3379,2026-06-12T04:08:57+00:00
Netherlands,Noa Lang,https://www.transfermarkt.com/noa-lang/profil/spieler/339332,17 | Noa Lang Left Winger |  | Noa Lang | Left Winger | 17/06/1999 (26) |  | €22.00m,Noa Lang,€22.00m,data/raw/20260612_130858_transfermarkt_Netherlands_national_team_add1fa4df9e4.html,https://www.transfermarkt.com/niederlande/startseite/verein/3379,2026-06-12T04:08:57+00:00
Netherlands,Donyell Malen,https://www.transfermarkt.com/donyell-malen/profil/spieler/326029,18 | Donyell Malen Centre-Forward |  | Donyell Malen | Centre-Forward | 19/01/1999 (27) |  | €45.00m,Donyell Malen,€45.00m,data/raw/20260612_130858_transfermarkt_Netherlands_national_team_add1fa4df9e4.html,https://www.transfermarkt.com/niederlande/startseite/verein/3379,2026-06-12T04:08:57+00:00
Netherlands,Brian Brobbey,https://www.transfermarkt.com/brian-brobbey/profil/spieler/473169,19 | Brian Brobbey Centre-Forward |  | Brian Brobbey | Centre-Forward | 01/02/2002 (24) |  | €30.00m,Brian Brobbey,€30.00m,data/raw/20260612_130858_transfermarkt_Netherlands_national_team_add1fa4df9e4.html,https://www.transfermarkt.com/niederlande/startseite/verein/3379,2026-06-12T04:08:57+00:00
Netherlands,Memphis Depay,https://www.transfermarkt.com/memphis-depay/profil/spieler/167850,10 | Memphis Depay Centre-Forward |  | Memphis Depay | Centre-Forward | 13/02/1994 (32) |  | €7.00m,Memphis Depay,€7.00m,data/raw/20260612_130858_transfermarkt_Netherlands_national_team_add1fa4df9e4.html,https://www.transfermarkt.com/niederlande/startseite/verein/3379,2026-06-12T04:08:57+00:00
Netherlands,Wout Weghorst,https://www.transfermarkt.com/wout-weghorst/profil/spieler/228645,9 | Wout Weghorst Centre-Forward |  | Wout Weghorst | Centre-Forward | 07/08/1992 (33) |  | €2.00m,Wout Weghorst,€2.00m,data/raw/20260612_130858_transfermarkt_Netherlands_national_team_add1fa4df9e4.html,https://www.transfermarkt.com/niederlande/startseite/verein/3379,2026-06-12T04:08:57+00:00
Japan,Zion Suzuki,https://www.transfermarkt.com/zion-suzuki/profil/spieler/432298,1 | Zion Suzuki Goalkeeper |  | Zion Suzuki | Goalkeeper | 21/08/2002 (22) |  | €9.00m,Zion Suzuki,€9.00m,data/raw/20260612_130902_transfermarkt_Japan_national_team_ae482a7f921a.html,https://www.transfermarkt.com/japan/startseite/verein/3435,2026-06-12T04:09:01+00:00
Japan,Leo Kokubo,https://www.transfermarkt.com/leo-kokubo/profil/spieler/501737,- | Leo Kokubo Goalkeeper |  | Leo Kokubo | Goalkeeper | 23/01/2001 (23) |  | €2.50m,Leo Kokubo,€2.50m,data/raw/20260612_130902_transfermarkt_Japan_national_team_ae482a7f921a.html,https://www.transfermarkt.com/japan/startseite/verein/3435,2026-06-12T04:09:01+00:00
Japan,Keisuke Osako,https://www.transfermarkt.com/keisuke-osako/profil/spieler/415521,12 | Keisuke Osako Goalkeeper |  | Keisuke Osako | Goalkeeper | 28/07/1999 (25) |  | €1.70m,Keisuke Osako,€1.70m,data/raw/20260612_130902_transfermarkt_Japan_national_team_ae482a7f921a.html,https://www.transfermarkt.com/japan/startseite/verein/3435,2026-06-12T04:09:01+00:00
Japan,Kosei Tani,https://www.transfermarkt.com/kosei-tani/profil/spieler/405382,- | Kosei Tani Goalkeeper |  | Kosei Tani | Goalkeeper | 22/11/2000 (24) |  | €1.00m,Kosei Tani,€1.00m,data/raw/20260612_130902_transfermarkt_Japan_national_team_ae482a7f921a.html,https://www.transfermarkt.com/japan/startseite/verein/3435,2026-06-12T04:09:01+00:00
Japan,Tomoki Hayakawa,https://www.transfermarkt.com/tomoki-hayakawa/profil/spieler/683271,23 | Tomoki Hayakawa Goalkeeper |  | Tomoki Hayakawa | Goalkeeper | 03/03/1999 (25) |  | €850k,Tomoki Hayakawa,€850k,data/raw/20260612_130902_transfermarkt_Japan_national_team_ae482a7f921a.html,https://www.transfermarkt.com/japan/startseite/verein/3435,2026-06-12T04:09:01+00:00
Japan,Taishi Brandon Nozawa,https://www.transfermarkt.com/taishi-brandon-nozawa/profil/spieler/617377,- | Taishi Brandon Nozawa Goalkeeper |  | Taishi Brandon Nozawa | Goalkeeper | 25/12/2002 (22) |  | €800k,Taishi Brandon Nozawa,€800k,data/raw/20260612_130902_transfermarkt_Japan_national_team_ae482a7f921a.html,https://www.transfermarkt.com/japan/startseite/verein/3435,2026-06-12T04:09:01+00:00
Japan,Alexandre Pisano,https://www.transfermarkt.com/alexandre-pisano/profil/spieler/916599,- | Alexandre Pisano Goalkeeper |  | Alexandre Pisano | Goalkeeper | 10/01/2006 (18) |  | €50k,Alexandre Pisano,€50k,data/raw/20260612_130902_transfermarkt_Japan_national_team_ae482a7f921a.html,https://www.transfermarkt.com/japan/startseite/verein/3435,2026-06-12T04:09:01+00:00
Japan,Hiroki Ito,https://www.transfermarkt.com/hiroki-ito/profil/spieler/353892,21 | Hiroki Ito Centre-Back |  | Hiroki Ito | Centre-Back | 12/05/1999 (25) |  | €30.00m,Hiroki Ito,€30.00m,data/raw/20260612_130902_transfermarkt_Japan_national_team_ae482a7f921a.html,https://www.transfermarkt.com/japan/startseite/verein/3435,2026-06-12T04:09:01+00:00
Japan,Ko Itakura,https://www.transfermarkt.com/ko-itakura/profil/spieler/355816,4 | Ko Itakura Centre-Back |  | Ko Itakura | Centre-Back | 27/01/1997 (27) |  | €15.00m,Ko Itakura,€15.00m,data/raw/20260612_130902_transfermarkt_Japan_national_team_ae482a7f921a.html,https://www.transfermarkt.com/japan/startseite/verein/3435,2026-06-12T04:09:01+00:00
Japan,Koki Machida,https://www.transfermarkt.com/koki-machida/profil/spieler/415035,- | Koki Machida Centre-Back |  | Koki Machida | Centre-Back | 25/08/1997 (27) |  | €10.00m,Koki Machida,€10.00m,data/raw/20260612_130902_transfermarkt_Japan_national_team_ae482a7f921a.html,https://www.transfermarkt.com/japan/startseite/verein/3435,2026-06-12T04:09:01+00:00
Japan,Tsuyoshi Watanabe,https://www.transfermarkt.com/tsuyoshi-watanabe/profil/spieler/598791,16 | Tsuyoshi Watanabe Centre-Back |  | Tsuyoshi Watanabe | Centre-Back | 05/02/1997 (27) |  | €9.00m,Tsuyoshi Watanabe,€9.00m,data/raw/20260612_130902_transfermarkt_Japan_national_team_ae482a7f921a.html,https://www.transfermarkt.com/japan/startseite/verein/3435,2026-06-12T04:09:01+00:00
Japan,Hayato Araki,https://www.transfermarkt.com/hayato-araki/profil/spieler/602314,- | Hayato Araki Centre-Back |  | Hayato Araki | Centre-Back | 07/08/1996 (28) |  | €1.40m,Hayato Araki,€1.40m,data/raw/20260612_130902_transfermarkt_Japan_national_team_ae482a7f921a.html,https://www.transfermarkt.com/japan/startseite/verein/3435,2026-06-12T04:09:01+00:00
Japan,Shogo Taniguchi,https://www.transfermarkt.com/shogo-taniguchi/profil/spieler/307870,3 | Shogo Taniguchi Centre-Back |  | Shogo Taniguchi | Centre-Back | 15/07/1991 (33) |  | €1.20m,Shogo Taniguchi,€1.20m,data/raw/20260612_130902_transfermarkt_Japan_national_team_ae482a7f921a.html,https://www.transfermarkt.com/japan/startseite/verein/3435,2026-06-12T04:09:01+00:00
Japan,Naomichi Ueda,https://www.transfermarkt.com/naomichi-ueda/profil/spieler/188915,- | Naomichi Ueda Centre-Back |  | Naomichi Ueda | Centre-Back | 24/10/1994 (30) |  | €1.00m,Naomichi Ueda,€1.00m,data/raw/20260612_130902_transfermarkt_Japan_national_team_ae482a7f921a.html,https://www.transfermarkt.com/japan/startseite/verein/3435,2026-06-12T04:09:01+00:00
Japan,Yuta Nakayama,https://www.transfermarkt.com/yuta-nakayama/profil/spieler/346647,- | Yuta Nakayama Centre-Back |  | Yuta Nakayama | Centre-Back | 16/02/1997 (27) |  | €1.00m,Yuta Nakayama,€1.00m,data/raw/20260612_130902_transfermarkt_Japan_national_team_ae482a7f921a.html,https://www.transfermarkt.com/japan/startseite/verein/3435,2026-06-12T04:09:01+00:00
Japan,Taiyo Koga,https://www.transfermarkt.com/taiyo-koga/profil/spieler/489072,- | Taiyo Koga Centre-Back |  | Taiyo Koga | Centre-Back | 28/10/1998 (26) |  | €1.00m,Taiyo Koga,€1.00m,data/raw/20260612_130902_transfermarkt_Japan_national_team_ae482a7f921a.html,https://www.transfermarkt.com/japan/startseite/verein/3435,2026-06-12T04:09:01+00:00
Japan,Ayumu Seko,https://www.transfermarkt.com/ayumu-seko/profil/spieler/405389,20 | Ayumu Seko Centre-Back |  | Ayumu Seko | Centre-Back | 07/06/2000 (24) |  | €1.00m,Ayumu Seko,€1.00m,data/raw/20260612_130902_transfermarkt_Japan_national_team_ae482a7f921a.html,https://www.transfermarkt.com/japan/startseite/verein/3435,2026-06-12T04:09:01+00:00
Japan,Kota Takai,https://www.transfermarkt.com/kota-takai/profil/spieler/671108,- | Kota Takai Centre-Back |  | Kota Takai | Centre-Back | 04/09/2004 (20) |  | €550k,Kota Takai,€550k,data/raw/20260612_130902_transfermarkt_Japan_national_team_ae482a7f921a.html,https://www.transfermarkt.com/japan/startseite/verein/3435,2026-06-12T04:09:01+00:00
Japan,Yuto Tsunashima,https://www.transfermarkt.com/yuto-tsunashima/profil/spieler/1030663,- | Yuto Tsunashima Centre-Back |  | Yuto Tsunashima | Centre-Back | 15/08/2000 (24) |  | €500k,Yuto Tsunashima,€500k,data/raw/20260612_130902_transfermarkt_Japan_national_team_ae482a7f921a.html,https://www.transfermarkt.com/japan/startseite/verein/3435,2026-06-12T04:09:01+00:00
Japan,Tomoya Ando,https://www.transfermarkt.com/tomoya-ando/profil/spieler/610795,- | Tomoya Ando Centre-Back |  | Tomoya Ando | Centre-Back | 10/01/1999 (25) |  | €350k,Tomoya Ando,€350k,data/raw/20260612_130902_transfermarkt_Japan_national_team_ae482a7f921a.html,https://www.transfermarkt.com/japan/startseite/verein/3435,2026-06-12T04:09:01+00:00
Japan,Junnosuke Suzuki,https://www.transfermarkt.com/junnosuke-suzuki/profil/spieler/848856,25 | Junnosuke Suzuki Centre-Back |  | Junnosuke Suzuki | Centre-Back | 12/07/2003 (21) |  | €350k,Junnosuke Suzuki,€350k,data/raw/20260612_130902_transfermarkt_Japan_national_team_ae482a7f921a.html,https://www.transfermarkt.com/japan/startseite/verein/3435,2026-06-12T04:09:01+00:00
Japan,Yuto Nagatomo,https://www.transfermarkt.com/yuto-nagatomo/profil/spieler/79522,5 | Yuto Nagatomo Left-Back |  | Yuto Nagatomo | Left-Back | 12/09/1986 (38) |  | €150k,Yuto Nagatomo,€150k,data/raw/20260612_130902_transfermarkt_Japan_national_team_ae482a7f921a.html,https://www.transfermarkt.com/japan/startseite/verein/3435,2026-06-12T04:09:01+00:00
Japan,Yukinari Sugawara,https://www.transfermarkt.com/yukinari-sugawara/profil/spieler/405385,2 | Yukinari Sugawara Right-Back |  | Yukinari Sugawara | Right-Back | 28/06/2000 (24) |  | €12.00m,Yukinari Sugawara,€12.00m,data/raw/20260612_130902_transfermarkt_Japan_national_team_ae482a7f921a.html,https://www.transfermarkt.com/japan/startseite/verein/3435,2026-06-12T04:09:01+00:00
Japan,Daiki Hashioka,https://www.transfermarkt.com/daiki-hashioka/profil/spieler/387191,- | Daiki Hashioka Right-Back |  | Daiki Hashioka | Right-Back | 17/05/1999 (25) |  | €2.00m,Daiki Hashioka,€2.00m,data/raw/20260612_130902_transfermarkt_Japan_national_team_ae482a7f921a.html,https://www.transfermarkt.com/japan/startseite/verein/3435,2026-06-12T04:09:01+00:00
Japan,Hiroki Sekine,https://www.transfermarkt.com/hiroki-sekine/profil/spieler/1137808,- | Hiroki Sekine Right-Back |  | Hiroki Sekine | Right-Back | 11/08/2002 (22) |  | €800k,Hiroki Sekine,€800k,data/raw/20260612_130902_transfermarkt_Japan_national_team_ae482a7f921a.html,https://www.transfermarkt.com/japan/startseite/verein/3435,2026-06-12T04:09:01+00:00
Japan,Henry Heroki Mochizuki,https://www.transfermarkt.com/henry-heroki-mochizuki/profil/spieler/1137518,- | Henry Heroki Mochizuki Right-Back |  | Henry Heroki Mochizuki | Right-Back | 20/09/2001 (23) |  | €450k,Henry Heroki Mochizuki,€450k,data/raw/20260612_130902_transfermarkt_Japan_national_team_ae482a7f921a.html,https://www.transfermarkt.com/japan/startseite/verein/3435,2026-06-12T04:09:01+00:00
Japan,Wataru Endo,https://www.transfermarkt.com/wataru-endo/profil/spieler/146310,- | Wataru Endo Defensive Midfield |  | Wataru Endo | Defensive Midfield | 09/02/1993 (31) |  | €12.00m,Wataru Endo,€12.00m,data/raw/20260612_130902_transfermarkt_Japan_national_team_ae482a7f921a.html,https://www.transfermarkt.com/japan/startseite/verein/3435,2026-06-12T04:09:01+00:00
Japan,Kaishu Sano,https://www.transfermarkt.com/kaishu-sano/profil/spieler/643574,24 | Kaishu Sano Defensive Midfield |  | Kaishu Sano | Defensive Midfield | 30/12/2000 (24) |  | €7.00m,Kaishu Sano,€7.00m,data/raw/20260612_130902_transfermarkt_Japan_national_team_ae482a7f921a.html,https://www.transfermarkt.com/japan/startseite/verein/3435,2026-06-12T04:09:01+00:00
Japan,Satoshi Tanaka,https://www.transfermarkt.com/satoshi-tanaka/profil/spieler/665618,- | Satoshi Tanaka Defensive Midfield |  | Satoshi Tanaka | Defensive Midfield | 13/08/2002 (22) |  | €900k,Satoshi Tanaka,€900k,data/raw/20260612_130902_transfermarkt_Japan_national_team_ae482a7f921a.html,https://www.transfermarkt.com/japan/startseite/verein/3435,2026-06-12T04:09:01+00:00
Japan,Sho Inagaki,https://www.transfermarkt.com/sho-inagaki/profil/spieler/290660,- | Sho Inagaki Defensive Midfield |  | Sho Inagaki | Defensive Midfield | 25/12/1991 (33) |  | €750k,Sho Inagaki,€750k,data/raw/20260612_130902_transfermarkt_Japan_national_team_ae482a7f921a.html,https://www.transfermarkt.com/japan/startseite/verein/3435,2026-06-12T04:09:01+00:00
Japan,Zento Uno,https://www.transfermarkt.com/zento-uno/profil/spieler/957526,- | Zento Uno Defensive Midfield |  | Zento Uno | Defensive Midfield | 20/11/2003 (21) |  | €400k,Zento Uno,€400k,data/raw/20260612_130902_transfermarkt_Japan_national_team_ae482a7f921a.html,https://www.transfermarkt.com/japan/startseite/verein/3435,2026-06-12T04:09:01+00:00
Japan,Koki Kumasaka,https://www.transfermarkt.com/koki-kumasaka/profil/spieler/1156272,- | Koki Kumasaka Defensive Midfield |  | Koki Kumasaka | Defensive Midfield | 15/04/2001 (23) |  | €125k,Koki Kumasaka,€125k,data/raw/20260612_130902_transfermarkt_Japan_national_team_ae482a7f921a.html,https://www.transfermarkt.com/japan/startseite/verein/3435,2026-06-12T04:09:01+00:00
Japan,Hidemasa Morita,https://www.transfermarkt.com/hidemasa-morita/profil/spieler/524315,- | Hidemasa Morita Central Midfield |  | Hidemasa Morita | Central Midfield | 10/05/1995 (29) |  | €15.00m,Hidemasa Morita,€15.00m,data/raw/20260612_130902_transfermarkt_Japan_national_team_ae482a7f921a.html,https://www.transfermarkt.com/japan/startseite/verein/3435,2026-06-12T04:09:01+00:00
Japan,Reo Hatate,https://www.transfermarkt.com/reo-hatate/profil/spieler/496656,- | Reo Hatate Central Midfield |  | Reo Hatate | Central Midfield | 21/11/1997 (27) |  | €11.00m,Reo Hatate,€11.00m,data/raw/20260612_130902_transfermarkt_Japan_national_team_ae482a7f921a.html,https://www.transfermarkt.com/japan/startseite/verein/3435,2026-06-12T04:09:01+00:00
Japan,Hayao Kawabe,https://www.transfermarkt.com/hayao-kawabe/profil/spieler/262489,- | Hayao Kawabe Central Midfield |  | Hayao Kawabe | Central Midfield | 08/09/1995 (29) |  | €4.00m,Hayao Kawabe,€4.00m,data/raw/20260612_130902_transfermarkt_Japan_national_team_ae482a7f921a.html,https://www.transfermarkt.com/japan/startseite/verein/3435,2026-06-12T04:09:01+00:00
Japan,Kodai Sano,https://www.transfermarkt.com/kodai-sano/profil/spieler/957544,- | Kodai Sano Central Midfield |  | Kodai Sano | Central Midfield | 25/09/2003 (21) |  | €4.00m,Kodai Sano,€4.00m,data/raw/20260612_130902_transfermarkt_Japan_national_team_ae482a7f921a.html,https://www.transfermarkt.com/japan/startseite/verein/3435,2026-06-12T04:09:01+00:00
Japan,Ao Tanaka,https://www.transfermarkt.com/ao-tanaka/profil/spieler/489359,7 | Ao Tanaka Central Midfield |  | Ao Tanaka | Central Midfield | 10/09/1998 (26) |  | €4.00m,Ao Tanaka,€4.00m,data/raw/20260612_130902_transfermarkt_Japan_national_team_ae482a7f921a.html,https://www.transfermarkt.com/japan/startseite/verein/3435,2026-06-12T04:09:01+00:00
Japan,Joel Chima Fujita,https://www.transfermarkt.com/joel-chima-fujita/profil/spieler/697277,- | Joel Chima Fujita Central Midfield |  | Joel Chima Fujita | Central Midfield | 16/02/2002 (22) |  | €1.80m,Joel Chima Fujita,€1.80m,data/raw/20260612_130902_transfermarkt_Japan_national_team_ae482a7f921a.html,https://www.transfermarkt.com/japan/startseite/verein/3435,2026-06-12T04:09:01+00:00
Japan,Sota Kitano,https://www.transfermarkt.com/sota-kitano/profil/spieler/671114,- | Sota Kitano Right Midfield |  | Sota Kitano | Right Midfield | 13/08/2004 (20) |  | €450k,Sota Kitano,€450k,data/raw/20260612_130902_transfermarkt_Japan_national_team_ae482a7f921a.html,https://www.transfermarkt.com/japan/startseite/verein/3435,2026-06-12T04:09:01+00:00
Japan,Tojiro Kubo,https://www.transfermarkt.com/tojiro-kubo/profil/spieler/589813,- | Tojiro Kubo Right Midfield |  | Tojiro Kubo | Right Midfield | 05/04/1999 (25) |  | €400k,Tojiro Kubo,€400k,data/raw/20260612_130902_transfermarkt_Japan_national_team_ae482a7f921a.html,https://www.transfermarkt.com/japan/startseite/verein/3435,2026-06-12T04:09:01+00:00
Japan,Ryunosuke Sato,https://www.transfermarkt.com/ryunosuke-sato/profil/spieler/948169,- | Ryunosuke Sato Left Midfield |  | Ryunosuke Sato | Left Midfield | 16/10/2006 (18) |  | €200k,Ryunosuke Sato,€200k,data/raw/20260612_130902_transfermarkt_Japan_national_team_ae482a7f921a.html,https://www.transfermarkt.com/japan/startseite/verein/3435,2026-06-12T04:09:01+00:00
Japan,Daichi Kamada,https://www.transfermarkt.com/daichi-kamada/profil/spieler/356141,15 | Daichi Kamada Attacking Midfield |  | Daichi Kamada | Attacking Midfield | 05/08/1996 (28) |  | €15.00m,Daichi Kamada,€15.00m,data/raw/20260612_130902_transfermarkt_Japan_national_team_ae482a7f921a.html,https://www.transfermarkt.com/japan/startseite/verein/3435,2026-06-12T04:09:01+00:00
Japan,Ryoya Morishita,https://www.transfermarkt.com/ryoya-morishita/profil/spieler/679903,- | Ryoya Morishita Attacking Midfield |  | Ryoya Morishita | Attacking Midfield | 11/04/1997 (27) |  | €2.00m,Ryoya Morishita,€2.00m,data/raw/20260612_130902_transfermarkt_Japan_national_team_ae482a7f921a.html,https://www.transfermarkt.com/japan/startseite/verein/3435,2026-06-12T04:09:01+00:00
Japan,Yuto Ozeki,https://www.transfermarkt.com/yuto-ozeki/profil/spieler/908661,- | Yuto Ozeki Attacking Midfield |  | Yuto Ozeki | Attacking Midfield | 06/02/2005 (19) |  | €250k,Yuto Ozeki,€250k,data/raw/20260612_130902_transfermarkt_Japan_national_team_ae482a7f921a.html,https://www.transfermarkt.com/japan/startseite/verein/3435,2026-06-12T04:09:01+00:00
Japan,Kaoru Mitoma,https://www.transfermarkt.com/kaoru-mitoma/profil/spieler/504849,- | Kaoru Mitoma Left Winger |  | Kaoru Mitoma | Left Winger | 20/05/1997 (27) |  | €45.00m,Kaoru Mitoma,€45.00m,data/raw/20260612_130902_transfermarkt_Japan_national_team_ae482a7f921a.html,https://www.transfermarkt.com/japan/startseite/verein/3435,2026-06-12T04:09:01+00:00
Japan,Takumi Minamino,https://www.transfermarkt.com/takumi-minamino/profil/spieler/165793,- | Takumi Minamino Left Winger |  | Takumi Minamino | Left Winger | 16/01/1995 (29) |  | €15.00m,Takumi Minamino,€15.00m,data/raw/20260612_130902_transfermarkt_Japan_national_team_ae482a7f921a.html,https://www.transfermarkt.com/japan/startseite/verein/3435,2026-06-12T04:09:01+00:00
Japan,Keito Nakamura,https://www.transfermarkt.com/keito-nakamura/profil/spieler/405397,13 | Keito Nakamura Left Winger |  | Keito Nakamura | Left Winger | 28/07/2000 (24) |  | €12.00m,Keito Nakamura,€12.00m,data/raw/20260612_130902_transfermarkt_Japan_national_team_ae482a7f921a.html,https://www.transfermarkt.com/japan/startseite/verein/3435,2026-06-12T04:09:01+00:00
Japan,Daizen Maeda,https://www.transfermarkt.com/daizen-maeda/profil/spieler/420931,11 | Daizen Maeda Left Winger |  | Daizen Maeda | Left Winger | 20/10/1997 (27) |  | €8.00m,Daizen Maeda,€8.00m,data/raw/20260612_130902_transfermarkt_Japan_national_team_ae482a7f921a.html,https://www.transfermarkt.com/japan/startseite/verein/3435,2026-06-12T04:09:01+00:00
Japan,Koki Saito,https://www.transfermarkt.com/koki-saito/profil/spieler/501743,- | Koki Saito Left Winger |  | Koki Saito | Left Winger | 10/08/2001 (23) |  | €4.00m,Koki Saito,€4.00m,data/raw/20260612_130902_transfermarkt_Japan_national_team_ae482a7f921a.html,https://www.transfermarkt.com/japan/startseite/verein/3435,2026-06-12T04:09:01+00:00
Japan,Shunsuke Mito,https://www.transfermarkt.com/shunsuke-mito/profil/spieler/566013,- | Shunsuke Mito Left Winger |  | Shunsuke Mito | Left Winger | 28/09/2002 (22) |  | €650k,Shunsuke Mito,€650k,data/raw/20260612_130902_transfermarkt_Japan_national_team_ae482a7f921a.html,https://www.transfermarkt.com/japan/startseite/verein/3435,2026-06-12T04:09:01+00:00
Japan,Kota Tawaratsumida,https://www.transfermarkt.com/kota-tawaratsumida/profil/spieler/925357,- | Kota Tawaratsumida Left Winger |  | Kota Tawaratsumida | Left Winger | 14/05/2004 (20) |  | €650k,Kota Tawaratsumida,€650k,data/raw/20260612_130902_transfermarkt_Japan_national_team_ae482a7f921a.html,https://www.transfermarkt.com/japan/startseite/verein/3435,2026-06-12T04:09:01+00:00
Japan,Takefusa Kubo,https://www.transfermarkt.com/takefusa-kubo/profil/spieler/405398,8 | Takefusa Kubo Right Winger |  | Takefusa Kubo | Right Winger | 04/06/2001 (23) |  | €40.00m,Takefusa Kubo,€40.00m,data/raw/20260612_130902_transfermarkt_Japan_national_team_ae482a7f921a.html,https://www.transfermarkt.com/japan/startseite/verein/3435,2026-06-12T04:09:01+00:00
Japan,Ritsu Doan,https://www.transfermarkt.com/ritsu-doan/profil/spieler/358504,10 | Ritsu Doan Right Winger |  | Ritsu Doan | Right Winger | 16/06/1998 (26) |  | €22.00m,Ritsu Doan,€22.00m,data/raw/20260612_130902_transfermarkt_Japan_national_team_ae482a7f921a.html,https://www.transfermarkt.com/japan/startseite/verein/3435,2026-06-12T04:09:01+00:00
Japan,Junya Ito,https://www.transfermarkt.com/junya-ito/profil/spieler/348791,14 | Junya Ito Right Winger |  | Junya Ito | Right Winger | 09/03/1993 (31) |  | €8.00m,Junya Ito,€8.00m,data/raw/20260612_130902_transfermarkt_Japan_national_team_ae482a7f921a.html,https://www.transfermarkt.com/japan/startseite/verein/3435,2026-06-12T04:09:01+00:00
Japan,Yuki Soma,https://www.transfermarkt.com/yuki-soma/profil/spieler/594069,- | Yuki Soma Right Winger |  | Yuki Soma | Right Winger | 25/02/1997 (27) |  | €1.30m,Yuki Soma,€1.30m,data/raw/20260612_130902_transfermarkt_Japan_national_team_ae482a7f921a.html,https://www.transfermarkt.com/japan/startseite/verein/3435,2026-06-12T04:09:01+00:00
Japan,Taisei Miyashiro,https://www.transfermarkt.com/taisei-miyashiro/profil/spieler/405395,- | Taisei Miyashiro Right Winger |  | Taisei Miyashiro | Right Winger | 26/05/2000 (24) |  | €1.20m,Taisei Miyashiro,€1.20m,data/raw/20260612_130902_transfermarkt_Japan_national_team_ae482a7f921a.html,https://www.transfermarkt.com/japan/startseite/verein/3435,2026-06-12T04:09:01+00:00
Japan,Yu Hirakawa,https://www.transfermarkt.com/yu-hirakawa/profil/spieler/936237,- | Yu Hirakawa Right Winger |  | Yu Hirakawa | Right Winger | 03/01/2001 (23) |  | €900k,Yu Hirakawa,€900k,data/raw/20260612_130902_transfermarkt_Japan_national_team_ae482a7f921a.html,https://www.transfermarkt.com/japan/startseite/verein/3435,2026-06-12T04:09:01+00:00
Japan,Yuito Suzuki,https://www.transfermarkt.com/yuito-suzuki/profil/spieler/668606,17 | Yuito Suzuki Second Striker |  | Yuito Suzuki | Second Striker | 25/10/2001 (23) |  | €7.00m,Yuito Suzuki,€7.00m,data/raw/20260612_130902_transfermarkt_Japan_national_team_ae482a7f921a.html,https://www.transfermarkt.com/japan/startseite/verein/3435,2026-06-12T04:09:01+00:00
Japan,Kyogo Furuhashi,https://www.transfermarkt.com/kyogo-furuhashi/profil/spieler/489463,- | Kyogo Furuhashi Centre-Forward |  | Kyogo Furuhashi | Centre-Forward | 20/01/1995 (29) |  | €14.00m,Kyogo Furuhashi,€14.00m,data/raw/20260612_130902_transfermarkt_Japan_national_team_ae482a7f921a.html,https://www.transfermarkt.com/japan/startseite/verein/3435,2026-06-12T04:09:01+00:00
Japan,Ayase Ueda,https://www.transfermarkt.com/ayase-ueda/profil/spieler/589128,18 | Ayase Ueda Centre-Forward |  | Ayase Ueda | Centre-Forward | 28/08/1998 (26) |  | €8.00m,Ayase Ueda,€8.00m,data/raw/20260612_130902_transfermarkt_Japan_national_team_ae482a7f921a.html,https://www.transfermarkt.com/japan/startseite/verein/3435,2026-06-12T04:09:01+00:00
Japan,Shuto Machino,https://www.transfermarkt.com/shuto-machino/profil/spieler/550580,- | Shuto Machino Centre-Forward |  | Shuto Machino | Centre-Forward | 30/09/1999 (25) |  | €3.00m,Shuto Machino,€3.00m,data/raw/20260612_130902_transfermarkt_Japan_national_team_ae482a7f921a.html,https://www.transfermarkt.com/japan/startseite/verein/3435,2026-06-12T04:09:01+00:00
Japan,Koki Ogawa,https://www.transfermarkt.com/koki-ogawa/profil/spieler/351567,19 | Koki Ogawa Centre-Forward |  | Koki Ogawa | Centre-Forward | 08/08/1997 (27) |  | €3.00m,Koki Ogawa,€3.00m,data/raw/20260612_130902_transfermarkt_Japan_national_team_ae482a7f921a.html,https://www.transfermarkt.com/japan/startseite/verein/3435,2026-06-12T04:09:01+00:00
Japan,Mao Hosoya,https://www.transfermarkt.com/mao-hosoya/profil/spieler/663514,- | Mao Hosoya Centre-Forward |  | Mao Hosoya | Centre-Forward | 07/09/2001 (23) |  | €1.60m,Mao Hosoya,€1.60m,data/raw/20260612_130902_transfermarkt_Japan_national_team_ae482a7f921a.html,https://www.transfermarkt.com/japan/startseite/verein/3435,2026-06-12T04:09:01+00:00
Japan,Yuki Ohashi,https://www.transfermarkt.com/yuki-ohashi/profil/spieler/592116,- | Yuki Ohashi Centre-Forward |  | Yuki Ohashi | Centre-Forward | 27/07/1996 (28) |  | €1.50m,Yuki Ohashi,€1.50m,data/raw/20260612_130902_transfermarkt_Japan_national_team_ae482a7f921a.html,https://www.transfermarkt.com/japan/startseite/verein/3435,2026-06-12T04:09:01+00:00
Japan,Shin Yamada,https://www.transfermarkt.com/shin-yamada/profil/spieler/681970,- | Shin Yamada Centre-Forward |  | Shin Yamada | Centre-Forward | 30/05/2000 (24) |  | €900k,Shin Yamada,€900k,data/raw/20260612_130902_transfermarkt_Japan_national_team_ae482a7f921a.html,https://www.transfermarkt.com/japan/startseite/verein/3435,2026-06-12T04:09:01+00:00
Japan,Keisuke Goto,https://www.transfermarkt.com/keisuke-goto/profil/spieler/916623,9 | Keisuke Goto Centre-Forward |  | Keisuke Goto | Centre-Forward | 03/06/2005 (19) |  | €900k,Keisuke Goto,€900k,data/raw/20260612_130902_transfermarkt_Japan_national_team_ae482a7f921a.html,https://www.transfermarkt.com/japan/startseite/verein/3435,2026-06-12T04:09:01+00:00
Japan,Taichi Hara,https://www.transfermarkt.com/taichi-hara/profil/spieler/495752,- | Taichi Hara Centre-Forward |  | Taichi Hara | Centre-Forward | 05/05/1999 (25) |  | €850k,Taichi Hara,€850k,data/raw/20260612_130902_transfermarkt_Japan_national_team_ae482a7f921a.html,https://www.transfermarkt.com/japan/startseite/verein/3435,2026-06-12T04:09:01+00:00
Japan,Ryo Germain,https://www.transfermarkt.com/ryo-germain/profil/spieler/511448,- | Ryo Germain Centre-Forward |  | Ryo Germain | Centre-Forward | 19/04/1995 (29) |  | €700k,Ryo Germain,€700k,data/raw/20260612_130902_transfermarkt_Japan_national_team_ae482a7f921a.html,https://www.transfermarkt.com/japan/startseite/verein/3435,2026-06-12T04:09:01+00:00
Japan,Yuki Kakita,https://www.transfermarkt.com/yuki-kakita/profil/spieler/415033,- | Yuki Kakita Centre-Forward |  | Yuki Kakita | Centre-Forward | 14/07/1997 (27) |  | €600k,Yuki Kakita,€600k,data/raw/20260612_130902_transfermarkt_Japan_national_team_ae482a7f921a.html,https://www.transfermarkt.com/japan/startseite/verein/3435,2026-06-12T04:09:01+00:00
Japan,Sota Nakamura,https://www.transfermarkt.com/sota-nakamura/profil/spieler/1268075,- | Sota Nakamura Centre-Forward |  | Sota Nakamura | Centre-Forward | 15/10/2002 (22) |  | -,Sota Nakamura,-,data/raw/20260612_130902_transfermarkt_Japan_national_team_ae482a7f921a.html,https://www.transfermarkt.com/japan/startseite/verein/3435,2026-06-12T04:09:01+00:00
Sweden,Viktor Johansson,https://www.transfermarkt.com/viktor-johansson/profil/spieler/273742,12 | Viktor Johansson Goalkeeper |  | Viktor Johansson | Goalkeeper | 14/09/1998 (27) |  | €12.00m,Viktor Johansson,€12.00m,data/raw/20260612_130906_transfermarkt_Sweden_national_team_201a534fc57a.html,https://www.transfermarkt.com/schweden/startseite/verein/3557,2026-06-12T04:09:05+00:00
Sweden,Jacob Widell Zetterström,https://www.transfermarkt.com/jacob-widell-zetterstrom/profil/spieler/549440,1 | Jacob Widell Zetterström Goalkeeper |  | Jacob Widell Zetterström | Goalkeeper | 11/07/1998 (27) |  | €2.50m,Jacob Widell Zetterström,€2.50m,data/raw/20260612_130906_transfermarkt_Sweden_national_team_201a534fc57a.html,https://www.transfermarkt.com/schweden/startseite/verein/3557,2026-06-12T04:09:05+00:00
Sweden,Kristoffer Nordfeldt,https://www.transfermarkt.com/kristoffer-nordfeldt/profil/spieler/75890,23 | Kristoffer Nordfeldt Goalkeeper |  | Kristoffer Nordfeldt | Goalkeeper | 23/06/1989 (36) |  | €175k,Kristoffer Nordfeldt,€175k,data/raw/20260612_130906_transfermarkt_Sweden_national_team_201a534fc57a.html,https://www.transfermarkt.com/schweden/startseite/verein/3557,2026-06-12T04:09:05+00:00
Sweden,Isak Hien,https://www.transfermarkt.com/isak-hien/profil/spieler/503075,4 | Isak Hien Centre-Back |  | Isak Hien | Centre-Back | 13/01/1999 (27) |  | €22.00m,Isak Hien,€22.00m,data/raw/20260612_130906_transfermarkt_Sweden_national_team_201a534fc57a.html,https://www.transfermarkt.com/schweden/startseite/verein/3557,2026-06-12T04:09:05+00:00
Sweden,Gustaf Lagerbielke,https://www.transfermarkt.com/gustaf-lagerbielke/profil/spieler/485395,2 | Gustaf Lagerbielke Centre-Back |  | Gustaf Lagerbielke | Centre-Back | 10/04/2000 (26) |  | €10.00m,Gustaf Lagerbielke,€10.00m,data/raw/20260612_130906_transfermarkt_Sweden_national_team_201a534fc57a.html,https://www.transfermarkt.com/schweden/startseite/verein/3557,2026-06-12T04:09:05+00:00
Sweden,Victor Lindelöf,https://www.transfermarkt.com/victor-lindelof/profil/spieler/184573,3 | Victor Lindelöf Centre-Back |  | Victor Lindelöf | Centre-Back | 17/07/1994 (31) |  | €5.00m,Victor Lindelöf,€5.00m,data/raw/20260612_130906_transfermarkt_Sweden_national_team_201a534fc57a.html,https://www.transfermarkt.com/schweden/startseite/verein/3557,2026-06-12T04:09:05+00:00
Sweden,Hjalmar Ekdal,https://www.transfermarkt.com/hjalmar-ekdal/profil/spieler/392179,14 | Hjalmar Ekdal Centre-Back |  | Hjalmar Ekdal | Centre-Back | 21/10/1998 (27) |  | €5.00m,Hjalmar Ekdal,€5.00m,data/raw/20260612_130906_transfermarkt_Sweden_national_team_201a534fc57a.html,https://www.transfermarkt.com/schweden/startseite/verein/3557,2026-06-12T04:09:05+00:00
Sweden,Eric Smith,https://www.transfermarkt.com/eric-smith/profil/spieler/292534,20 | Eric Smith Centre-Back |  | Eric Smith | Centre-Back | 08/01/1997 (29) |  | €5.00m,Eric Smith,€5.00m,data/raw/20260612_130906_transfermarkt_Sweden_national_team_201a534fc57a.html,https://www.transfermarkt.com/schweden/startseite/verein/3557,2026-06-12T04:09:05+00:00
Sweden,Carl Starfelt,https://www.transfermarkt.com/carl-starfelt/profil/spieler/258987,15 | Carl Starfelt Centre-Back |  | Carl Starfelt | Centre-Back | 01/06/1995 (31) |  | €4.50m,Carl Starfelt,€4.50m,data/raw/20260612_130906_transfermarkt_Sweden_national_team_201a534fc57a.html,https://www.transfermarkt.com/schweden/startseite/verein/3557,2026-06-12T04:09:05+00:00
Sweden,Daniel Svensson,https://www.transfermarkt.com/daniel-svensson/profil/spieler/579287,8 | Daniel Svensson Left-Back |  | Daniel Svensson | Left-Back | 12/02/2002 (24) |  | €22.00m,Daniel Svensson,€22.00m,data/raw/20260612_130906_transfermarkt_Sweden_national_team_201a534fc57a.html,https://www.transfermarkt.com/schweden/startseite/verein/3557,2026-06-12T04:09:05+00:00
Sweden,Gabriel Gudmundsson,https://www.transfermarkt.com/gabriel-gudmundsson/profil/spieler/362108,5 | Gabriel Gudmundsson Left-Back |  | Gabriel Gudmundsson | Left-Back | 29/04/1999 (27) |  | €20.00m,Gabriel Gudmundsson,€20.00m,data/raw/20260612_130906_transfermarkt_Sweden_national_team_201a534fc57a.html,https://www.transfermarkt.com/schweden/startseite/verein/3557,2026-06-12T04:09:05+00:00
Sweden,Ken Sema,https://www.transfermarkt.com/ken-sema/profil/spieler/252345,13 | Ken Sema Left-Back |  | Ken Sema | Left-Back | 30/09/1993 (32) |  | €800k,Ken Sema,€800k,data/raw/20260612_130906_transfermarkt_Sweden_national_team_201a534fc57a.html,https://www.transfermarkt.com/schweden/startseite/verein/3557,2026-06-12T04:09:05+00:00
Sweden,Jesper Karlström,https://www.transfermarkt.com/jesper-karlstrom/profil/spieler/222855,16 | Jesper Karlström Defensive Midfield |  | Jesper Karlström | Defensive Midfield | 21/06/1995 (30) |  | €4.00m,Jesper Karlström,€4.00m,data/raw/20260612_130906_transfermarkt_Sweden_national_team_201a534fc57a.html,https://www.transfermarkt.com/schweden/startseite/verein/3557,2026-06-12T04:09:05+00:00
Sweden,Lucas Bergvall,https://www.transfermarkt.com/lucas-bergvall/profil/spieler/866246,7 | Lucas Bergvall Central Midfield |  | Lucas Bergvall | Central Midfield | 02/02/2006 (20) |  | €35.00m,Lucas Bergvall,€35.00m,data/raw/20260612_130906_transfermarkt_Sweden_national_team_201a534fc57a.html,https://www.transfermarkt.com/schweden/startseite/verein/3557,2026-06-12T04:09:05+00:00
Sweden,Yasin Ayari,https://www.transfermarkt.com/yasin-ayari/profil/spieler/667287,18 | Yasin Ayari Central Midfield |  | Yasin Ayari | Central Midfield | 06/10/2003 (22) |  | €35.00m,Yasin Ayari,€35.00m,data/raw/20260612_130906_transfermarkt_Sweden_national_team_201a534fc57a.html,https://www.transfermarkt.com/schweden/startseite/verein/3557,2026-06-12T04:09:05+00:00
Sweden,Mattias Svanberg,https://www.transfermarkt.com/mattias-svanberg/profil/spieler/342405,19 | Mattias Svanberg Central Midfield |  | Mattias Svanberg | Central Midfield | 05/01/1999 (27) |  | €8.00m,Mattias Svanberg,€8.00m,data/raw/20260612_130906_transfermarkt_Sweden_national_team_201a534fc57a.html,https://www.transfermarkt.com/schweden/startseite/verein/3557,2026-06-12T04:09:05+00:00
Sweden,Besfort Zeneli,https://www.transfermarkt.com/besfort-zeneli/profil/spieler/715653,22 | Besfort Zeneli Central Midfield |  | Besfort Zeneli | Central Midfield | 21/11/2002 (23) |  | €6.00m,Besfort Zeneli,€6.00m,data/raw/20260612_130906_transfermarkt_Sweden_national_team_201a534fc57a.html,https://www.transfermarkt.com/schweden/startseite/verein/3557,2026-06-12T04:09:05+00:00
Sweden,Herman Johansson,https://www.transfermarkt.com/herman-johansson/profil/spieler/744853,6 | Herman Johansson Right Midfield |  | Herman Johansson | Right Midfield | 16/10/1997 (28) |  | €1.80m,Herman Johansson,€1.80m,data/raw/20260612_130906_transfermarkt_Sweden_national_team_201a534fc57a.html,https://www.transfermarkt.com/schweden/startseite/verein/3557,2026-06-12T04:09:05+00:00
Sweden,Elliot Stroud,https://www.transfermarkt.com/elliot-stroud/profil/spieler/687622,24 | Elliot Stroud Left Midfield |  | Elliot Stroud | Left Midfield | 22/06/2002 (23) |  | €5.00m,Elliot Stroud,€5.00m,data/raw/20260612_130906_transfermarkt_Sweden_national_team_201a534fc57a.html,https://www.transfermarkt.com/schweden/startseite/verein/3557,2026-06-12T04:09:05+00:00
Sweden,Benjamin Nygren,https://www.transfermarkt.com/benjamin-nygren/profil/spieler/475949,10 | Benjamin Nygren Attacking Midfield |  | Benjamin Nygren | Attacking Midfield | 08/07/2001 (24) |  | €14.00m,Benjamin Nygren,€14.00m,data/raw/20260612_130906_transfermarkt_Sweden_national_team_201a534fc57a.html,https://www.transfermarkt.com/schweden/startseite/verein/3557,2026-06-12T04:09:05+00:00
Sweden,Taha Ali,https://www.transfermarkt.com/taha-ali/profil/spieler/731771,26 | Taha Ali Left Winger |  | Taha Ali | Left Winger | 01/07/1998 (27) |  | €1.50m,Taha Ali,€1.50m,data/raw/20260612_130906_transfermarkt_Sweden_national_team_201a534fc57a.html,https://www.transfermarkt.com/schweden/startseite/verein/3557,2026-06-12T04:09:05+00:00
Sweden,Anthony Elanga,https://www.transfermarkt.com/anthony-elanga/profil/spieler/583189,11 | Anthony Elanga Right Winger |  | Anthony Elanga | Right Winger | 27/04/2002 (24) |  | €32.00m,Anthony Elanga,€32.00m,data/raw/20260612_130906_transfermarkt_Sweden_national_team_201a534fc57a.html,https://www.transfermarkt.com/schweden/startseite/verein/3557,2026-06-12T04:09:05+00:00
Sweden,Alexander Bernhardsson,https://www.transfermarkt.com/alexander-bernhardsson/profil/spieler/633454,21 | Alexander Bernhardsson Right Winger |  | Alexander Bernhardsson | Right Winger | 08/09/1998 (27) |  | €3.00m,Alexander Bernhardsson,€3.00m,data/raw/20260612_130906_transfermarkt_Sweden_national_team_201a534fc57a.html,https://www.transfermarkt.com/schweden/startseite/verein/3557,2026-06-12T04:09:05+00:00
Sweden,Alexander Isak,https://www.transfermarkt.com/alexander-isak/profil/spieler/349066,9 | Alexander Isak Centre-Forward |  | Alexander Isak | Centre-Forward | 21/09/1999 (26) |  | €85.00m,Alexander Isak,€85.00m,data/raw/20260612_130906_transfermarkt_Sweden_national_team_201a534fc57a.html,https://www.transfermarkt.com/schweden/startseite/verein/3557,2026-06-12T04:09:05+00:00
Sweden,Viktor Gyökeres,https://www.transfermarkt.com/viktor-gyokeres/profil/spieler/325443,17 | Viktor Gyökeres Centre-Forward |  | Viktor Gyökeres | Centre-Forward | 04/06/1998 (28) |  | €65.00m,Viktor Gyökeres,€65.00m,data/raw/20260612_130906_transfermarkt_Sweden_national_team_201a534fc57a.html,https://www.transfermarkt.com/schweden/startseite/verein/3557,2026-06-12T04:09:05+00:00
Sweden,Gustaf Nilsson,https://www.transfermarkt.com/gustaf-nilsson/profil/spieler/320440,25 | Gustaf Nilsson Centre-Forward |  | Gustaf Nilsson | Centre-Forward | 23/05/1997 (29) |  | €1.80m,Gustaf Nilsson,€1.80m,data/raw/20260612_130906_transfermarkt_Sweden_national_team_201a534fc57a.html,https://www.transfermarkt.com/schweden/startseite/verein/3557,2026-06-12T04:09:05+00:00
Tunisia,Abdelmouhib Chamakh,https://www.transfermarkt.com/abdelmouhib-chamakh/profil/spieler/584250,1 | Abdelmouhib Chamakh Goalkeeper |  | Abdelmouhib Chamakh | Goalkeeper | 25/08/2001 (24) |  | €800k,Abdelmouhib Chamakh,€800k,data/raw/20260612_130910_transfermarkt_Tunisia_national_team_0e1d092b569b.html,https://www.transfermarkt.com/tunesien/startseite/verein/3670,2026-06-12T04:09:09+00:00
Tunisia,Aymen Dahmen,https://www.transfermarkt.com/aymen-dahmen/profil/spieler/569433,16 | Aymen Dahmen Goalkeeper |  | Aymen Dahmen | Goalkeeper | 28/01/1997 (29) |  | €800k,Aymen Dahmen,€800k,data/raw/20260612_130910_transfermarkt_Tunisia_national_team_0e1d092b569b.html,https://www.transfermarkt.com/tunesien/startseite/verein/3670,2026-06-12T04:09:09+00:00
Tunisia,Sabri Ben Hessen,https://www.transfermarkt.com/sabri-ben-hessen/profil/spieler/295381,22 | Sabri Ben Hessen Goalkeeper |  | Sabri Ben Hessen | Goalkeeper | 13/06/1996 (29) |  | €550k,Sabri Ben Hessen,€550k,data/raw/20260612_130910_transfermarkt_Tunisia_national_team_0e1d092b569b.html,https://www.transfermarkt.com/tunesien/startseite/verein/3670,2026-06-12T04:09:09+00:00
Tunisia,Montassar Talbi,https://www.transfermarkt.com/montassar-talbi/profil/spieler/496706,3 | Montassar Talbi Centre-Back |  | Montassar Talbi | Centre-Back | 26/05/1998 (28) |  | €8.00m,Montassar Talbi,€8.00m,data/raw/20260612_130910_transfermarkt_Tunisia_national_team_0e1d092b569b.html,https://www.transfermarkt.com/tunesien/startseite/verein/3670,2026-06-12T04:09:09+00:00
Tunisia,Adem Arous,https://www.transfermarkt.com/adem-arous/profil/spieler/1071742,5 | Adem Arous Centre-Back |  | Adem Arous | Centre-Back | 17/07/2004 (21) |  | €4.00m,Adem Arous,€4.00m,data/raw/20260612_130910_transfermarkt_Tunisia_national_team_0e1d092b569b.html,https://www.transfermarkt.com/tunesien/startseite/verein/3670,2026-06-12T04:09:09+00:00
Tunisia,Dylan Bronn,https://www.transfermarkt.com/dylan-bronn/profil/spieler/450417,6 | Dylan Bronn Centre-Back |  | Dylan Bronn | Centre-Back | 19/06/1995 (30) |  | €600k,Dylan Bronn,€600k,data/raw/20260612_130910_transfermarkt_Tunisia_national_team_0e1d092b569b.html,https://www.transfermarkt.com/tunesien/startseite/verein/3670,2026-06-12T04:09:09+00:00
Tunisia,Raed Chikhaoui,https://www.transfermarkt.com/raed-chikhaoui/profil/spieler/1075790,24 | Raed Chikhaoui Centre-Back |  | Raed Chikhaoui | Centre-Back | 09/06/2004 (22) |  | €600k,Raed Chikhaoui,€600k,data/raw/20260612_130910_transfermarkt_Tunisia_national_team_0e1d092b569b.html,https://www.transfermarkt.com/tunesien/startseite/verein/3670,2026-06-12T04:09:09+00:00
Tunisia,Omar Rekik,https://www.transfermarkt.com/omar-rekik/profil/spieler/578292,4 | Omar Rekik Centre-Back |  | Omar Rekik | Centre-Back | 20/12/2001 (24) |  | €500k,Omar Rekik,€500k,data/raw/20260612_130910_transfermarkt_Tunisia_national_team_0e1d092b569b.html,https://www.transfermarkt.com/tunesien/startseite/verein/3670,2026-06-12T04:09:09+00:00
Tunisia,Ali Abdi,https://www.transfermarkt.com/ali-abdi/profil/spieler/211474,2 | Ali Abdi Left-Back |  | Ali Abdi | Left-Back | 20/12/1993 (32) |  | €2.00m,Ali Abdi,€2.00m,data/raw/20260612_130910_transfermarkt_Tunisia_national_team_0e1d092b569b.html,https://www.transfermarkt.com/tunesien/startseite/verein/3670,2026-06-12T04:09:09+00:00
Tunisia,Mohamed Amine Ben Hamida,https://www.transfermarkt.com/mohamed-amine-ben-hamida/profil/spieler/454495,21 | Mohamed Amine Ben Hamida Left-Back |  | Mohamed Amine Ben Hamida | Left-Back | 15/12/1995 (30) |  | €1.00m,Mohamed Amine Ben Hamida,€1.00m,data/raw/20260612_130910_transfermarkt_Tunisia_national_team_0e1d092b569b.html,https://www.transfermarkt.com/tunesien/startseite/verein/3670,2026-06-12T04:09:09+00:00
Tunisia,Yan Valery,https://www.transfermarkt.com/yan-valery/profil/spieler/406008,20 | Yan Valery Right-Back |  | Yan Valery | Right-Back | 22/02/1999 (27) |  | €1.50m,Yan Valery,€1.50m,data/raw/20260612_130910_transfermarkt_Tunisia_national_team_0e1d092b569b.html,https://www.transfermarkt.com/tunesien/startseite/verein/3670,2026-06-12T04:09:09+00:00
Tunisia,Moutaz Neffati,https://www.transfermarkt.com/moutaz-neffati/profil/spieler/1034598,23 | Moutaz Neffati Right-Back |  | Moutaz Neffati | Right-Back | 04/09/2004 (21) |  | €1.20m,Moutaz Neffati,€1.20m,data/raw/20260612_130910_transfermarkt_Tunisia_national_team_0e1d092b569b.html,https://www.transfermarkt.com/tunesien/startseite/verein/3670,2026-06-12T04:09:09+00:00
Tunisia,Ellyes Skhiri,https://www.transfermarkt.com/ellyes-skhiri/profil/spieler/290587,17 | Ellyes Skhiri Defensive Midfield |  | Ellyes Skhiri | Defensive Midfield | 10/05/1995 (31) |  | €5.00m,Ellyes Skhiri,€5.00m,data/raw/20260612_130910_transfermarkt_Tunisia_national_team_0e1d092b569b.html,https://www.transfermarkt.com/tunesien/startseite/verein/3670,2026-06-12T04:09:09+00:00
Tunisia,Rani Khedira,https://www.transfermarkt.com/rani-khedira/profil/spieler/124410,13 | Rani Khedira Defensive Midfield |  | Rani Khedira | Defensive Midfield | 27/01/1994 (32) |  | €2.00m,Rani Khedira,€2.00m,data/raw/20260612_130910_transfermarkt_Tunisia_national_team_0e1d092b569b.html,https://www.transfermarkt.com/tunesien/startseite/verein/3670,2026-06-12T04:09:09+00:00
Tunisia,Mohamed Belhadj Mahmoud,https://www.transfermarkt.com/mohamed-belhadj-mahmoud/profil/spieler/673513,15 | Mohamed Belhadj Mahmoud Defensive Midfield |  | Mohamed Belhadj Mahmoud | Defensive Midfield | 24/04/2000 (26) |  | €2.00m,Mohamed Belhadj Mahmoud,€2.00m,data/raw/20260612_130910_transfermarkt_Tunisia_national_team_0e1d092b569b.html,https://www.transfermarkt.com/tunesien/startseite/verein/3670,2026-06-12T04:09:09+00:00
Tunisia,Anis Ben Slimane,https://www.transfermarkt.com/anis-ben-slimane/profil/spieler/546712,25 | Anis Ben Slimane Central Midfield |  | Anis Ben Slimane | Central Midfield | 16/03/2001 (25) |  | €4.00m,Anis Ben Slimane,€4.00m,data/raw/20260612_130910_transfermarkt_Tunisia_national_team_0e1d092b569b.html,https://www.transfermarkt.com/tunesien/startseite/verein/3670,2026-06-12T04:09:09+00:00
Tunisia,Hannibal,https://www.transfermarkt.com/hannibal/profil/spieler/607224,10 | Hannibal Attacking Midfield |  | Hannibal | Attacking Midfield | 21/01/2003 (23) |  | €15.00m,Hannibal,€15.00m,data/raw/20260612_130910_transfermarkt_Tunisia_national_team_0e1d092b569b.html,https://www.transfermarkt.com/tunesien/startseite/verein/3670,2026-06-12T04:09:09+00:00
Tunisia,Ismaël Gharbi,https://www.transfermarkt.com/ismael-gharbi/profil/spieler/810096,11 | Ismaël Gharbi Left Winger |  | Ismaël Gharbi | Left Winger | 10/04/2004 (22) |  | €5.00m,Ismaël Gharbi,€5.00m,data/raw/20260612_130910_transfermarkt_Tunisia_national_team_0e1d092b569b.html,https://www.transfermarkt.com/tunesien/startseite/verein/3670,2026-06-12T04:09:09+00:00
Tunisia,Sebastian Tounekti,https://www.transfermarkt.com/sebastian-tounekti/profil/spieler/539677,26 | Sebastian Tounekti Left Winger |  | Sebastian Tounekti | Left Winger | 13/07/2002 (23) |  | €5.00m,Sebastian Tounekti,€5.00m,data/raw/20260612_130910_transfermarkt_Tunisia_national_team_0e1d092b569b.html,https://www.transfermarkt.com/tunesien/startseite/verein/3670,2026-06-12T04:09:09+00:00
Tunisia,Elias Achouri,https://www.transfermarkt.com/elias-achouri/profil/spieler/645589,7 | Elias Achouri Left Winger |  | Elias Achouri | Left Winger | 10/02/1999 (27) |  | €3.00m,Elias Achouri,€3.00m,data/raw/20260612_130910_transfermarkt_Tunisia_national_team_0e1d092b569b.html,https://www.transfermarkt.com/tunesien/startseite/verein/3670,2026-06-12T04:09:09+00:00
Tunisia,Elias Saad,https://www.transfermarkt.com/elias-saad/profil/spieler/526466,8 | Elias Saad Left Winger |  | Elias Saad | Left Winger | 27/12/1999 (26) |  | €2.00m,Elias Saad,€2.00m,data/raw/20260612_130910_transfermarkt_Tunisia_national_team_0e1d092b569b.html,https://www.transfermarkt.com/tunesien/startseite/verein/3670,2026-06-12T04:09:09+00:00
Tunisia,Mortadha Ben Ouanes,https://www.transfermarkt.com/mortadha-ben-ouanes/profil/spieler/230921,12 | Mortadha Ben Ouanes Left Winger |  | Mortadha Ben Ouanes | Left Winger | 02/07/1994 (31) |  | €1.50m,Mortadha Ben Ouanes,€1.50m,data/raw/20260612_130910_transfermarkt_Tunisia_national_team_0e1d092b569b.html,https://www.transfermarkt.com/tunesien/startseite/verein/3670,2026-06-12T04:09:09+00:00
Tunisia,Khalil Ayari,https://www.transfermarkt.com/khalil-ayari/profil/spieler/1198342,14 | Khalil Ayari Right Winger |  | Khalil Ayari | Right Winger | 02/02/2005 (21) |  | €1.00m,Khalil Ayari,€1.00m,data/raw/20260612_130910_transfermarkt_Tunisia_national_team_0e1d092b569b.html,https://www.transfermarkt.com/tunesien/startseite/verein/3670,2026-06-12T04:09:09+00:00
Tunisia,Firas Chaouat,https://www.transfermarkt.com/firas-chaouat/profil/spieler/402087,19 | Firas Chaouat Centre-Forward |  | Firas Chaouat | Centre-Forward | 08/05/1996 (30) |  | €1.20m,Firas Chaouat,€1.20m,data/raw/20260612_130910_transfermarkt_Tunisia_national_team_0e1d092b569b.html,https://www.transfermarkt.com/tunesien/startseite/verein/3670,2026-06-12T04:09:09+00:00
Tunisia,Hazem Mastouri,https://www.transfermarkt.com/hazem-mastouri/profil/spieler/953150,9 | Hazem Mastouri Centre-Forward |  | Hazem Mastouri | Centre-Forward | 18/06/1997 (28) |  | €900k,Hazem Mastouri,€900k,data/raw/20260612_130910_transfermarkt_Tunisia_national_team_0e1d092b569b.html,https://www.transfermarkt.com/tunesien/startseite/verein/3670,2026-06-12T04:09:09+00:00
Tunisia,Rayan Elloumi,https://www.transfermarkt.com/rayan-elloumi/profil/spieler/1273985,18 | Rayan Elloumi Centre-Forward |  | Rayan Elloumi | Centre-Forward | 17/09/2007 (18) |  | €800k,Rayan Elloumi,€800k,data/raw/20260612_130910_transfermarkt_Tunisia_national_team_0e1d092b569b.html,https://www.transfermarkt.com/tunesien/startseite/verein/3670,2026-06-12T04:09:09+00:00
Belgium,Senne Lammens,https://www.transfermarkt.com/senne-lammens/profil/spieler/503883,12 | Senne Lammens Goalkeeper |  | Senne Lammens | Goalkeeper | 07/07/2002 (23) |  | €35.00m,Senne Lammens,€35.00m,data/raw/20260612_130913_transfermarkt_Belgium_national_team_ccb56269a589.html,https://www.transfermarkt.com/belgien/startseite/verein/3382,2026-06-12T04:09:13+00:00
Belgium,Mike Penders,https://www.transfermarkt.com/mike-penders/profil/spieler/834397,13 | Mike Penders Goalkeeper |  | Mike Penders | Goalkeeper | 31/07/2005 (20) |  | €25.00m,Mike Penders,€25.00m,data/raw/20260612_130913_transfermarkt_Belgium_national_team_ccb56269a589.html,https://www.transfermarkt.com/belgien/startseite/verein/3382,2026-06-12T04:09:13+00:00
Belgium,Thibaut Courtois,https://www.transfermarkt.com/thibaut-courtois/profil/spieler/108390,1 | Thibaut Courtois Goalkeeper |  | Thibaut Courtois | Goalkeeper | 11/05/1992 (34) |  | €15.00m,Thibaut Courtois,€15.00m,data/raw/20260612_130913_transfermarkt_Belgium_national_team_ccb56269a589.html,https://www.transfermarkt.com/belgien/startseite/verein/3382,2026-06-12T04:09:13+00:00
Belgium,Zeno Debast,https://www.transfermarkt.com/zeno-debast/profil/spieler/548193,2 | Zeno Debast Centre-Back |  | Zeno Debast | Centre-Back | 24/10/2003 (22) |  | €28.00m,Zeno Debast,€28.00m,data/raw/20260612_130913_transfermarkt_Belgium_national_team_ccb56269a589.html,https://www.transfermarkt.com/belgien/startseite/verein/3382,2026-06-12T04:09:13+00:00
Belgium,Nathan Ngoy,https://www.transfermarkt.com/nathan-ngoy/profil/spieler/548254,25 | Nathan Ngoy Centre-Back |  | Nathan Ngoy | Centre-Back | 10/06/2003 (23) |  | €25.00m,Nathan Ngoy,€25.00m,data/raw/20260612_130913_transfermarkt_Belgium_national_team_ccb56269a589.html,https://www.transfermarkt.com/belgien/startseite/verein/3382,2026-06-12T04:09:13+00:00
Belgium,Koni De Winter,https://www.transfermarkt.com/koni-de-winter/profil/spieler/490384,16 | Koni De Winter Centre-Back |  | Koni De Winter | Centre-Back | 12/06/2002 (24) |  | €23.00m,Koni De Winter,€23.00m,data/raw/20260612_130913_transfermarkt_Belgium_national_team_ccb56269a589.html,https://www.transfermarkt.com/belgien/startseite/verein/3382,2026-06-12T04:09:13+00:00
Belgium,Arthur Theate,https://www.transfermarkt.com/arthur-theate/profil/spieler/368891,3 | Arthur Theate Centre-Back |  | Arthur Theate | Centre-Back | 25/05/2000 (26) |  | €17.00m,Arthur Theate,€17.00m,data/raw/20260612_130913_transfermarkt_Belgium_national_team_ccb56269a589.html,https://www.transfermarkt.com/belgien/startseite/verein/3382,2026-06-12T04:09:13+00:00
Belgium,Brandon Mechele,https://www.transfermarkt.com/brandon-mechele/profil/spieler/236168,4 | Brandon Mechele Centre-Back |  | Brandon Mechele | Centre-Back | 28/01/1993 (33) |  | €2.80m,Brandon Mechele,€2.80m,data/raw/20260612_130913_transfermarkt_Belgium_national_team_ccb56269a589.html,https://www.transfermarkt.com/belgien/startseite/verein/3382,2026-06-12T04:09:13+00:00
Belgium,Maxim De Cuyper,https://www.transfermarkt.com/maxim-de-cuyper/profil/spieler/429915,5 | Maxim De Cuyper Left-Back |  | Maxim De Cuyper | Left-Back | 22/12/2000 (25) |  | €22.00m,Maxim De Cuyper,€22.00m,data/raw/20260612_130913_transfermarkt_Belgium_national_team_ccb56269a589.html,https://www.transfermarkt.com/belgien/startseite/verein/3382,2026-06-12T04:09:13+00:00
Belgium,Joaquin Seys,https://www.transfermarkt.com/joaquin-seys/profil/spieler/981196,18 | Joaquin Seys Left-Back |  | Joaquin Seys | Left-Back | 28/03/2005 (21) |  | €20.00m,Joaquin Seys,€20.00m,data/raw/20260612_130913_transfermarkt_Belgium_national_team_ccb56269a589.html,https://www.transfermarkt.com/belgien/startseite/verein/3382,2026-06-12T04:09:13+00:00
Belgium,Timothy Castagne,https://www.transfermarkt.com/timothy-castagne/profil/spieler/262226,21 | Timothy Castagne Right-Back |  | Timothy Castagne | Right-Back | 05/12/1995 (30) |  | €8.00m,Timothy Castagne,€8.00m,data/raw/20260612_130913_transfermarkt_Belgium_national_team_ccb56269a589.html,https://www.transfermarkt.com/belgien/startseite/verein/3382,2026-06-12T04:09:13+00:00
Belgium,Thomas Meunier,https://www.transfermarkt.com/thomas-meunier/profil/spieler/100986,15 | Thomas Meunier Right-Back |  | Thomas Meunier | Right-Back | 12/09/1991 (34) |  | €1.50m,Thomas Meunier,€1.50m,data/raw/20260612_130913_transfermarkt_Belgium_national_team_ccb56269a589.html,https://www.transfermarkt.com/belgien/startseite/verein/3382,2026-06-12T04:09:13+00:00
Belgium,Amadou Onana,https://www.transfermarkt.com/amadou-onana/profil/spieler/485706,24 | Amadou Onana Defensive Midfield |  | Amadou Onana | Defensive Midfield | 16/08/2001 (24) |  | €45.00m,Amadou Onana,€45.00m,data/raw/20260612_130913_transfermarkt_Belgium_national_team_ccb56269a589.html,https://www.transfermarkt.com/belgien/startseite/verein/3382,2026-06-12T04:09:13+00:00
Belgium,Nicolas Raskin,https://www.transfermarkt.com/nicolas-raskin/profil/spieler/422763,23 | Nicolas Raskin Defensive Midfield |  | Nicolas Raskin | Defensive Midfield | 23/02/2001 (25) |  | €12.00m,Nicolas Raskin,€12.00m,data/raw/20260612_130913_transfermarkt_Belgium_national_team_ccb56269a589.html,https://www.transfermarkt.com/belgien/startseite/verein/3382,2026-06-12T04:09:13+00:00
Belgium,Axel Witsel,https://www.transfermarkt.com/axel-witsel/profil/spieler/35047,6 | Axel Witsel Defensive Midfield |  | Axel Witsel | Defensive Midfield | 12/01/1989 (37) |  | €1.20m,Axel Witsel,€1.20m,data/raw/20260612_130913_transfermarkt_Belgium_national_team_ccb56269a589.html,https://www.transfermarkt.com/belgien/startseite/verein/3382,2026-06-12T04:09:13+00:00
Belgium,Youri Tielemans,https://www.transfermarkt.com/youri-tielemans/profil/spieler/249565,8 | Youri Tielemans Central Midfield |  | Youri Tielemans | Central Midfield | 07/05/1997 (29) |  | €30.00m,Youri Tielemans,€30.00m,data/raw/20260612_130913_transfermarkt_Belgium_national_team_ccb56269a589.html,https://www.transfermarkt.com/belgien/startseite/verein/3382,2026-06-12T04:09:13+00:00
Belgium,Alexis Saelemaekers,https://www.transfermarkt.com/alexis-saelemaekers/profil/spieler/381950,22 | Alexis Saelemaekers Right Midfield |  | Alexis Saelemaekers | Right Midfield | 27/06/1999 (26) |  | €20.00m,Alexis Saelemaekers,€20.00m,data/raw/20260612_130913_transfermarkt_Belgium_national_team_ccb56269a589.html,https://www.transfermarkt.com/belgien/startseite/verein/3382,2026-06-12T04:09:13+00:00
Belgium,Diego Moreira,https://www.transfermarkt.com/diego-moreira/profil/spieler/655006,19 | Diego Moreira Left Midfield |  | Diego Moreira | Left Midfield | 06/08/2004 (21) |  | €25.00m,Diego Moreira,€25.00m,data/raw/20260612_130913_transfermarkt_Belgium_national_team_ccb56269a589.html,https://www.transfermarkt.com/belgien/startseite/verein/3382,2026-06-12T04:09:13+00:00
Belgium,Charles De Ketelaere,https://www.transfermarkt.com/charles-de-ketelaere/profil/spieler/435772,17 | Charles De Ketelaere Attacking Midfield |  | Charles De Ketelaere | Attacking Midfield | 10/03/2001 (25) |  | €30.00m,Charles De Ketelaere,€30.00m,data/raw/20260612_130913_transfermarkt_Belgium_national_team_ccb56269a589.html,https://www.transfermarkt.com/belgien/startseite/verein/3382,2026-06-12T04:09:13+00:00
Belgium,Kevin De Bruyne,https://www.transfermarkt.com/kevin-de-bruyne/profil/spieler/88755,7 | Kevin De Bruyne Attacking Midfield |  | Kevin De Bruyne | Attacking Midfield | 28/06/1991 (34) |  | €8.00m,Kevin De Bruyne,€8.00m,data/raw/20260612_130913_transfermarkt_Belgium_national_team_ccb56269a589.html,https://www.transfermarkt.com/belgien/startseite/verein/3382,2026-06-12T04:09:13+00:00
Belgium,Hans Vanaken,https://www.transfermarkt.com/hans-vanaken/profil/spieler/137576,20 | Hans Vanaken Attacking Midfield |  | Hans Vanaken | Attacking Midfield | 24/08/1992 (33) |  | €5.00m,Hans Vanaken,€5.00m,data/raw/20260612_130913_transfermarkt_Belgium_national_team_ccb56269a589.html,https://www.transfermarkt.com/belgien/startseite/verein/3382,2026-06-12T04:09:13+00:00
Belgium,Jérémy Doku,https://www.transfermarkt.com/jeremy-doku/profil/spieler/486049,11 | Jérémy Doku Left Winger |  | Jérémy Doku | Left Winger | 27/05/2002 (24) |  | €75.00m,Jérémy Doku,€75.00m,data/raw/20260612_130913_transfermarkt_Belgium_national_team_ccb56269a589.html,https://www.transfermarkt.com/belgien/startseite/verein/3382,2026-06-12T04:09:13+00:00
Belgium,Leandro Trossard,https://www.transfermarkt.com/leandro-trossard/profil/spieler/144028,10 | Leandro Trossard Left Winger |  | Leandro Trossard | Left Winger | 04/12/1994 (31) |  | €18.00m,Leandro Trossard,€18.00m,data/raw/20260612_130913_transfermarkt_Belgium_national_team_ccb56269a589.html,https://www.transfermarkt.com/belgien/startseite/verein/3382,2026-06-12T04:09:13+00:00
Belgium,Dodi Lukébakio,https://www.transfermarkt.com/dodi-lukebakio/profil/spieler/303259,14 | Dodi Lukébakio Right Winger |  | Dodi Lukébakio | Right Winger | 24/09/1997 (28) |  | €15.00m,Dodi Lukébakio,€15.00m,data/raw/20260612_130913_transfermarkt_Belgium_national_team_ccb56269a589.html,https://www.transfermarkt.com/belgien/startseite/verein/3382,2026-06-12T04:09:13+00:00
Belgium,Matias Fernandez-Pardo,https://www.transfermarkt.com/matias-fernandez-pardo/profil/spieler/724129,26 | Matias Fernandez-Pardo Centre-Forward |  | Matias Fernandez-Pardo | Centre-Forward | 03/02/2005 (21) |  | €35.00m,Matias Fernandez-Pardo,€35.00m,data/raw/20260612_130913_transfermarkt_Belgium_national_team_ccb56269a589.html,https://www.transfermarkt.com/belgien/startseite/verein/3382,2026-06-12T04:09:13+00:00
Belgium,Romelu Lukaku,https://www.transfermarkt.com/romelu-lukaku/profil/spieler/96341,9 | Romelu Lukaku Centre-Forward |  | Romelu Lukaku | Centre-Forward | 13/05/1993 (33) |  | €6.00m,Romelu Lukaku,€6.00m,data/raw/20260612_130913_transfermarkt_Belgium_national_team_ccb56269a589.html,https://www.transfermarkt.com/belgien/startseite/verein/3382,2026-06-12T04:09:13+00:00
Egypt,Oufa Shobeir,https://www.transfermarkt.com/oufa-shobeir/profil/spieler/661455,23 | Oufa Shobeir Goalkeeper |  | Oufa Shobeir | Goalkeeper | 15/05/2000 (26) |  | €1.20m,Oufa Shobeir,€1.20m,data/raw/20260612_130917_transfermarkt_Egypt_national_team_7779f6c44fe7.html,https://www.transfermarkt.com/agypten/startseite/verein/3672,2026-06-12T04:09:16+00:00
Egypt,Mohamed Alaa,https://www.transfermarkt.com/mohamed-alaa/profil/spieler/1307898,26 | Mohamed Alaa Goalkeeper |  | Mohamed Alaa | Goalkeeper | 01/01/1999 (27) |  | €1.20m,Mohamed Alaa,€1.20m,data/raw/20260612_130917_transfermarkt_Egypt_national_team_7779f6c44fe7.html,https://www.transfermarkt.com/agypten/startseite/verein/3672,2026-06-12T04:09:16+00:00
Egypt,Mohamed El Shenawy,https://www.transfermarkt.com/mohamed-el-shenawy/profil/spieler/134573,1 | Mohamed El Shenawy Goalkeeper |  | Mohamed El Shenawy | Goalkeeper | 18/12/1988 (37) |  | €500k,Mohamed El Shenawy,€500k,data/raw/20260612_130917_transfermarkt_Egypt_national_team_7779f6c44fe7.html,https://www.transfermarkt.com/agypten/startseite/verein/3672,2026-06-12T04:09:16+00:00
Egypt,El Mahdi Soliman,https://www.transfermarkt.com/el-mahdi-soliman/profil/spieler/104951,16 | El Mahdi Soliman Goalkeeper |  | El Mahdi Soliman | Goalkeeper | 08/06/1987 (39) |  | €150k,El Mahdi Soliman,€150k,data/raw/20260612_130917_transfermarkt_Egypt_national_team_7779f6c44fe7.html,https://www.transfermarkt.com/agypten/startseite/verein/3672,2026-06-12T04:09:16+00:00
Egypt,Mohamed Abdelmonem,https://www.transfermarkt.com/mohamed-abdelmonem/profil/spieler/566025,6 | Mohamed Abdelmonem Centre-Back |  | Mohamed Abdelmonem | Centre-Back | 01/02/1999 (27) |  | €2.50m,Mohamed Abdelmonem,€2.50m,data/raw/20260612_130917_transfermarkt_Egypt_national_team_7779f6c44fe7.html,https://www.transfermarkt.com/agypten/startseite/verein/3672,2026-06-12T04:09:16+00:00
Egypt,Hossam Abdelmaguid,https://www.transfermarkt.com/hossam-abdelmaguid/profil/spieler/737524,4 | Hossam Abdelmaguid Centre-Back |  | Hossam Abdelmaguid | Centre-Back | 30/04/2001 (25) |  | €2.00m,Hossam Abdelmaguid,€2.00m,data/raw/20260612_130917_transfermarkt_Egypt_national_team_7779f6c44fe7.html,https://www.transfermarkt.com/agypten/startseite/verein/3672,2026-06-12T04:09:16+00:00
Egypt,Ramy Rabia,https://www.transfermarkt.com/ramy-rabia/profil/spieler/172623,5 | Ramy Rabia Centre-Back |  | Ramy Rabia | Centre-Back | 20/05/1993 (33) |  | €600k,Ramy Rabia,€600k,data/raw/20260612_130917_transfermarkt_Egypt_national_team_7779f6c44fe7.html,https://www.transfermarkt.com/agypten/startseite/verein/3672,2026-06-12T04:09:16+00:00
Egypt,Yasser Ibrahim,https://www.transfermarkt.com/yasser-ibrahim/profil/spieler/237425,2 | Yasser Ibrahim Centre-Back |  | Yasser Ibrahim | Centre-Back | 10/02/1993 (33) |  | €275k,Yasser Ibrahim,€275k,data/raw/20260612_130917_transfermarkt_Egypt_national_team_7779f6c44fe7.html,https://www.transfermarkt.com/agypten/startseite/verein/3672,2026-06-12T04:09:16+00:00
Egypt,Ahmed Fatouh,https://www.transfermarkt.com/ahmed-fatouh/profil/spieler/465966,13 | Ahmed Fatouh Left-Back |  | Ahmed Fatouh | Left-Back | 22/03/1998 (28) |  | €1.00m,Ahmed Fatouh,€1.00m,data/raw/20260612_130917_transfermarkt_Egypt_national_team_7779f6c44fe7.html,https://www.transfermarkt.com/agypten/startseite/verein/3672,2026-06-12T04:09:16+00:00
Egypt,Karim Hafez,https://www.transfermarkt.com/karim-hafez/profil/spieler/333004,15 | Karim Hafez Left-Back |  | Karim Hafez | Left-Back | 12/03/1996 (30) |  | €700k,Karim Hafez,€700k,data/raw/20260612_130917_transfermarkt_Egypt_national_team_7779f6c44fe7.html,https://www.transfermarkt.com/agypten/startseite/verein/3672,2026-06-12T04:09:16+00:00
Egypt,Mohamed Hany,https://www.transfermarkt.com/mohamed-hany/profil/spieler/343974,3 | Mohamed Hany Right-Back |  | Mohamed Hany | Right-Back | 02/02/1996 (30) |  | €1.50m,Mohamed Hany,€1.50m,data/raw/20260612_130917_transfermarkt_Egypt_national_team_7779f6c44fe7.html,https://www.transfermarkt.com/agypten/startseite/verein/3672,2026-06-12T04:09:16+00:00
Egypt,Tarek Alaa,https://www.transfermarkt.com/tarek-alaa/profil/spieler/1087789,24 | Tarek Alaa Right-Back |  | Tarek Alaa | Right-Back | 05/01/2002 (24) |  | €250k,Tarek Alaa,€250k,data/raw/20260612_130917_transfermarkt_Egypt_national_team_7779f6c44fe7.html,https://www.transfermarkt.com/agypten/startseite/verein/3672,2026-06-12T04:09:16+00:00
Egypt,Marwan Ateya,https://www.transfermarkt.com/marwan-ateya/profil/spieler/734542,19 | Marwan Ateya Defensive Midfield |  | Marwan Ateya | Defensive Midfield | 01/08/1998 (27) |  | €4.00m,Marwan Ateya,€4.00m,data/raw/20260612_130917_transfermarkt_Egypt_national_team_7779f6c44fe7.html,https://www.transfermarkt.com/agypten/startseite/verein/3672,2026-06-12T04:09:16+00:00
Egypt,Mohanad Lasheen,https://www.transfermarkt.com/mohanad-lasheen/profil/spieler/479682,17 | Mohanad Lasheen Defensive Midfield |  | Mohanad Lasheen | Defensive Midfield | 29/05/1996 (30) |  | €3.00m,Mohanad Lasheen,€3.00m,data/raw/20260612_130917_transfermarkt_Egypt_national_team_7779f6c44fe7.html,https://www.transfermarkt.com/agypten/startseite/verein/3672,2026-06-12T04:09:16+00:00
Egypt,Hamdy Fathy,https://www.transfermarkt.com/hamdy-fathy/profil/spieler/340303,14 | Hamdy Fathy Defensive Midfield |  | Hamdy Fathy | Defensive Midfield | 29/09/1994 (31) |  | €1.80m,Hamdy Fathy,€1.80m,data/raw/20260612_130917_transfermarkt_Egypt_national_team_7779f6c44fe7.html,https://www.transfermarkt.com/agypten/startseite/verein/3672,2026-06-12T04:09:16+00:00
Egypt,Nabil Dunga,https://www.transfermarkt.com/nabil-dunga/profil/spieler/479683,18 | Nabil Dunga Defensive Midfield |  | Nabil Dunga | Defensive Midfield | 06/04/1996 (30) |  | €1.00m,Nabil Dunga,€1.00m,data/raw/20260612_130917_transfermarkt_Egypt_national_team_7779f6c44fe7.html,https://www.transfermarkt.com/agypten/startseite/verein/3672,2026-06-12T04:09:16+00:00
Egypt,Emam Ashour,https://www.transfermarkt.com/emam-ashour/profil/spieler/604008,8 | Emam Ashour Central Midfield |  | Emam Ashour | Central Midfield | 20/02/1998 (28) |  | €4.00m,Emam Ashour,€4.00m,data/raw/20260612_130917_transfermarkt_Egypt_national_team_7779f6c44fe7.html,https://www.transfermarkt.com/agypten/startseite/verein/3672,2026-06-12T04:09:16+00:00
Egypt,Mahmoud Saber,https://www.transfermarkt.com/mahmoud-saber/profil/spieler/729390,21 | Mahmoud Saber Central Midfield |  | Mahmoud Saber | Central Midfield | 30/07/2001 (24) |  | €1.50m,Mahmoud Saber,€1.50m,data/raw/20260612_130917_transfermarkt_Egypt_national_team_7779f6c44fe7.html,https://www.transfermarkt.com/agypten/startseite/verein/3672,2026-06-12T04:09:16+00:00
Egypt,Trezeguet,https://www.transfermarkt.com/trezeguet/profil/spieler/234189,7 | Trezeguet Left Winger |  | Trezeguet | Left Winger | 01/10/1994 (31) |  | €4.50m,Trezeguet,€4.50m,data/raw/20260612_130917_transfermarkt_Egypt_national_team_7779f6c44fe7.html,https://www.transfermarkt.com/agypten/startseite/verein/3672,2026-06-12T04:09:16+00:00
Egypt,Ibrahim Adel,https://www.transfermarkt.com/ibrahim-adel/profil/spieler/677278,20 | Ibrahim Adel Left Winger |  | Ibrahim Adel | Left Winger | 23/04/2001 (25) |  | €2.50m,Ibrahim Adel,€2.50m,data/raw/20260612_130917_transfermarkt_Egypt_national_team_7779f6c44fe7.html,https://www.transfermarkt.com/agypten/startseite/verein/3672,2026-06-12T04:09:16+00:00
Egypt,Mostafa Ziko,https://www.transfermarkt.com/mostafa-ziko/profil/spieler/896616,11 | Mostafa Ziko Left Winger |  | Mostafa Ziko | Left Winger | 27/04/1997 (29) |  | €1.80m,Mostafa Ziko,€1.80m,data/raw/20260612_130917_transfermarkt_Egypt_national_team_7779f6c44fe7.html,https://www.transfermarkt.com/agypten/startseite/verein/3672,2026-06-12T04:09:16+00:00
Egypt,Mohamed Salah,https://www.transfermarkt.com/mohamed-salah/profil/spieler/148455,10 | Mohamed Salah Right Winger |  | Mohamed Salah | Right Winger | 15/06/1992 (33) |  | €22.00m,Mohamed Salah,€22.00m,data/raw/20260612_130917_transfermarkt_Egypt_national_team_7779f6c44fe7.html,https://www.transfermarkt.com/agypten/startseite/verein/3672,2026-06-12T04:09:16+00:00
Egypt,Haissem Hassan,https://www.transfermarkt.com/haissem-hassan/profil/spieler/620164,12 | Haissem Hassan Right Winger |  | Haissem Hassan | Right Winger | 08/02/2002 (24) |  | €3.50m,Haissem Hassan,€3.50m,data/raw/20260612_130917_transfermarkt_Egypt_national_team_7779f6c44fe7.html,https://www.transfermarkt.com/agypten/startseite/verein/3672,2026-06-12T04:09:16+00:00
Egypt,Zizo,https://www.transfermarkt.com/zizo/profil/spieler/320722,25 | Zizo Right Winger |  | Zizo | Right Winger | 10/01/1996 (30) |  | €3.50m,Zizo,€3.50m,data/raw/20260612_130917_transfermarkt_Egypt_national_team_7779f6c44fe7.html,https://www.transfermarkt.com/agypten/startseite/verein/3672,2026-06-12T04:09:16+00:00
Egypt,Omar Marmoush,https://www.transfermarkt.com/omar-marmoush/profil/spieler/445939,22 | Omar Marmoush Centre-Forward |  | Omar Marmoush | Centre-Forward | 07/02/1999 (27) |  | €50.00m,Omar Marmoush,€50.00m,data/raw/20260612_130917_transfermarkt_Egypt_national_team_7779f6c44fe7.html,https://www.transfermarkt.com/agypten/startseite/verein/3672,2026-06-12T04:09:16+00:00
Egypt,Hamza Abdelkarim,https://www.transfermarkt.com/hamza-abdelkarim/profil/spieler/1259085,9 | Hamza Abdelkarim Centre-Forward |  | Hamza Abdelkarim | Centre-Forward | 01/01/2008 (18) |  | €1.50m,Hamza Abdelkarim,€1.50m,data/raw/20260612_130917_transfermarkt_Egypt_national_team_7779f6c44fe7.html,https://www.transfermarkt.com/agypten/startseite/verein/3672,2026-06-12T04:09:16+00:00
Iran,Payam Niazmand,https://www.transfermarkt.com/payam-niazmand/profil/spieler/343044,12 | Payam Niazmand Goalkeeper |  | Payam Niazmand | Goalkeeper | 06/04/1995 (31) |  | €700k,Payam Niazmand,€700k,data/raw/20260612_130921_transfermarkt_Iran_national_team_b8e05093460a.html,https://www.transfermarkt.com/iran/startseite/verein/3582,2026-06-12T04:09:20+00:00
Iran,Alireza Beiranvand,https://www.transfermarkt.com/alireza-beiranvand/profil/spieler/229081,1 | Alireza Beiranvand Goalkeeper |  | Alireza Beiranvand | Goalkeeper | 21/09/1992 (33) |  | €650k,Alireza Beiranvand,€650k,data/raw/20260612_130921_transfermarkt_Iran_national_team_b8e05093460a.html,https://www.transfermarkt.com/iran/startseite/verein/3582,2026-06-12T04:09:20+00:00
Iran,Seyed Hossein Hosseini,https://www.transfermarkt.com/seyed-hossein-hosseini/profil/spieler/132561,22 | Seyed Hossein Hosseini Goalkeeper |  | Seyed Hossein Hosseini | Goalkeeper | 30/06/1992 (33) |  | €500k,Seyed Hossein Hosseini,€500k,data/raw/20260612_130921_transfermarkt_Iran_national_team_b8e05093460a.html,https://www.transfermarkt.com/iran/startseite/verein/3582,2026-06-12T04:09:20+00:00
Iran,Hossein Kanaani,https://www.transfermarkt.com/hossein-kanaani/profil/spieler/249400,13 | Hossein Kanaani Centre-Back |  | Hossein Kanaani | Centre-Back | 23/03/1994 (32) |  | €1.60m,Hossein Kanaani,€1.60m,data/raw/20260612_130921_transfermarkt_Iran_national_team_b8e05093460a.html,https://www.transfermarkt.com/iran/startseite/verein/3582,2026-06-12T04:09:20+00:00
Iran,Danial Eiri,https://www.transfermarkt.com/danial-eiri/profil/spieler/1080301,25 | Danial Eiri Centre-Back |  | Danial Eiri | Centre-Back | 26/10/2003 (22) |  | €1.00m,Danial Eiri,€1.00m,data/raw/20260612_130921_transfermarkt_Iran_national_team_b8e05093460a.html,https://www.transfermarkt.com/iran/startseite/verein/3582,2026-06-12T04:09:20+00:00
Iran,Ali Nemati,https://www.transfermarkt.com/ali-nemati/profil/spieler/527092,19 | Ali Nemati Centre-Back |  | Ali Nemati | Centre-Back | 07/02/1996 (30) |  | €550k,Ali Nemati,€550k,data/raw/20260612_130921_transfermarkt_Iran_national_team_b8e05093460a.html,https://www.transfermarkt.com/iran/startseite/verein/3582,2026-06-12T04:09:20+00:00
Iran,Shoja Khalilzadeh,https://www.transfermarkt.com/shoja-khalilzadeh/profil/spieler/213715,4 | Shoja Khalilzadeh Centre-Back |  | Shoja Khalilzadeh | Centre-Back | 14/05/1989 (37) |  | €100k,Shoja Khalilzadeh,€100k,data/raw/20260612_130921_transfermarkt_Iran_national_team_b8e05093460a.html,https://www.transfermarkt.com/iran/startseite/verein/3582,2026-06-12T04:09:20+00:00
Iran,Milad Mohammadi,https://www.transfermarkt.com/milad-mohammadi/profil/spieler/333355,5 | Milad Mohammadi Left-Back |  | Milad Mohammadi | Left-Back | 29/09/1993 (32) |  | €900k,Milad Mohammadi,€900k,data/raw/20260612_130921_transfermarkt_Iran_national_team_b8e05093460a.html,https://www.transfermarkt.com/iran/startseite/verein/3582,2026-06-12T04:09:20+00:00
Iran,Ehsan Hajsafi,https://www.transfermarkt.com/ehsan-hajsafi/profil/spieler/77547,3 | Ehsan Hajsafi Left-Back |  | Ehsan Hajsafi | Left-Back | 25/02/1990 (36) |  | €250k,Ehsan Hajsafi,€250k,data/raw/20260612_130921_transfermarkt_Iran_national_team_b8e05093460a.html,https://www.transfermarkt.com/iran/startseite/verein/3582,2026-06-12T04:09:20+00:00
Iran,Arya Yousefi,https://www.transfermarkt.com/arya-yousefi/profil/spieler/932724,17 | Arya Yousefi Right-Back |  | Arya Yousefi | Right-Back | 22/04/2002 (24) |  | €1.50m,Arya Yousefi,€1.50m,data/raw/20260612_130921_transfermarkt_Iran_national_team_b8e05093460a.html,https://www.transfermarkt.com/iran/startseite/verein/3582,2026-06-12T04:09:20+00:00
Iran,Saleh Hardani,https://www.transfermarkt.com/saleh-hardani/profil/spieler/697155,2 | Saleh Hardani Right-Back |  | Saleh Hardani | Right-Back | 26/12/1998 (27) |  | €800k,Saleh Hardani,€800k,data/raw/20260612_130921_transfermarkt_Iran_national_team_b8e05093460a.html,https://www.transfermarkt.com/iran/startseite/verein/3582,2026-06-12T04:09:20+00:00
Iran,Ramin Rezaeian,https://www.transfermarkt.com/ramin-rezaeian/profil/spieler/188312,23 | Ramin Rezaeian Right-Back |  | Ramin Rezaeian | Right-Back | 21/03/1990 (36) |  | €250k,Ramin Rezaeian,€250k,data/raw/20260612_130921_transfermarkt_Iran_national_team_b8e05093460a.html,https://www.transfermarkt.com/iran/startseite/verein/3582,2026-06-12T04:09:20+00:00
Iran,Saeed Ezatolahi,https://www.transfermarkt.com/saeed-ezatolahi/profil/spieler/249271,6 | Saeed Ezatolahi Defensive Midfield |  | Saeed Ezatolahi | Defensive Midfield | 01/10/1996 (29) |  | €1.80m,Saeed Ezatolahi,€1.80m,data/raw/20260612_130921_transfermarkt_Iran_national_team_b8e05093460a.html,https://www.transfermarkt.com/iran/startseite/verein/3582,2026-06-12T04:09:20+00:00
Iran,Mohammad Ghorbani,https://www.transfermarkt.com/mohammad-ghorbani/profil/spieler/856087,21 | Mohammad Ghorbani Defensive Midfield |  | Mohammad Ghorbani | Defensive Midfield | 21/05/2001 (25) |  | €1.20m,Mohammad Ghorbani,€1.20m,data/raw/20260612_130921_transfermarkt_Iran_national_team_b8e05093460a.html,https://www.transfermarkt.com/iran/startseite/verein/3582,2026-06-12T04:09:20+00:00
Iran,Roozbeh Cheshmi,https://www.transfermarkt.com/roozbeh-cheshmi/profil/spieler/273879,15 | Roozbeh Cheshmi Defensive Midfield |  | Roozbeh Cheshmi | Defensive Midfield | 24/07/1993 (32) |  | €450k,Roozbeh Cheshmi,€450k,data/raw/20260612_130921_transfermarkt_Iran_national_team_b8e05093460a.html,https://www.transfermarkt.com/iran/startseite/verein/3582,2026-06-12T04:09:20+00:00
Iran,Amirmohammad Razzaghinia,https://www.transfermarkt.com/amirmohammad-razzaghinia/profil/spieler/1051591,26 | Amirmohammad Razzaghinia Central Midfield |  | Amirmohammad Razzaghinia | Central Midfield | 11/04/2006 (20) |  | €1.20m,Amirmohammad Razzaghinia,€1.20m,data/raw/20260612_130921_transfermarkt_Iran_national_team_b8e05093460a.html,https://www.transfermarkt.com/iran/startseite/verein/3582,2026-06-12T04:09:20+00:00
Iran,Saman Ghoddos,https://www.transfermarkt.com/saman-ghoddos/profil/spieler/204294,14 | Saman Ghoddos Attacking Midfield |  | Saman Ghoddos | Attacking Midfield | 06/09/1993 (32) |  | €1.20m,Saman Ghoddos,€1.20m,data/raw/20260612_130921_transfermarkt_Iran_national_team_b8e05093460a.html,https://www.transfermarkt.com/iran/startseite/verein/3582,2026-06-12T04:09:20+00:00
Iran,Mehdi Ghayedi,https://www.transfermarkt.com/mehdi-ghayedi/profil/spieler/478192,10 | Mehdi Ghayedi Left Winger |  | Mehdi Ghayedi | Left Winger | 05/12/1998 (27) |  | €4.50m,Mehdi Ghayedi,€4.50m,data/raw/20260612_130921_transfermarkt_Iran_national_team_b8e05093460a.html,https://www.transfermarkt.com/iran/startseite/verein/3582,2026-06-12T04:09:20+00:00
Iran,Mohammad Mohebi,https://www.transfermarkt.com/mohammad-mohebi/profil/spieler/603149,8 | Mohammad Mohebi Left Winger |  | Mohammad Mohebi | Left Winger | 20/12/1998 (27) |  | €2.50m,Mohammad Mohebi,€2.50m,data/raw/20260612_130921_transfermarkt_Iran_national_team_b8e05093460a.html,https://www.transfermarkt.com/iran/startseite/verein/3582,2026-06-12T04:09:20+00:00
Iran,Mehdi Torabi,https://www.transfermarkt.com/mehdi-torabi/profil/spieler/283833,16 | Mehdi Torabi Left Winger |  | Mehdi Torabi | Left Winger | 10/09/1994 (31) |  | €1.20m,Mehdi Torabi,€1.20m,data/raw/20260612_130921_transfermarkt_Iran_national_team_b8e05093460a.html,https://www.transfermarkt.com/iran/startseite/verein/3582,2026-06-12T04:09:20+00:00
Iran,Alireza Jahanbakhsh,https://www.transfermarkt.com/alireza-jahanbakhsh/profil/spieler/213268,7 | Alireza Jahanbakhsh Right Winger |  | Alireza Jahanbakhsh | Right Winger | 11/08/1993 (32) |  | €500k,Alireza Jahanbakhsh,€500k,data/raw/20260612_130921_transfermarkt_Iran_national_team_b8e05093460a.html,https://www.transfermarkt.com/iran/startseite/verein/3582,2026-06-12T04:09:20+00:00
Iran,Amirhossein Hosseinzadeh,https://www.transfermarkt.com/amirhossein-hosseinzadeh/profil/spieler/542380,18 | Amirhossein Hosseinzadeh Centre-Forward |  | Amirhossein Hosseinzadeh | Centre-Forward | 30/10/2000 (25) |  | €2.20m,Amirhossein Hosseinzadeh,€2.20m,data/raw/20260612_130921_transfermarkt_Iran_national_team_b8e05093460a.html,https://www.transfermarkt.com/iran/startseite/verein/3582,2026-06-12T04:09:20+00:00
Iran,Mehdi Taremi,https://www.transfermarkt.com/mehdi-taremi/profil/spieler/307058,9 | Mehdi Taremi Centre-Forward |  | Mehdi Taremi | Centre-Forward | 18/07/1992 (33) |  | €2.00m,Mehdi Taremi,€2.00m,data/raw/20260612_130921_transfermarkt_Iran_national_team_b8e05093460a.html,https://www.transfermarkt.com/iran/startseite/verein/3582,2026-06-12T04:09:20+00:00
Iran,Dennis Eckert Ayensa,https://www.transfermarkt.com/dennis-eckert-ayensa/profil/spieler/249303,24 | Dennis Eckert Ayensa Centre-Forward |  | Dennis Eckert Ayensa | Centre-Forward | 09/01/1997 (29) |  | €2.00m,Dennis Eckert Ayensa,€2.00m,data/raw/20260612_130921_transfermarkt_Iran_national_team_b8e05093460a.html,https://www.transfermarkt.com/iran/startseite/verein/3582,2026-06-12T04:09:20+00:00
Iran,Ali Alipour,https://www.transfermarkt.com/ali-alipour/profil/spieler/249360,11 | Ali Alipour Centre-Forward |  | Ali Alipour | Centre-Forward | 11/11/1995 (30) |  | €1.70m,Ali Alipour,€1.70m,data/raw/20260612_130921_transfermarkt_Iran_national_team_b8e05093460a.html,https://www.transfermarkt.com/iran/startseite/verein/3582,2026-06-12T04:09:20+00:00
Iran,Shahriar Moghanlou,https://www.transfermarkt.com/shahriar-moghanlou/profil/spieler/357125,20 | Shahriar Moghanlou Centre-Forward |  | Shahriar Moghanlou | Centre-Forward | 21/12/1994 (31) |  | €800k,Shahriar Moghanlou,€800k,data/raw/20260612_130921_transfermarkt_Iran_national_team_b8e05093460a.html,https://www.transfermarkt.com/iran/startseite/verein/3582,2026-06-12T04:09:20+00:00
New Zealand,Max Crocombe,https://www.transfermarkt.com/max-crocombe/profil/spieler/207843,1 | Max Crocombe Goalkeeper |  | Max Crocombe | Goalkeeper | 12/08/1993 (32) |  | €1.00m,Max Crocombe,€1.00m,data/raw/20260612_130925_transfermarkt_New_Zealand_national_team_91675b68a28f.html,https://www.transfermarkt.com/neuseeland/startseite/verein/9171,2026-06-12T04:09:24+00:00
New Zealand,Alex Paulsen,https://www.transfermarkt.com/alex-paulsen/profil/spieler/617009,12 | Alex Paulsen Goalkeeper |  | Alex Paulsen | Goalkeeper | 04/07/2002 (23) |  | €500k,Alex Paulsen,€500k,data/raw/20260612_130925_transfermarkt_New_Zealand_national_team_91675b68a28f.html,https://www.transfermarkt.com/neuseeland/startseite/verein/9171,2026-06-12T04:09:24+00:00
New Zealand,Michael Woud,https://www.transfermarkt.com/michael-woud/profil/spieler/350347,22 | Michael Woud Goalkeeper |  | Michael Woud | Goalkeeper | 16/01/1999 (27) |  | €400k,Michael Woud,€400k,data/raw/20260612_130925_transfermarkt_New_Zealand_national_team_91675b68a28f.html,https://www.transfermarkt.com/neuseeland/startseite/verein/9171,2026-06-12T04:09:24+00:00
New Zealand,Tyler Bindon,https://www.transfermarkt.com/tyler-bindon/profil/spieler/1007720,4 | Tyler Bindon Centre-Back |  | Tyler Bindon | Centre-Back | 27/01/2005 (21) |  | €3.50m,Tyler Bindon,€3.50m,data/raw/20260612_130925_transfermarkt_New_Zealand_national_team_91675b68a28f.html,https://www.transfermarkt.com/neuseeland/startseite/verein/9171,2026-06-12T04:09:24+00:00
New Zealand,Finn Surman,https://www.transfermarkt.com/finn-surman/profil/spieler/724809,16 | Finn Surman Centre-Back |  | Finn Surman | Centre-Back | 23/09/2003 (22) |  | €1.80m,Finn Surman,€1.80m,data/raw/20260612_130925_transfermarkt_New_Zealand_national_team_91675b68a28f.html,https://www.transfermarkt.com/neuseeland/startseite/verein/9171,2026-06-12T04:09:24+00:00
New Zealand,Nando Pijnaker,https://www.transfermarkt.com/nando-pijnaker/profil/spieler/455425,15 | Nando Pijnaker Centre-Back |  | Nando Pijnaker | Centre-Back | 25/02/1999 (27) |  | €400k,Nando Pijnaker,€400k,data/raw/20260612_130925_transfermarkt_New_Zealand_national_team_91675b68a28f.html,https://www.transfermarkt.com/neuseeland/startseite/verein/9171,2026-06-12T04:09:24+00:00
New Zealand,Michael Boxall,https://www.transfermarkt.com/michael-boxall/profil/spieler/81723,5 | Michael Boxall Centre-Back |  | Michael Boxall | Centre-Back | 18/08/1988 (37) |  | €150k,Michael Boxall,€150k,data/raw/20260612_130925_transfermarkt_New_Zealand_national_team_91675b68a28f.html,https://www.transfermarkt.com/neuseeland/startseite/verein/9171,2026-06-12T04:09:24+00:00
New Zealand,Tommy Smith,https://www.transfermarkt.com/tommy-smith/profil/spieler/54381,26 | Tommy Smith Centre-Back |  | Tommy Smith | Centre-Back | 31/03/1990 (36) |  | €50k,Tommy Smith,€50k,data/raw/20260612_130925_transfermarkt_New_Zealand_national_team_91675b68a28f.html,https://www.transfermarkt.com/neuseeland/startseite/verein/9171,2026-06-12T04:09:24+00:00
New Zealand,Liberato Cacace,https://www.transfermarkt.com/liberato-cacace/profil/spieler/469211,13 | Liberato Cacace Left-Back |  | Liberato Cacace | Left-Back | 27/09/2000 (25) |  | €2.50m,Liberato Cacace,€2.50m,data/raw/20260612_130925_transfermarkt_New_Zealand_national_team_91675b68a28f.html,https://www.transfermarkt.com/neuseeland/startseite/verein/9171,2026-06-12T04:09:24+00:00
New Zealand,Ben Old,https://www.transfermarkt.com/ben-old/profil/spieler/617021,19 | Ben Old Left-Back |  | Ben Old | Left-Back | 13/08/2002 (23) |  | €1.80m,Ben Old,€1.80m,data/raw/20260612_130925_transfermarkt_New_Zealand_national_team_91675b68a28f.html,https://www.transfermarkt.com/neuseeland/startseite/verein/9171,2026-06-12T04:09:24+00:00
New Zealand,Francis de Vries,https://www.transfermarkt.com/francis-de-vries/profil/spieler/207061,3 | Francis de Vries Left-Back |  | Francis de Vries | Left-Back | 28/11/1994 (31) |  | €600k,Francis de Vries,€600k,data/raw/20260612_130925_transfermarkt_New_Zealand_national_team_91675b68a28f.html,https://www.transfermarkt.com/neuseeland/startseite/verein/9171,2026-06-12T04:09:24+00:00
New Zealand,Callan Elliot,https://www.transfermarkt.com/callan-elliot/profil/spieler/482204,24 | Callan Elliot Right-Back |  | Callan Elliot | Right-Back | 07/07/1999 (26) |  | €450k,Callan Elliot,€450k,data/raw/20260612_130925_transfermarkt_New_Zealand_national_team_91675b68a28f.html,https://www.transfermarkt.com/neuseeland/startseite/verein/9171,2026-06-12T04:09:24+00:00
New Zealand,Tim Payne,https://www.transfermarkt.com/tim-payne/profil/spieler/149901,2 | Tim Payne Right-Back |  | Tim Payne | Right-Back | 10/01/1994 (32) |  | €350k,Tim Payne,€350k,data/raw/20260612_130925_transfermarkt_New_Zealand_national_team_91675b68a28f.html,https://www.transfermarkt.com/neuseeland/startseite/verein/9171,2026-06-12T04:09:24+00:00
New Zealand,Joe Bell,https://www.transfermarkt.com/joe-bell/profil/spieler/345700,6 | Joe Bell Defensive Midfield |  | Joe Bell | Defensive Midfield | 27/04/1999 (27) |  | €3.50m,Joe Bell,€3.50m,data/raw/20260612_130925_transfermarkt_New_Zealand_national_team_91675b68a28f.html,https://www.transfermarkt.com/neuseeland/startseite/verein/9171,2026-06-12T04:09:24+00:00
New Zealand,Ryan Thomas,https://www.transfermarkt.com/ryan-thomas/profil/spieler/203357,23 | Ryan Thomas Defensive Midfield |  | Ryan Thomas | Defensive Midfield | 20/12/1994 (31) |  | €650k,Ryan Thomas,€650k,data/raw/20260612_130925_transfermarkt_New_Zealand_national_team_91675b68a28f.html,https://www.transfermarkt.com/neuseeland/startseite/verein/9171,2026-06-12T04:09:24+00:00
New Zealand,Alex Rufer,https://www.transfermarkt.com/alex-rufer/profil/spieler/256019,14 | Alex Rufer Defensive Midfield |  | Alex Rufer | Defensive Midfield | 12/06/1996 (30) |  | €600k,Alex Rufer,€600k,data/raw/20260612_130925_transfermarkt_New_Zealand_national_team_91675b68a28f.html,https://www.transfermarkt.com/neuseeland/startseite/verein/9171,2026-06-12T04:09:24+00:00
New Zealand,Marko Stamenić,https://www.transfermarkt.com/marko-stamenic/profil/spieler/617018,8 | Marko Stamenić Central Midfield |  | Marko Stamenić | Central Midfield | 19/02/2002 (24) |  | €3.00m,Marko Stamenić,€3.00m,data/raw/20260612_130925_transfermarkt_New_Zealand_national_team_91675b68a28f.html,https://www.transfermarkt.com/neuseeland/startseite/verein/9171,2026-06-12T04:09:24+00:00
New Zealand,Lachlan Bayliss,https://www.transfermarkt.com/lachlan-bayliss/profil/spieler/1109358,25 | Lachlan Bayliss Central Midfield |  | Lachlan Bayliss | Central Midfield | 24/07/2002 (23) |  | €550k,Lachlan Bayliss,€550k,data/raw/20260612_130925_transfermarkt_New_Zealand_national_team_91675b68a28f.html,https://www.transfermarkt.com/neuseeland/startseite/verein/9171,2026-06-12T04:09:24+00:00
New Zealand,Matthew Garbett,https://www.transfermarkt.com/matthew-garbett/profil/spieler/617019,7 | Matthew Garbett Central Midfield |  | Matthew Garbett | Central Midfield | 13/04/2002 (24) |  | €450k,Matthew Garbett,€450k,data/raw/20260612_130925_transfermarkt_New_Zealand_national_team_91675b68a28f.html,https://www.transfermarkt.com/neuseeland/startseite/verein/9171,2026-06-12T04:09:24+00:00
New Zealand,Callum McCowatt,https://www.transfermarkt.com/callum-mccowatt/profil/spieler/400797,20 | Callum McCowatt Attacking Midfield |  | Callum McCowatt | Attacking Midfield | 30/04/1999 (27) |  | €2.50m,Callum McCowatt,€2.50m,data/raw/20260612_130925_transfermarkt_New_Zealand_national_team_91675b68a28f.html,https://www.transfermarkt.com/neuseeland/startseite/verein/9171,2026-06-12T04:09:24+00:00
New Zealand,Sarpreet Singh,https://www.transfermarkt.com/sarpreet-singh/profil/spieler/350357,10 | Sarpreet Singh Attacking Midfield |  | Sarpreet Singh | Attacking Midfield | 20/02/1999 (27) |  | €500k,Sarpreet Singh,€500k,data/raw/20260612_130925_transfermarkt_New_Zealand_national_team_91675b68a28f.html,https://www.transfermarkt.com/neuseeland/startseite/verein/9171,2026-06-12T04:09:24+00:00
New Zealand,Jesse Randall,https://www.transfermarkt.com/jesse-randall/profil/spieler/677509,21 | Jesse Randall Left Winger |  | Jesse Randall | Left Winger | 19/08/2002 (23) |  | €900k,Jesse Randall,€900k,data/raw/20260612_130925_transfermarkt_New_Zealand_national_team_91675b68a28f.html,https://www.transfermarkt.com/neuseeland/startseite/verein/9171,2026-06-12T04:09:24+00:00
New Zealand,Elijah Just,https://www.transfermarkt.com/elijah-just/profil/spieler/485672,11 | Elijah Just Right Winger |  | Elijah Just | Right Winger | 01/05/2000 (26) |  | €2.50m,Elijah Just,€2.50m,data/raw/20260612_130925_transfermarkt_New_Zealand_national_team_91675b68a28f.html,https://www.transfermarkt.com/neuseeland/startseite/verein/9171,2026-06-12T04:09:24+00:00
New Zealand,Chris Wood,https://www.transfermarkt.com/chris-wood/profil/spieler/108725,9 | Chris Wood Centre-Forward |  | Chris Wood | Centre-Forward | 07/12/1991 (34) |  | €5.00m,Chris Wood,€5.00m,data/raw/20260612_130925_transfermarkt_New_Zealand_national_team_91675b68a28f.html,https://www.transfermarkt.com/neuseeland/startseite/verein/9171,2026-06-12T04:09:24+00:00
New Zealand,Ben Waine,https://www.transfermarkt.com/ben-waine/profil/spieler/539502,18 | Ben Waine Centre-Forward |  | Ben Waine | Centre-Forward | 11/06/2001 (25) |  | €400k,Ben Waine,€400k,data/raw/20260612_130925_transfermarkt_New_Zealand_national_team_91675b68a28f.html,https://www.transfermarkt.com/neuseeland/startseite/verein/9171,2026-06-12T04:09:24+00:00
New Zealand,Kosta Barbarouses,https://www.transfermarkt.com/kosta-barbarouses/profil/spieler/50200,17 | Kosta Barbarouses Centre-Forward |  | Kosta Barbarouses | Centre-Forward | 19/02/1990 (36) |  | €300k,Kosta Barbarouses,€300k,data/raw/20260612_130925_transfermarkt_New_Zealand_national_team_91675b68a28f.html,https://www.transfermarkt.com/neuseeland/startseite/verein/9171,2026-06-12T04:09:24+00:00
Spain,Joan García,https://www.transfermarkt.com/joan-garcia/profil/spieler/561613,13 | Joan García Goalkeeper |  | Joan García | Goalkeeper | 04/05/2001 (25) |  | €45.00m,Joan García,€45.00m,data/raw/20260612_130928_transfermarkt_Spain_national_team_a2e9e5436d15.html,https://www.transfermarkt.com/spanien/startseite/verein/3375,2026-06-12T04:09:28+00:00
Spain,David Raya,https://www.transfermarkt.com/david-raya/profil/spieler/262749,1 | David Raya Goalkeeper |  | David Raya | Goalkeeper | 15/09/1995 (30) |  | €30.00m,David Raya,€30.00m,data/raw/20260612_130928_transfermarkt_Spain_national_team_a2e9e5436d15.html,https://www.transfermarkt.com/spanien/startseite/verein/3375,2026-06-12T04:09:28+00:00
Spain,Unai Simón,https://www.transfermarkt.com/unai-simon/profil/spieler/262396,23 | Unai Simón Goalkeeper |  | Unai Simón | Goalkeeper | 11/06/1997 (29) |  | €22.00m,Unai Simón,€22.00m,data/raw/20260612_130928_transfermarkt_Spain_national_team_a2e9e5436d15.html,https://www.transfermarkt.com/spanien/startseite/verein/3375,2026-06-12T04:09:28+00:00
Spain,Pau Cubarsí,https://www.transfermarkt.com/pau-cubarsi/profil/spieler/962110,22 | Pau Cubarsí Centre-Back |  | Pau Cubarsí | Centre-Back | 22/01/2007 (19) |  | €80.00m,Pau Cubarsí,€80.00m,data/raw/20260612_130928_transfermarkt_Spain_national_team_a2e9e5436d15.html,https://www.transfermarkt.com/spanien/startseite/verein/3375,2026-06-12T04:09:28+00:00
Spain,Eric García,https://www.transfermarkt.com/eric-garcia/profil/spieler/466794,4 | Eric García Centre-Back |  | Eric García | Centre-Back | 09/01/2001 (25) |  | €40.00m,Eric García,€40.00m,data/raw/20260612_130928_transfermarkt_Spain_national_team_a2e9e5436d15.html,https://www.transfermarkt.com/spanien/startseite/verein/3375,2026-06-12T04:09:28+00:00
Spain,Marc Pubill,https://www.transfermarkt.com/marc-pubill/profil/spieler/844637,2 | Marc Pubill Centre-Back |  | Marc Pubill | Centre-Back | 20/06/2003 (22) |  | €35.00m,Marc Pubill,€35.00m,data/raw/20260612_130928_transfermarkt_Spain_national_team_a2e9e5436d15.html,https://www.transfermarkt.com/spanien/startseite/verein/3375,2026-06-12T04:09:28+00:00
Spain,Aymeric Laporte,https://www.transfermarkt.com/aymeric-laporte/profil/spieler/176553,14 | Aymeric Laporte Centre-Back |  | Aymeric Laporte | Centre-Back | 27/05/1994 (32) |  | €8.00m,Aymeric Laporte,€8.00m,data/raw/20260612_130928_transfermarkt_Spain_national_team_a2e9e5436d15.html,https://www.transfermarkt.com/spanien/startseite/verein/3375,2026-06-12T04:09:28+00:00
Spain,Marc Cucurella,https://www.transfermarkt.com/marc-cucurella/profil/spieler/284857,24 | Marc Cucurella Left-Back |  | Marc Cucurella | Left-Back | 22/07/1998 (27) |  | €50.00m,Marc Cucurella,€50.00m,data/raw/20260612_130928_transfermarkt_Spain_national_team_a2e9e5436d15.html,https://www.transfermarkt.com/spanien/startseite/verein/3375,2026-06-12T04:09:28+00:00
Spain,Alejandro Grimaldo,https://www.transfermarkt.com/alejandro-grimaldo/profil/spieler/193082,3 | Alejandro Grimaldo Left-Back |  | Alejandro Grimaldo | Left-Back | 20/09/1995 (30) |  | €20.00m,Alejandro Grimaldo,€20.00m,data/raw/20260612_130928_transfermarkt_Spain_national_team_a2e9e5436d15.html,https://www.transfermarkt.com/spanien/startseite/verein/3375,2026-06-12T04:09:28+00:00
Spain,Pedro Porro,https://www.transfermarkt.com/pedro-porro/profil/spieler/553875,12 | Pedro Porro Right-Back |  | Pedro Porro | Right-Back | 13/09/1999 (26) |  | €35.00m,Pedro Porro,€35.00m,data/raw/20260612_130928_transfermarkt_Spain_national_team_a2e9e5436d15.html,https://www.transfermarkt.com/spanien/startseite/verein/3375,2026-06-12T04:09:28+00:00
Spain,Marcos Llorente,https://www.transfermarkt.com/marcos-llorente/profil/spieler/282411,5 | Marcos Llorente Right-Back |  | Marcos Llorente | Right-Back | 30/01/1995 (31) |  | €20.00m,Marcos Llorente,€20.00m,data/raw/20260612_130928_transfermarkt_Spain_national_team_a2e9e5436d15.html,https://www.transfermarkt.com/spanien/startseite/verein/3375,2026-06-12T04:09:28+00:00
Spain,Martín Zubimendi,https://www.transfermarkt.com/martin-zubimendi/profil/spieler/423440,18 | Martín Zubimendi Defensive Midfield |  | Martín Zubimendi | Defensive Midfield | 02/02/1999 (27) |  | €75.00m,Martín Zubimendi,€75.00m,data/raw/20260612_130928_transfermarkt_Spain_national_team_a2e9e5436d15.html,https://www.transfermarkt.com/spanien/startseite/verein/3375,2026-06-12T04:09:28+00:00
Spain,Rodri,https://www.transfermarkt.com/rodri/profil/spieler/357565,16 | Rodri Defensive Midfield |  | Rodri | Defensive Midfield | 22/06/1996 (29) |  | €50.00m,Rodri,€50.00m,data/raw/20260612_130928_transfermarkt_Spain_national_team_a2e9e5436d15.html,https://www.transfermarkt.com/spanien/startseite/verein/3375,2026-06-12T04:09:28+00:00
Spain,Pedri,https://www.transfermarkt.com/pedri/profil/spieler/683840,20 | Pedri Central Midfield |  | Pedri | Central Midfield | 25/11/2002 (23) |  | €150.00m,Pedri,€150.00m,data/raw/20260612_130928_transfermarkt_Spain_national_team_a2e9e5436d15.html,https://www.transfermarkt.com/spanien/startseite/verein/3375,2026-06-12T04:09:28+00:00
Spain,Fabián Ruiz,https://www.transfermarkt.com/fabian-ruiz/profil/spieler/350219,8 | Fabián Ruiz Central Midfield |  | Fabián Ruiz | Central Midfield | 03/04/1996 (30) |  | €30.00m,Fabián Ruiz,€30.00m,data/raw/20260612_130928_transfermarkt_Spain_national_team_a2e9e5436d15.html,https://www.transfermarkt.com/spanien/startseite/verein/3375,2026-06-12T04:09:28+00:00
Spain,Gavi,https://www.transfermarkt.com/gavi/profil/spieler/646740,9 | Gavi Central Midfield |  | Gavi | Central Midfield | 05/08/2004 (21) |  | €30.00m,Gavi,€30.00m,data/raw/20260612_130928_transfermarkt_Spain_national_team_a2e9e5436d15.html,https://www.transfermarkt.com/spanien/startseite/verein/3375,2026-06-12T04:09:28+00:00
Spain,Mikel Merino,https://www.transfermarkt.com/mikel-merino/profil/spieler/338424,6 | Mikel Merino Central Midfield |  | Mikel Merino | Central Midfield | 22/06/1996 (29) |  | €25.00m,Mikel Merino,€25.00m,data/raw/20260612_130928_transfermarkt_Spain_national_team_a2e9e5436d15.html,https://www.transfermarkt.com/spanien/startseite/verein/3375,2026-06-12T04:09:28+00:00
Spain,Dani Olmo,https://www.transfermarkt.com/dani-olmo/profil/spieler/293385,10 | Dani Olmo Attacking Midfield |  | Dani Olmo | Attacking Midfield | 07/05/1998 (28) |  | €60.00m,Dani Olmo,€60.00m,data/raw/20260612_130928_transfermarkt_Spain_national_team_a2e9e5436d15.html,https://www.transfermarkt.com/spanien/startseite/verein/3375,2026-06-12T04:09:28+00:00
Spain,Álex Baena,https://www.transfermarkt.com/alex-baena/profil/spieler/548111,15 | Álex Baena Left Winger |  | Álex Baena | Left Winger | 20/07/2001 (24) |  | €40.00m,Álex Baena,€40.00m,data/raw/20260612_130928_transfermarkt_Spain_national_team_a2e9e5436d15.html,https://www.transfermarkt.com/spanien/startseite/verein/3375,2026-06-12T04:09:28+00:00
Spain,Nico Williams,https://www.transfermarkt.com/nico-williams/profil/spieler/709187,17 | Nico Williams Left Winger |  | Nico Williams | Left Winger | 12/07/2002 (23) |  | €40.00m,Nico Williams,€40.00m,data/raw/20260612_130928_transfermarkt_Spain_national_team_a2e9e5436d15.html,https://www.transfermarkt.com/spanien/startseite/verein/3375,2026-06-12T04:09:28+00:00
Spain,Víctor Muñoz,https://www.transfermarkt.com/victor-munoz/profil/spieler/935231,25 | Víctor Muñoz Left Winger |  | Víctor Muñoz | Left Winger | 13/07/2003 (22) |  | €30.00m,Víctor Muñoz,€30.00m,data/raw/20260612_130928_transfermarkt_Spain_national_team_a2e9e5436d15.html,https://www.transfermarkt.com/spanien/startseite/verein/3375,2026-06-12T04:09:28+00:00
Spain,Lamine Yamal,https://www.transfermarkt.com/lamine-yamal/profil/spieler/937958,19 | Lamine Yamal Right Winger |  | Lamine Yamal | Right Winger | 13/07/2007 (18) |  | €200.00m,Lamine Yamal,€200.00m,data/raw/20260612_130928_transfermarkt_Spain_national_team_a2e9e5436d15.html,https://www.transfermarkt.com/spanien/startseite/verein/3375,2026-06-12T04:09:28+00:00
Spain,Yéremy Pino,https://www.transfermarkt.com/yeremy-pino/profil/spieler/568157,11 | Yéremy Pino Right Winger |  | Yéremy Pino | Right Winger | 20/10/2002 (23) |  | €30.00m,Yéremy Pino,€30.00m,data/raw/20260612_130928_transfermarkt_Spain_national_team_a2e9e5436d15.html,https://www.transfermarkt.com/spanien/startseite/verein/3375,2026-06-12T04:09:28+00:00
Spain,Ferran Torres,https://www.transfermarkt.com/ferran-torres/profil/spieler/398184,7 | Ferran Torres Centre-Forward |  | Ferran Torres | Centre-Forward | 29/02/2000 (26) |  | €50.00m,Ferran Torres,€50.00m,data/raw/20260612_130928_transfermarkt_Spain_national_team_a2e9e5436d15.html,https://www.transfermarkt.com/spanien/startseite/verein/3375,2026-06-12T04:09:28+00:00
Spain,Mikel Oyarzabal,https://www.transfermarkt.com/mikel-oyarzabal/profil/spieler/351478,21 | Mikel Oyarzabal Centre-Forward |  | Mikel Oyarzabal | Centre-Forward | 21/04/1997 (29) |  | €25.00m,Mikel Oyarzabal,€25.00m,data/raw/20260612_130928_transfermarkt_Spain_national_team_a2e9e5436d15.html,https://www.transfermarkt.com/spanien/startseite/verein/3375,2026-06-12T04:09:28+00:00
Spain,Borja Iglesias,https://www.transfermarkt.com/borja-iglesias/profil/spieler/278359,26 | Borja Iglesias Centre-Forward |  | Borja Iglesias | Centre-Forward | 17/01/1993 (33) |  | €2.80m,Borja Iglesias,€2.80m,data/raw/20260612_130928_transfermarkt_Spain_national_team_a2e9e5436d15.html,https://www.transfermarkt.com/spanien/startseite/verein/3375,2026-06-12T04:09:28+00:00
Cape Verde,CJ dos Santos,https://www.transfermarkt.com/cj-dos-santos/profil/spieler/532096,23 | CJ dos Santos Goalkeeper |  | CJ dos Santos | Goalkeeper | 24/08/2000 (25) |  | €1.00m,CJ dos Santos,€1.00m,data/raw/20260612_130932_transfermarkt_Cape_Verde_national_team_db613d8fac9f.html,https://www.transfermarkt.com/kap-verde/startseite/verein/4311,2026-06-12T04:09:31+00:00
Cape Verde,Márcio Rosa,https://www.transfermarkt.com/marcio-rosa/profil/spieler/398048,12 | Márcio Rosa Goalkeeper |  | Márcio Rosa | Goalkeeper | 23/02/1997 (29) |  | €350k,Márcio Rosa,€350k,data/raw/20260612_130932_transfermarkt_Cape_Verde_national_team_db613d8fac9f.html,https://www.transfermarkt.com/kap-verde/startseite/verein/4311,2026-06-12T04:09:31+00:00
Cape Verde,Vozinha,https://www.transfermarkt.com/vozinha/profil/spieler/242277,1 | Vozinha Goalkeeper |  | Vozinha | Goalkeeper | 03/06/1986 (40) |  | €50k,Vozinha,€50k,data/raw/20260612_130932_transfermarkt_Cape_Verde_national_team_db613d8fac9f.html,https://www.transfermarkt.com/kap-verde/startseite/verein/4311,2026-06-12T04:09:31+00:00
Cape Verde,Logan Costa,https://www.transfermarkt.com/logan-costa/profil/spieler/484988,5 | Logan Costa Centre-Back |  | Logan Costa | Centre-Back | 01/04/2001 (25) |  | €15.00m,Logan Costa,€15.00m,data/raw/20260612_130932_transfermarkt_Cape_Verde_national_team_db613d8fac9f.html,https://www.transfermarkt.com/kap-verde/startseite/verein/4311,2026-06-12T04:09:31+00:00
Cape Verde,Diney Borges,https://www.transfermarkt.com/diney-borges/profil/spieler/349570,3 | Diney Borges Centre-Back |  | Diney Borges | Centre-Back | 17/01/1995 (31) |  | €900k,Diney Borges,€900k,data/raw/20260612_130932_transfermarkt_Cape_Verde_national_team_db613d8fac9f.html,https://www.transfermarkt.com/kap-verde/startseite/verein/4311,2026-06-12T04:09:31+00:00
Cape Verde,Kelvin Pires,https://www.transfermarkt.com/kelvin-pires/profil/spieler/662119,25 | Kelvin Pires Centre-Back |  | Kelvin Pires | Centre-Back | 05/06/2000 (26) |  | €400k,Kelvin Pires,€400k,data/raw/20260612_130932_transfermarkt_Cape_Verde_national_team_db613d8fac9f.html,https://www.transfermarkt.com/kap-verde/startseite/verein/4311,2026-06-12T04:09:31+00:00
Cape Verde,Roberto Lopes,https://www.transfermarkt.com/roberto-lopes/profil/spieler/166158,4 | Roberto Lopes Centre-Back |  | Roberto Lopes | Centre-Back | 17/06/1992 (33) |  | €250k,Roberto Lopes,€250k,data/raw/20260612_130932_transfermarkt_Cape_Verde_national_team_db613d8fac9f.html,https://www.transfermarkt.com/kap-verde/startseite/verein/4311,2026-06-12T04:09:31+00:00
Cape Verde,Stopira,https://www.transfermarkt.com/stopira/profil/spieler/80486,2 | Stopira Centre-Back |  | Stopira | Centre-Back | 20/05/1988 (38) |  | €50k,Stopira,€50k,data/raw/20260612_130932_transfermarkt_Cape_Verde_national_team_db613d8fac9f.html,https://www.transfermarkt.com/kap-verde/startseite/verein/4311,2026-06-12T04:09:31+00:00
Cape Verde,Sidny Lopes Cabral,https://www.transfermarkt.com/sidny-lopes-cabral/profil/spieler/611855,13 | Sidny Lopes Cabral Left-Back |  | Sidny Lopes Cabral | Left-Back | 18/09/2002 (23) |  | €4.00m,Sidny Lopes Cabral,€4.00m,data/raw/20260612_130932_transfermarkt_Cape_Verde_national_team_db613d8fac9f.html,https://www.transfermarkt.com/kap-verde/startseite/verein/4311,2026-06-12T04:09:31+00:00
Cape Verde,Wagner Pina,https://www.transfermarkt.com/wagner-pina/profil/spieler/1072017,24 | Wagner Pina Right-Back |  | Wagner Pina | Right-Back | 03/11/2002 (23) |  | €11.00m,Wagner Pina,€11.00m,data/raw/20260612_130932_transfermarkt_Cape_Verde_national_team_db613d8fac9f.html,https://www.transfermarkt.com/kap-verde/startseite/verein/4311,2026-06-12T04:09:31+00:00
Cape Verde,Steven Moreira,https://www.transfermarkt.com/steven-moreira/profil/spieler/203517,22 | Steven Moreira Right-Back |  | Steven Moreira | Right-Back | 13/08/1994 (31) |  | €1.50m,Steven Moreira,€1.50m,data/raw/20260612_130932_transfermarkt_Cape_Verde_national_team_db613d8fac9f.html,https://www.transfermarkt.com/kap-verde/startseite/verein/4311,2026-06-12T04:09:31+00:00
Cape Verde,Kevin Lenini,https://www.transfermarkt.com/kevin-lenini/profil/spieler/544586,6 | Kevin Lenini Defensive Midfield |  | Kevin Lenini | Defensive Midfield | 27/01/1997 (29) |  | €5.00m,Kevin Lenini,€5.00m,data/raw/20260612_130932_transfermarkt_Cape_Verde_national_team_db613d8fac9f.html,https://www.transfermarkt.com/kap-verde/startseite/verein/4311,2026-06-12T04:09:31+00:00
Cape Verde,Laros Duarte,https://www.transfermarkt.com/laros-duarte/profil/spieler/258513,15 | Laros Duarte Defensive Midfield |  | Laros Duarte | Defensive Midfield | 28/02/1997 (29) |  | €1.00m,Laros Duarte,€1.00m,data/raw/20260612_130932_transfermarkt_Cape_Verde_national_team_db613d8fac9f.html,https://www.transfermarkt.com/kap-verde/startseite/verein/4311,2026-06-12T04:09:31+00:00
Cape Verde,João Paulo,https://www.transfermarkt.com/joao-paulo/profil/spieler/623965,8 | João Paulo Defensive Midfield |  | João Paulo | Defensive Midfield | 26/05/1998 (28) |  | €900k,João Paulo,€900k,data/raw/20260612_130932_transfermarkt_Cape_Verde_national_team_db613d8fac9f.html,https://www.transfermarkt.com/kap-verde/startseite/verein/4311,2026-06-12T04:09:31+00:00
Cape Verde,Deroy Duarte,https://www.transfermarkt.com/deroy-duarte/profil/spieler/432852,14 | Deroy Duarte Central Midfield |  | Deroy Duarte | Central Midfield | 04/07/1999 (26) |  | €1.80m,Deroy Duarte,€1.80m,data/raw/20260612_130932_transfermarkt_Cape_Verde_national_team_db613d8fac9f.html,https://www.transfermarkt.com/kap-verde/startseite/verein/4311,2026-06-12T04:09:31+00:00
Cape Verde,Jamiro Monteiro,https://www.transfermarkt.com/jamiro-monteiro/profil/spieler/272930,10 | Jamiro Monteiro Central Midfield |  | Jamiro Monteiro | Central Midfield | 23/11/1993 (32) |  | €650k,Jamiro Monteiro,€650k,data/raw/20260612_130932_transfermarkt_Cape_Verde_national_team_db613d8fac9f.html,https://www.transfermarkt.com/kap-verde/startseite/verein/4311,2026-06-12T04:09:31+00:00
Cape Verde,Yannick Semedo,https://www.transfermarkt.com/yannick-semedo/profil/spieler/620307,16 | Yannick Semedo Central Midfield |  | Yannick Semedo | Central Midfield | 29/12/1995 (30) |  | €250k,Yannick Semedo,€250k,data/raw/20260612_130932_transfermarkt_Cape_Verde_national_team_db613d8fac9f.html,https://www.transfermarkt.com/kap-verde/startseite/verein/4311,2026-06-12T04:09:31+00:00
Cape Verde,Hélio Varela,https://www.transfermarkt.com/helio-varela/profil/spieler/840836,26 | Hélio Varela Left Winger |  | Hélio Varela | Left Winger | 03/05/2002 (24) |  | €2.50m,Hélio Varela,€2.50m,data/raw/20260612_130932_transfermarkt_Cape_Verde_national_team_db613d8fac9f.html,https://www.transfermarkt.com/kap-verde/startseite/verein/4311,2026-06-12T04:09:31+00:00
Cape Verde,Jovane Cabral,https://www.transfermarkt.com/jovane-cabral/profil/spieler/448466,7 | Jovane Cabral Left Winger |  | Jovane Cabral | Left Winger | 14/06/1998 (27) |  | €1.00m,Jovane Cabral,€1.00m,data/raw/20260612_130932_transfermarkt_Cape_Verde_national_team_db613d8fac9f.html,https://www.transfermarkt.com/kap-verde/startseite/verein/4311,2026-06-12T04:09:31+00:00
Cape Verde,Willy Semedo,https://www.transfermarkt.com/willy-semedo/profil/spieler/531450,17 | Willy Semedo Left Winger |  | Willy Semedo | Left Winger | 27/04/1994 (32) |  | €1.00m,Willy Semedo,€1.00m,data/raw/20260612_130932_transfermarkt_Cape_Verde_national_team_db613d8fac9f.html,https://www.transfermarkt.com/kap-verde/startseite/verein/4311,2026-06-12T04:09:31+00:00
Cape Verde,Ryan Mendes,https://www.transfermarkt.com/ryan-mendes/profil/spieler/111627,20 | Ryan Mendes Left Winger |  | Ryan Mendes | Left Winger | 08/01/1990 (36) |  | €200k,Ryan Mendes,€200k,data/raw/20260612_130932_transfermarkt_Cape_Verde_national_team_db613d8fac9f.html,https://www.transfermarkt.com/kap-verde/startseite/verein/4311,2026-06-12T04:09:31+00:00
Cape Verde,Telmo Arcanjo,https://www.transfermarkt.com/telmo-arcanjo/profil/spieler/791528,18 | Telmo Arcanjo Right Winger |  | Telmo Arcanjo | Right Winger | 21/06/2001 (24) |  | €3.00m,Telmo Arcanjo,€3.00m,data/raw/20260612_130932_transfermarkt_Cape_Verde_national_team_db613d8fac9f.html,https://www.transfermarkt.com/kap-verde/startseite/verein/4311,2026-06-12T04:09:31+00:00
Cape Verde,Garry Rodrigues,https://www.transfermarkt.com/garry-rodrigues/profil/spieler/170895,11 | Garry Rodrigues Right Winger |  | Garry Rodrigues | Right Winger | 27/11/1990 (35) |  | €300k,Garry Rodrigues,€300k,data/raw/20260612_130932_transfermarkt_Cape_Verde_national_team_db613d8fac9f.html,https://www.transfermarkt.com/kap-verde/startseite/verein/4311,2026-06-12T04:09:31+00:00
Cape Verde,Benchimol,https://www.transfermarkt.com/benchimol/profil/spieler/820252,9 | Benchimol Centre-Forward |  | Benchimol | Centre-Forward | 29/12/2001 (24) |  | €1.20m,Benchimol,€1.20m,data/raw/20260612_130932_transfermarkt_Cape_Verde_national_team_db613d8fac9f.html,https://www.transfermarkt.com/kap-verde/startseite/verein/4311,2026-06-12T04:09:31+00:00
Cape Verde,Dailon Livramento,https://www.transfermarkt.com/dailon-livramento/profil/spieler/676411,19 | Dailon Livramento Centre-Forward |  | Dailon Livramento | Centre-Forward | 04/05/2001 (25) |  | €800k,Dailon Livramento,€800k,data/raw/20260612_130932_transfermarkt_Cape_Verde_national_team_db613d8fac9f.html,https://www.transfermarkt.com/kap-verde/startseite/verein/4311,2026-06-12T04:09:31+00:00
Cape Verde,Nuno Da Costa,https://www.transfermarkt.com/nuno-da-costa/profil/spieler/306166,21 | Nuno Da Costa Centre-Forward |  | Nuno Da Costa | Centre-Forward | 10/02/1991 (35) |  | €400k,Nuno Da Costa,€400k,data/raw/20260612_130932_transfermarkt_Cape_Verde_national_team_db613d8fac9f.html,https://www.transfermarkt.com/kap-verde/startseite/verein/4311,2026-06-12T04:09:31+00:00
Saudi Arabia,Nawaf Al-Aqidi,https://www.transfermarkt.com/nawaf-al-aqidi/profil/spieler/886183,1 | Nawaf Al-Aqidi Goalkeeper |  | Nawaf Al-Aqidi | Goalkeeper | 10/05/2000 (26) |  | €650k,Nawaf Al-Aqidi,€650k,data/raw/20260612_130935_transfermarkt_Saudi_Arabia_national_team_9d4f97ed6145.html,https://www.transfermarkt.com/saudi-arabien/startseite/verein/3807,2026-06-12T04:09:35+00:00
Saudi Arabia,Mohammed Al-Owais,https://www.transfermarkt.com/mohammed-al-owais/profil/spieler/262845,21 | Mohammed Al-Owais Goalkeeper |  | Mohammed Al-Owais | Goalkeeper | 10/10/1991 (34) |  | €275k,Mohammed Al-Owais,€275k,data/raw/20260612_130935_transfermarkt_Saudi_Arabia_national_team_9d4f97ed6145.html,https://www.transfermarkt.com/saudi-arabien/startseite/verein/3807,2026-06-12T04:09:35+00:00
Saudi Arabia,Ahmed Al-Kassar,https://www.transfermarkt.com/ahmed-al-kassar/profil/spieler/177956,22 | Ahmed Al-Kassar Goalkeeper |  | Ahmed Al-Kassar | Goalkeeper | 08/05/1991 (35) |  | €175k,Ahmed Al-Kassar,€175k,data/raw/20260612_130935_transfermarkt_Saudi_Arabia_national_team_9d4f97ed6145.html,https://www.transfermarkt.com/saudi-arabien/startseite/verein/3807,2026-06-12T04:09:35+00:00
Saudi Arabia,Hassan Tambakti,https://www.transfermarkt.com/hassan-tambakti/profil/spieler/509897,5 | Hassan Tambakti Centre-Back |  | Hassan Tambakti | Centre-Back | 09/02/1999 (27) |  | €1.80m,Hassan Tambakti,€1.80m,data/raw/20260612_130935_transfermarkt_Saudi_Arabia_national_team_9d4f97ed6145.html,https://www.transfermarkt.com/saudi-arabien/startseite/verein/3807,2026-06-12T04:09:35+00:00
Saudi Arabia,Abdulelah Al-Amri,https://www.transfermarkt.com/abdulelah-al-amri/profil/spieler/509894,4 | Abdulelah Al-Amri Centre-Back |  | Abdulelah Al-Amri | Centre-Back | 15/01/1997 (29) |  | €1.40m,Abdulelah Al-Amri,€1.40m,data/raw/20260612_130935_transfermarkt_Saudi_Arabia_national_team_9d4f97ed6145.html,https://www.transfermarkt.com/saudi-arabien/startseite/verein/3807,2026-06-12T04:09:35+00:00
Saudi Arabia,Jehad Thakri,https://www.transfermarkt.com/jehad-thakri/profil/spieler/901334,25 | Jehad Thakri Centre-Back |  | Jehad Thakri | Centre-Back | 21/07/2001 (24) |  | €1.20m,Jehad Thakri,€1.20m,data/raw/20260612_130935_transfermarkt_Saudi_Arabia_national_team_9d4f97ed6145.html,https://www.transfermarkt.com/saudi-arabien/startseite/verein/3807,2026-06-12T04:09:35+00:00
Saudi Arabia,Ali Lajami,https://www.transfermarkt.com/ali-lajami/profil/spieler/264909,3 | Ali Lajami Centre-Back |  | Ali Lajami | Centre-Back | 24/04/1996 (30) |  | €750k,Ali Lajami,€750k,data/raw/20260612_130935_transfermarkt_Saudi_Arabia_national_team_9d4f97ed6145.html,https://www.transfermarkt.com/saudi-arabien/startseite/verein/3807,2026-06-12T04:09:35+00:00
Saudi Arabia,Moteb Al-Harbi,https://www.transfermarkt.com/moteb-al-harbi/profil/spieler/869509,24 | Moteb Al-Harbi Left-Back |  | Moteb Al-Harbi | Left-Back | 19/02/2000 (26) |  | €1.40m,Moteb Al-Harbi,€1.40m,data/raw/20260612_130935_transfermarkt_Saudi_Arabia_national_team_9d4f97ed6145.html,https://www.transfermarkt.com/saudi-arabien/startseite/verein/3807,2026-06-12T04:09:35+00:00
Saudi Arabia,Ayman Yahya,https://www.transfermarkt.com/ayman-yahya/profil/spieler/735815,8 | Ayman Yahya Left-Back |  | Ayman Yahya | Left-Back | 14/05/2001 (25) |  | €1.20m,Ayman Yahya,€1.20m,data/raw/20260612_130935_transfermarkt_Saudi_Arabia_national_team_9d4f97ed6145.html,https://www.transfermarkt.com/saudi-arabien/startseite/verein/3807,2026-06-12T04:09:35+00:00
Saudi Arabia,Hassan Kadesh,https://www.transfermarkt.com/hassan-kadesh/profil/spieler/260859,14 | Hassan Kadesh Left-Back |  | Hassan Kadesh | Left-Back | 26/09/1992 (33) |  | €275k,Hassan Kadesh,€275k,data/raw/20260612_130935_transfermarkt_Saudi_Arabia_national_team_9d4f97ed6145.html,https://www.transfermarkt.com/saudi-arabien/startseite/verein/3807,2026-06-12T04:09:35+00:00
Saudi Arabia,Saud Abdulhamid,https://www.transfermarkt.com/saud-abdulhamid/profil/spieler/631927,12 | Saud Abdulhamid Right-Back |  | Saud Abdulhamid | Right-Back | 18/07/1999 (26) |  | €9.00m,Saud Abdulhamid,€9.00m,data/raw/20260612_130935_transfermarkt_Saudi_Arabia_national_team_9d4f97ed6145.html,https://www.transfermarkt.com/saudi-arabien/startseite/verein/3807,2026-06-12T04:09:35+00:00
Saudi Arabia,Mohammed Abu Al-Shamat,https://www.transfermarkt.com/mohammed-abu-al-shamat/profil/spieler/1181852,26 | Mohammed Abu Al-Shamat Right-Back |  | Mohammed Abu Al-Shamat | Right-Back | 11/08/2002 (23) |  | €1.80m,Mohammed Abu Al-Shamat,€1.80m,data/raw/20260612_130935_transfermarkt_Saudi_Arabia_national_team_9d4f97ed6145.html,https://www.transfermarkt.com/saudi-arabien/startseite/verein/3807,2026-06-12T04:09:35+00:00
Saudi Arabia,Ali Majrashi,https://www.transfermarkt.com/ali-majrashi/profil/spieler/672391,2 | Ali Majrashi Right-Back |  | Ali Majrashi | Right-Back | 01/10/1999 (26) |  | €1.40m,Ali Majrashi,€1.40m,data/raw/20260612_130935_transfermarkt_Saudi_Arabia_national_team_9d4f97ed6145.html,https://www.transfermarkt.com/saudi-arabien/startseite/verein/3807,2026-06-12T04:09:35+00:00
Saudi Arabia,Nawaf Boushal,https://www.transfermarkt.com/nawaf-boushal/profil/spieler/821377,13 | Nawaf Boushal Right-Back |  | Nawaf Boushal | Right-Back | 16/09/1999 (26) |  | €1.40m,Nawaf Boushal,€1.40m,data/raw/20260612_130935_transfermarkt_Saudi_Arabia_national_team_9d4f97ed6145.html,https://www.transfermarkt.com/saudi-arabien/startseite/verein/3807,2026-06-12T04:09:35+00:00
Saudi Arabia,Ziyad Al-Johani,https://www.transfermarkt.com/ziyad-al-johani/profil/spieler/901079,16 | Ziyad Al-Johani Defensive Midfield |  | Ziyad Al-Johani | Defensive Midfield | 11/11/2001 (24) |  | €800k,Ziyad Al-Johani,€800k,data/raw/20260612_130935_transfermarkt_Saudi_Arabia_national_team_9d4f97ed6145.html,https://www.transfermarkt.com/saudi-arabien/startseite/verein/3807,2026-06-12T04:09:35+00:00
Saudi Arabia,Abdullah Al-Khaibari,https://www.transfermarkt.com/abdullah-al-khaibari/profil/spieler/437903,15 | Abdullah Al-Khaibari Defensive Midfield |  | Abdullah Al-Khaibari | Defensive Midfield | 16/08/1996 (29) |  | €750k,Abdullah Al-Khaibari,€750k,data/raw/20260612_130935_transfermarkt_Saudi_Arabia_national_team_9d4f97ed6145.html,https://www.transfermarkt.com/saudi-arabien/startseite/verein/3807,2026-06-12T04:09:35+00:00
Saudi Arabia,Musab Al-Juwayr,https://www.transfermarkt.com/musab-al-juwayr/profil/spieler/901181,7 | Musab Al-Juwayr Central Midfield |  | Musab Al-Juwayr | Central Midfield | 20/06/2003 (22) |  | €6.00m,Musab Al-Juwayr,€6.00m,data/raw/20260612_130935_transfermarkt_Saudi_Arabia_national_team_9d4f97ed6145.html,https://www.transfermarkt.com/saudi-arabien/startseite/verein/3807,2026-06-12T04:09:35+00:00
Saudi Arabia,Nasser Al-Dawsari,https://www.transfermarkt.com/nasser-al-dawsari/profil/spieler/509911,6 | Nasser Al-Dawsari Central Midfield |  | Nasser Al-Dawsari | Central Midfield | 19/12/1998 (27) |  | €900k,Nasser Al-Dawsari,€900k,data/raw/20260612_130935_transfermarkt_Saudi_Arabia_national_team_9d4f97ed6145.html,https://www.transfermarkt.com/saudi-arabien/startseite/verein/3807,2026-06-12T04:09:35+00:00
Saudi Arabia,Mohamed Kanno,https://www.transfermarkt.com/mohamed-kanno/profil/spieler/308120,23 | Mohamed Kanno Central Midfield |  | Mohamed Kanno | Central Midfield | 22/09/1994 (31) |  | €800k,Mohamed Kanno,€800k,data/raw/20260612_130935_transfermarkt_Saudi_Arabia_national_team_9d4f97ed6145.html,https://www.transfermarkt.com/saudi-arabien/startseite/verein/3807,2026-06-12T04:09:35+00:00
Saudi Arabia,Alaa Hejji,https://www.transfermarkt.com/alaa-hejji/profil/spieler/443937,18 | Alaa Hejji Central Midfield |  | Alaa Hejji | Central Midfield | 03/12/1995 (30) |  | €300k,Alaa Hejji,€300k,data/raw/20260612_130935_transfermarkt_Saudi_Arabia_national_team_9d4f97ed6145.html,https://www.transfermarkt.com/saudi-arabien/startseite/verein/3807,2026-06-12T04:09:35+00:00
Saudi Arabia,Khalid Al-Ghannam,https://www.transfermarkt.com/khalid-al-ghannam/profil/spieler/631923,17 | Khalid Al-Ghannam Left Winger |  | Khalid Al-Ghannam | Left Winger | 07/11/2000 (25) |  | €2.50m,Khalid Al-Ghannam,€2.50m,data/raw/20260612_130935_transfermarkt_Saudi_Arabia_national_team_9d4f97ed6145.html,https://www.transfermarkt.com/saudi-arabien/startseite/verein/3807,2026-06-12T04:09:35+00:00
Saudi Arabia,Salem Al-Dawsari,https://www.transfermarkt.com/salem-al-dawsari/profil/spieler/195332,10 | Salem Al-Dawsari Left Winger |  | Salem Al-Dawsari | Left Winger | 19/08/1991 (34) |  | €1.20m,Salem Al-Dawsari,€1.20m,data/raw/20260612_130935_transfermarkt_Saudi_Arabia_national_team_9d4f97ed6145.html,https://www.transfermarkt.com/saudi-arabien/startseite/verein/3807,2026-06-12T04:09:35+00:00
Saudi Arabia,Sultan Mandash,https://www.transfermarkt.com/sultan-mandash/profil/spieler/210349,20 | Sultan Mandash Right Winger |  | Sultan Mandash | Right Winger | 17/10/1994 (31) |  | €350k,Sultan Mandash,€350k,data/raw/20260612_130935_transfermarkt_Saudi_Arabia_national_team_9d4f97ed6145.html,https://www.transfermarkt.com/saudi-arabien/startseite/verein/3807,2026-06-12T04:09:35+00:00
Saudi Arabia,Firas Al-Buraikan,https://www.transfermarkt.com/firas-al-buraikan/profil/spieler/631922,9 | Firas Al-Buraikan Centre-Forward |  | Firas Al-Buraikan | Centre-Forward | 14/05/2000 (26) |  | €3.50m,Firas Al-Buraikan,€3.50m,data/raw/20260612_130935_transfermarkt_Saudi_Arabia_national_team_9d4f97ed6145.html,https://www.transfermarkt.com/saudi-arabien/startseite/verein/3807,2026-06-12T04:09:35+00:00
Saudi Arabia,Saleh Al-Shehri,https://www.transfermarkt.com/saleh-al-shehri/profil/spieler/242267,11 | Saleh Al-Shehri Centre-Forward |  | Saleh Al-Shehri | Centre-Forward | 01/11/1993 (32) |  | €500k,Saleh Al-Shehri,€500k,data/raw/20260612_130935_transfermarkt_Saudi_Arabia_national_team_9d4f97ed6145.html,https://www.transfermarkt.com/saudi-arabien/startseite/verein/3807,2026-06-12T04:09:35+00:00
Saudi Arabia,Abdullah Al-Hamdan,https://www.transfermarkt.com/abdullah-al-hamdan/profil/spieler/68626,19 | Abdullah Al-Hamdan Centre-Forward |  | Abdullah Al-Hamdan | Centre-Forward | 12/09/1999 (26) |  | €350k,Abdullah Al-Hamdan,€350k,data/raw/20260612_130935_transfermarkt_Saudi_Arabia_national_team_9d4f97ed6145.html,https://www.transfermarkt.com/saudi-arabien/startseite/verein/3807,2026-06-12T04:09:35+00:00
Uruguay,Santiago Mele,https://www.transfermarkt.com/santiago-mele/profil/spieler/320739,12 | Santiago Mele Goalkeeper |  | Santiago Mele | Goalkeeper | 06/09/1997 (28) |  | €2.00m,Santiago Mele,€2.00m,data/raw/20260612_130939_transfermarkt_Uruguay_national_team_3943746ca766.html,https://www.transfermarkt.com/uruguay/startseite/verein/3449,2026-06-12T04:09:38+00:00
Uruguay,Sergio Rochet,https://www.transfermarkt.com/sergio-rochet/profil/spieler/264014,1 | Sergio Rochet Goalkeeper |  | Sergio Rochet | Goalkeeper | 23/03/1993 (33) |  | €1.80m,Sergio Rochet,€1.80m,data/raw/20260612_130939_transfermarkt_Uruguay_national_team_3943746ca766.html,https://www.transfermarkt.com/uruguay/startseite/verein/3449,2026-06-12T04:09:38+00:00
Uruguay,Fernando Muslera,https://www.transfermarkt.com/fernando-muslera/profil/spieler/58088,23 | Fernando Muslera Goalkeeper |  | Fernando Muslera | Goalkeeper | 16/06/1986 (39) |  | €700k,Fernando Muslera,€700k,data/raw/20260612_130939_transfermarkt_Uruguay_national_team_3943746ca766.html,https://www.transfermarkt.com/uruguay/startseite/verein/3449,2026-06-12T04:09:38+00:00
Uruguay,Ronald Araujo,https://www.transfermarkt.com/ronald-araujo/profil/spieler/480267,4 | Ronald Araujo Centre-Back |  | Ronald Araujo | Centre-Back | 07/03/1999 (27) |  | €20.00m,Ronald Araujo,€20.00m,data/raw/20260612_130939_transfermarkt_Uruguay_national_team_3943746ca766.html,https://www.transfermarkt.com/uruguay/startseite/verein/3449,2026-06-12T04:09:38+00:00
Uruguay,Santiago Bueno,https://www.transfermarkt.com/santiago-bueno/profil/spieler/438001,24 | Santiago Bueno Centre-Back |  | Santiago Bueno | Centre-Back | 09/11/1998 (27) |  | €10.00m,Santiago Bueno,€10.00m,data/raw/20260612_130939_transfermarkt_Uruguay_national_team_3943746ca766.html,https://www.transfermarkt.com/uruguay/startseite/verein/3449,2026-06-12T04:09:38+00:00
Uruguay,José María Giménez,https://www.transfermarkt.com/jose-maria-gimenez/profil/spieler/250845,2 | José María Giménez Centre-Back |  | José María Giménez | Centre-Back | 20/01/1995 (31) |  | €9.00m,José María Giménez,€9.00m,data/raw/20260612_130939_transfermarkt_Uruguay_national_team_3943746ca766.html,https://www.transfermarkt.com/uruguay/startseite/verein/3449,2026-06-12T04:09:38+00:00
Uruguay,Sebastián Cáceres,https://www.transfermarkt.com/sebastian-caceres/profil/spieler/532389,3 | Sebastián Cáceres Centre-Back |  | Sebastián Cáceres | Centre-Back | 18/08/1999 (26) |  | €4.50m,Sebastián Cáceres,€4.50m,data/raw/20260612_130939_transfermarkt_Uruguay_national_team_3943746ca766.html,https://www.transfermarkt.com/uruguay/startseite/verein/3449,2026-06-12T04:09:38+00:00
Uruguay,Maxi Araújo,https://www.transfermarkt.com/maxi-araujo/profil/spieler/572675,20 | Maxi Araújo Left-Back |  | Maxi Araújo | Left-Back | 15/02/2000 (26) |  | €35.00m,Maxi Araújo,€35.00m,data/raw/20260612_130939_transfermarkt_Uruguay_national_team_3943746ca766.html,https://www.transfermarkt.com/uruguay/startseite/verein/3449,2026-06-12T04:09:38+00:00
Uruguay,Mathías Olivera,https://www.transfermarkt.com/mathias-olivera/profil/spieler/376514,16 | Mathías Olivera Left-Back |  | Mathías Olivera | Left-Back | 31/10/1997 (28) |  | €15.00m,Mathías Olivera,€15.00m,data/raw/20260612_130939_transfermarkt_Uruguay_national_team_3943746ca766.html,https://www.transfermarkt.com/uruguay/startseite/verein/3449,2026-06-12T04:09:38+00:00
Uruguay,Joaquín Piquerez,https://www.transfermarkt.com/joaquin-piquerez/profil/spieler/496268,22 | Joaquín Piquerez Left-Back |  | Joaquín Piquerez | Left-Back | 24/08/1998 (27) |  | €12.00m,Joaquín Piquerez,€12.00m,data/raw/20260612_130939_transfermarkt_Uruguay_national_team_3943746ca766.html,https://www.transfermarkt.com/uruguay/startseite/verein/3449,2026-06-12T04:09:38+00:00
Uruguay,Juan Manuel Sanabria,https://www.transfermarkt.com/juan-manuel-sanabria/profil/spieler/446106,25 | Juan Manuel Sanabria Left-Back |  | Juan Manuel Sanabria | Left-Back | 29/03/2000 (26) |  | €4.00m,Juan Manuel Sanabria,€4.00m,data/raw/20260612_130939_transfermarkt_Uruguay_national_team_3943746ca766.html,https://www.transfermarkt.com/uruguay/startseite/verein/3449,2026-06-12T04:09:38+00:00
Uruguay,Matías Viña,https://www.transfermarkt.com/matias-vina/profil/spieler/439072,17 | Matías Viña Left-Back |  | Matías Viña | Left-Back | 09/11/1997 (28) |  | €3.50m,Matías Viña,€3.50m,data/raw/20260612_130939_transfermarkt_Uruguay_national_team_3943746ca766.html,https://www.transfermarkt.com/uruguay/startseite/verein/3449,2026-06-12T04:09:38+00:00
Uruguay,Guillermo Varela,https://www.transfermarkt.com/guillermo-varela/profil/spieler/188862,13 | Guillermo Varela Right-Back |  | Guillermo Varela | Right-Back | 24/03/1993 (33) |  | €1.00m,Guillermo Varela,€1.00m,data/raw/20260612_130939_transfermarkt_Uruguay_national_team_3943746ca766.html,https://www.transfermarkt.com/uruguay/startseite/verein/3449,2026-06-12T04:09:38+00:00
Uruguay,Manuel Ugarte,https://www.transfermarkt.com/manuel-ugarte/profil/spieler/476701,5 | Manuel Ugarte Defensive Midfield |  | Manuel Ugarte | Defensive Midfield | 11/04/2001 (25) |  | €25.00m,Manuel Ugarte,€25.00m,data/raw/20260612_130939_transfermarkt_Uruguay_national_team_3943746ca766.html,https://www.transfermarkt.com/uruguay/startseite/verein/3449,2026-06-12T04:09:38+00:00
Uruguay,Rodrigo Bentancur,https://www.transfermarkt.com/rodrigo-bentancur/profil/spieler/354362,6 | Rodrigo Bentancur Defensive Midfield |  | Rodrigo Bentancur | Defensive Midfield | 25/06/1997 (28) |  | €20.00m,Rodrigo Bentancur,€20.00m,data/raw/20260612_130939_transfermarkt_Uruguay_national_team_3943746ca766.html,https://www.transfermarkt.com/uruguay/startseite/verein/3449,2026-06-12T04:09:38+00:00
Uruguay,Emiliano Martínez,https://www.transfermarkt.com/emiliano-martinez/profil/spieler/707447,15 | Emiliano Martínez Defensive Midfield |  | Emiliano Martínez | Defensive Midfield | 17/08/1999 (26) |  | €6.50m,Emiliano Martínez,€6.50m,data/raw/20260612_130939_transfermarkt_Uruguay_national_team_3943746ca766.html,https://www.transfermarkt.com/uruguay/startseite/verein/3449,2026-06-12T04:09:38+00:00
Uruguay,Federico Valverde,https://www.transfermarkt.com/federico-valverde/profil/spieler/369081,8 | Federico Valverde Central Midfield |  | Federico Valverde | Central Midfield | 22/07/1998 (27) |  | €90.00m,Federico Valverde,€90.00m,data/raw/20260612_130939_transfermarkt_Uruguay_national_team_3943746ca766.html,https://www.transfermarkt.com/uruguay/startseite/verein/3449,2026-06-12T04:09:38+00:00
Uruguay,Nicolás de la Cruz,https://www.transfermarkt.com/nicolas-de-la-cruz/profil/spieler/397458,7 | Nicolás de la Cruz Central Midfield |  | Nicolás de la Cruz | Central Midfield | 01/06/1997 (29) |  | €8.00m,Nicolás de la Cruz,€8.00m,data/raw/20260612_130939_transfermarkt_Uruguay_national_team_3943746ca766.html,https://www.transfermarkt.com/uruguay/startseite/verein/3449,2026-06-12T04:09:38+00:00
Uruguay,Rodrigo Zalazar,https://www.transfermarkt.com/rodrigo-zalazar/profil/spieler/606752,26 | Rodrigo Zalazar Attacking Midfield |  | Rodrigo Zalazar | Attacking Midfield | 12/08/1999 (26) |  | €30.00m,Rodrigo Zalazar,€30.00m,data/raw/20260612_130939_transfermarkt_Uruguay_national_team_3943746ca766.html,https://www.transfermarkt.com/uruguay/startseite/verein/3449,2026-06-12T04:09:38+00:00
Uruguay,Giorgian de Arrascaeta,https://www.transfermarkt.com/giorgian-de-arrascaeta/profil/spieler/248410,10 | Giorgian de Arrascaeta Attacking Midfield |  | Giorgian de Arrascaeta | Attacking Midfield | 01/06/1994 (32) |  | €14.00m,Giorgian de Arrascaeta,€14.00m,data/raw/20260612_130939_transfermarkt_Uruguay_national_team_3943746ca766.html,https://www.transfermarkt.com/uruguay/startseite/verein/3449,2026-06-12T04:09:38+00:00
Uruguay,Agustín Canobbio,https://www.transfermarkt.com/agustin-canobbio/profil/spieler/457533,14 | Agustín Canobbio Left Winger |  | Agustín Canobbio | Left Winger | 01/10/1998 (27) |  | €8.00m,Agustín Canobbio,€8.00m,data/raw/20260612_130939_transfermarkt_Uruguay_national_team_3943746ca766.html,https://www.transfermarkt.com/uruguay/startseite/verein/3449,2026-06-12T04:09:38+00:00
Uruguay,Brian Rodríguez,https://www.transfermarkt.com/brian-rodriguez/profil/spieler/465818,18 | Brian Rodríguez Left Winger |  | Brian Rodríguez | Left Winger | 20/05/2000 (26) |  | €8.00m,Brian Rodríguez,€8.00m,data/raw/20260612_130939_transfermarkt_Uruguay_national_team_3943746ca766.html,https://www.transfermarkt.com/uruguay/startseite/verein/3449,2026-06-12T04:09:38+00:00
Uruguay,Facundo Pellistri,https://www.transfermarkt.com/facundo-pellistri/profil/spieler/676318,11 | Facundo Pellistri Right Winger |  | Facundo Pellistri | Right Winger | 20/12/2001 (24) |  | €5.00m,Facundo Pellistri,€5.00m,data/raw/20260612_130939_transfermarkt_Uruguay_national_team_3943746ca766.html,https://www.transfermarkt.com/uruguay/startseite/verein/3449,2026-06-12T04:09:38+00:00
Uruguay,Darwin Núñez,https://www.transfermarkt.com/darwin-nunez/profil/spieler/546543,9 | Darwin Núñez Centre-Forward |  | Darwin Núñez | Centre-Forward | 24/06/1999 (26) |  | €20.00m,Darwin Núñez,€20.00m,data/raw/20260612_130939_transfermarkt_Uruguay_national_team_3943746ca766.html,https://www.transfermarkt.com/uruguay/startseite/verein/3449,2026-06-12T04:09:38+00:00
Uruguay,Federico Viñas,https://www.transfermarkt.com/federico-vinas/profil/spieler/578419,21 | Federico Viñas Centre-Forward |  | Federico Viñas | Centre-Forward | 30/06/1998 (27) |  | €4.00m,Federico Viñas,€4.00m,data/raw/20260612_130939_transfermarkt_Uruguay_national_team_3943746ca766.html,https://www.transfermarkt.com/uruguay/startseite/verein/3449,2026-06-12T04:09:38+00:00
Uruguay,Rodrigo Aguirre,https://www.transfermarkt.com/rodrigo-aguirre/profil/spieler/189410,19 | Rodrigo Aguirre Centre-Forward |  | Rodrigo Aguirre | Centre-Forward | 01/10/1994 (31) |  | €2.30m,Rodrigo Aguirre,€2.30m,data/raw/20260612_130939_transfermarkt_Uruguay_national_team_3943746ca766.html,https://www.transfermarkt.com/uruguay/startseite/verein/3449,2026-06-12T04:09:38+00:00
France,Mike Maignan,https://www.transfermarkt.com/mike-maignan/profil/spieler/182906,16 | Mike Maignan Goalkeeper |  | Mike Maignan | Goalkeeper | 03/07/1995 (29) |  | €35.00m,Mike Maignan,€35.00m,data/raw/20260612_130943_transfermarkt_France_national_team_63da02757c2d.html,https://www.transfermarkt.com/frankreich/startseite/verein/3377,2026-06-12T04:09:42+00:00
France,Lucas Chevalier,https://www.transfermarkt.com/lucas-chevalier/profil/spieler/463600,- | Lucas Chevalier Goalkeeper |  | Lucas Chevalier | Goalkeeper | 06/11/2001 (23) |  | €30.00m,Lucas Chevalier,€30.00m,data/raw/20260612_130943_transfermarkt_France_national_team_63da02757c2d.html,https://www.transfermarkt.com/frankreich/startseite/verein/3377,2026-06-12T04:09:42+00:00
France,Brice Samba,https://www.transfermarkt.com/brice-samba/profil/spieler/191056,1 | Brice Samba Goalkeeper |  | Brice Samba | Goalkeeper | 25/04/1994 (30) |  | €15.00m,Brice Samba,€15.00m,data/raw/20260612_130943_transfermarkt_France_national_team_63da02757c2d.html,https://www.transfermarkt.com/frankreich/startseite/verein/3377,2026-06-12T04:09:42+00:00
France,William Saliba,https://www.transfermarkt.com/william-saliba/profil/spieler/495666,17 | William Saliba Centre-Back |  | William Saliba | Centre-Back | 24/03/2001 (23) |  | €80.00m,William Saliba,€80.00m,data/raw/20260612_130943_transfermarkt_France_national_team_63da02757c2d.html,https://www.transfermarkt.com/frankreich/startseite/verein/3377,2026-06-12T04:09:42+00:00
France,Dayot Upamecano,https://www.transfermarkt.com/dayot-upamecano/profil/spieler/344695,4 | Dayot Upamecano Centre-Back |  | Dayot Upamecano | Centre-Back | 27/10/1998 (26) |  | €50.00m,Dayot Upamecano,€50.00m,data/raw/20260612_130943_transfermarkt_France_national_team_63da02757c2d.html,https://www.transfermarkt.com/frankreich/startseite/verein/3377,2026-06-12T04:09:42+00:00
France,Ibrahima Konaté,https://www.transfermarkt.com/ibrahima-konate/profil/spieler/357119,15 | Ibrahima Konaté Centre-Back |  | Ibrahima Konaté | Centre-Back | 25/05/1999 (25) |  | €50.00m,Ibrahima Konaté,€50.00m,data/raw/20260612_130943_transfermarkt_France_national_team_63da02757c2d.html,https://www.transfermarkt.com/frankreich/startseite/verein/3377,2026-06-12T04:09:42+00:00
France,Benjamin Pavard,https://www.transfermarkt.com/benjamin-pavard/profil/spieler/353366,- | Benjamin Pavard Centre-Back |  | Benjamin Pavard | Centre-Back | 28/03/1996 (28) |  | €40.00m,Benjamin Pavard,€40.00m,data/raw/20260612_130943_transfermarkt_France_national_team_63da02757c2d.html,https://www.transfermarkt.com/frankreich/startseite/verein/3377,2026-06-12T04:09:42+00:00
France,Pierre Kalulu,https://www.transfermarkt.com/pierre-kalulu/profil/spieler/585949,- | Pierre Kalulu Centre-Back |  | Pierre Kalulu | Centre-Back | 05/06/2000 (24) |  | €26.00m,Pierre Kalulu,€26.00m,data/raw/20260612_130943_transfermarkt_France_national_team_63da02757c2d.html,https://www.transfermarkt.com/frankreich/startseite/verein/3377,2026-06-12T04:09:42+00:00
France,Loïc Badé,https://www.transfermarkt.com/loic-bade/profil/spieler/730581,- | Loïc Badé Centre-Back |  | Loïc Badé | Centre-Back | 11/04/2000 (24) |  | €25.00m,Loïc Badé,€25.00m,data/raw/20260612_130943_transfermarkt_France_national_team_63da02757c2d.html,https://www.transfermarkt.com/frankreich/startseite/verein/3377,2026-06-12T04:09:42+00:00
France,Clément Lenglet,https://www.transfermarkt.com/clement-lenglet/profil/spieler/182904,- | Clément Lenglet Centre-Back |  | Clément Lenglet | Centre-Back | 17/06/1995 (29) |  | €7.50m,Clément Lenglet,€7.50m,data/raw/20260612_130943_transfermarkt_France_national_team_63da02757c2d.html,https://www.transfermarkt.com/frankreich/startseite/verein/3377,2026-06-12T04:09:42+00:00
France,Theo Hernández,https://www.transfermarkt.com/theo-hernandez/profil/spieler/339808,19 | Theo Hernández Left-Back |  | Theo Hernández | Left-Back | 06/10/1997 (27) |  | €50.00m,Theo Hernández,€50.00m,data/raw/20260612_130943_transfermarkt_France_national_team_63da02757c2d.html,https://www.transfermarkt.com/frankreich/startseite/verein/3377,2026-06-12T04:09:42+00:00
France,Lucas Hernández,https://www.transfermarkt.com/lucas-hernandez/profil/spieler/281963,21 | Lucas Hernández Left-Back |  | Lucas Hernández | Left-Back | 14/02/1996 (28) |  | €32.00m,Lucas Hernández,€32.00m,data/raw/20260612_130943_transfermarkt_France_national_team_63da02757c2d.html,https://www.transfermarkt.com/frankreich/startseite/verein/3377,2026-06-12T04:09:42+00:00
France,Lucas Digne,https://www.transfermarkt.com/lucas-digne/profil/spieler/126664,3 | Lucas Digne Left-Back |  | Lucas Digne | Left-Back | 20/07/1993 (31) |  | €12.00m,Lucas Digne,€12.00m,data/raw/20260612_130943_transfermarkt_France_national_team_63da02757c2d.html,https://www.transfermarkt.com/frankreich/startseite/verein/3377,2026-06-12T04:09:42+00:00
France,Jules Koundé,https://www.transfermarkt.com/jules-kounde/profil/spieler/411975,5 | Jules Koundé Right-Back |  | Jules Koundé | Right-Back | 12/11/1998 (26) |  | €60.00m,Jules Koundé,€60.00m,data/raw/20260612_130943_transfermarkt_France_national_team_63da02757c2d.html,https://www.transfermarkt.com/frankreich/startseite/verein/3377,2026-06-12T04:09:42+00:00
France,Malo Gusto,https://www.transfermarkt.com/malo-gusto/profil/spieler/620322,2 | Malo Gusto Right-Back |  | Malo Gusto | Right-Back | 19/05/2003 (21) |  | €35.00m,Malo Gusto,€35.00m,data/raw/20260612_130943_transfermarkt_France_national_team_63da02757c2d.html,https://www.transfermarkt.com/frankreich/startseite/verein/3377,2026-06-12T04:09:42+00:00
France,Jonathan Clauss,https://www.transfermarkt.com/jonathan-clauss/profil/spieler/175639,- | Jonathan Clauss Right-Back |  | Jonathan Clauss | Right-Back | 25/09/1992 (32) |  | €6.00m,Jonathan Clauss,€6.00m,data/raw/20260612_130943_transfermarkt_France_national_team_63da02757c2d.html,https://www.transfermarkt.com/frankreich/startseite/verein/3377,2026-06-12T04:09:42+00:00
France,Aurélien Tchouaméni,https://www.transfermarkt.com/aurelien-tchouameni/profil/spieler/413112,8 | Aurélien Tchouaméni Defensive Midfield |  | Aurélien Tchouaméni | Defensive Midfield | 27/01/2000 (24) |  | €80.00m,Aurélien Tchouaméni,€80.00m,data/raw/20260612_130943_transfermarkt_France_national_team_63da02757c2d.html,https://www.transfermarkt.com/frankreich/startseite/verein/3377,2026-06-12T04:09:42+00:00
France,N'Golo Kanté,https://www.transfermarkt.com/ngolo-kante/profil/spieler/225083,13 | N'Golo Kanté Defensive Midfield |  | N'Golo Kanté | Defensive Midfield | 29/03/1991 (33) |  | €7.00m,N'Golo Kanté,€7.00m,data/raw/20260612_130943_transfermarkt_France_national_team_63da02757c2d.html,https://www.transfermarkt.com/frankreich/startseite/verein/3377,2026-06-12T04:09:42+00:00
France,Eduardo Camavinga,https://www.transfermarkt.com/eduardo-camavinga/profil/spieler/640428,- | Eduardo Camavinga Central Midfield |  | Eduardo Camavinga | Central Midfield | 10/11/2002 (22) |  | €80.00m,Eduardo Camavinga,€80.00m,data/raw/20260612_130943_transfermarkt_France_national_team_63da02757c2d.html,https://www.transfermarkt.com/frankreich/startseite/verein/3377,2026-06-12T04:09:42+00:00
France,Warren Zaïre-Emery,https://www.transfermarkt.com/warren-zaire-emery/profil/spieler/810092,18 | Warren Zaïre-Emery Central Midfield |  | Warren Zaïre-Emery | Central Midfield | 08/03/2006 (18) |  | €60.00m,Warren Zaïre-Emery,€60.00m,data/raw/20260612_130943_transfermarkt_France_national_team_63da02757c2d.html,https://www.transfermarkt.com/frankreich/startseite/verein/3377,2026-06-12T04:09:42+00:00
France,Khéphren Thuram,https://www.transfermarkt.com/khephren-thuram/profil/spieler/463618,- | Khéphren Thuram Central Midfield |  | Khéphren Thuram | Central Midfield | 26/03/2001 (23) |  | €35.00m,Khéphren Thuram,€35.00m,data/raw/20260612_130943_transfermarkt_France_national_team_63da02757c2d.html,https://www.transfermarkt.com/frankreich/startseite/verein/3377,2026-06-12T04:09:42+00:00
France,Mattéo Guendouzi,https://www.transfermarkt.com/matteo-guendouzi/profil/spieler/465830,- | Mattéo Guendouzi Central Midfield |  | Mattéo Guendouzi | Central Midfield | 14/04/1999 (25) |  | €32.00m,Mattéo Guendouzi,€32.00m,data/raw/20260612_130943_transfermarkt_France_national_team_63da02757c2d.html,https://www.transfermarkt.com/frankreich/startseite/verein/3377,2026-06-12T04:09:42+00:00
France,Manu Koné,https://www.transfermarkt.com/manu-kone/profil/spieler/624690,6 | Manu Koné Central Midfield |  | Manu Koné | Central Midfield | 17/05/2001 (23) |  | €26.00m,Manu Koné,€26.00m,data/raw/20260612_130943_transfermarkt_France_national_team_63da02757c2d.html,https://www.transfermarkt.com/frankreich/startseite/verein/3377,2026-06-12T04:09:42+00:00
France,Adrien Rabiot,https://www.transfermarkt.com/adrien-rabiot/profil/spieler/182913,14 | Adrien Rabiot Central Midfield |  | Adrien Rabiot | Central Midfield | 03/04/1995 (29) |  | €25.00m,Adrien Rabiot,€25.00m,data/raw/20260612_130943_transfermarkt_France_national_team_63da02757c2d.html,https://www.transfermarkt.com/frankreich/startseite/verein/3377,2026-06-12T04:09:42+00:00
France,Rayan Cherki,https://www.transfermarkt.com/rayan-cherki/profil/spieler/607223,24 | Rayan Cherki Attacking Midfield |  | Rayan Cherki | Attacking Midfield | 17/08/2003 (21) |  | €30.00m,Rayan Cherki,€30.00m,data/raw/20260612_130943_transfermarkt_France_national_team_63da02757c2d.html,https://www.transfermarkt.com/frankreich/startseite/verein/3377,2026-06-12T04:09:42+00:00
France,Bradley Barcola,https://www.transfermarkt.com/bradley-barcola/profil/spieler/708265,12 | Bradley Barcola Left Winger |  | Bradley Barcola | Left Winger | 02/09/2002 (22) |  | €65.00m,Bradley Barcola,€65.00m,data/raw/20260612_130943_transfermarkt_France_national_team_63da02757c2d.html,https://www.transfermarkt.com/frankreich/startseite/verein/3377,2026-06-12T04:09:42+00:00
France,Kingsley Coman,https://www.transfermarkt.com/kingsley-coman/profil/spieler/243714,- | Kingsley Coman Left Winger |  | Kingsley Coman | Left Winger | 13/06/1996 (28) |  | €35.00m,Kingsley Coman,€35.00m,data/raw/20260612_130943_transfermarkt_France_national_team_63da02757c2d.html,https://www.transfermarkt.com/frankreich/startseite/verein/3377,2026-06-12T04:09:42+00:00
France,Michael Olise,https://www.transfermarkt.com/michael-olise/profil/spieler/566723,11 | Michael Olise Right Winger |  | Michael Olise | Right Winger | 12/12/2001 (23) |  | €65.00m,Michael Olise,€65.00m,data/raw/20260612_130943_transfermarkt_France_national_team_63da02757c2d.html,https://www.transfermarkt.com/frankreich/startseite/verein/3377,2026-06-12T04:09:42+00:00
France,Désiré Doué,https://www.transfermarkt.com/desire-doue/profil/spieler/914562,20 | Désiré Doué Right Winger |  | Désiré Doué | Right Winger | 03/06/2005 (19) |  | €40.00m,Désiré Doué,€40.00m,data/raw/20260612_130943_transfermarkt_France_national_team_63da02757c2d.html,https://www.transfermarkt.com/frankreich/startseite/verein/3377,2026-06-12T04:09:42+00:00
France,Maghnes Akliouche,https://www.transfermarkt.com/maghnes-akliouche/profil/spieler/745200,25 | Maghnes Akliouche Right Winger |  | Maghnes Akliouche | Right Winger | 25/02/2002 (22) |  | €40.00m,Maghnes Akliouche,€40.00m,data/raw/20260612_130943_transfermarkt_France_national_team_63da02757c2d.html,https://www.transfermarkt.com/frankreich/startseite/verein/3377,2026-06-12T04:09:42+00:00
France,Florian Thauvin,https://www.transfermarkt.com/florian-thauvin/profil/spieler/184892,- | Florian Thauvin Right Winger |  | Florian Thauvin | Right Winger | 26/01/1993 (31) |  | €5.00m,Florian Thauvin,€5.00m,data/raw/20260612_130943_transfermarkt_France_national_team_63da02757c2d.html,https://www.transfermarkt.com/frankreich/startseite/verein/3377,2026-06-12T04:09:42+00:00
France,Kylian Mbappé,https://www.transfermarkt.com/kylian-mbappe/profil/spieler/342229,10 | Kylian Mbappé Centre-Forward |  | Kylian Mbappé | Centre-Forward | 20/12/1998 (26) |  | €160.00m,Kylian Mbappé,€160.00m,data/raw/20260612_130943_transfermarkt_France_national_team_63da02757c2d.html,https://www.transfermarkt.com/frankreich/startseite/verein/3377,2026-06-12T04:09:42+00:00
France,Marcus Thuram,https://www.transfermarkt.com/marcus-thuram/profil/spieler/318528,9 | Marcus Thuram Centre-Forward |  | Marcus Thuram | Centre-Forward | 06/08/1997 (27) |  | €75.00m,Marcus Thuram,€75.00m,data/raw/20260612_130943_transfermarkt_France_national_team_63da02757c2d.html,https://www.transfermarkt.com/frankreich/startseite/verein/3377,2026-06-12T04:09:42+00:00
France,Ousmane Dembélé,https://www.transfermarkt.com/ousmane-dembele/profil/spieler/288230,7 | Ousmane Dembélé Centre-Forward |  | Ousmane Dembélé | Centre-Forward | 15/05/1997 (27) |  | €55.00m,Ousmane Dembélé,€55.00m,data/raw/20260612_130943_transfermarkt_France_national_team_63da02757c2d.html,https://www.transfermarkt.com/frankreich/startseite/verein/3377,2026-06-12T04:09:42+00:00
France,Christopher Nkunku,https://www.transfermarkt.com/christopher-nkunku/profil/spieler/344381,- | Christopher Nkunku Centre-Forward |  | Christopher Nkunku | Centre-Forward | 14/11/1997 (27) |  | €50.00m,Christopher Nkunku,€50.00m,data/raw/20260612_130943_transfermarkt_France_national_team_63da02757c2d.html,https://www.transfermarkt.com/frankreich/startseite/verein/3377,2026-06-12T04:09:42+00:00
France,Hugo Ekitiké,https://www.transfermarkt.com/hugo-ekitike/profil/spieler/709726,- | Hugo Ekitiké Centre-Forward |  | Hugo Ekitiké | Centre-Forward | 20/06/2002 (22) |  | €40.00m,Hugo Ekitiké,€40.00m,data/raw/20260612_130943_transfermarkt_France_national_team_63da02757c2d.html,https://www.transfermarkt.com/frankreich/startseite/verein/3377,2026-06-12T04:09:42+00:00
France,Randal Kolo Muani,https://www.transfermarkt.com/randal-kolo-muani/profil/spieler/487969,- | Randal Kolo Muani Centre-Forward |  | Randal Kolo Muani | Centre-Forward | 05/12/1998 (26) |  | €30.00m,Randal Kolo Muani,€30.00m,data/raw/20260612_130943_transfermarkt_France_national_team_63da02757c2d.html,https://www.transfermarkt.com/frankreich/startseite/verein/3377,2026-06-12T04:09:42+00:00
France,Jean-Philippe Mateta,https://www.transfermarkt.com/jean-philippe-mateta/profil/spieler/420002,22 | Jean-Philippe Mateta Centre-Forward |  | Jean-Philippe Mateta | Centre-Forward | 28/06/1997 (27) |  | €20.00m,Jean-Philippe Mateta,€20.00m,data/raw/20260612_130943_transfermarkt_France_national_team_63da02757c2d.html,https://www.transfermarkt.com/frankreich/startseite/verein/3377,2026-06-12T04:09:42+00:00
Senegal,Yehvann Diouf,https://www.transfermarkt.com/yehvann-diouf/profil/spieler/448632,1 | Yehvann Diouf Goalkeeper |  | Yehvann Diouf | Goalkeeper | 16/11/1999 (26) |  | €7.00m,Yehvann Diouf,€7.00m,data/raw/20260612_130947_transfermarkt_Senegal_national_team_49e78571481a.html,https://www.transfermarkt.com/senegal/startseite/verein/3499,2026-06-12T04:09:46+00:00
Senegal,Edouard Mendy,https://www.transfermarkt.com/edouard-mendy/profil/spieler/442531,16 | Edouard Mendy Goalkeeper |  | Edouard Mendy | Goalkeeper | 01/03/1992 (34) |  | €4.00m,Edouard Mendy,€4.00m,data/raw/20260612_130947_transfermarkt_Senegal_national_team_49e78571481a.html,https://www.transfermarkt.com/senegal/startseite/verein/3499,2026-06-12T04:09:46+00:00
Senegal,Mory Diaw,https://www.transfermarkt.com/mory-diaw/profil/spieler/164904,23 | Mory Diaw Goalkeeper |  | Mory Diaw | Goalkeeper | 22/06/1993 (32) |  | €900k,Mory Diaw,€900k,data/raw/20260612_130947_transfermarkt_Senegal_national_team_49e78571481a.html,https://www.transfermarkt.com/senegal/startseite/verein/3499,2026-06-12T04:09:46+00:00
Senegal,Mamadou Sarr,https://www.transfermarkt.com/mamadou-sarr/profil/spieler/910905,2 | Mamadou Sarr Centre-Back |  | Mamadou Sarr | Centre-Back | 29/08/2005 (20) |  | €22.00m,Mamadou Sarr,€22.00m,data/raw/20260612_130947_transfermarkt_Senegal_national_team_49e78571481a.html,https://www.transfermarkt.com/senegal/startseite/verein/3499,2026-06-12T04:09:46+00:00
Senegal,Moussa Niakhaté,https://www.transfermarkt.com/moussa-niakhate/profil/spieler/291200,19 | Moussa Niakhaté Centre-Back |  | Moussa Niakhaté | Centre-Back | 08/03/1996 (30) |  | €15.00m,Moussa Niakhaté,€15.00m,data/raw/20260612_130947_transfermarkt_Senegal_national_team_49e78571481a.html,https://www.transfermarkt.com/senegal/startseite/verein/3499,2026-06-12T04:09:46+00:00
Senegal,Antoine Mendy,https://www.transfermarkt.com/antoine-mendy/profil/spieler/891998,24 | Antoine Mendy Centre-Back |  | Antoine Mendy | Centre-Back | 27/05/2004 (22) |  | €10.00m,Antoine Mendy,€10.00m,data/raw/20260612_130947_transfermarkt_Senegal_national_team_49e78571481a.html,https://www.transfermarkt.com/senegal/startseite/verein/3499,2026-06-12T04:09:46+00:00
Senegal,Kalidou Koulibaly,https://www.transfermarkt.com/kalidou-koulibaly/profil/spieler/93128,3 | Kalidou Koulibaly Centre-Back |  | Kalidou Koulibaly | Centre-Back | 20/06/1991 (34) |  | €4.50m,Kalidou Koulibaly,€4.50m,data/raw/20260612_130947_transfermarkt_Senegal_national_team_49e78571481a.html,https://www.transfermarkt.com/senegal/startseite/verein/3499,2026-06-12T04:09:46+00:00
Senegal,Abdoulaye Seck,https://www.transfermarkt.com/abdoulaye-seck/profil/spieler/265383,4 | Abdoulaye Seck Centre-Back |  | Abdoulaye Seck | Centre-Back | 04/06/1992 (34) |  | €400k,Abdoulaye Seck,€400k,data/raw/20260612_130947_transfermarkt_Senegal_national_team_49e78571481a.html,https://www.transfermarkt.com/senegal/startseite/verein/3499,2026-06-12T04:09:46+00:00
Senegal,El Hadji Malick Diouf,https://www.transfermarkt.com/el-hadji-malick-diouf/profil/spieler/1111589,25 | El Hadji Malick Diouf Left-Back |  | El Hadji Malick Diouf | Left-Back | 28/12/2004 (21) |  | €28.00m,El Hadji Malick Diouf,€28.00m,data/raw/20260612_130947_transfermarkt_Senegal_national_team_49e78571481a.html,https://www.transfermarkt.com/senegal/startseite/verein/3499,2026-06-12T04:09:46+00:00
Senegal,Ismail Jakobs,https://www.transfermarkt.com/ismail-jakobs/profil/spieler/375137,14 | Ismail Jakobs Left-Back |  | Ismail Jakobs | Left-Back | 17/08/1999 (26) |  | €8.00m,Ismail Jakobs,€8.00m,data/raw/20260612_130947_transfermarkt_Senegal_national_team_49e78571481a.html,https://www.transfermarkt.com/senegal/startseite/verein/3499,2026-06-12T04:09:46+00:00
Senegal,Idrissa Gueye,https://www.transfermarkt.com/idrissa-gueye/profil/spieler/126665,5 | Idrissa Gueye Defensive Midfield |  | Idrissa Gueye | Defensive Midfield | 26/09/1989 (36) |  | €500k,Idrissa Gueye,€500k,data/raw/20260612_130947_transfermarkt_Senegal_national_team_49e78571481a.html,https://www.transfermarkt.com/senegal/startseite/verein/3499,2026-06-12T04:09:46+00:00
Senegal,Lamine Camara,https://www.transfermarkt.com/lamine-camara/profil/spieler/918969,8 | Lamine Camara Central Midfield |  | Lamine Camara | Central Midfield | 01/01/2004 (22) |  | €40.00m,Lamine Camara,€40.00m,data/raw/20260612_130947_transfermarkt_Senegal_national_team_49e78571481a.html,https://www.transfermarkt.com/senegal/startseite/verein/3499,2026-06-12T04:09:46+00:00
Senegal,Pape Gueye,https://www.transfermarkt.com/pape-gueye/profil/spieler/485963,26 | Pape Gueye Central Midfield |  | Pape Gueye | Central Midfield | 24/01/1999 (27) |  | €40.00m,Pape Gueye,€40.00m,data/raw/20260612_130947_transfermarkt_Senegal_national_team_49e78571481a.html,https://www.transfermarkt.com/senegal/startseite/verein/3499,2026-06-12T04:09:46+00:00
Senegal,Habib Diarra,https://www.transfermarkt.com/habib-diarra/profil/spieler/876631,21 | Habib Diarra Central Midfield |  | Habib Diarra | Central Midfield | 03/01/2004 (22) |  | €35.00m,Habib Diarra,€35.00m,data/raw/20260612_130947_transfermarkt_Senegal_national_team_49e78571481a.html,https://www.transfermarkt.com/senegal/startseite/verein/3499,2026-06-12T04:09:46+00:00
Senegal,Pape Matar Sarr,https://www.transfermarkt.com/pape-matar-sarr/profil/spieler/568693,17 | Pape Matar Sarr Central Midfield |  | Pape Matar Sarr | Central Midfield | 14/09/2002 (23) |  | €30.00m,Pape Matar Sarr,€30.00m,data/raw/20260612_130947_transfermarkt_Senegal_national_team_49e78571481a.html,https://www.transfermarkt.com/senegal/startseite/verein/3499,2026-06-12T04:09:46+00:00
Senegal,Bara Sapoko Ndiaye,https://www.transfermarkt.com/bara-sapoko-ndiaye/profil/spieler/1497653,22 | Bara Sapoko Ndiaye Central Midfield |  | Bara Sapoko Ndiaye | Central Midfield | 31/12/2007 (18) |  | €4.00m,Bara Sapoko Ndiaye,€4.00m,data/raw/20260612_130947_transfermarkt_Senegal_national_team_49e78571481a.html,https://www.transfermarkt.com/senegal/startseite/verein/3499,2026-06-12T04:09:46+00:00
Senegal,Pathé Ciss,https://www.transfermarkt.com/pathe-ciss/profil/spieler/525578,6 | Pathé Ciss Central Midfield |  | Pathé Ciss | Central Midfield | 16/03/1994 (32) |  | €1.80m,Pathé Ciss,€1.80m,data/raw/20260612_130947_transfermarkt_Senegal_national_team_49e78571481a.html,https://www.transfermarkt.com/senegal/startseite/verein/3499,2026-06-12T04:09:46+00:00
Senegal,Krépin Diatta,https://www.transfermarkt.com/krepin-diatta/profil/spieler/490426,15 | Krépin Diatta Right Midfield |  | Krépin Diatta | Right Midfield | 25/02/1999 (27) |  | €6.00m,Krépin Diatta,€6.00m,data/raw/20260612_130947_transfermarkt_Senegal_national_team_49e78571481a.html,https://www.transfermarkt.com/senegal/startseite/verein/3499,2026-06-12T04:09:46+00:00
Senegal,Assane Diao,https://www.transfermarkt.com/assane-diao/profil/spieler/1061282,7 | Assane Diao Left Winger |  | Assane Diao | Left Winger | 07/09/2005 (20) |  | €30.00m,Assane Diao,€30.00m,data/raw/20260612_130947_transfermarkt_Senegal_national_team_49e78571481a.html,https://www.transfermarkt.com/senegal/startseite/verein/3499,2026-06-12T04:09:46+00:00
Senegal,Sadio Mané,https://www.transfermarkt.com/sadio-mane/profil/spieler/200512,10 | Sadio Mané Left Winger |  | Sadio Mané | Left Winger | 10/04/1992 (34) |  | €6.00m,Sadio Mané,€6.00m,data/raw/20260612_130947_transfermarkt_Senegal_national_team_49e78571481a.html,https://www.transfermarkt.com/senegal/startseite/verein/3499,2026-06-12T04:09:46+00:00
Senegal,Iliman Ndiaye,https://www.transfermarkt.com/iliman-ndiaye/profil/spieler/623570,13 | Iliman Ndiaye Right Winger |  | Iliman Ndiaye | Right Winger | 06/03/2000 (26) |  | €55.00m,Iliman Ndiaye,€55.00m,data/raw/20260612_130947_transfermarkt_Senegal_national_team_49e78571481a.html,https://www.transfermarkt.com/senegal/startseite/verein/3499,2026-06-12T04:09:46+00:00
Senegal,Ismaïla Sarr,https://www.transfermarkt.com/ismaila-sarr/profil/spieler/410225,18 | Ismaïla Sarr Right Winger |  | Ismaïla Sarr | Right Winger | 25/02/1998 (28) |  | €40.00m,Ismaïla Sarr,€40.00m,data/raw/20260612_130947_transfermarkt_Senegal_national_team_49e78571481a.html,https://www.transfermarkt.com/senegal/startseite/verein/3499,2026-06-12T04:09:46+00:00
Senegal,Ibrahim Mbaye,https://www.transfermarkt.com/ibrahim-mbaye/profil/spieler/1185888,20 | Ibrahim Mbaye Right Winger |  | Ibrahim Mbaye | Right Winger | 24/01/2008 (18) |  | €30.00m,Ibrahim Mbaye,€30.00m,data/raw/20260612_130947_transfermarkt_Senegal_national_team_49e78571481a.html,https://www.transfermarkt.com/senegal/startseite/verein/3499,2026-06-12T04:09:46+00:00
Senegal,Nicolas Jackson,https://www.transfermarkt.com/nicolas-jackson/profil/spieler/776890,11 | Nicolas Jackson Centre-Forward |  | Nicolas Jackson | Centre-Forward | 20/06/2001 (24) |  | €40.00m,Nicolas Jackson,€40.00m,data/raw/20260612_130947_transfermarkt_Senegal_national_team_49e78571481a.html,https://www.transfermarkt.com/senegal/startseite/verein/3499,2026-06-12T04:09:46+00:00
Senegal,Bamba Dieng,https://www.transfermarkt.com/bamba-dieng/profil/spieler/822458,9 | Bamba Dieng Centre-Forward |  | Bamba Dieng | Centre-Forward | 23/03/2000 (26) |  | €15.00m,Bamba Dieng,€15.00m,data/raw/20260612_130947_transfermarkt_Senegal_national_team_49e78571481a.html,https://www.transfermarkt.com/senegal/startseite/verein/3499,2026-06-12T04:09:46+00:00
Senegal,Cherif Ndiaye,https://www.transfermarkt.com/cherif-ndiaye/profil/spieler/480705,12 | Cherif Ndiaye Centre-Forward |  | Cherif Ndiaye | Centre-Forward | 23/01/1996 (30) |  | €5.00m,Cherif Ndiaye,€5.00m,data/raw/20260612_130947_transfermarkt_Senegal_national_team_49e78571481a.html,https://www.transfermarkt.com/senegal/startseite/verein/3499,2026-06-12T04:09:46+00:00
Iraq,Ahmed Basil Fadhil,https://www.transfermarkt.com/ahmed-basil-fadhil/profil/spieler/560952,22 | Ahmed Basil Fadhil Goalkeeper |  | Ahmed Basil Fadhil | Goalkeeper | 19/08/1996 (29) |  | €450k,Ahmed Basil Fadhil,€450k,data/raw/20260612_130950_transfermarkt_Iraq_national_team_6d8782f2a3da.html,https://www.transfermarkt.com/irak/startseite/verein/3560,2026-06-12T04:09:50+00:00
Iraq,Fahad Talib,https://www.transfermarkt.com/fahad-talib/profil/spieler/377268,1 | Fahad Talib Goalkeeper |  | Fahad Talib | Goalkeeper | 21/10/1994 (31) |  | €375k,Fahad Talib,€375k,data/raw/20260612_130950_transfermarkt_Iraq_national_team_6d8782f2a3da.html,https://www.transfermarkt.com/irak/startseite/verein/3560,2026-06-12T04:09:50+00:00
Iraq,Jalal Hassan,https://www.transfermarkt.com/jalal-hassan/profil/spieler/206782,12 | Jalal Hassan Goalkeeper |  | Jalal Hassan | Goalkeeper | 18/05/1991 (35) |  | €250k,Jalal Hassan,€250k,data/raw/20260612_130950_transfermarkt_Iraq_national_team_6d8782f2a3da.html,https://www.transfermarkt.com/irak/startseite/verein/3560,2026-06-12T04:09:50+00:00
Iraq,Akam Hashem,https://www.transfermarkt.com/akam-hashem/profil/spieler/933541,5 | Akam Hashem Centre-Back |  | Akam Hashem | Centre-Back | 16/08/1998 (27) |  | €700k,Akam Hashem,€700k,data/raw/20260612_130950_transfermarkt_Iraq_national_team_6d8782f2a3da.html,https://www.transfermarkt.com/irak/startseite/verein/3560,2026-06-12T04:09:50+00:00
Iraq,Zaid Tahseen,https://www.transfermarkt.com/zaid-tahseen/profil/spieler/931147,4 | Zaid Tahseen Centre-Back |  | Zaid Tahseen | Centre-Back | 29/01/2001 (25) |  | €600k,Zaid Tahseen,€600k,data/raw/20260612_130950_transfermarkt_Iraq_national_team_6d8782f2a3da.html,https://www.transfermarkt.com/irak/startseite/verein/3560,2026-06-12T04:09:50+00:00
Iraq,Frans Putros,https://www.transfermarkt.com/frans-putros/profil/spieler/166460,26 | Frans Putros Centre-Back |  | Frans Putros | Centre-Back | 14/07/1993 (32) |  | €325k,Frans Putros,€325k,data/raw/20260612_130950_transfermarkt_Iraq_national_team_6d8782f2a3da.html,https://www.transfermarkt.com/irak/startseite/verein/3560,2026-06-12T04:09:50+00:00
Iraq,Manaf Younis,https://www.transfermarkt.com/manaf-younis/profil/spieler/945266,6 | Manaf Younis Centre-Back |  | Manaf Younis | Centre-Back | 16/11/1996 (29) |  | €300k,Manaf Younis,€300k,data/raw/20260612_130950_transfermarkt_Iraq_national_team_6d8782f2a3da.html,https://www.transfermarkt.com/irak/startseite/verein/3560,2026-06-12T04:09:50+00:00
Iraq,Rebin Sulaka,https://www.transfermarkt.com/rebin-sulaka/profil/spieler/217073,2 | Rebin Sulaka Centre-Back |  | Rebin Sulaka | Centre-Back | 12/04/1992 (34) |  | €100k,Rebin Sulaka,€100k,data/raw/20260612_130950_transfermarkt_Iraq_national_team_6d8782f2a3da.html,https://www.transfermarkt.com/irak/startseite/verein/3560,2026-06-12T04:09:50+00:00
Iraq,Merchas Doski,https://www.transfermarkt.com/merchas-doski/profil/spieler/530527,23 | Merchas Doski Left-Back |  | Merchas Doski | Left-Back | 07/12/1999 (26) |  | €1.70m,Merchas Doski,€1.70m,data/raw/20260612_130950_transfermarkt_Iraq_national_team_6d8782f2a3da.html,https://www.transfermarkt.com/irak/startseite/verein/3560,2026-06-12T04:09:50+00:00
Iraq,Ahmed Maknzi,https://www.transfermarkt.com/ahmed-maknzi/profil/spieler/881506,15 | Ahmed Maknzi Left-Back |  | Ahmed Maknzi | Left-Back | 24/09/2001 (24) |  | €450k,Ahmed Maknzi,€450k,data/raw/20260612_130950_transfermarkt_Iraq_national_team_6d8782f2a3da.html,https://www.transfermarkt.com/irak/startseite/verein/3560,2026-06-12T04:09:50+00:00
Iraq,Hussein Ali,https://www.transfermarkt.com/hussein-ali/profil/spieler/585325,3 | Hussein Ali Right-Back |  | Hussein Ali | Right-Back | 01/03/2002 (24) |  | €400k,Hussein Ali,€400k,data/raw/20260612_130950_transfermarkt_Iraq_national_team_6d8782f2a3da.html,https://www.transfermarkt.com/irak/startseite/verein/3560,2026-06-12T04:09:50+00:00
Iraq,Mustafa Saadoon,https://www.transfermarkt.com/mustafa-saadoon/profil/spieler/952341,25 | Mustafa Saadoon Right-Back |  | Mustafa Saadoon | Right-Back | 25/05/2001 (25) |  | €350k,Mustafa Saadoon,€350k,data/raw/20260612_130950_transfermarkt_Iraq_national_team_6d8782f2a3da.html,https://www.transfermarkt.com/irak/startseite/verein/3560,2026-06-12T04:09:50+00:00
Iraq,Amir Al-Ammari,https://www.transfermarkt.com/amir-al-ammari/profil/spieler/303766,16 | Amir Al-Ammari Defensive Midfield |  | Amir Al-Ammari | Defensive Midfield | 27/07/1997 (28) |  | €1.00m,Amir Al-Ammari,€1.00m,data/raw/20260612_130950_transfermarkt_Iraq_national_team_6d8782f2a3da.html,https://www.transfermarkt.com/irak/startseite/verein/3560,2026-06-12T04:09:50+00:00
Iraq,Zaid Ismail,https://www.transfermarkt.com/zaid-ismail/profil/spieler/1132850,24 | Zaid Ismail Defensive Midfield |  | Zaid Ismail | Defensive Midfield | 03/01/2002 (24) |  | €500k,Zaid Ismail,€500k,data/raw/20260612_130950_transfermarkt_Iraq_national_team_6d8782f2a3da.html,https://www.transfermarkt.com/irak/startseite/verein/3560,2026-06-12T04:09:50+00:00
Iraq,Aimar Sher,https://www.transfermarkt.com/aimar-sher/profil/spieler/579294,20 | Aimar Sher Central Midfield |  | Aimar Sher | Central Midfield | 20/12/2002 (23) |  | €1.50m,Aimar Sher,€1.50m,data/raw/20260612_130950_transfermarkt_Iraq_national_team_6d8782f2a3da.html,https://www.transfermarkt.com/irak/startseite/verein/3560,2026-06-12T04:09:50+00:00
Iraq,Zidane Iqbal,https://www.transfermarkt.com/zidane-iqbal/profil/spieler/686845,14 | Zidane Iqbal Central Midfield |  | Zidane Iqbal | Central Midfield | 27/04/2003 (23) |  | €1.00m,Zidane Iqbal,€1.00m,data/raw/20260612_130950_transfermarkt_Iraq_national_team_6d8782f2a3da.html,https://www.transfermarkt.com/irak/startseite/verein/3560,2026-06-12T04:09:50+00:00
Iraq,Kevin Yakob,https://www.transfermarkt.com/kevin-yakob/profil/spieler/413268,19 | Kevin Yakob Central Midfield |  | Kevin Yakob | Central Midfield | 10/10/2000 (25) |  | €850k,Kevin Yakob,€850k,data/raw/20260612_130950_transfermarkt_Iraq_national_team_6d8782f2a3da.html,https://www.transfermarkt.com/irak/startseite/verein/3560,2026-06-12T04:09:50+00:00
Iraq,Ibrahim Bayesh,https://www.transfermarkt.com/ibrahim-bayesh/profil/spieler/560957,8 | Ibrahim Bayesh Attacking Midfield |  | Ibrahim Bayesh | Attacking Midfield | 01/05/2000 (26) |  | €800k,Ibrahim Bayesh,€800k,data/raw/20260612_130950_transfermarkt_Iraq_national_team_6d8782f2a3da.html,https://www.transfermarkt.com/irak/startseite/verein/3560,2026-06-12T04:09:50+00:00
Iraq,Marko Farji,https://www.transfermarkt.com/marko-farji/profil/spieler/663153,21 | Marko Farji Left Winger |  | Marko Farji | Left Winger | 16/03/2004 (22) |  | €1.70m,Marko Farji,€1.70m,data/raw/20260612_130950_transfermarkt_Iraq_national_team_6d8782f2a3da.html,https://www.transfermarkt.com/irak/startseite/verein/3560,2026-06-12T04:09:50+00:00
Iraq,Youssef Amyn,https://www.transfermarkt.com/youssef-amyn/profil/spieler/684307,7 | Youssef Amyn Left Winger |  | Youssef Amyn | Left Winger | 21/08/2003 (22) |  | €550k,Youssef Amyn,€550k,data/raw/20260612_130950_transfermarkt_Iraq_national_team_6d8782f2a3da.html,https://www.transfermarkt.com/irak/startseite/verein/3560,2026-06-12T04:09:50+00:00
Iraq,Ali Jasim,https://www.transfermarkt.com/ali-jasim/profil/spieler/877672,17 | Ali Jasim Left Winger |  | Ali Jasim | Left Winger | 20/01/2004 (22) |  | €500k,Ali Jasim,€500k,data/raw/20260612_130950_transfermarkt_Iraq_national_team_6d8782f2a3da.html,https://www.transfermarkt.com/irak/startseite/verein/3560,2026-06-12T04:09:50+00:00
Iraq,Ahmed Qasem,https://www.transfermarkt.com/ahmed-qasem/profil/spieler/833817,11 | Ahmed Qasem Right Winger |  | Ahmed Qasem | Right Winger | 12/07/2003 (22) |  | €3.50m,Ahmed Qasem,€3.50m,data/raw/20260612_130950_transfermarkt_Iraq_national_team_6d8782f2a3da.html,https://www.transfermarkt.com/irak/startseite/verein/3560,2026-06-12T04:09:50+00:00
Iraq,Ali Al-Hamadi,https://www.transfermarkt.com/ali-al-hamadi/profil/spieler/610581,9 | Ali Al-Hamadi Centre-Forward |  | Ali Al-Hamadi | Centre-Forward | 01/03/2002 (24) |  | €1.50m,Ali Al-Hamadi,€1.50m,data/raw/20260612_130950_transfermarkt_Iraq_national_team_6d8782f2a3da.html,https://www.transfermarkt.com/irak/startseite/verein/3560,2026-06-12T04:09:50+00:00
Iraq,Mohanad Ali,https://www.transfermarkt.com/mohanad-ali/profil/spieler/589646,10 | Mohanad Ali Centre-Forward |  | Mohanad Ali | Centre-Forward | 20/06/2000 (25) |  | €1.20m,Mohanad Ali,€1.20m,data/raw/20260612_130950_transfermarkt_Iraq_national_team_6d8782f2a3da.html,https://www.transfermarkt.com/irak/startseite/verein/3560,2026-06-12T04:09:50+00:00
Iraq,Aymen Hussein,https://www.transfermarkt.com/aymen-hussein/profil/spieler/401054,18 | Aymen Hussein Centre-Forward |  | Aymen Hussein | Centre-Forward | 22/03/1996 (30) |  | €400k,Aymen Hussein,€400k,data/raw/20260612_130950_transfermarkt_Iraq_national_team_6d8782f2a3da.html,https://www.transfermarkt.com/irak/startseite/verein/3560,2026-06-12T04:09:50+00:00
Iraq,Ali Yousif,https://www.transfermarkt.com/ali-yousif/profil/spieler/576265,13 | Ali Yousif Centre-Forward |  | Ali Yousif | Centre-Forward | 19/01/1996 (30) |  | €200k,Ali Yousif,€200k,data/raw/20260612_130950_transfermarkt_Iraq_national_team_6d8782f2a3da.html,https://www.transfermarkt.com/irak/startseite/verein/3560,2026-06-12T04:09:50+00:00
Norway,Sander Tangvik,https://www.transfermarkt.com/sander-tangvik/profil/spieler/549378,12 | Sander Tangvik Goalkeeper |  | Sander Tangvik | Goalkeeper | 29/11/2002 (23) |  | €3.00m,Sander Tangvik,€3.00m,data/raw/20260612_130954_transfermarkt_Norway_national_team_30d44385cc9d.html,https://www.transfermarkt.com/norwegen/startseite/verein/3440,2026-06-12T04:09:53+00:00
Norway,Egil Selvik,https://www.transfermarkt.com/egil-selvik/profil/spieler/380744,13 | Egil Selvik Goalkeeper |  | Egil Selvik | Goalkeeper | 30/07/1997 (28) |  | €1.50m,Egil Selvik,€1.50m,data/raw/20260612_130954_transfermarkt_Norway_national_team_30d44385cc9d.html,https://www.transfermarkt.com/norwegen/startseite/verein/3440,2026-06-12T04:09:53+00:00
Norway,Ørjan Nyland,https://www.transfermarkt.com/orjan-nyland/profil/spieler/73517,1 | Ørjan Nyland Goalkeeper |  | Ørjan Nyland | Goalkeeper | 10/09/1990 (35) |  | €800k,Ørjan Nyland,€800k,data/raw/20260612_130954_transfermarkt_Norway_national_team_30d44385cc9d.html,https://www.transfermarkt.com/norwegen/startseite/verein/3440,2026-06-12T04:09:53+00:00
Norway,Kristoffer Ajer,https://www.transfermarkt.com/kristoffer-ajer/profil/spieler/328658,3 | Kristoffer Ajer Centre-Back |  | Kristoffer Ajer | Centre-Back | 17/04/1998 (28) |  | €18.00m,Kristoffer Ajer,€18.00m,data/raw/20260612_130954_transfermarkt_Norway_national_team_30d44385cc9d.html,https://www.transfermarkt.com/norwegen/startseite/verein/3440,2026-06-12T04:09:53+00:00
Norway,Leo Østigård,https://www.transfermarkt.com/leo-ostigard/profil/spieler/367284,4 | Leo Østigård Centre-Back |  | Leo Østigård | Centre-Back | 28/11/1999 (26) |  | €13.00m,Leo Østigård,€13.00m,data/raw/20260612_130954_transfermarkt_Norway_national_team_30d44385cc9d.html,https://www.transfermarkt.com/norwegen/startseite/verein/3440,2026-06-12T04:09:53+00:00
Norway,Torbjørn Heggem,https://www.transfermarkt.com/torbjorn-heggem/profil/spieler/464469,17 | Torbjørn Heggem Centre-Back |  | Torbjørn Heggem | Centre-Back | 12/01/1999 (27) |  | €13.00m,Torbjørn Heggem,€13.00m,data/raw/20260612_130954_transfermarkt_Norway_national_team_30d44385cc9d.html,https://www.transfermarkt.com/norwegen/startseite/verein/3440,2026-06-12T04:09:53+00:00
Norway,Henrik Falchener,https://www.transfermarkt.com/henrik-falchener/profil/spieler/743088,25 | Henrik Falchener Centre-Back |  | Henrik Falchener | Centre-Back | 08/05/2003 (23) |  | €6.00m,Henrik Falchener,€6.00m,data/raw/20260612_130954_transfermarkt_Norway_national_team_30d44385cc9d.html,https://www.transfermarkt.com/norwegen/startseite/verein/3440,2026-06-12T04:09:53+00:00
Norway,Sondre Langås,https://www.transfermarkt.com/sondre-langas/profil/spieler/737837,24 | Sondre Langås Centre-Back |  | Sondre Langås | Centre-Back | 02/02/2001 (25) |  | €4.00m,Sondre Langås,€4.00m,data/raw/20260612_130954_transfermarkt_Norway_national_team_30d44385cc9d.html,https://www.transfermarkt.com/norwegen/startseite/verein/3440,2026-06-12T04:09:53+00:00
Norway,David Møller Wolfe,https://www.transfermarkt.com/david-moller-wolfe/profil/spieler/661427,5 | David Møller Wolfe Left-Back |  | David Møller Wolfe | Left-Back | 23/04/2002 (24) |  | €8.00m,David Møller Wolfe,€8.00m,data/raw/20260612_130954_transfermarkt_Norway_national_team_30d44385cc9d.html,https://www.transfermarkt.com/norwegen/startseite/verein/3440,2026-06-12T04:09:53+00:00
Norway,Fredrik Bjørkan,https://www.transfermarkt.com/fredrik-bjorkan/profil/spieler/364938,15 | Fredrik Bjørkan Left-Back |  | Fredrik Bjørkan | Left-Back | 21/08/1998 (27) |  | €3.50m,Fredrik Bjørkan,€3.50m,data/raw/20260612_130954_transfermarkt_Norway_national_team_30d44385cc9d.html,https://www.transfermarkt.com/norwegen/startseite/verein/3440,2026-06-12T04:09:53+00:00
Norway,Julian Ryerson,https://www.transfermarkt.com/julian-ryerson/profil/spieler/370789,26 | Julian Ryerson Right-Back |  | Julian Ryerson | Right-Back | 17/11/1997 (28) |  | €25.00m,Julian Ryerson,€25.00m,data/raw/20260612_130954_transfermarkt_Norway_national_team_30d44385cc9d.html,https://www.transfermarkt.com/norwegen/startseite/verein/3440,2026-06-12T04:09:53+00:00
Norway,Marcus Pedersen,https://www.transfermarkt.com/marcus-pedersen/profil/spieler/583404,16 | Marcus Pedersen Right-Back |  | Marcus Pedersen | Right-Back | 16/07/2000 (25) |  | €3.50m,Marcus Pedersen,€3.50m,data/raw/20260612_130954_transfermarkt_Norway_national_team_30d44385cc9d.html,https://www.transfermarkt.com/norwegen/startseite/verein/3440,2026-06-12T04:09:53+00:00
Norway,Sander Berge,https://www.transfermarkt.com/sander-berge/profil/spieler/333014,8 | Sander Berge Defensive Midfield |  | Sander Berge | Defensive Midfield | 14/02/1998 (28) |  | €25.00m,Sander Berge,€25.00m,data/raw/20260612_130954_transfermarkt_Norway_national_team_30d44385cc9d.html,https://www.transfermarkt.com/norwegen/startseite/verein/3440,2026-06-12T04:09:53+00:00
Norway,Patrick Berg,https://www.transfermarkt.com/patrick-berg/profil/spieler/308439,6 | Patrick Berg Defensive Midfield |  | Patrick Berg | Defensive Midfield | 24/11/1997 (28) |  | €8.00m,Patrick Berg,€8.00m,data/raw/20260612_130954_transfermarkt_Norway_national_team_30d44385cc9d.html,https://www.transfermarkt.com/norwegen/startseite/verein/3440,2026-06-12T04:09:53+00:00
Norway,Fredrik Aursnes,https://www.transfermarkt.com/fredrik-aursnes/profil/spieler/223367,14 | Fredrik Aursnes Central Midfield |  | Fredrik Aursnes | Central Midfield | 10/12/1995 (30) |  | €15.00m,Fredrik Aursnes,€15.00m,data/raw/20260612_130954_transfermarkt_Norway_national_team_30d44385cc9d.html,https://www.transfermarkt.com/norwegen/startseite/verein/3440,2026-06-12T04:09:53+00:00
Norway,Kristian Thorstvedt,https://www.transfermarkt.com/kristian-thorstvedt/profil/spieler/564785,18 | Kristian Thorstvedt Central Midfield |  | Kristian Thorstvedt | Central Midfield | 13/03/1999 (27) |  | €12.00m,Kristian Thorstvedt,€12.00m,data/raw/20260612_130954_transfermarkt_Norway_national_team_30d44385cc9d.html,https://www.transfermarkt.com/norwegen/startseite/verein/3440,2026-06-12T04:09:53+00:00
Norway,Morten Thorsby,https://www.transfermarkt.com/morten-thorsby/profil/spieler/226524,2 | Morten Thorsby Central Midfield |  | Morten Thorsby | Central Midfield | 05/05/1996 (30) |  | €2.80m,Morten Thorsby,€2.80m,data/raw/20260612_130954_transfermarkt_Norway_national_team_30d44385cc9d.html,https://www.transfermarkt.com/norwegen/startseite/verein/3440,2026-06-12T04:09:53+00:00
Norway,Martin Ødegaard,https://www.transfermarkt.com/martin-odegaard/profil/spieler/316264,10 | Martin Ødegaard Attacking Midfield |  | Martin Ødegaard | Attacking Midfield | 17/12/1998 (27) |  | €65.00m,Martin Ødegaard,€65.00m,data/raw/20260612_130954_transfermarkt_Norway_national_team_30d44385cc9d.html,https://www.transfermarkt.com/norwegen/startseite/verein/3440,2026-06-12T04:09:53+00:00
Norway,Thelo Aasgaard,https://www.transfermarkt.com/thelo-aasgaard/profil/spieler/647384,19 | Thelo Aasgaard Attacking Midfield |  | Thelo Aasgaard | Attacking Midfield | 02/05/2002 (24) |  | €2.80m,Thelo Aasgaard,€2.80m,data/raw/20260612_130954_transfermarkt_Norway_national_team_30d44385cc9d.html,https://www.transfermarkt.com/norwegen/startseite/verein/3440,2026-06-12T04:09:53+00:00
Norway,Antonio Nusa,https://www.transfermarkt.com/antonio-nusa/profil/spieler/894914,20 | Antonio Nusa Left Winger |  | Antonio Nusa | Left Winger | 17/04/2005 (21) |  | €32.00m,Antonio Nusa,€32.00m,data/raw/20260612_130954_transfermarkt_Norway_national_team_30d44385cc9d.html,https://www.transfermarkt.com/norwegen/startseite/verein/3440,2026-06-12T04:09:53+00:00
Norway,Andreas Schjelderup,https://www.transfermarkt.com/andreas-schjelderup/profil/spieler/670103,21 | Andreas Schjelderup Left Winger |  | Andreas Schjelderup | Left Winger | 01/06/2004 (22) |  | €30.00m,Andreas Schjelderup,€30.00m,data/raw/20260612_130954_transfermarkt_Norway_national_team_30d44385cc9d.html,https://www.transfermarkt.com/norwegen/startseite/verein/3440,2026-06-12T04:09:53+00:00
Norway,Jens Petter Hauge,https://www.transfermarkt.com/jens-petter-hauge/profil/spieler/422355,23 | Jens Petter Hauge Left Winger |  | Jens Petter Hauge | Left Winger | 12/10/1999 (26) |  | €12.00m,Jens Petter Hauge,€12.00m,data/raw/20260612_130954_transfermarkt_Norway_national_team_30d44385cc9d.html,https://www.transfermarkt.com/norwegen/startseite/verein/3440,2026-06-12T04:09:53+00:00
Norway,Oscar Bobb,https://www.transfermarkt.com/oscar-bobb/profil/spieler/661207,22 | Oscar Bobb Right Winger |  | Oscar Bobb | Right Winger | 12/07/2003 (22) |  | €28.00m,Oscar Bobb,€28.00m,data/raw/20260612_130954_transfermarkt_Norway_national_team_30d44385cc9d.html,https://www.transfermarkt.com/norwegen/startseite/verein/3440,2026-06-12T04:09:53+00:00
Norway,Erling Haaland,https://www.transfermarkt.com/erling-haaland/profil/spieler/418560,9 | Erling Haaland Centre-Forward |  | Erling Haaland | Centre-Forward | 21/07/2000 (25) |  | €200.00m,Erling Haaland,€200.00m,data/raw/20260612_130954_transfermarkt_Norway_national_team_30d44385cc9d.html,https://www.transfermarkt.com/norwegen/startseite/verein/3440,2026-06-12T04:09:53+00:00
Norway,Jørgen Strand Larsen,https://www.transfermarkt.com/jorgen-strand-larsen/profil/spieler/429983,11 | Jørgen Strand Larsen Centre-Forward |  | Jørgen Strand Larsen | Centre-Forward | 06/02/2000 (26) |  | €40.00m,Jørgen Strand Larsen,€40.00m,data/raw/20260612_130954_transfermarkt_Norway_national_team_30d44385cc9d.html,https://www.transfermarkt.com/norwegen/startseite/verein/3440,2026-06-12T04:09:53+00:00
Norway,Alexander Sørloth,https://www.transfermarkt.com/alexander-sorloth/profil/spieler/238407,7 | Alexander Sørloth Centre-Forward |  | Alexander Sørloth | Centre-Forward | 05/12/1995 (30) |  | €18.00m,Alexander Sørloth,€18.00m,data/raw/20260612_130954_transfermarkt_Norway_national_team_30d44385cc9d.html,https://www.transfermarkt.com/norwegen/startseite/verein/3440,2026-06-12T04:09:53+00:00
Argentina,Emiliano Martínez,https://www.transfermarkt.com/emiliano-martinez/profil/spieler/111873,23 | Emiliano Martínez Goalkeeper |  | Emiliano Martínez | Goalkeeper | 02/09/1992 (33) |  | €12.00m,Emiliano Martínez,€12.00m,data/raw/20260612_130957_transfermarkt_Argentina_national_team_19b2bdd41665.html,https://www.transfermarkt.com/argentinien/startseite/verein/3437,2026-06-12T04:09:57+00:00
Argentina,Gerónimo Rulli,https://www.transfermarkt.com/geronimo-rulli/profil/spieler/229604,12 | Gerónimo Rulli Goalkeeper |  | Gerónimo Rulli | Goalkeeper | 20/05/1992 (34) |  | €6.00m,Gerónimo Rulli,€6.00m,data/raw/20260612_130957_transfermarkt_Argentina_national_team_19b2bdd41665.html,https://www.transfermarkt.com/argentinien/startseite/verein/3437,2026-06-12T04:09:57+00:00
Argentina,Juan Musso,https://www.transfermarkt.com/juan-musso/profil/spieler/242359,1 | Juan Musso Goalkeeper |  | Juan Musso | Goalkeeper | 06/05/1994 (32) |  | €3.00m,Juan Musso,€3.00m,data/raw/20260612_130957_transfermarkt_Argentina_national_team_19b2bdd41665.html,https://www.transfermarkt.com/argentinien/startseite/verein/3437,2026-06-12T04:09:57+00:00
Argentina,Cristian Romero,https://www.transfermarkt.com/cristian-romero/profil/spieler/355915,13 | Cristian Romero Centre-Back |  | Cristian Romero | Centre-Back | 27/04/1998 (28) |  | €45.00m,Cristian Romero,€45.00m,data/raw/20260612_130957_transfermarkt_Argentina_national_team_19b2bdd41665.html,https://www.transfermarkt.com/argentinien/startseite/verein/3437,2026-06-12T04:09:57+00:00
Argentina,Lisandro Martínez,https://www.transfermarkt.com/lisandro-martinez/profil/spieler/480762,6 | Lisandro Martínez Centre-Back |  | Lisandro Martínez | Centre-Back | 18/01/1998 (28) |  | €40.00m,Lisandro Martínez,€40.00m,data/raw/20260612_130957_transfermarkt_Argentina_national_team_19b2bdd41665.html,https://www.transfermarkt.com/argentinien/startseite/verein/3437,2026-06-12T04:09:57+00:00
Argentina,Marcos Senesi,https://www.transfermarkt.com/marcos-senesi/profil/spieler/469781,2 | Marcos Senesi Centre-Back |  | Marcos Senesi | Centre-Back | 10/05/1997 (29) |  | €25.00m,Marcos Senesi,€25.00m,data/raw/20260612_130957_transfermarkt_Argentina_national_team_19b2bdd41665.html,https://www.transfermarkt.com/argentinien/startseite/verein/3437,2026-06-12T04:09:57+00:00
Argentina,Facundo Medina,https://www.transfermarkt.com/facundo-medina/profil/spieler/474800,25 | Facundo Medina Centre-Back |  | Facundo Medina | Centre-Back | 28/05/1999 (27) |  | €18.00m,Facundo Medina,€18.00m,data/raw/20260612_130957_transfermarkt_Argentina_national_team_19b2bdd41665.html,https://www.transfermarkt.com/argentinien/startseite/verein/3437,2026-06-12T04:09:57+00:00
Argentina,Nicolás Otamendi,https://www.transfermarkt.com/nicolas-otamendi/profil/spieler/54781,19 | Nicolás Otamendi Centre-Back |  | Nicolás Otamendi | Centre-Back | 12/02/1988 (38) |  | €1.00m,Nicolás Otamendi,€1.00m,data/raw/20260612_130957_transfermarkt_Argentina_national_team_19b2bdd41665.html,https://www.transfermarkt.com/argentinien/startseite/verein/3437,2026-06-12T04:09:57+00:00
Argentina,Nicolás Tagliafico,https://www.transfermarkt.com/nicolas-tagliafico/profil/spieler/131225,3 | Nicolás Tagliafico Left-Back |  | Nicolás Tagliafico | Left-Back | 31/08/1992 (33) |  | €4.00m,Nicolás Tagliafico,€4.00m,data/raw/20260612_130957_transfermarkt_Argentina_national_team_19b2bdd41665.html,https://www.transfermarkt.com/argentinien/startseite/verein/3437,2026-06-12T04:09:57+00:00
Argentina,Nahuel Molina,https://www.transfermarkt.com/nahuel-molina/profil/spieler/424042,26 | Nahuel Molina Right-Back |  | Nahuel Molina | Right-Back | 06/04/1998 (28) |  | €15.00m,Nahuel Molina,€15.00m,data/raw/20260612_130957_transfermarkt_Argentina_national_team_19b2bdd41665.html,https://www.transfermarkt.com/argentinien/startseite/verein/3437,2026-06-12T04:09:57+00:00
Argentina,Gonzalo Montiel,https://www.transfermarkt.com/gonzalo-montiel/profil/spieler/402733,4 | Gonzalo Montiel Right-Back |  | Gonzalo Montiel | Right-Back | 01/01/1997 (29) |  | €4.50m,Gonzalo Montiel,€4.50m,data/raw/20260612_130957_transfermarkt_Argentina_national_team_19b2bdd41665.html,https://www.transfermarkt.com/argentinien/startseite/verein/3437,2026-06-12T04:09:57+00:00
Argentina,Leandro Paredes,https://www.transfermarkt.com/leandro-paredes/profil/spieler/166237,5 | Leandro Paredes Defensive Midfield |  | Leandro Paredes | Defensive Midfield | 29/06/1994 (31) |  | €5.00m,Leandro Paredes,€5.00m,data/raw/20260612_130957_transfermarkt_Argentina_national_team_19b2bdd41665.html,https://www.transfermarkt.com/argentinien/startseite/verein/3437,2026-06-12T04:09:57+00:00
Argentina,Enzo Fernández,https://www.transfermarkt.com/enzo-fernandez/profil/spieler/648195,24 | Enzo Fernández Central Midfield |  | Enzo Fernández | Central Midfield | 17/01/2001 (25) |  | €90.00m,Enzo Fernández,€90.00m,data/raw/20260612_130957_transfermarkt_Argentina_national_team_19b2bdd41665.html,https://www.transfermarkt.com/argentinien/startseite/verein/3437,2026-06-12T04:09:57+00:00
Argentina,Alexis Mac Allister,https://www.transfermarkt.com/alexis-mac-allister/profil/spieler/534033,20 | Alexis Mac Allister Central Midfield |  | Alexis Mac Allister | Central Midfield | 24/12/1998 (27) |  | €70.00m,Alexis Mac Allister,€70.00m,data/raw/20260612_130957_transfermarkt_Argentina_national_team_19b2bdd41665.html,https://www.transfermarkt.com/argentinien/startseite/verein/3437,2026-06-12T04:09:57+00:00
Argentina,Valentín Barco,https://www.transfermarkt.com/valentin-barco/profil/spieler/849410,8 | Valentín Barco Central Midfield |  | Valentín Barco | Central Midfield | 23/07/2004 (21) |  | €40.00m,Valentín Barco,€40.00m,data/raw/20260612_130957_transfermarkt_Argentina_national_team_19b2bdd41665.html,https://www.transfermarkt.com/argentinien/startseite/verein/3437,2026-06-12T04:09:57+00:00
Argentina,Exequiel Palacios,https://www.transfermarkt.com/exequiel-palacios/profil/spieler/401578,14 | Exequiel Palacios Central Midfield |  | Exequiel Palacios | Central Midfield | 05/10/1998 (27) |  | €25.00m,Exequiel Palacios,€25.00m,data/raw/20260612_130957_transfermarkt_Argentina_national_team_19b2bdd41665.html,https://www.transfermarkt.com/argentinien/startseite/verein/3437,2026-06-12T04:09:57+00:00
Argentina,Rodrigo De Paul,https://www.transfermarkt.com/rodrigo-de-paul/profil/spieler/255901,7 | Rodrigo De Paul Central Midfield |  | Rodrigo De Paul | Central Midfield | 24/05/1994 (32) |  | €14.00m,Rodrigo De Paul,€14.00m,data/raw/20260612_130957_transfermarkt_Argentina_national_team_19b2bdd41665.html,https://www.transfermarkt.com/argentinien/startseite/verein/3437,2026-06-12T04:09:57+00:00
Argentina,Nico Paz,https://www.transfermarkt.com/nico-paz/profil/spieler/948294,18 | Nico Paz Attacking Midfield |  | Nico Paz | Attacking Midfield | 08/09/2004 (21) |  | €80.00m,Nico Paz,€80.00m,data/raw/20260612_130957_transfermarkt_Argentina_national_team_19b2bdd41665.html,https://www.transfermarkt.com/argentinien/startseite/verein/3437,2026-06-12T04:09:57+00:00
Argentina,Giovani Lo Celso,https://www.transfermarkt.com/giovani-lo-celso/profil/spieler/348795,11 | Giovani Lo Celso Attacking Midfield |  | Giovani Lo Celso | Attacking Midfield | 09/04/1996 (30) |  | €8.00m,Giovani Lo Celso,€8.00m,data/raw/20260612_130957_transfermarkt_Argentina_national_team_19b2bdd41665.html,https://www.transfermarkt.com/argentinien/startseite/verein/3437,2026-06-12T04:09:57+00:00
Argentina,Nico González,https://www.transfermarkt.com/nico-gonzalez/profil/spieler/486031,15 | Nico González Left Winger |  | Nico González | Left Winger | 06/04/1998 (28) |  | €22.00m,Nico González,€22.00m,data/raw/20260612_130957_transfermarkt_Argentina_national_team_19b2bdd41665.html,https://www.transfermarkt.com/argentinien/startseite/verein/3437,2026-06-12T04:09:57+00:00
Argentina,Thiago Almada,https://www.transfermarkt.com/thiago-almada/profil/spieler/576028,16 | Thiago Almada Left Winger |  | Thiago Almada | Left Winger | 26/04/2001 (25) |  | €15.00m,Thiago Almada,€15.00m,data/raw/20260612_130957_transfermarkt_Argentina_national_team_19b2bdd41665.html,https://www.transfermarkt.com/argentinien/startseite/verein/3437,2026-06-12T04:09:57+00:00
Argentina,Giuliano Simeone,https://www.transfermarkt.com/giuliano-simeone/profil/spieler/742201,17 | Giuliano Simeone Right Winger |  | Giuliano Simeone | Right Winger | 18/12/2002 (23) |  | €40.00m,Giuliano Simeone,€40.00m,data/raw/20260612_130957_transfermarkt_Argentina_national_team_19b2bdd41665.html,https://www.transfermarkt.com/argentinien/startseite/verein/3437,2026-06-12T04:09:57+00:00
Argentina,Lionel Messi,https://www.transfermarkt.com/lionel-messi/profil/spieler/28003,10 | Lionel Messi Right Winger |  | Lionel Messi | Right Winger | 24/06/1987 (38) |  | €15.00m,Lionel Messi,€15.00m,data/raw/20260612_130957_transfermarkt_Argentina_national_team_19b2bdd41665.html,https://www.transfermarkt.com/argentinien/startseite/verein/3437,2026-06-12T04:09:57+00:00
Argentina,Julián Alvarez,https://www.transfermarkt.com/julian-alvarez/profil/spieler/576024,9 | Julián Alvarez Centre-Forward |  | Julián Alvarez | Centre-Forward | 31/01/2000 (26) |  | €100.00m,Julián Alvarez,€100.00m,data/raw/20260612_130957_transfermarkt_Argentina_national_team_19b2bdd41665.html,https://www.transfermarkt.com/argentinien/startseite/verein/3437,2026-06-12T04:09:57+00:00
Argentina,Lautaro Martínez,https://www.transfermarkt.com/lautaro-martinez/profil/spieler/406625,22 | Lautaro Martínez Centre-Forward |  | Lautaro Martínez | Centre-Forward | 22/08/1997 (28) |  | €85.00m,Lautaro Martínez,€85.00m,data/raw/20260612_130957_transfermarkt_Argentina_national_team_19b2bdd41665.html,https://www.transfermarkt.com/argentinien/startseite/verein/3437,2026-06-12T04:09:57+00:00
Argentina,José Manuel López,https://www.transfermarkt.com/jose-manuel-lopez/profil/spieler/844797,21 | José Manuel López Centre-Forward |  | José Manuel López | Centre-Forward | 06/12/2000 (25) |  | €25.00m,José Manuel López,€25.00m,data/raw/20260612_130957_transfermarkt_Argentina_national_team_19b2bdd41665.html,https://www.transfermarkt.com/argentinien/startseite/verein/3437,2026-06-12T04:09:57+00:00
Algeria,Luca Zidane,https://www.transfermarkt.com/luca-zidane/profil/spieler/283489,23 | Luca Zidane Goalkeeper |  | Luca Zidane | Goalkeeper | 13/05/1998 (28) |  | €1.00m,Luca Zidane,€1.00m,data/raw/20260612_131001_transfermarkt_Algeria_national_team_c00a591eadfb.html,https://www.transfermarkt.com/algerien/startseite/verein/3614,2026-06-12T04:10:00+00:00
Algeria,Oussama Benbout,https://www.transfermarkt.com/oussama-benbout/profil/spieler/437982,16 | Oussama Benbout Goalkeeper |  | Oussama Benbout | Goalkeeper | 11/10/1994 (31) |  | €850k,Oussama Benbout,€850k,data/raw/20260612_131001_transfermarkt_Algeria_national_team_c00a591eadfb.html,https://www.transfermarkt.com/algerien/startseite/verein/3614,2026-06-12T04:10:00+00:00
Algeria,Melvin Mastil,https://www.transfermarkt.com/melvin-mastil/profil/spieler/534398,1 | Melvin Mastil Goalkeeper |  | Melvin Mastil | Goalkeeper | 19/02/2000 (26) |  | €250k,Melvin Mastil,€250k,data/raw/20260612_131001_transfermarkt_Algeria_national_team_c00a591eadfb.html,https://www.transfermarkt.com/algerien/startseite/verein/3614,2026-06-12T04:10:00+00:00
Algeria,Ramy Bensebaini,https://www.transfermarkt.com/ramy-bensebaini/profil/spieler/284732,21 | Ramy Bensebaini Centre-Back |  | Ramy Bensebaini | Centre-Back | 16/04/1995 (31) |  | €7.00m,Ramy Bensebaini,€7.00m,data/raw/20260612_131001_transfermarkt_Algeria_national_team_c00a591eadfb.html,https://www.transfermarkt.com/algerien/startseite/verein/3614,2026-06-12T04:10:00+00:00
Algeria,Samir Chergui,https://www.transfermarkt.com/samir-chergui/profil/spieler/668167,26 | Samir Chergui Centre-Back |  | Samir Chergui | Centre-Back | 06/02/1999 (27) |  | €3.00m,Samir Chergui,€3.00m,data/raw/20260612_131001_transfermarkt_Algeria_national_team_c00a591eadfb.html,https://www.transfermarkt.com/algerien/startseite/verein/3614,2026-06-12T04:10:00+00:00
Algeria,Zineddine Belaid,https://www.transfermarkt.com/zineddine-belaid/profil/spieler/625142,5 | Zineddine Belaid Centre-Back |  | Zineddine Belaid | Centre-Back | 20/03/1999 (27) |  | €1.80m,Zineddine Belaid,€1.80m,data/raw/20260612_131001_transfermarkt_Algeria_national_team_c00a591eadfb.html,https://www.transfermarkt.com/algerien/startseite/verein/3614,2026-06-12T04:10:00+00:00
Algeria,Mohamed Amine Tougai,https://www.transfermarkt.com/mohamed-amine-tougai/profil/spieler/592396,4 | Mohamed Amine Tougai Centre-Back |  | Mohamed Amine Tougai | Centre-Back | 22/01/2000 (26) |  | €1.30m,Mohamed Amine Tougai,€1.30m,data/raw/20260612_131001_transfermarkt_Algeria_national_team_c00a591eadfb.html,https://www.transfermarkt.com/algerien/startseite/verein/3614,2026-06-12T04:10:00+00:00
Algeria,Aïssa Mandi,https://www.transfermarkt.com/aissa-mandi/profil/spieler/80293,2 | Aïssa Mandi Centre-Back |  | Aïssa Mandi | Centre-Back | 22/10/1991 (34) |  | €1.00m,Aïssa Mandi,€1.00m,data/raw/20260612_131001_transfermarkt_Algeria_national_team_c00a591eadfb.html,https://www.transfermarkt.com/algerien/startseite/verein/3614,2026-06-12T04:10:00+00:00
Algeria,Achref Abada,https://www.transfermarkt.com/achref-abada/profil/spieler/949929,3 | Achref Abada Centre-Back |  | Achref Abada | Centre-Back | 15/06/1999 (26) |  | €1.00m,Achref Abada,€1.00m,data/raw/20260612_131001_transfermarkt_Algeria_national_team_c00a591eadfb.html,https://www.transfermarkt.com/algerien/startseite/verein/3614,2026-06-12T04:10:00+00:00
Algeria,Rayan Aït-Nouri,https://www.transfermarkt.com/rayan-ait-nouri/profil/spieler/578391,15 | Rayan Aït-Nouri Left-Back |  | Rayan Aït-Nouri | Left-Back | 06/06/2001 (25) |  | €40.00m,Rayan Aït-Nouri,€40.00m,data/raw/20260612_131001_transfermarkt_Algeria_national_team_c00a591eadfb.html,https://www.transfermarkt.com/algerien/startseite/verein/3614,2026-06-12T04:10:00+00:00
Algeria,Jaouen Hadjam,https://www.transfermarkt.com/jaouen-hadjam/profil/spieler/750903,13 | Jaouen Hadjam Left-Back |  | Jaouen Hadjam | Left-Back | 26/03/2003 (23) |  | €7.00m,Jaouen Hadjam,€7.00m,data/raw/20260612_131001_transfermarkt_Algeria_national_team_c00a591eadfb.html,https://www.transfermarkt.com/algerien/startseite/verein/3614,2026-06-12T04:10:00+00:00
Algeria,Rafik Belghali,https://www.transfermarkt.com/rafik-belghali/profil/spieler/864306,17 | Rafik Belghali Right-Back |  | Rafik Belghali | Right-Back | 07/06/2002 (24) |  | €7.00m,Rafik Belghali,€7.00m,data/raw/20260612_131001_transfermarkt_Algeria_national_team_c00a591eadfb.html,https://www.transfermarkt.com/algerien/startseite/verein/3614,2026-06-12T04:10:00+00:00
Algeria,Ramiz Zerrouki,https://www.transfermarkt.com/ramiz-zerrouki/profil/spieler/416660,6 | Ramiz Zerrouki Defensive Midfield |  | Ramiz Zerrouki | Defensive Midfield | 26/05/1998 (28) |  | €6.50m,Ramiz Zerrouki,€6.50m,data/raw/20260612_131001_transfermarkt_Algeria_national_team_c00a591eadfb.html,https://www.transfermarkt.com/algerien/startseite/verein/3614,2026-06-12T04:10:00+00:00
Algeria,Nabil Bentaleb,https://www.transfermarkt.com/nabil-bentaleb/profil/spieler/245537,19 | Nabil Bentaleb Defensive Midfield |  | Nabil Bentaleb | Defensive Midfield | 24/11/1994 (31) |  | €4.50m,Nabil Bentaleb,€4.50m,data/raw/20260612_131001_transfermarkt_Algeria_national_team_c00a591eadfb.html,https://www.transfermarkt.com/algerien/startseite/verein/3614,2026-06-12T04:10:00+00:00
Algeria,Hicham Boudaoui,https://www.transfermarkt.com/hicham-boudaoui/profil/spieler/560593,14 | Hicham Boudaoui Central Midfield |  | Hicham Boudaoui | Central Midfield | 23/09/1999 (26) |  | €12.00m,Hicham Boudaoui,€12.00m,data/raw/20260612_131001_transfermarkt_Algeria_national_team_c00a591eadfb.html,https://www.transfermarkt.com/algerien/startseite/verein/3614,2026-06-12T04:10:00+00:00
Algeria,Yassine Titraoui,https://www.transfermarkt.com/yassine-titraoui/profil/spieler/748445,24 | Yassine Titraoui Central Midfield |  | Yassine Titraoui | Central Midfield | 26/07/2003 (22) |  | €7.00m,Yassine Titraoui,€7.00m,data/raw/20260612_131001_transfermarkt_Algeria_national_team_c00a591eadfb.html,https://www.transfermarkt.com/algerien/startseite/verein/3614,2026-06-12T04:10:00+00:00
Algeria,Ibrahim Maza,https://www.transfermarkt.com/ibrahim-maza/profil/spieler/905011,22 | Ibrahim Maza Attacking Midfield |  | Ibrahim Maza | Attacking Midfield | 24/11/2005 (20) |  | €45.00m,Ibrahim Maza,€45.00m,data/raw/20260612_131001_transfermarkt_Algeria_national_team_c00a591eadfb.html,https://www.transfermarkt.com/algerien/startseite/verein/3614,2026-06-12T04:10:00+00:00
Algeria,Farès Chaïbi,https://www.transfermarkt.com/fares-chaibi/profil/spieler/855015,10 | Farès Chaïbi Attacking Midfield |  | Farès Chaïbi | Attacking Midfield | 28/11/2002 (23) |  | €15.00m,Farès Chaïbi,€15.00m,data/raw/20260612_131001_transfermarkt_Algeria_national_team_c00a591eadfb.html,https://www.transfermarkt.com/algerien/startseite/verein/3614,2026-06-12T04:10:00+00:00
Algeria,Houssem Aouar,https://www.transfermarkt.com/houssem-aouar/profil/spieler/395693,8 | Houssem Aouar Attacking Midfield |  | Houssem Aouar | Attacking Midfield | 30/06/1998 (27) |  | €8.00m,Houssem Aouar,€8.00m,data/raw/20260612_131001_transfermarkt_Algeria_national_team_c00a591eadfb.html,https://www.transfermarkt.com/algerien/startseite/verein/3614,2026-06-12T04:10:00+00:00
Algeria,Adil Boulbina,https://www.transfermarkt.com/adil-boulbina/profil/spieler/748443,20 | Adil Boulbina Left Winger |  | Adil Boulbina | Left Winger | 02/05/2003 (23) |  | €3.00m,Adil Boulbina,€3.00m,data/raw/20260612_131001_transfermarkt_Algeria_national_team_c00a591eadfb.html,https://www.transfermarkt.com/algerien/startseite/verein/3614,2026-06-12T04:10:00+00:00
Algeria,Anis Hadj Moussa,https://www.transfermarkt.com/anis-hadj-moussa/profil/spieler/917911,11 | Anis Hadj Moussa Right Winger |  | Anis Hadj Moussa | Right Winger | 11/02/2002 (24) |  | €23.00m,Anis Hadj Moussa,€23.00m,data/raw/20260612_131001_transfermarkt_Algeria_national_team_c00a591eadfb.html,https://www.transfermarkt.com/algerien/startseite/verein/3614,2026-06-12T04:10:00+00:00
Algeria,Farès Ghedjemis,https://www.transfermarkt.com/fares-ghedjemis/profil/spieler/888738,25 | Farès Ghedjemis Right Winger |  | Farès Ghedjemis | Right Winger | 06/09/2002 (23) |  | €7.50m,Farès Ghedjemis,€7.50m,data/raw/20260612_131001_transfermarkt_Algeria_national_team_c00a591eadfb.html,https://www.transfermarkt.com/algerien/startseite/verein/3614,2026-06-12T04:10:00+00:00
Algeria,Riyad Mahrez,https://www.transfermarkt.com/riyad-mahrez/profil/spieler/171424,7 | Riyad Mahrez Right Winger |  | Riyad Mahrez | Right Winger | 21/02/1991 (35) |  | €5.00m,Riyad Mahrez,€5.00m,data/raw/20260612_131001_transfermarkt_Algeria_national_team_c00a591eadfb.html,https://www.transfermarkt.com/algerien/startseite/verein/3614,2026-06-12T04:10:00+00:00
Algeria,Amine Gouiri,https://www.transfermarkt.com/amine-gouiri/profil/spieler/418659,9 | Amine Gouiri Centre-Forward |  | Amine Gouiri | Centre-Forward | 16/02/2000 (26) |  | €28.00m,Amine Gouiri,€28.00m,data/raw/20260612_131001_transfermarkt_Algeria_national_team_c00a591eadfb.html,https://www.transfermarkt.com/algerien/startseite/verein/3614,2026-06-12T04:10:00+00:00
Algeria,Mohamed Amoura,https://www.transfermarkt.com/mohamed-amoura/profil/spieler/746910,18 | Mohamed Amoura Centre-Forward |  | Mohamed Amoura | Centre-Forward | 09/05/2000 (26) |  | €20.00m,Mohamed Amoura,€20.00m,data/raw/20260612_131001_transfermarkt_Algeria_national_team_c00a591eadfb.html,https://www.transfermarkt.com/algerien/startseite/verein/3614,2026-06-12T04:10:00+00:00
Algeria,Nadhir Benbouali,https://www.transfermarkt.com/nadhir-benbouali/profil/spieler/840254,12 | Nadhir Benbouali Centre-Forward |  | Nadhir Benbouali | Centre-Forward | 17/04/2000 (26) |  | €1.20m,Nadhir Benbouali,€1.20m,data/raw/20260612_131001_transfermarkt_Algeria_national_team_c00a591eadfb.html,https://www.transfermarkt.com/algerien/startseite/verein/3614,2026-06-12T04:10:00+00:00
Austria,Florian Wiegele,https://www.transfermarkt.com/florian-wiegele/profil/spieler/393999,12 | Florian Wiegele Goalkeeper |  | Florian Wiegele | Goalkeeper | 21/03/2001 (25) |  | €2.20m,Florian Wiegele,€2.20m,data/raw/20260612_131006_transfermarkt_Austria_national_team_7370e4b94fef.html,https://www.transfermarkt.com/osterreich/startseite/verein/3383,2026-06-12T04:10:04+00:00
Austria,Patrick Pentz,https://www.transfermarkt.com/patrick-pentz/profil/spieler/223972,13 | Patrick Pentz Goalkeeper |  | Patrick Pentz | Goalkeeper | 02/01/1997 (29) |  | €2.20m,Patrick Pentz,€2.20m,data/raw/20260612_131006_transfermarkt_Austria_national_team_7370e4b94fef.html,https://www.transfermarkt.com/osterreich/startseite/verein/3383,2026-06-12T04:10:04+00:00
Austria,Alexander Schlager,https://www.transfermarkt.com/alexander-schlager/profil/spieler/186374,1 | Alexander Schlager Goalkeeper |  | Alexander Schlager | Goalkeeper | 01/02/1996 (30) |  | €2.00m,Alexander Schlager,€2.00m,data/raw/20260612_131006_transfermarkt_Austria_national_team_7370e4b94fef.html,https://www.transfermarkt.com/osterreich/startseite/verein/3383,2026-06-12T04:10:04+00:00
Austria,David Affengruber,https://www.transfermarkt.com/david-affengruber/profil/spieler/452483,2 | David Affengruber Centre-Back |  | David Affengruber | Centre-Back | 19/03/2001 (25) |  | €20.00m,David Affengruber,€20.00m,data/raw/20260612_131006_transfermarkt_Austria_national_team_7370e4b94fef.html,https://www.transfermarkt.com/osterreich/startseite/verein/3383,2026-06-12T04:10:04+00:00
Austria,Kevin Danso,https://www.transfermarkt.com/kevin-danso/profil/spieler/263236,3 | Kevin Danso Centre-Back |  | Kevin Danso | Centre-Back | 19/09/1998 (27) |  | €20.00m,Kevin Danso,€20.00m,data/raw/20260612_131006_transfermarkt_Austria_national_team_7370e4b94fef.html,https://www.transfermarkt.com/osterreich/startseite/verein/3383,2026-06-12T04:10:04+00:00
Austria,Philipp Lienhart,https://www.transfermarkt.com/philipp-lienhart/profil/spieler/225657,15 | Philipp Lienhart Centre-Back |  | Philipp Lienhart | Centre-Back | 11/07/1996 (29) |  | €10.00m,Philipp Lienhart,€10.00m,data/raw/20260612_131006_transfermarkt_Austria_national_team_7370e4b94fef.html,https://www.transfermarkt.com/osterreich/startseite/verein/3383,2026-06-12T04:10:04+00:00
Austria,Marco Friedl,https://www.transfermarkt.com/marco-friedl/profil/spieler/156990,23 | Marco Friedl Centre-Back |  | Marco Friedl | Centre-Back | 16/03/1998 (28) |  | €10.00m,Marco Friedl,€10.00m,data/raw/20260612_131006_transfermarkt_Austria_national_team_7370e4b94fef.html,https://www.transfermarkt.com/osterreich/startseite/verein/3383,2026-06-12T04:10:04+00:00
Austria,Stefan Posch,https://www.transfermarkt.com/stefan-posch/profil/spieler/223974,5 | Stefan Posch Centre-Back |  | Stefan Posch | Centre-Back | 14/05/1997 (29) |  | €6.00m,Stefan Posch,€6.00m,data/raw/20260612_131006_transfermarkt_Austria_national_team_7370e4b94fef.html,https://www.transfermarkt.com/osterreich/startseite/verein/3383,2026-06-12T04:10:04+00:00
Austria,Michael Svoboda,https://www.transfermarkt.com/michael-svoboda/profil/spieler/438961,25 | Michael Svoboda Centre-Back |  | Michael Svoboda | Centre-Back | 15/10/1998 (27) |  | €3.50m,Michael Svoboda,€3.50m,data/raw/20260612_131006_transfermarkt_Austria_national_team_7370e4b94fef.html,https://www.transfermarkt.com/osterreich/startseite/verein/3383,2026-06-12T04:10:04+00:00
Austria,David Alaba,https://www.transfermarkt.com/david-alaba/profil/spieler/59016,8 | David Alaba Centre-Back |  | David Alaba | Centre-Back | 24/06/1992 (33) |  | €3.00m,David Alaba,€3.00m,data/raw/20260612_131006_transfermarkt_Austria_national_team_7370e4b94fef.html,https://www.transfermarkt.com/osterreich/startseite/verein/3383,2026-06-12T04:10:04+00:00
Austria,Phillipp Mwene,https://www.transfermarkt.com/phillipp-mwene/profil/spieler/127573,16 | Phillipp Mwene Left-Back |  | Phillipp Mwene | Left-Back | 29/01/1994 (32) |  | €1.50m,Phillipp Mwene,€1.50m,data/raw/20260612_131006_transfermarkt_Austria_national_team_7370e4b94fef.html,https://www.transfermarkt.com/osterreich/startseite/verein/3383,2026-06-12T04:10:04+00:00
Austria,Konrad Laimer,https://www.transfermarkt.com/konrad-laimer/profil/spieler/223967,20 | Konrad Laimer Right-Back |  | Konrad Laimer | Right-Back | 27/05/1997 (29) |  | €32.00m,Konrad Laimer,€32.00m,data/raw/20260612_131006_transfermarkt_Austria_national_team_7370e4b94fef.html,https://www.transfermarkt.com/osterreich/startseite/verein/3383,2026-06-12T04:10:04+00:00
Austria,Nicolas Seiwald,https://www.transfermarkt.com/nicolas-seiwald/profil/spieler/404950,6 | Nicolas Seiwald Defensive Midfield |  | Nicolas Seiwald | Defensive Midfield | 04/05/2001 (25) |  | €25.00m,Nicolas Seiwald,€25.00m,data/raw/20260612_131006_transfermarkt_Austria_national_team_7370e4b94fef.html,https://www.transfermarkt.com/osterreich/startseite/verein/3383,2026-06-12T04:10:04+00:00
Austria,Dejan Ljubicic,https://www.transfermarkt.com/dejan-ljubicic/profil/spieler/287188,14 | Dejan Ljubicic Defensive Midfield |  | Dejan Ljubicic | Defensive Midfield | 08/10/1997 (28) |  | €3.00m,Dejan Ljubicic,€3.00m,data/raw/20260612_131006_transfermarkt_Austria_national_team_7370e4b94fef.html,https://www.transfermarkt.com/osterreich/startseite/verein/3383,2026-06-12T04:10:04+00:00
Austria,Florian Grillitsch,https://www.transfermarkt.com/florian-grillitsch/profil/spieler/195736,10 | Florian Grillitsch Defensive Midfield |  | Florian Grillitsch | Defensive Midfield | 07/08/1995 (30) |  | €2.50m,Florian Grillitsch,€2.50m,data/raw/20260612_131006_transfermarkt_Austria_national_team_7370e4b94fef.html,https://www.transfermarkt.com/osterreich/startseite/verein/3383,2026-06-12T04:10:04+00:00
Austria,Paul Wanner,https://www.transfermarkt.com/paul-wanner/profil/spieler/900909,24 | Paul Wanner Central Midfield |  | Paul Wanner | Central Midfield | 23/12/2005 (20) |  | €22.00m,Paul Wanner,€22.00m,data/raw/20260612_131006_transfermarkt_Austria_national_team_7370e4b94fef.html,https://www.transfermarkt.com/osterreich/startseite/verein/3383,2026-06-12T04:10:04+00:00
Austria,Carney Chukwuemeka,https://www.transfermarkt.com/carney-chukwuemeka/profil/spieler/659459,17 | Carney Chukwuemeka Central Midfield |  | Carney Chukwuemeka | Central Midfield | 20/10/2003 (22) |  | €20.00m,Carney Chukwuemeka,€20.00m,data/raw/20260612_131006_transfermarkt_Austria_national_team_7370e4b94fef.html,https://www.transfermarkt.com/osterreich/startseite/verein/3383,2026-06-12T04:10:04+00:00
Austria,Xaver Schlager,https://www.transfermarkt.com/xaver-schlager/profil/spieler/223979,4 | Xaver Schlager Central Midfield |  | Xaver Schlager | Central Midfield | 28/09/1997 (28) |  | €10.00m,Xaver Schlager,€10.00m,data/raw/20260612_131006_transfermarkt_Austria_national_team_7370e4b94fef.html,https://www.transfermarkt.com/osterreich/startseite/verein/3383,2026-06-12T04:10:04+00:00
Austria,Marcel Sabitzer,https://www.transfermarkt.com/marcel-sabitzer/profil/spieler/106987,9 | Marcel Sabitzer Central Midfield |  | Marcel Sabitzer | Central Midfield | 17/03/1994 (32) |  | €6.00m,Marcel Sabitzer,€6.00m,data/raw/20260612_131006_transfermarkt_Austria_national_team_7370e4b94fef.html,https://www.transfermarkt.com/osterreich/startseite/verein/3383,2026-06-12T04:10:04+00:00
Austria,Alessandro Schöpf,https://www.transfermarkt.com/alessandro-schopf/profil/spieler/118397,26 | Alessandro Schöpf Central Midfield |  | Alessandro Schöpf | Central Midfield | 07/02/1994 (32) |  | €800k,Alessandro Schöpf,€800k,data/raw/20260612_131006_transfermarkt_Austria_national_team_7370e4b94fef.html,https://www.transfermarkt.com/osterreich/startseite/verein/3383,2026-06-12T04:10:04+00:00
Austria,Alexander Prass,https://www.transfermarkt.com/alexander-prass/profil/spieler/434116,22 | Alexander Prass Left Midfield |  | Alexander Prass | Left Midfield | 26/05/2001 (25) |  | €9.00m,Alexander Prass,€9.00m,data/raw/20260612_131006_transfermarkt_Austria_national_team_7370e4b94fef.html,https://www.transfermarkt.com/osterreich/startseite/verein/3383,2026-06-12T04:10:04+00:00
Austria,Romano Schmid,https://www.transfermarkt.com/romano-schmid/profil/spieler/346853,18 | Romano Schmid Attacking Midfield |  | Romano Schmid | Attacking Midfield | 27/01/2000 (26) |  | €15.00m,Romano Schmid,€15.00m,data/raw/20260612_131006_transfermarkt_Austria_national_team_7370e4b94fef.html,https://www.transfermarkt.com/osterreich/startseite/verein/3383,2026-06-12T04:10:04+00:00
Austria,Patrick Wimmer,https://www.transfermarkt.com/patrick-wimmer/profil/spieler/533295,21 | Patrick Wimmer Right Winger |  | Patrick Wimmer | Right Winger | 30/05/2001 (25) |  | €12.00m,Patrick Wimmer,€12.00m,data/raw/20260612_131006_transfermarkt_Austria_national_team_7370e4b94fef.html,https://www.transfermarkt.com/osterreich/startseite/verein/3383,2026-06-12T04:10:04+00:00
Austria,Sasa Kalajdzic,https://www.transfermarkt.com/sasa-kalajdzic/profil/spieler/369567,14 | Sasa Kalajdzic Centre-Forward |  | Sasa Kalajdzic | Centre-Forward | 07/07/1997 (28) |  | €4.00m,Sasa Kalajdzic,€4.00m,data/raw/20260612_131006_transfermarkt_Austria_national_team_7370e4b94fef.html,https://www.transfermarkt.com/osterreich/startseite/verein/3383,2026-06-12T04:10:04+00:00
Austria,Marko Arnautovic,https://www.transfermarkt.com/marko-arnautovic/profil/spieler/41384,7 | Marko Arnautovic Centre-Forward |  | Marko Arnautovic | Centre-Forward | 19/04/1989 (37) |  | €2.00m,Marko Arnautovic,€2.00m,data/raw/20260612_131006_transfermarkt_Austria_national_team_7370e4b94fef.html,https://www.transfermarkt.com/osterreich/startseite/verein/3383,2026-06-12T04:10:04+00:00
Austria,Michael Gregoritsch,https://www.transfermarkt.com/michael-gregoritsch/profil/spieler/120205,11 | Michael Gregoritsch Centre-Forward |  | Michael Gregoritsch | Centre-Forward | 18/04/1994 (32) |  | €1.50m,Michael Gregoritsch,€1.50m,data/raw/20260612_131006_transfermarkt_Austria_national_team_7370e4b94fef.html,https://www.transfermarkt.com/osterreich/startseite/verein/3383,2026-06-12T04:10:04+00:00
Jordan,Yazeed Abulaila,https://www.transfermarkt.com/yazeed-abulaila/profil/spieler/261850,1 | Yazeed Abulaila Goalkeeper |  | Yazeed Abulaila | Goalkeeper | 08/01/1993 (33) |  | €300k,Yazeed Abulaila,€300k,data/raw/20260612_131009_transfermarkt_Jordan_national_team_514f05496622.html,https://www.transfermarkt.com/jordanien/startseite/verein/15737,2026-06-12T04:10:09+00:00
Jordan,Noor Bane Ataya,https://www.transfermarkt.com/noor-bane-ataya/profil/spieler/261837,12 | Noor Bane Ataya Goalkeeper |  | Noor Bane Ataya | Goalkeeper | 25/01/1993 (33) |  | €250k,Noor Bane Ataya,€250k,data/raw/20260612_131009_transfermarkt_Jordan_national_team_514f05496622.html,https://www.transfermarkt.com/jordanien/startseite/verein/15737,2026-06-12T04:10:09+00:00
Jordan,Abdallah Al-Fakhouri,https://www.transfermarkt.com/abdallah-al-fakhouri/profil/spieler/658805,22 | Abdallah Al-Fakhouri Goalkeeper |  | Abdallah Al-Fakhouri | Goalkeeper | 22/01/2000 (26) |  | €250k,Abdallah Al-Fakhouri,€250k,data/raw/20260612_131009_transfermarkt_Jordan_national_team_514f05496622.html,https://www.transfermarkt.com/jordanien/startseite/verein/15737,2026-06-12T04:10:09+00:00
Jordan,Yazan Al-Arab,https://www.transfermarkt.com/yazan-al-arab/profil/spieler/539961,5 | Yazan Al-Arab Centre-Back |  | Yazan Al-Arab | Centre-Back | 31/01/1996 (30) |  | €1.00m,Yazan Al-Arab,€1.00m,data/raw/20260612_131009_transfermarkt_Jordan_national_team_514f05496622.html,https://www.transfermarkt.com/jordanien/startseite/verein/15737,2026-06-12T04:10:09+00:00
Jordan,Saed Al-Rousan,https://www.transfermarkt.com/saed-al-rousan/profil/spieler/561481,19 | Saed Al-Rousan Centre-Back |  | Saed Al-Rousan | Centre-Back | 01/02/1997 (29) |  | €450k,Saed Al-Rousan,€450k,data/raw/20260612_131009_transfermarkt_Jordan_national_team_514f05496622.html,https://www.transfermarkt.com/jordanien/startseite/verein/15737,2026-06-12T04:10:09+00:00
Jordan,Abdallah Nasib,https://www.transfermarkt.com/abdallah-nasib/profil/spieler/882197,3 | Abdallah Nasib Centre-Back |  | Abdallah Nasib | Centre-Back | 25/02/1994 (32) |  | €400k,Abdallah Nasib,€400k,data/raw/20260612_131009_transfermarkt_Jordan_national_team_514f05496622.html,https://www.transfermarkt.com/jordanien/startseite/verein/15737,2026-06-12T04:10:09+00:00
Jordan,Husam Abu Dahab,https://www.transfermarkt.com/husam-abu-dahab/profil/spieler/895291,4 | Husam Abu Dahab Centre-Back |  | Husam Abu Dahab | Centre-Back | 13/05/2000 (26) |  | €350k,Husam Abu Dahab,€350k,data/raw/20260612_131009_transfermarkt_Jordan_national_team_514f05496622.html,https://www.transfermarkt.com/jordanien/startseite/verein/15737,2026-06-12T04:10:09+00:00
Jordan,Mohammad Abualnadi,https://www.transfermarkt.com/mohammad-abualnadi/profil/spieler/658052,16 | Mohammad Abualnadi Centre-Back |  | Mohammad Abualnadi | Centre-Back | 08/02/2001 (25) |  | €350k,Mohammad Abualnadi,€350k,data/raw/20260612_131009_transfermarkt_Jordan_national_team_514f05496622.html,https://www.transfermarkt.com/jordanien/startseite/verein/15737,2026-06-12T04:10:09+00:00
Jordan,Saleem Obaid,https://www.transfermarkt.com/saleem-obaid/profil/spieler/658807,17 | Saleem Obaid Centre-Back |  | Saleem Obaid | Centre-Back | 17/01/1992 (34) |  | €100k,Saleem Obaid,€100k,data/raw/20260612_131009_transfermarkt_Jordan_national_team_514f05496622.html,https://www.transfermarkt.com/jordanien/startseite/verein/15737,2026-06-12T04:10:09+00:00
Jordan,Mohannad Abu Taha,https://www.transfermarkt.com/mohannad-abu-taha/profil/spieler/883111,20 | Mohannad Abu Taha Left-Back |  | Mohannad Abu Taha | Left-Back | 02/02/2003 (23) |  | €550k,Mohannad Abu Taha,€550k,data/raw/20260612_131009_transfermarkt_Jordan_national_team_514f05496622.html,https://www.transfermarkt.com/jordanien/startseite/verein/15737,2026-06-12T04:10:09+00:00
Jordan,Mohammad Abu Hasheesh,https://www.transfermarkt.com/mohammad-abu-hasheesh/profil/spieler/895249,2 | Mohammad Abu Hasheesh Left-Back |  | Mohammad Abu Hasheesh | Left-Back | 09/05/1995 (31) |  | €400k,Mohammad Abu Hasheesh,€400k,data/raw/20260612_131009_transfermarkt_Jordan_national_team_514f05496622.html,https://www.transfermarkt.com/jordanien/startseite/verein/15737,2026-06-12T04:10:09+00:00
Jordan,Mohammad Abu Ghoush,https://www.transfermarkt.com/mohammad-abu-ghoush/profil/spieler/1252806,18 | Mohammad Abu Ghoush Left-Back |  | Mohammad Abu Ghoush | Left-Back | 13/07/2005 (20) |  | €300k,Mohammad Abu Ghoush,€300k,data/raw/20260612_131009_transfermarkt_Jordan_national_team_514f05496622.html,https://www.transfermarkt.com/jordanien/startseite/verein/15737,2026-06-12T04:10:09+00:00
Jordan,Ehsan Haddad,https://www.transfermarkt.com/ehsan-haddad/profil/spieler/310943,23 | Ehsan Haddad Right-Back |  | Ehsan Haddad | Right-Back | 05/02/1994 (32) |  | €300k,Ehsan Haddad,€300k,data/raw/20260612_131009_transfermarkt_Jordan_national_team_514f05496622.html,https://www.transfermarkt.com/jordanien/startseite/verein/15737,2026-06-12T04:10:09+00:00
Jordan,Anas Badawi,https://www.transfermarkt.com/anas-badawi/profil/spieler/1378902,26 | Anas Badawi Right-Back |  | Anas Badawi | Right-Back | 13/09/1997 (28) |  | €200k,Anas Badawi,€200k,data/raw/20260612_131009_transfermarkt_Jordan_national_team_514f05496622.html,https://www.transfermarkt.com/jordanien/startseite/verein/15737,2026-06-12T04:10:09+00:00
Jordan,Nizar Al-Rashdan,https://www.transfermarkt.com/nizar-al-rashdan/profil/spieler/734751,21 | Nizar Al-Rashdan Defensive Midfield |  | Nizar Al-Rashdan | Defensive Midfield | 23/03/1999 (27) |  | €600k,Nizar Al-Rashdan,€600k,data/raw/20260612_131009_transfermarkt_Jordan_national_team_514f05496622.html,https://www.transfermarkt.com/jordanien/startseite/verein/15737,2026-06-12T04:10:09+00:00
Jordan,Amer Jamous,https://www.transfermarkt.com/amer-jamous/profil/spieler/744040,6 | Amer Jamous Central Midfield |  | Amer Jamous | Central Midfield | 03/07/2002 (23) |  | €500k,Amer Jamous,€500k,data/raw/20260612_131009_transfermarkt_Jordan_national_team_514f05496622.html,https://www.transfermarkt.com/jordanien/startseite/verein/15737,2026-06-12T04:10:09+00:00
Jordan,Noor Al-Rawabdeh,https://www.transfermarkt.com/noor-al-rawabdeh/profil/spieler/561485,8 | Noor Al-Rawabdeh Central Midfield |  | Noor Al-Rawabdeh | Central Midfield | 24/02/1997 (29) |  | €500k,Noor Al-Rawabdeh,€500k,data/raw/20260612_131009_transfermarkt_Jordan_national_team_514f05496622.html,https://www.transfermarkt.com/jordanien/startseite/verein/15737,2026-06-12T04:10:09+00:00
Jordan,Ibrahim Saadeh,https://www.transfermarkt.com/ibrahim-saadeh/profil/spieler/709974,15 | Ibrahim Saadeh Central Midfield |  | Ibrahim Saadeh | Central Midfield | 27/04/2000 (26) |  | €500k,Ibrahim Saadeh,€500k,data/raw/20260612_131009_transfermarkt_Jordan_national_team_514f05496622.html,https://www.transfermarkt.com/jordanien/startseite/verein/15737,2026-06-12T04:10:09+00:00
Jordan,Rajaei Ayed,https://www.transfermarkt.com/rajaei-ayed/profil/spieler/261842,14 | Rajaei Ayed Central Midfield |  | Rajaei Ayed | Central Midfield | 25/07/1993 (32) |  | €325k,Rajaei Ayed,€325k,data/raw/20260612_131009_transfermarkt_Jordan_national_team_514f05496622.html,https://www.transfermarkt.com/jordanien/startseite/verein/15737,2026-06-12T04:10:09+00:00
Jordan,Mohammad Al-Dawoud,https://www.transfermarkt.com/mohammad-al-dawoud/profil/spieler/310801,25 | Mohammad Al-Dawoud Central Midfield |  | Mohammad Al-Dawoud | Central Midfield | 04/12/1992 (33) |  | €150k,Mohammad Al-Dawoud,€150k,data/raw/20260612_131009_transfermarkt_Jordan_national_team_514f05496622.html,https://www.transfermarkt.com/jordanien/startseite/verein/15737,2026-06-12T04:10:09+00:00
Jordan,Odeh Fakhoury,https://www.transfermarkt.com/odeh-fakhoury/profil/spieler/1252820,11 | Odeh Fakhoury Left Winger |  | Odeh Fakhoury | Left Winger | 20/11/2005 (20) |  | €350k,Odeh Fakhoury,€350k,data/raw/20260612_131009_transfermarkt_Jordan_national_team_514f05496622.html,https://www.transfermarkt.com/jordanien/startseite/verein/15737,2026-06-12T04:10:09+00:00
Jordan,Mahmoud Al-Mardi,https://www.transfermarkt.com/mahmoud-al-mardi/profil/spieler/401086,13 | Mahmoud Al-Mardi Left Winger |  | Mahmoud Al-Mardi | Left Winger | 06/10/1993 (32) |  | €350k,Mahmoud Al-Mardi,€350k,data/raw/20260612_131009_transfermarkt_Jordan_national_team_514f05496622.html,https://www.transfermarkt.com/jordanien/startseite/verein/15737,2026-06-12T04:10:09+00:00
Jordan,Mousa Tamari,https://www.transfermarkt.com/mousa-tamari/profil/spieler/551505,10 | Mousa Tamari Right Winger |  | Mousa Tamari | Right Winger | 10/06/1997 (29) |  | €10.00m,Mousa Tamari,€10.00m,data/raw/20260612_131009_transfermarkt_Jordan_national_team_514f05496622.html,https://www.transfermarkt.com/jordanien/startseite/verein/15737,2026-06-12T04:10:09+00:00
Jordan,Shararh,https://www.transfermarkt.com/shararh/profil/spieler/677986,7 | Shararh Right Winger |  | Shararh | Right Winger | 30/12/1997 (28) |  | €700k,Shararh,€700k,data/raw/20260612_131009_transfermarkt_Jordan_national_team_514f05496622.html,https://www.transfermarkt.com/jordanien/startseite/verein/15737,2026-06-12T04:10:09+00:00
Jordan,Ali Azaizeh,https://www.transfermarkt.com/ali-azaizeh/profil/spieler/1059056,24 | Ali Azaizeh Right Winger |  | Ali Azaizeh | Right Winger | 13/04/2004 (22) |  | €325k,Ali Azaizeh,€325k,data/raw/20260612_131009_transfermarkt_Jordan_national_team_514f05496622.html,https://www.transfermarkt.com/jordanien/startseite/verein/15737,2026-06-12T04:10:09+00:00
Jordan,Ali Olwan,https://www.transfermarkt.com/ali-olwan/profil/spieler/664057,9 | Ali Olwan Centre-Forward |  | Ali Olwan | Centre-Forward | 26/03/2000 (26) |  | €800k,Ali Olwan,€800k,data/raw/20260612_131009_transfermarkt_Jordan_national_team_514f05496622.html,https://www.transfermarkt.com/jordanien/startseite/verein/15737,2026-06-12T04:10:09+00:00
Colombia,Álvaro Montero,https://www.transfermarkt.com/alvaro-montero/profil/spieler/292985,24 | Álvaro Montero Goalkeeper |  | Álvaro Montero | Goalkeeper | 29/03/1995 (31) |  | €2.50m,Álvaro Montero,€2.50m,data/raw/20260612_131014_transfermarkt_Colombia_national_team_0a7411655656.html,https://www.transfermarkt.com/kolumbien/startseite/verein/3816,2026-06-12T04:10:12+00:00
Colombia,Camilo Vargas,https://www.transfermarkt.com/camilo-vargas/profil/spieler/74113,12 | Camilo Vargas Goalkeeper |  | Camilo Vargas | Goalkeeper | 09/03/1989 (37) |  | €450k,Camilo Vargas,€450k,data/raw/20260612_131014_transfermarkt_Colombia_national_team_0a7411655656.html,https://www.transfermarkt.com/kolumbien/startseite/verein/3816,2026-06-12T04:10:12+00:00
Colombia,David Ospina,https://www.transfermarkt.com/david-ospina/profil/spieler/73396,1 | David Ospina Goalkeeper |  | David Ospina | Goalkeeper | 31/08/1988 (37) |  | €100k,David Ospina,€100k,data/raw/20260612_131014_transfermarkt_Colombia_national_team_0a7411655656.html,https://www.transfermarkt.com/kolumbien/startseite/verein/3816,2026-06-12T04:10:12+00:00
Colombia,Jhon Lucumí,https://www.transfermarkt.com/jhon-lucumi/profil/spieler/413565,3 | Jhon Lucumí Centre-Back |  | Jhon Lucumí | Centre-Back | 26/06/1998 (27) |  | €22.00m,Jhon Lucumí,€22.00m,data/raw/20260612_131014_transfermarkt_Colombia_national_team_0a7411655656.html,https://www.transfermarkt.com/kolumbien/startseite/verein/3816,2026-06-12T04:10:12+00:00
Colombia,Davinson Sánchez,https://www.transfermarkt.com/davinson-sanchez/profil/spieler/341429,23 | Davinson Sánchez Centre-Back |  | Davinson Sánchez | Centre-Back | 12/06/1996 (30) |  | €16.00m,Davinson Sánchez,€16.00m,data/raw/20260612_131014_transfermarkt_Colombia_national_team_0a7411655656.html,https://www.transfermarkt.com/kolumbien/startseite/verein/3816,2026-06-12T04:10:12+00:00
Colombia,Willer Ditta,https://www.transfermarkt.com/willer-ditta/profil/spieler/609255,18 | Willer Ditta Centre-Back |  | Willer Ditta | Centre-Back | 23/01/1998 (28) |  | €5.50m,Willer Ditta,€5.50m,data/raw/20260612_131014_transfermarkt_Colombia_national_team_0a7411655656.html,https://www.transfermarkt.com/kolumbien/startseite/verein/3816,2026-06-12T04:10:12+00:00
Colombia,Yerry Mina,https://www.transfermarkt.com/yerry-mina/profil/spieler/289446,13 | Yerry Mina Centre-Back |  | Yerry Mina | Centre-Back | 23/09/1994 (31) |  | €2.50m,Yerry Mina,€2.50m,data/raw/20260612_131014_transfermarkt_Colombia_national_team_0a7411655656.html,https://www.transfermarkt.com/kolumbien/startseite/verein/3816,2026-06-12T04:10:12+00:00
Colombia,Deiver Machado,https://www.transfermarkt.com/deiver-machado/profil/spieler/332560,22 | Deiver Machado Left-Back |  | Deiver Machado | Left-Back | 02/09/1993 (32) |  | €1.80m,Deiver Machado,€1.80m,data/raw/20260612_131014_transfermarkt_Colombia_national_team_0a7411655656.html,https://www.transfermarkt.com/kolumbien/startseite/verein/3816,2026-06-12T04:10:12+00:00
Colombia,Johan Mojica,https://www.transfermarkt.com/johan-mojica/profil/spieler/262939,17 | Johan Mojica Left-Back |  | Johan Mojica | Left-Back | 21/08/1992 (33) |  | €1.50m,Johan Mojica,€1.50m,data/raw/20260612_131014_transfermarkt_Colombia_national_team_0a7411655656.html,https://www.transfermarkt.com/kolumbien/startseite/verein/3816,2026-06-12T04:10:12+00:00
Colombia,Daniel Muñoz,https://www.transfermarkt.com/daniel-munoz/profil/spieler/493003,2 | Daniel Muñoz Right-Back |  | Daniel Muñoz | Right-Back | 26/05/1996 (30) |  | €22.00m,Daniel Muñoz,€22.00m,data/raw/20260612_131014_transfermarkt_Colombia_national_team_0a7411655656.html,https://www.transfermarkt.com/kolumbien/startseite/verein/3816,2026-06-12T04:10:12+00:00
Colombia,Santiago Arias,https://www.transfermarkt.com/santiago-arias/profil/spieler/120443,4 | Santiago Arias Right-Back |  | Santiago Arias | Right-Back | 13/01/1992 (34) |  | €1.20m,Santiago Arias,€1.20m,data/raw/20260612_131014_transfermarkt_Colombia_national_team_0a7411655656.html,https://www.transfermarkt.com/kolumbien/startseite/verein/3816,2026-06-12T04:10:12+00:00
Colombia,Richard Ríos,https://www.transfermarkt.com/richard-rios/profil/spieler/735573,6 | Richard Ríos Defensive Midfield |  | Richard Ríos | Defensive Midfield | 02/06/2000 (26) |  | €25.00m,Richard Ríos,€25.00m,data/raw/20260612_131014_transfermarkt_Colombia_national_team_0a7411655656.html,https://www.transfermarkt.com/kolumbien/startseite/verein/3816,2026-06-12T04:10:12+00:00
Colombia,Jefferson Lerma,https://www.transfermarkt.com/jefferson-lerma/profil/spieler/262980,16 | Jefferson Lerma Defensive Midfield |  | Jefferson Lerma | Defensive Midfield | 25/10/1994 (31) |  | €6.00m,Jefferson Lerma,€6.00m,data/raw/20260612_131014_transfermarkt_Colombia_national_team_0a7411655656.html,https://www.transfermarkt.com/kolumbien/startseite/verein/3816,2026-06-12T04:10:12+00:00
Colombia,Kevin Castaño,https://www.transfermarkt.com/kevin-castano/profil/spieler/857948,5 | Kevin Castaño Defensive Midfield |  | Kevin Castaño | Defensive Midfield | 29/09/2000 (25) |  | €5.00m,Kevin Castaño,€5.00m,data/raw/20260612_131014_transfermarkt_Colombia_national_team_0a7411655656.html,https://www.transfermarkt.com/kolumbien/startseite/verein/3816,2026-06-12T04:10:12+00:00
Colombia,Gustavo Puerta,https://www.transfermarkt.com/gustavo-puerta/profil/spieler/936981,14 | Gustavo Puerta Central Midfield |  | Gustavo Puerta | Central Midfield | 23/07/2003 (22) |  | €10.00m,Gustavo Puerta,€10.00m,data/raw/20260612_131014_transfermarkt_Colombia_national_team_0a7411655656.html,https://www.transfermarkt.com/kolumbien/startseite/verein/3816,2026-06-12T04:10:12+00:00
Colombia,Juan Portilla,https://www.transfermarkt.com/juan-portilla/profil/spieler/585747,15 | Juan Portilla Central Midfield |  | Juan Portilla | Central Midfield | 12/09/1998 (27) |  | €5.00m,Juan Portilla,€5.00m,data/raw/20260612_131014_transfermarkt_Colombia_national_team_0a7411655656.html,https://www.transfermarkt.com/kolumbien/startseite/verein/3816,2026-06-12T04:10:12+00:00
Colombia,Jorge Carrascal,https://www.transfermarkt.com/jorge-carrascal/profil/spieler/354145,8 | Jorge Carrascal Attacking Midfield |  | Jorge Carrascal | Attacking Midfield | 25/05/1998 (28) |  | €13.00m,Jorge Carrascal,€13.00m,data/raw/20260612_131014_transfermarkt_Colombia_national_team_0a7411655656.html,https://www.transfermarkt.com/kolumbien/startseite/verein/3816,2026-06-12T04:10:12+00:00
Colombia,Juan Fernando Quintero,https://www.transfermarkt.com/juan-fernando-quintero/profil/spieler/122582,20 | Juan Fernando Quintero Attacking Midfield |  | Juan Fernando Quintero | Attacking Midfield | 18/01/1993 (33) |  | €1.80m,Juan Fernando Quintero,€1.80m,data/raw/20260612_131014_transfermarkt_Colombia_national_team_0a7411655656.html,https://www.transfermarkt.com/kolumbien/startseite/verein/3816,2026-06-12T04:10:12+00:00
Colombia,James Rodríguez,https://www.transfermarkt.com/james-rodriguez/profil/spieler/88103,10 | James Rodríguez Attacking Midfield |  | James Rodríguez | Attacking Midfield | 12/07/1991 (34) |  | €1.50m,James Rodríguez,€1.50m,data/raw/20260612_131014_transfermarkt_Colombia_national_team_0a7411655656.html,https://www.transfermarkt.com/kolumbien/startseite/verein/3816,2026-06-12T04:10:12+00:00
Colombia,Luis Díaz,https://www.transfermarkt.com/luis-diaz/profil/spieler/480692,7 | Luis Díaz Left Winger |  | Luis Díaz | Left Winger | 13/01/1997 (29) |  | €70.00m,Luis Díaz,€70.00m,data/raw/20260612_131014_transfermarkt_Colombia_national_team_0a7411655656.html,https://www.transfermarkt.com/kolumbien/startseite/verein/3816,2026-06-12T04:10:12+00:00
Colombia,Andrés Gómez,https://www.transfermarkt.com/andres-gomez/profil/spieler/957461,26 | Andrés Gómez Left Winger |  | Andrés Gómez | Left Winger | 12/09/2002 (23) |  | €11.00m,Andrés Gómez,€11.00m,data/raw/20260612_131014_transfermarkt_Colombia_national_team_0a7411655656.html,https://www.transfermarkt.com/kolumbien/startseite/verein/3816,2026-06-12T04:10:12+00:00
Colombia,Jáminton Campaz,https://www.transfermarkt.com/jaminton-campaz/profil/spieler/491553,21 | Jáminton Campaz Left Winger |  | Jáminton Campaz | Left Winger | 24/05/2000 (26) |  | €5.50m,Jáminton Campaz,€5.50m,data/raw/20260612_131014_transfermarkt_Colombia_national_team_0a7411655656.html,https://www.transfermarkt.com/kolumbien/startseite/verein/3816,2026-06-12T04:10:12+00:00
Colombia,Jhon Arias,https://www.transfermarkt.com/jhon-arias/profil/spieler/588989,11 | Jhon Arias Right Winger |  | Jhon Arias | Right Winger | 21/09/1997 (28) |  | €15.00m,Jhon Arias,€15.00m,data/raw/20260612_131014_transfermarkt_Colombia_national_team_0a7411655656.html,https://www.transfermarkt.com/kolumbien/startseite/verein/3816,2026-06-12T04:10:12+00:00
Colombia,Luis Suárez,https://www.transfermarkt.com/luis-suarez/profil/spieler/424784,25 | Luis Suárez Centre-Forward |  | Luis Suárez | Centre-Forward | 02/12/1997 (28) |  | €30.00m,Luis Suárez,€30.00m,data/raw/20260612_131014_transfermarkt_Colombia_national_team_0a7411655656.html,https://www.transfermarkt.com/kolumbien/startseite/verein/3816,2026-06-12T04:10:12+00:00
Colombia,Cucho Hernández,https://www.transfermarkt.com/cucho-hernandez/profil/spieler/459463,19 | Cucho Hernández Centre-Forward |  | Cucho Hernández | Centre-Forward | 20/04/1999 (27) |  | €18.00m,Cucho Hernández,€18.00m,data/raw/20260612_131014_transfermarkt_Colombia_national_team_0a7411655656.html,https://www.transfermarkt.com/kolumbien/startseite/verein/3816,2026-06-12T04:10:12+00:00
Colombia,Jhon Córdoba,https://www.transfermarkt.com/jhon-cordoba/profil/spieler/185245,9 | Jhon Córdoba Centre-Forward |  | Jhon Córdoba | Centre-Forward | 11/05/1993 (33) |  | €10.00m,Jhon Córdoba,€10.00m,data/raw/20260612_131014_transfermarkt_Colombia_national_team_0a7411655656.html,https://www.transfermarkt.com/kolumbien/startseite/verein/3816,2026-06-12T04:10:12+00:00
DR Congo,Matthieu Epolo,https://www.transfermarkt.com/matthieu-epolo/profil/spieler/680218,21 | Matthieu Epolo Goalkeeper |  | Matthieu Epolo | Goalkeeper | 15/01/2005 (21) |  | €8.00m,Matthieu Epolo,€8.00m,data/raw/20260612_131018_transfermarkt_DR_Congo_national_team_cd6e496e7a6c.html,https://www.transfermarkt.com/demokratische-republik-kongo/startseite/verein/3854,2026-06-12T04:10:17+00:00
DR Congo,Timothy Fayulu,https://www.transfermarkt.com/timothy-fayulu/profil/spieler/541420,16 | Timothy Fayulu Goalkeeper |  | Timothy Fayulu | Goalkeeper | 24/07/1999 (26) |  | €800k,Timothy Fayulu,€800k,data/raw/20260612_131018_transfermarkt_DR_Congo_national_team_cd6e496e7a6c.html,https://www.transfermarkt.com/demokratische-republik-kongo/startseite/verein/3854,2026-06-12T04:10:17+00:00
DR Congo,Lionel Mpasi-Nzau,https://www.transfermarkt.com/lionel-mpasi-nzau/profil/spieler/164915,1 | Lionel Mpasi-Nzau Goalkeeper |  | Lionel Mpasi-Nzau | Goalkeeper | 01/08/1994 (31) |  | €400k,Lionel Mpasi-Nzau,€400k,data/raw/20260612_131018_transfermarkt_DR_Congo_national_team_cd6e496e7a6c.html,https://www.transfermarkt.com/demokratische-republik-kongo/startseite/verein/3854,2026-06-12T04:10:17+00:00
DR Congo,Axel Tuanzebe,https://www.transfermarkt.com/axel-tuanzebe/profil/spieler/342046,4 | Axel Tuanzebe Centre-Back |  | Axel Tuanzebe | Centre-Back | 14/11/1997 (28) |  | €5.00m,Axel Tuanzebe,€5.00m,data/raw/20260612_131018_transfermarkt_DR_Congo_national_team_cd6e496e7a6c.html,https://www.transfermarkt.com/demokratische-republik-kongo/startseite/verein/3854,2026-06-12T04:10:17+00:00
DR Congo,Steve Kapuadi,https://www.transfermarkt.com/steve-kapuadi/profil/spieler/679709,3 | Steve Kapuadi Centre-Back |  | Steve Kapuadi | Centre-Back | 30/04/1998 (28) |  | €2.50m,Steve Kapuadi,€2.50m,data/raw/20260612_131018_transfermarkt_DR_Congo_national_team_cd6e496e7a6c.html,https://www.transfermarkt.com/demokratische-republik-kongo/startseite/verein/3854,2026-06-12T04:10:17+00:00
DR Congo,Chancel Mbemba,https://www.transfermarkt.com/chancel-mbemba/profil/spieler/203348,22 | Chancel Mbemba Centre-Back |  | Chancel Mbemba | Centre-Back | 08/08/1994 (31) |  | €2.00m,Chancel Mbemba,€2.00m,data/raw/20260612_131018_transfermarkt_DR_Congo_national_team_cd6e496e7a6c.html,https://www.transfermarkt.com/demokratische-republik-kongo/startseite/verein/3854,2026-06-12T04:10:17+00:00
DR Congo,Dylan Batubinsika,https://www.transfermarkt.com/dylan-batubinsika/profil/spieler/289432,5 | Dylan Batubinsika Centre-Back |  | Dylan Batubinsika | Centre-Back | 15/02/1996 (30) |  | €600k,Dylan Batubinsika,€600k,data/raw/20260612_131018_transfermarkt_DR_Congo_national_team_cd6e496e7a6c.html,https://www.transfermarkt.com/demokratische-republik-kongo/startseite/verein/3854,2026-06-12T04:10:17+00:00
DR Congo,Joris Kayembe,https://www.transfermarkt.com/joris-kayembe/profil/spieler/129586,12 | Joris Kayembe Left-Back |  | Joris Kayembe | Left-Back | 08/08/1994 (31) |  | €2.00m,Joris Kayembe,€2.00m,data/raw/20260612_131018_transfermarkt_DR_Congo_national_team_cd6e496e7a6c.html,https://www.transfermarkt.com/demokratische-republik-kongo/startseite/verein/3854,2026-06-12T04:10:17+00:00
DR Congo,Arthur Masuaku,https://www.transfermarkt.com/arthur-masuaku/profil/spieler/181380,26 | Arthur Masuaku Left-Back |  | Arthur Masuaku | Left-Back | 07/11/1993 (32) |  | €2.00m,Arthur Masuaku,€2.00m,data/raw/20260612_131018_transfermarkt_DR_Congo_national_team_cd6e496e7a6c.html,https://www.transfermarkt.com/demokratische-republik-kongo/startseite/verein/3854,2026-06-12T04:10:17+00:00
DR Congo,Aaron Wan-Bissaka,https://www.transfermarkt.com/aaron-wan-bissaka/profil/spieler/477758,2 | Aaron Wan-Bissaka Right-Back |  | Aaron Wan-Bissaka | Right-Back | 26/11/1997 (28) |  | €15.00m,Aaron Wan-Bissaka,€15.00m,data/raw/20260612_131018_transfermarkt_DR_Congo_national_team_cd6e496e7a6c.html,https://www.transfermarkt.com/demokratische-republik-kongo/startseite/verein/3854,2026-06-12T04:10:17+00:00
DR Congo,Gédéon Kalulu,https://www.transfermarkt.com/gedeon-kalulu/profil/spieler/395685,24 | Gédéon Kalulu Right-Back |  | Gédéon Kalulu | Right-Back | 29/08/1997 (28) |  | €1.00m,Gédéon Kalulu,€1.00m,data/raw/20260612_131018_transfermarkt_DR_Congo_national_team_cd6e496e7a6c.html,https://www.transfermarkt.com/demokratische-republik-kongo/startseite/verein/3854,2026-06-12T04:10:17+00:00
DR Congo,Ngal'ayel Mukau,https://www.transfermarkt.com/ngalayel-mukau/profil/spieler/1016015,6 | Ngal'ayel Mukau Defensive Midfield |  | Ngal'ayel Mukau | Defensive Midfield | 03/11/2004 (21) |  | €15.00m,Ngal'ayel Mukau,€15.00m,data/raw/20260612_131018_transfermarkt_DR_Congo_national_team_cd6e496e7a6c.html,https://www.transfermarkt.com/demokratische-republik-kongo/startseite/verein/3854,2026-06-12T04:10:17+00:00
DR Congo,Charles Pickel,https://www.transfermarkt.com/charles-pickel/profil/spieler/243879,18 | Charles Pickel Defensive Midfield |  | Charles Pickel | Defensive Midfield | 15/05/1997 (29) |  | €2.50m,Charles Pickel,€2.50m,data/raw/20260612_131018_transfermarkt_DR_Congo_national_team_cd6e496e7a6c.html,https://www.transfermarkt.com/demokratische-republik-kongo/startseite/verein/3854,2026-06-12T04:10:17+00:00
DR Congo,Noah Sadiki,https://www.transfermarkt.com/noah-sadiki/profil/spieler/727089,14 | Noah Sadiki Central Midfield |  | Noah Sadiki | Central Midfield | 17/12/2004 (21) |  | €35.00m,Noah Sadiki,€35.00m,data/raw/20260612_131018_transfermarkt_DR_Congo_national_team_cd6e496e7a6c.html,https://www.transfermarkt.com/demokratische-republik-kongo/startseite/verein/3854,2026-06-12T04:10:17+00:00
DR Congo,Edo Kayembe,https://www.transfermarkt.com/edo-kayembe/profil/spieler/486477,25 | Edo Kayembe Central Midfield |  | Edo Kayembe | Central Midfield | 03/06/1998 (28) |  | €4.00m,Edo Kayembe,€4.00m,data/raw/20260612_131018_transfermarkt_DR_Congo_national_team_cd6e496e7a6c.html,https://www.transfermarkt.com/demokratische-republik-kongo/startseite/verein/3854,2026-06-12T04:10:17+00:00
DR Congo,Samuel Moutoussamy,https://www.transfermarkt.com/samuel-moutoussamy/profil/spieler/353403,8 | Samuel Moutoussamy Central Midfield |  | Samuel Moutoussamy | Central Midfield | 12/08/1996 (29) |  | €1.20m,Samuel Moutoussamy,€1.20m,data/raw/20260612_131018_transfermarkt_DR_Congo_national_team_cd6e496e7a6c.html,https://www.transfermarkt.com/demokratische-republik-kongo/startseite/verein/3854,2026-06-12T04:10:17+00:00
DR Congo,Aaron Tshibola,https://www.transfermarkt.com/aaron-tshibola/profil/spieler/243633,15 | Aaron Tshibola Central Midfield |  | Aaron Tshibola | Central Midfield | 02/01/1995 (31) |  | €150k,Aaron Tshibola,€150k,data/raw/20260612_131018_transfermarkt_DR_Congo_national_team_cd6e496e7a6c.html,https://www.transfermarkt.com/demokratische-republik-kongo/startseite/verein/3854,2026-06-12T04:10:17+00:00
DR Congo,Meschack Elia,https://www.transfermarkt.com/meschack-elia/profil/spieler/423678,13 | Meschack Elia Attacking Midfield |  | Meschack Elia | Attacking Midfield | 06/08/1997 (28) |  | €1.50m,Meschack Elia,€1.50m,data/raw/20260612_131018_transfermarkt_DR_Congo_national_team_cd6e496e7a6c.html,https://www.transfermarkt.com/demokratische-republik-kongo/startseite/verein/3854,2026-06-12T04:10:17+00:00
DR Congo,Gaël Kakuta,https://www.transfermarkt.com/gael-kakuta/profil/spieler/74297,11 | Gaël Kakuta Attacking Midfield |  | Gaël Kakuta | Attacking Midfield | 21/06/1991 (34) |  | €250k,Gaël Kakuta,€250k,data/raw/20260612_131018_transfermarkt_DR_Congo_national_team_cd6e496e7a6c.html,https://www.transfermarkt.com/demokratische-republik-kongo/startseite/verein/3854,2026-06-12T04:10:17+00:00
DR Congo,Nathanaël Mbuku,https://www.transfermarkt.com/nathanael-mbuku/profil/spieler/557614,7 | Nathanaël Mbuku Left Winger |  | Nathanaël Mbuku | Left Winger | 16/03/2002 (24) |  | €2.00m,Nathanaël Mbuku,€2.00m,data/raw/20260612_131018_transfermarkt_DR_Congo_national_team_cd6e496e7a6c.html,https://www.transfermarkt.com/demokratische-republik-kongo/startseite/verein/3854,2026-06-12T04:10:17+00:00
DR Congo,Brian Cipenga,https://www.transfermarkt.com/brian-cipenga/profil/spieler/700565,9 | Brian Cipenga Left Winger |  | Brian Cipenga | Left Winger | 11/03/1998 (28) |  | €2.00m,Brian Cipenga,€2.00m,data/raw/20260612_131018_transfermarkt_DR_Congo_national_team_cd6e496e7a6c.html,https://www.transfermarkt.com/demokratische-republik-kongo/startseite/verein/3854,2026-06-12T04:10:17+00:00
DR Congo,Théo Bongonda,https://www.transfermarkt.com/theo-bongonda/profil/spieler/280701,10 | Théo Bongonda Right Winger |  | Théo Bongonda | Right Winger | 20/11/1995 (30) |  | €3.00m,Théo Bongonda,€3.00m,data/raw/20260612_131018_transfermarkt_DR_Congo_national_team_cd6e496e7a6c.html,https://www.transfermarkt.com/demokratische-republik-kongo/startseite/verein/3854,2026-06-12T04:10:17+00:00
DR Congo,Yoane Wissa,https://www.transfermarkt.com/yoane-wissa/profil/spieler/388165,20 | Yoane Wissa Centre-Forward |  | Yoane Wissa | Centre-Forward | 03/09/1996 (29) |  | €25.00m,Yoane Wissa,€25.00m,data/raw/20260612_131018_transfermarkt_DR_Congo_national_team_cd6e496e7a6c.html,https://www.transfermarkt.com/demokratische-republik-kongo/startseite/verein/3854,2026-06-12T04:10:17+00:00
DR Congo,Simon Banza,https://www.transfermarkt.com/simon-banza/profil/spieler/344869,23 | Simon Banza Centre-Forward |  | Simon Banza | Centre-Forward | 13/08/1996 (29) |  | €10.00m,Simon Banza,€10.00m,data/raw/20260612_131018_transfermarkt_DR_Congo_national_team_cd6e496e7a6c.html,https://www.transfermarkt.com/demokratische-republik-kongo/startseite/verein/3854,2026-06-12T04:10:17+00:00
DR Congo,Fiston Mayele,https://www.transfermarkt.com/fiston-mayele/profil/spieler/727157,19 | Fiston Mayele Centre-Forward |  | Fiston Mayele | Centre-Forward | 24/06/1994 (31) |  | €1.80m,Fiston Mayele,€1.80m,data/raw/20260612_131018_transfermarkt_DR_Congo_national_team_cd6e496e7a6c.html,https://www.transfermarkt.com/demokratische-republik-kongo/startseite/verein/3854,2026-06-12T04:10:17+00:00
DR Congo,Cédric Bakambu,https://www.transfermarkt.com/cedric-bakambu/profil/spieler/127048,17 | Cédric Bakambu Centre-Forward |  | Cédric Bakambu | Centre-Forward | 11/04/1991 (35) |  | €1.20m,Cédric Bakambu,€1.20m,data/raw/20260612_131018_transfermarkt_DR_Congo_national_team_cd6e496e7a6c.html,https://www.transfermarkt.com/demokratische-republik-kongo/startseite/verein/3854,2026-06-12T04:10:17+00:00
Portugal,Diogo Costa,https://www.transfermarkt.com/diogo-costa/profil/spieler/357153,1 | Diogo Costa Goalkeeper |  | Diogo Costa | Goalkeeper | 19/09/1999 (26) |  | €40.00m,Diogo Costa,€40.00m,data/raw/20260612_131021_transfermarkt_Portugal_national_team_9cdd0e7fd488.html,https://www.transfermarkt.com/portugal/startseite/verein/3300,2026-06-12T04:10:21+00:00
Portugal,Rui Silva,https://www.transfermarkt.com/rui-silva/profil/spieler/234811,22 | Rui Silva Goalkeeper |  | Rui Silva | Goalkeeper | 07/02/1994 (32) |  | €7.00m,Rui Silva,€7.00m,data/raw/20260612_131021_transfermarkt_Portugal_national_team_9cdd0e7fd488.html,https://www.transfermarkt.com/portugal/startseite/verein/3300,2026-06-12T04:10:21+00:00
Portugal,José Sá,https://www.transfermarkt.com/jose-sa/profil/spieler/249994,12 | José Sá Goalkeeper |  | José Sá | Goalkeeper | 17/01/1993 (33) |  | €3.50m,José Sá,€3.50m,data/raw/20260612_131021_transfermarkt_Portugal_national_team_9cdd0e7fd488.html,https://www.transfermarkt.com/portugal/startseite/verein/3300,2026-06-12T04:10:21+00:00
Portugal,Rúben Dias,https://www.transfermarkt.com/ruben-dias/profil/spieler/258004,3 | Rúben Dias Centre-Back |  | Rúben Dias | Centre-Back | 14/05/1997 (29) |  | €55.00m,Rúben Dias,€55.00m,data/raw/20260612_131021_transfermarkt_Portugal_national_team_9cdd0e7fd488.html,https://www.transfermarkt.com/portugal/startseite/verein/3300,2026-06-12T04:10:21+00:00
Portugal,Gonçalo Inácio,https://www.transfermarkt.com/goncalo-inacio/profil/spieler/549006,14 | Gonçalo Inácio Centre-Back |  | Gonçalo Inácio | Centre-Back | 25/08/2001 (24) |  | €40.00m,Gonçalo Inácio,€40.00m,data/raw/20260612_131021_transfermarkt_Portugal_national_team_9cdd0e7fd488.html,https://www.transfermarkt.com/portugal/startseite/verein/3300,2026-06-12T04:10:21+00:00
Portugal,Tomás Araújo,https://www.transfermarkt.com/tomas-araujo/profil/spieler/504087,4 | Tomás Araújo Centre-Back |  | Tomás Araújo | Centre-Back | 16/05/2002 (24) |  | €30.00m,Tomás Araújo,€30.00m,data/raw/20260612_131021_transfermarkt_Portugal_national_team_9cdd0e7fd488.html,https://www.transfermarkt.com/portugal/startseite/verein/3300,2026-06-12T04:10:21+00:00
Portugal,Renato Veiga,https://www.transfermarkt.com/renato-veiga/profil/spieler/805714,13 | Renato Veiga Centre-Back |  | Renato Veiga | Centre-Back | 29/07/2003 (22) |  | €25.00m,Renato Veiga,€25.00m,data/raw/20260612_131021_transfermarkt_Portugal_national_team_9cdd0e7fd488.html,https://www.transfermarkt.com/portugal/startseite/verein/3300,2026-06-12T04:10:21+00:00
Portugal,Nuno Mendes,https://www.transfermarkt.com/nuno-mendes/profil/spieler/616341,25 | Nuno Mendes Left-Back |  | Nuno Mendes | Left-Back | 19/06/2002 (23) |  | €80.00m,Nuno Mendes,€80.00m,data/raw/20260612_131021_transfermarkt_Portugal_national_team_9cdd0e7fd488.html,https://www.transfermarkt.com/portugal/startseite/verein/3300,2026-06-12T04:10:21+00:00
Portugal,Matheus Nunes,https://www.transfermarkt.com/matheus-nunes/profil/spieler/601883,6 | Matheus Nunes Right-Back |  | Matheus Nunes | Right-Back | 27/08/1998 (27) |  | €50.00m,Matheus Nunes,€50.00m,data/raw/20260612_131021_transfermarkt_Portugal_national_team_9cdd0e7fd488.html,https://www.transfermarkt.com/portugal/startseite/verein/3300,2026-06-12T04:10:21+00:00
Portugal,Diogo Dalot,https://www.transfermarkt.com/diogo-dalot/profil/spieler/357147,5 | Diogo Dalot Right-Back |  | Diogo Dalot | Right-Back | 18/03/1999 (27) |  | €30.00m,Diogo Dalot,€30.00m,data/raw/20260612_131021_transfermarkt_Portugal_national_team_9cdd0e7fd488.html,https://www.transfermarkt.com/portugal/startseite/verein/3300,2026-06-12T04:10:21+00:00
Portugal,João Cancelo,https://www.transfermarkt.com/joao-cancelo/profil/spieler/182712,20 | João Cancelo Right-Back |  | João Cancelo | Right-Back | 27/05/1994 (32) |  | €8.00m,João Cancelo,€8.00m,data/raw/20260612_131021_transfermarkt_Portugal_national_team_9cdd0e7fd488.html,https://www.transfermarkt.com/portugal/startseite/verein/3300,2026-06-12T04:10:21+00:00
Portugal,Nélson Semedo,https://www.transfermarkt.com/nelson-semedo/profil/spieler/231572,2 | Nélson Semedo Right-Back |  | Nélson Semedo | Right-Back | 16/11/1993 (32) |  | €6.00m,Nélson Semedo,€6.00m,data/raw/20260612_131021_transfermarkt_Portugal_national_team_9cdd0e7fd488.html,https://www.transfermarkt.com/portugal/startseite/verein/3300,2026-06-12T04:10:21+00:00
Portugal,Vitinha,https://www.transfermarkt.com/vitinha/profil/spieler/487469,23 | Vitinha Defensive Midfield |  | Vitinha | Defensive Midfield | 13/02/2000 (26) |  | €140.00m,Vitinha,€140.00m,data/raw/20260612_131021_transfermarkt_Portugal_national_team_9cdd0e7fd488.html,https://www.transfermarkt.com/portugal/startseite/verein/3300,2026-06-12T04:10:21+00:00
Portugal,Rúben Neves,https://www.transfermarkt.com/ruben-neves/profil/spieler/225161,21 | Rúben Neves Defensive Midfield |  | Rúben Neves | Defensive Midfield | 13/03/1997 (29) |  | €25.00m,Rúben Neves,€25.00m,data/raw/20260612_131021_transfermarkt_Portugal_national_team_9cdd0e7fd488.html,https://www.transfermarkt.com/portugal/startseite/verein/3300,2026-06-12T04:10:21+00:00
Portugal,Samú Costa,https://www.transfermarkt.com/samu-costa/profil/spieler/657430,24 | Samú Costa Defensive Midfield |  | Samú Costa | Defensive Midfield | 27/11/2000 (25) |  | €15.00m,Samú Costa,€15.00m,data/raw/20260612_131021_transfermarkt_Portugal_national_team_9cdd0e7fd488.html,https://www.transfermarkt.com/portugal/startseite/verein/3300,2026-06-12T04:10:21+00:00
Portugal,João Neves,https://www.transfermarkt.com/joao-neves/profil/spieler/670681,15 | João Neves Central Midfield |  | João Neves | Central Midfield | 27/09/2004 (21) |  | €140.00m,João Neves,€140.00m,data/raw/20260612_131021_transfermarkt_Portugal_national_team_9cdd0e7fd488.html,https://www.transfermarkt.com/portugal/startseite/verein/3300,2026-06-12T04:10:21+00:00
Portugal,Francisco Trincão,https://www.transfermarkt.com/francisco-trincao/profil/spieler/412669,16 | Francisco Trincão Attacking Midfield |  | Francisco Trincão | Attacking Midfield | 29/12/1999 (26) |  | €40.00m,Francisco Trincão,€40.00m,data/raw/20260612_131021_transfermarkt_Portugal_national_team_9cdd0e7fd488.html,https://www.transfermarkt.com/portugal/startseite/verein/3300,2026-06-12T04:10:21+00:00
Portugal,Bruno Fernandes,https://www.transfermarkt.com/bruno-fernandes/profil/spieler/240306,8 | Bruno Fernandes Attacking Midfield |  | Bruno Fernandes | Attacking Midfield | 08/09/1994 (31) |  | €35.00m,Bruno Fernandes,€35.00m,data/raw/20260612_131021_transfermarkt_Portugal_national_team_9cdd0e7fd488.html,https://www.transfermarkt.com/portugal/startseite/verein/3300,2026-06-12T04:10:21+00:00
Portugal,Bernardo Silva,https://www.transfermarkt.com/bernardo-silva/profil/spieler/241641,10 | Bernardo Silva Attacking Midfield |  | Bernardo Silva | Attacking Midfield | 10/08/1994 (31) |  | €22.00m,Bernardo Silva,€22.00m,data/raw/20260612_131021_transfermarkt_Portugal_national_team_9cdd0e7fd488.html,https://www.transfermarkt.com/portugal/startseite/verein/3300,2026-06-12T04:10:21+00:00
Portugal,Rafael Leão,https://www.transfermarkt.com/rafael-leao/profil/spieler/357164,17 | Rafael Leão Left Winger |  | Rafael Leão | Left Winger | 10/06/1999 (27) |  | €50.00m,Rafael Leão,€50.00m,data/raw/20260612_131021_transfermarkt_Portugal_national_team_9cdd0e7fd488.html,https://www.transfermarkt.com/portugal/startseite/verein/3300,2026-06-12T04:10:21+00:00
Portugal,Gonçalo Guedes,https://www.transfermarkt.com/goncalo-guedes/profil/spieler/225122,19 | Gonçalo Guedes Left Winger |  | Gonçalo Guedes | Left Winger | 29/11/1996 (29) |  | €6.00m,Gonçalo Guedes,€6.00m,data/raw/20260612_131021_transfermarkt_Portugal_national_team_9cdd0e7fd488.html,https://www.transfermarkt.com/portugal/startseite/verein/3300,2026-06-12T04:10:21+00:00
Portugal,Pedro Neto,https://www.transfermarkt.com/pedro-neto/profil/spieler/487465,18 | Pedro Neto Right Winger |  | Pedro Neto | Right Winger | 09/03/2000 (26) |  | €60.00m,Pedro Neto,€60.00m,data/raw/20260612_131021_transfermarkt_Portugal_national_team_9cdd0e7fd488.html,https://www.transfermarkt.com/portugal/startseite/verein/3300,2026-06-12T04:10:21+00:00
Portugal,Francisco Conceição,https://www.transfermarkt.com/francisco-conceicao/profil/spieler/487474,26 | Francisco Conceição Right Winger |  | Francisco Conceição | Right Winger | 14/12/2002 (23) |  | €30.00m,Francisco Conceição,€30.00m,data/raw/20260612_131021_transfermarkt_Portugal_national_team_9cdd0e7fd488.html,https://www.transfermarkt.com/portugal/startseite/verein/3300,2026-06-12T04:10:21+00:00
Portugal,João Félix,https://www.transfermarkt.com/joao-felix/profil/spieler/462250,11 | João Félix Second Striker |  | João Félix | Second Striker | 10/11/1999 (26) |  | €28.00m,João Félix,€28.00m,data/raw/20260612_131021_transfermarkt_Portugal_national_team_9cdd0e7fd488.html,https://www.transfermarkt.com/portugal/startseite/verein/3300,2026-06-12T04:10:21+00:00
Portugal,Gonçalo Ramos,https://www.transfermarkt.com/goncalo-ramos/profil/spieler/550550,9 | Gonçalo Ramos Centre-Forward |  | Gonçalo Ramos | Centre-Forward | 20/06/2001 (24) |  | €30.00m,Gonçalo Ramos,€30.00m,data/raw/20260612_131021_transfermarkt_Portugal_national_team_9cdd0e7fd488.html,https://www.transfermarkt.com/portugal/startseite/verein/3300,2026-06-12T04:10:21+00:00
Portugal,Cristiano Ronaldo,https://www.transfermarkt.com/cristiano-ronaldo/profil/spieler/8198,7 | Cristiano Ronaldo Centre-Forward |  | Cristiano Ronaldo | Centre-Forward | 05/02/1985 (41) |  | €10.00m,Cristiano Ronaldo,€10.00m,data/raw/20260612_131021_transfermarkt_Portugal_national_team_9cdd0e7fd488.html,https://www.transfermarkt.com/portugal/startseite/verein/3300,2026-06-12T04:10:21+00:00
Uzbekistan,Abduvokhid Nematov,https://www.transfermarkt.com/abduvokhid-nematov/profil/spieler/527866,12 | Abduvokhid Nematov Goalkeeper |  | Abduvokhid Nematov | Goalkeeper | 20/03/2001 (25) |  | €1.50m,Abduvokhid Nematov,€1.50m,data/raw/20260612_131026_transfermarkt_Uzbekistan_national_team_e51c04d2e0ba.html,https://www.transfermarkt.com/usbekistan/startseite/verein/3563,2026-06-12T04:10:24+00:00
Uzbekistan,Utkir Yusupov,https://www.transfermarkt.com/utkir-yusupov/profil/spieler/311958,1 | Utkir Yusupov Goalkeeper |  | Utkir Yusupov | Goalkeeper | 04/01/1991 (35) |  | €500k,Utkir Yusupov,€500k,data/raw/20260612_131026_transfermarkt_Uzbekistan_national_team_e51c04d2e0ba.html,https://www.transfermarkt.com/usbekistan/startseite/verein/3563,2026-06-12T04:10:24+00:00
Uzbekistan,Botirali Ergashev,https://www.transfermarkt.com/botirali-ergashev/profil/spieler/312690,16 | Botirali Ergashev Goalkeeper |  | Botirali Ergashev | Goalkeeper | 23/06/1995 (30) |  | €500k,Botirali Ergashev,€500k,data/raw/20260612_131026_transfermarkt_Uzbekistan_national_team_e51c04d2e0ba.html,https://www.transfermarkt.com/usbekistan/startseite/verein/3563,2026-06-12T04:10:24+00:00
Uzbekistan,Abdukodir Khusanov,https://www.transfermarkt.com/abdukodir-khusanov/profil/spieler/763079,2 | Abdukodir Khusanov Centre-Back |  | Abdukodir Khusanov | Centre-Back | 29/02/2004 (22) |  | €50.00m,Abdukodir Khusanov,€50.00m,data/raw/20260612_131026_transfermarkt_Uzbekistan_national_team_e51c04d2e0ba.html,https://www.transfermarkt.com/usbekistan/startseite/verein/3563,2026-06-12T04:10:24+00:00
Uzbekistan,Rustam Ashurmatov,https://www.transfermarkt.com/rustam-ashurmatov/profil/spieler/288883,5 | Rustam Ashurmatov Centre-Back |  | Rustam Ashurmatov | Centre-Back | 07/07/1996 (29) |  | €750k,Rustam Ashurmatov,€750k,data/raw/20260612_131026_transfermarkt_Uzbekistan_national_team_e51c04d2e0ba.html,https://www.transfermarkt.com/usbekistan/startseite/verein/3563,2026-06-12T04:10:24+00:00
Uzbekistan,Jakhongir Urozov,https://www.transfermarkt.com/jakhongir-urozov/profil/spieler/989069,26 | Jakhongir Urozov Centre-Back |  | Jakhongir Urozov | Centre-Back | 18/01/2004 (22) |  | €600k,Jakhongir Urozov,€600k,data/raw/20260612_131026_transfermarkt_Uzbekistan_national_team_e51c04d2e0ba.html,https://www.transfermarkt.com/usbekistan/startseite/verein/3563,2026-06-12T04:10:24+00:00
Uzbekistan,Avazbek Ulmasaliev,https://www.transfermarkt.com/avazbek-ulmasaliev/profil/spieler/538764,25 | Avazbek Ulmasaliev Centre-Back |  | Avazbek Ulmasaliev | Centre-Back | 27/03/2000 (26) |  | €500k,Avazbek Ulmasaliev,€500k,data/raw/20260612_131026_transfermarkt_Uzbekistan_national_team_e51c04d2e0ba.html,https://www.transfermarkt.com/usbekistan/startseite/verein/3563,2026-06-12T04:10:24+00:00
Uzbekistan,Umar Eshmurodov,https://www.transfermarkt.com/umar-eshmurodov/profil/spieler/493725,15 | Umar Eshmurodov Centre-Back |  | Umar Eshmurodov | Centre-Back | 30/11/1992 (33) |  | €450k,Umar Eshmurodov,€450k,data/raw/20260612_131026_transfermarkt_Uzbekistan_national_team_e51c04d2e0ba.html,https://www.transfermarkt.com/usbekistan/startseite/verein/3563,2026-06-12T04:10:24+00:00
Uzbekistan,Sherzod Nasrullaev,https://www.transfermarkt.com/sherzod-nasrullaev/profil/spieler/608537,13 | Sherzod Nasrullaev Left-Back |  | Sherzod Nasrullaev | Left-Back | 23/07/1998 (27) |  | €1.20m,Sherzod Nasrullaev,€1.20m,data/raw/20260612_131026_transfermarkt_Uzbekistan_national_team_e51c04d2e0ba.html,https://www.transfermarkt.com/usbekistan/startseite/verein/3563,2026-06-12T04:10:24+00:00
Uzbekistan,Farrukh Sayfiev,https://www.transfermarkt.com/farrukh-sayfiev/profil/spieler/212499,4 | Farrukh Sayfiev Left-Back |  | Farrukh Sayfiev | Left-Back | 17/01/1991 (35) |  | €225k,Farrukh Sayfiev,€225k,data/raw/20260612_131026_transfermarkt_Uzbekistan_national_team_e51c04d2e0ba.html,https://www.transfermarkt.com/usbekistan/startseite/verein/3563,2026-06-12T04:10:24+00:00
Uzbekistan,Khozhiakbar Alizhonov,https://www.transfermarkt.com/khozhiakbar-alizhonov/profil/spieler/492558,3 | Khozhiakbar Alizhonov Right-Back |  | Khozhiakbar Alizhonov | Right-Back | 19/04/1997 (29) |  | €1.30m,Khozhiakbar Alizhonov,€1.30m,data/raw/20260612_131026_transfermarkt_Uzbekistan_national_team_e51c04d2e0ba.html,https://www.transfermarkt.com/usbekistan/startseite/verein/3563,2026-06-12T04:10:24+00:00
Uzbekistan,Bekhruz Karimov,https://www.transfermarkt.com/bekhruz-karimov/profil/spieler/1106187,24 | Bekhruz Karimov Right-Back |  | Bekhruz Karimov | Right-Back | 07/08/2007 (18) |  | €350k,Bekhruz Karimov,€350k,data/raw/20260612_131026_transfermarkt_Uzbekistan_national_team_e51c04d2e0ba.html,https://www.transfermarkt.com/usbekistan/startseite/verein/3563,2026-06-12T04:10:24+00:00
Uzbekistan,Odildzhon Khamrobekov,https://www.transfermarkt.com/odildzhon-khamrobekov/profil/spieler/288915,9 | Odildzhon Khamrobekov Defensive Midfield |  | Odildzhon Khamrobekov | Defensive Midfield | 13/02/1996 (30) |  | €1.00m,Odildzhon Khamrobekov,€1.00m,data/raw/20260612_131026_transfermarkt_Uzbekistan_national_team_e51c04d2e0ba.html,https://www.transfermarkt.com/usbekistan/startseite/verein/3563,2026-06-12T04:10:24+00:00
Uzbekistan,Abdulla Abdullaev,https://www.transfermarkt.com/abdulla-abdullaev/profil/spieler/570272,18 | Abdulla Abdullaev Defensive Midfield |  | Abdulla Abdullaev | Defensive Midfield | 01/09/1997 (28) |  | €500k,Abdulla Abdullaev,€500k,data/raw/20260612_131026_transfermarkt_Uzbekistan_national_team_e51c04d2e0ba.html,https://www.transfermarkt.com/usbekistan/startseite/verein/3563,2026-06-12T04:10:24+00:00
Uzbekistan,Aziz Ganiev,https://www.transfermarkt.com/aziz-ganiev/profil/spieler/431911,19 | Aziz Ganiev Central Midfield |  | Aziz Ganiev | Central Midfield | 22/02/1998 (28) |  | €2.00m,Aziz Ganiev,€2.00m,data/raw/20260612_131026_transfermarkt_Uzbekistan_national_team_e51c04d2e0ba.html,https://www.transfermarkt.com/usbekistan/startseite/verein/3563,2026-06-12T04:10:24+00:00
Uzbekistan,Otabek Shukurov,https://www.transfermarkt.com/otabek-shukurov/profil/spieler/294525,7 | Otabek Shukurov Central Midfield |  | Otabek Shukurov | Central Midfield | 22/06/1996 (29) |  | €1.50m,Otabek Shukurov,€1.50m,data/raw/20260612_131026_transfermarkt_Uzbekistan_national_team_e51c04d2e0ba.html,https://www.transfermarkt.com/usbekistan/startseite/verein/3563,2026-06-12T04:10:24+00:00
Uzbekistan,Akmal Mozgovoy,https://www.transfermarkt.com/akmal-mozgovoy/profil/spieler/562022,6 | Akmal Mozgovoy Central Midfield |  | Akmal Mozgovoy | Central Midfield | 02/04/1999 (27) |  | €1.40m,Akmal Mozgovoy,€1.40m,data/raw/20260612_131026_transfermarkt_Uzbekistan_national_team_e51c04d2e0ba.html,https://www.transfermarkt.com/usbekistan/startseite/verein/3563,2026-06-12T04:10:24+00:00
Uzbekistan,Sherzod Esanov,https://www.transfermarkt.com/sherzod-esanov/profil/spieler/989068,23 | Sherzod Esanov Central Midfield |  | Sherzod Esanov | Central Midfield | 01/02/2003 (23) |  | €450k,Sherzod Esanov,€450k,data/raw/20260612_131026_transfermarkt_Uzbekistan_national_team_e51c04d2e0ba.html,https://www.transfermarkt.com/usbekistan/startseite/verein/3563,2026-06-12T04:10:24+00:00
Uzbekistan,Jamshid Iskanderov,https://www.transfermarkt.com/jamshid-iskanderov/profil/spieler/260857,8 | Jamshid Iskanderov Attacking Midfield |  | Jamshid Iskanderov | Attacking Midfield | 16/10/1993 (32) |  | €1.00m,Jamshid Iskanderov,€1.00m,data/raw/20260612_131026_transfermarkt_Uzbekistan_national_team_e51c04d2e0ba.html,https://www.transfermarkt.com/usbekistan/startseite/verein/3563,2026-06-12T04:10:24+00:00
Uzbekistan,Oston Urunov,https://www.transfermarkt.com/oston-urunov/profil/spieler/492556,11 | Oston Urunov Left Winger |  | Oston Urunov | Left Winger | 19/12/2000 (25) |  | €2.00m,Oston Urunov,€2.00m,data/raw/20260612_131026_transfermarkt_Uzbekistan_national_team_e51c04d2e0ba.html,https://www.transfermarkt.com/usbekistan/startseite/verein/3563,2026-06-12T04:10:24+00:00
Uzbekistan,Jaloliddin Masharipov,https://www.transfermarkt.com/jaloliddin-masharipov/profil/spieler/274536,10 | Jaloliddin Masharipov Left Winger |  | Jaloliddin Masharipov | Left Winger | 01/09/1993 (32) |  | €1.00m,Jaloliddin Masharipov,€1.00m,data/raw/20260612_131026_transfermarkt_Uzbekistan_national_team_e51c04d2e0ba.html,https://www.transfermarkt.com/usbekistan/startseite/verein/3563,2026-06-12T04:10:24+00:00
Uzbekistan,Abbosbek Fayzullaev,https://www.transfermarkt.com/abbosbek-fayzullaev/profil/spieler/754037,22 | Abbosbek Fayzullaev Right Winger |  | Abbosbek Fayzullaev | Right Winger | 03/10/2003 (22) |  | €7.00m,Abbosbek Fayzullaev,€7.00m,data/raw/20260612_131026_transfermarkt_Uzbekistan_national_team_e51c04d2e0ba.html,https://www.transfermarkt.com/usbekistan/startseite/verein/3563,2026-06-12T04:10:24+00:00
Uzbekistan,Dostonbek Khamdamov,https://www.transfermarkt.com/dostonbek-khamdamov/profil/spieler/294502,17 | Dostonbek Khamdamov Right Winger |  | Dostonbek Khamdamov | Right Winger | 24/07/1996 (29) |  | €900k,Dostonbek Khamdamov,€900k,data/raw/20260612_131026_transfermarkt_Uzbekistan_national_team_e51c04d2e0ba.html,https://www.transfermarkt.com/usbekistan/startseite/verein/3563,2026-06-12T04:10:24+00:00
Uzbekistan,Eldor Shomurodov,https://www.transfermarkt.com/eldor-shomurodov/profil/spieler/358166,14 | Eldor Shomurodov Centre-Forward |  | Eldor Shomurodov | Centre-Forward | 29/06/1995 (30) |  | €7.00m,Eldor Shomurodov,€7.00m,data/raw/20260612_131026_transfermarkt_Uzbekistan_national_team_e51c04d2e0ba.html,https://www.transfermarkt.com/usbekistan/startseite/verein/3563,2026-06-12T04:10:24+00:00
Uzbekistan,Igor Sergeev,https://www.transfermarkt.com/igor-sergeev/profil/spieler/185372,21 | Igor Sergeev Centre-Forward |  | Igor Sergeev | Centre-Forward | 30/04/1993 (33) |  | €1.20m,Igor Sergeev,€1.20m,data/raw/20260612_131026_transfermarkt_Uzbekistan_national_team_e51c04d2e0ba.html,https://www.transfermarkt.com/usbekistan/startseite/verein/3563,2026-06-12T04:10:24+00:00
Uzbekistan,Azizbek Amanov,https://www.transfermarkt.com/azizbek-amanov/profil/spieler/517918,20 | Azizbek Amanov Centre-Forward |  | Azizbek Amanov | Centre-Forward | 30/10/1997 (28) |  | €500k,Azizbek Amanov,€500k,data/raw/20260612_131026_transfermarkt_Uzbekistan_national_team_e51c04d2e0ba.html,https://www.transfermarkt.com/usbekistan/startseite/verein/3563,2026-06-12T04:10:24+00:00
England,Dean Henderson,https://www.transfermarkt.com/dean-henderson/profil/spieler/258919,13 | Dean Henderson Goalkeeper |  | Dean Henderson | Goalkeeper | 12/03/1997 (29) |  | €28.00m,Dean Henderson,€28.00m,data/raw/20260612_131029_transfermarkt_England_national_team_7ce47d64e10b.html,https://www.transfermarkt.com/england/startseite/verein/3299,2026-06-12T04:10:29+00:00
England,James Trafford,https://www.transfermarkt.com/james-trafford/profil/spieler/566799,23 | James Trafford Goalkeeper |  | James Trafford | Goalkeeper | 10/10/2002 (23) |  | €25.00m,James Trafford,€25.00m,data/raw/20260612_131029_transfermarkt_England_national_team_7ce47d64e10b.html,https://www.transfermarkt.com/england/startseite/verein/3299,2026-06-12T04:10:29+00:00
England,Jordan Pickford,https://www.transfermarkt.com/jordan-pickford/profil/spieler/130164,1 | Jordan Pickford Goalkeeper |  | Jordan Pickford | Goalkeeper | 07/03/1994 (32) |  | €13.00m,Jordan Pickford,€13.00m,data/raw/20260612_131029_transfermarkt_England_national_team_7ce47d64e10b.html,https://www.transfermarkt.com/england/startseite/verein/3299,2026-06-12T04:10:29+00:00
England,Marc Guéhi,https://www.transfermarkt.com/marc-guehi/profil/spieler/392757,6 | Marc Guéhi Centre-Back |  | Marc Guéhi | Centre-Back | 13/07/2000 (25) |  | €70.00m,Marc Guéhi,€70.00m,data/raw/20260612_131029_transfermarkt_England_national_team_7ce47d64e10b.html,https://www.transfermarkt.com/england/startseite/verein/3299,2026-06-12T04:10:29+00:00
England,Jarell Quansah,https://www.transfermarkt.com/jarell-quansah/profil/spieler/632349,26 | Jarell Quansah Centre-Back |  | Jarell Quansah | Centre-Back | 29/01/2003 (23) |  | €45.00m,Jarell Quansah,€45.00m,data/raw/20260612_131029_transfermarkt_England_national_team_7ce47d64e10b.html,https://www.transfermarkt.com/england/startseite/verein/3299,2026-06-12T04:10:29+00:00
England,Ezri Konsa,https://www.transfermarkt.com/ezri-konsa/profil/spieler/413403,2 | Ezri Konsa Centre-Back |  | Ezri Konsa | Centre-Back | 23/10/1997 (28) |  | €40.00m,Ezri Konsa,€40.00m,data/raw/20260612_131029_transfermarkt_England_national_team_7ce47d64e10b.html,https://www.transfermarkt.com/england/startseite/verein/3299,2026-06-12T04:10:29+00:00
England,John Stones,https://www.transfermarkt.com/john-stones/profil/spieler/186590,5 | John Stones Centre-Back |  | John Stones | Centre-Back | 28/05/1994 (32) |  | €12.00m,John Stones,€12.00m,data/raw/20260612_131029_transfermarkt_England_national_team_7ce47d64e10b.html,https://www.transfermarkt.com/england/startseite/verein/3299,2026-06-12T04:10:29+00:00
England,Dan Burn,https://www.transfermarkt.com/dan-burn/profil/spieler/134270,15 | Dan Burn Centre-Back |  | Dan Burn | Centre-Back | 09/05/1992 (34) |  | €4.00m,Dan Burn,€4.00m,data/raw/20260612_131029_transfermarkt_England_national_team_7ce47d64e10b.html,https://www.transfermarkt.com/england/startseite/verein/3299,2026-06-12T04:10:29+00:00
England,Nico O'Reilly,https://www.transfermarkt.com/nico-oreilly/profil/spieler/743413,3 | Nico O'Reilly Left-Back |  | Nico O'Reilly | Left-Back | 21/03/2005 (21) |  | €70.00m,Nico O'Reilly,€70.00m,data/raw/20260612_131029_transfermarkt_England_national_team_7ce47d64e10b.html,https://www.transfermarkt.com/england/startseite/verein/3299,2026-06-12T04:10:29+00:00
England,Djed Spence,https://www.transfermarkt.com/djed-spence/profil/spieler/483348,25 | Djed Spence Left-Back |  | Djed Spence | Left-Back | 09/08/2000 (25) |  | €30.00m,Djed Spence,€30.00m,data/raw/20260612_131029_transfermarkt_England_national_team_7ce47d64e10b.html,https://www.transfermarkt.com/england/startseite/verein/3299,2026-06-12T04:10:29+00:00
England,Reece James,https://www.transfermarkt.com/reece-james/profil/spieler/472423,24 | Reece James Right-Back |  | Reece James | Right-Back | 08/12/1999 (26) |  | €60.00m,Reece James,€60.00m,data/raw/20260612_131029_transfermarkt_England_national_team_7ce47d64e10b.html,https://www.transfermarkt.com/england/startseite/verein/3299,2026-06-12T04:10:29+00:00
England,Tino Livramento,https://www.transfermarkt.com/tino-livramento/profil/spieler/503981,12 | Tino Livramento Right-Back |  | Tino Livramento | Right-Back | 12/11/2002 (23) |  | €45.00m,Tino Livramento,€45.00m,data/raw/20260612_131029_transfermarkt_England_national_team_7ce47d64e10b.html,https://www.transfermarkt.com/england/startseite/verein/3299,2026-06-12T04:10:29+00:00
England,Jordan Henderson,https://www.transfermarkt.com/jordan-henderson/profil/spieler/61651,14 | Jordan Henderson Defensive Midfield |  | Jordan Henderson | Defensive Midfield | 17/06/1990 (35) |  | €1.20m,Jordan Henderson,€1.20m,data/raw/20260612_131029_transfermarkt_England_national_team_7ce47d64e10b.html,https://www.transfermarkt.com/england/startseite/verein/3299,2026-06-12T04:10:29+00:00
England,Declan Rice,https://www.transfermarkt.com/declan-rice/profil/spieler/357662,4 | Declan Rice Central Midfield |  | Declan Rice | Central Midfield | 14/01/1999 (27) |  | €120.00m,Declan Rice,€120.00m,data/raw/20260612_131029_transfermarkt_England_national_team_7ce47d64e10b.html,https://www.transfermarkt.com/england/startseite/verein/3299,2026-06-12T04:10:29+00:00
England,Elliot Anderson,https://www.transfermarkt.com/elliot-anderson/profil/spieler/567576,8 | Elliot Anderson Central Midfield |  | Elliot Anderson | Central Midfield | 06/11/2002 (23) |  | €75.00m,Elliot Anderson,€75.00m,data/raw/20260612_131029_transfermarkt_England_national_team_7ce47d64e10b.html,https://www.transfermarkt.com/england/startseite/verein/3299,2026-06-12T04:10:29+00:00
England,Kobbie Mainoo,https://www.transfermarkt.com/kobbie-mainoo/profil/spieler/820374,16 | Kobbie Mainoo Central Midfield |  | Kobbie Mainoo | Central Midfield | 19/04/2005 (21) |  | €70.00m,Kobbie Mainoo,€70.00m,data/raw/20260612_131029_transfermarkt_England_national_team_7ce47d64e10b.html,https://www.transfermarkt.com/england/startseite/verein/3299,2026-06-12T04:10:29+00:00
England,Jude Bellingham,https://www.transfermarkt.com/jude-bellingham/profil/spieler/581678,10 | Jude Bellingham Attacking Midfield |  | Jude Bellingham | Attacking Midfield | 29/06/2003 (22) |  | €130.00m,Jude Bellingham,€130.00m,data/raw/20260612_131029_transfermarkt_England_national_team_7ce47d64e10b.html,https://www.transfermarkt.com/england/startseite/verein/3299,2026-06-12T04:10:29+00:00
England,Morgan Rogers,https://www.transfermarkt.com/morgan-rogers/profil/spieler/503743,17 | Morgan Rogers Attacking Midfield |  | Morgan Rogers | Attacking Midfield | 26/07/2002 (23) |  | €90.00m,Morgan Rogers,€90.00m,data/raw/20260612_131029_transfermarkt_England_national_team_7ce47d64e10b.html,https://www.transfermarkt.com/england/startseite/verein/3299,2026-06-12T04:10:29+00:00
England,Eberechi Eze,https://www.transfermarkt.com/eberechi-eze/profil/spieler/479999,21 | Eberechi Eze Attacking Midfield |  | Eberechi Eze | Attacking Midfield | 29/06/1998 (27) |  | €65.00m,Eberechi Eze,€65.00m,data/raw/20260612_131029_transfermarkt_England_national_team_7ce47d64e10b.html,https://www.transfermarkt.com/england/startseite/verein/3299,2026-06-12T04:10:29+00:00
England,Anthony Gordon,https://www.transfermarkt.com/anthony-gordon/profil/spieler/503733,18 | Anthony Gordon Left Winger |  | Anthony Gordon | Left Winger | 24/02/2001 (25) |  | €65.00m,Anthony Gordon,€65.00m,data/raw/20260612_131029_transfermarkt_England_national_team_7ce47d64e10b.html,https://www.transfermarkt.com/england/startseite/verein/3299,2026-06-12T04:10:29+00:00
England,Marcus Rashford,https://www.transfermarkt.com/marcus-rashford/profil/spieler/258923,11 | Marcus Rashford Left Winger |  | Marcus Rashford | Left Winger | 31/10/1997 (28) |  | €40.00m,Marcus Rashford,€40.00m,data/raw/20260612_131029_transfermarkt_England_national_team_7ce47d64e10b.html,https://www.transfermarkt.com/england/startseite/verein/3299,2026-06-12T04:10:29+00:00
England,Bukayo Saka,https://www.transfermarkt.com/bukayo-saka/profil/spieler/433177,7 | Bukayo Saka Right Winger |  | Bukayo Saka | Right Winger | 05/09/2001 (24) |  | €110.00m,Bukayo Saka,€110.00m,data/raw/20260612_131029_transfermarkt_England_national_team_7ce47d64e10b.html,https://www.transfermarkt.com/england/startseite/verein/3299,2026-06-12T04:10:29+00:00
England,Noni Madueke,https://www.transfermarkt.com/noni-madueke/profil/spieler/503987,20 | Noni Madueke Right Winger |  | Noni Madueke | Right Winger | 10/03/2002 (24) |  | €50.00m,Noni Madueke,€50.00m,data/raw/20260612_131029_transfermarkt_England_national_team_7ce47d64e10b.html,https://www.transfermarkt.com/england/startseite/verein/3299,2026-06-12T04:10:29+00:00
England,Harry Kane,https://www.transfermarkt.com/harry-kane/profil/spieler/132098,9 | Harry Kane Centre-Forward |  | Harry Kane | Centre-Forward | 28/07/1993 (32) |  | €60.00m,Harry Kane,€60.00m,data/raw/20260612_131029_transfermarkt_England_national_team_7ce47d64e10b.html,https://www.transfermarkt.com/england/startseite/verein/3299,2026-06-12T04:10:29+00:00
England,Ollie Watkins,https://www.transfermarkt.com/ollie-watkins/profil/spieler/324358,19 | Ollie Watkins Centre-Forward |  | Ollie Watkins | Centre-Forward | 30/12/1995 (30) |  | €25.00m,Ollie Watkins,€25.00m,data/raw/20260612_131029_transfermarkt_England_national_team_7ce47d64e10b.html,https://www.transfermarkt.com/england/startseite/verein/3299,2026-06-12T04:10:29+00:00
England,Ivan Toney,https://www.transfermarkt.com/ivan-toney/profil/spieler/251664,22 | Ivan Toney Centre-Forward |  | Ivan Toney | Centre-Forward | 16/03/1996 (30) |  | €20.00m,Ivan Toney,€20.00m,data/raw/20260612_131029_transfermarkt_England_national_team_7ce47d64e10b.html,https://www.transfermarkt.com/england/startseite/verein/3299,2026-06-12T04:10:29+00:00
Croatia,Dominik Kotarski,https://www.transfermarkt.com/dominik-kotarski/profil/spieler/370997,23 | Dominik Kotarski Goalkeeper |  | Dominik Kotarski | Goalkeeper | 10/02/2000 (26) |  | €5.00m,Dominik Kotarski,€5.00m,data/raw/20260612_131033_transfermarkt_Croatia_national_team_924e54e251a6.html,https://www.transfermarkt.com/kroatien/startseite/verein/3556,2026-06-12T04:10:32+00:00
Croatia,Ivor Pandur,https://www.transfermarkt.com/ivor-pandur/profil/spieler/371013,12 | Ivor Pandur Goalkeeper |  | Ivor Pandur | Goalkeeper | 25/03/2000 (26) |  | €4.50m,Ivor Pandur,€4.50m,data/raw/20260612_131033_transfermarkt_Croatia_national_team_924e54e251a6.html,https://www.transfermarkt.com/kroatien/startseite/verein/3556,2026-06-12T04:10:32+00:00
Croatia,Dominik Livakovic,https://www.transfermarkt.com/dominik-livakovic/profil/spieler/205927,1 | Dominik Livakovic Goalkeeper |  | Dominik Livakovic | Goalkeeper | 09/01/1995 (31) |  | €4.00m,Dominik Livakovic,€4.00m,data/raw/20260612_131033_transfermarkt_Croatia_national_team_924e54e251a6.html,https://www.transfermarkt.com/kroatien/startseite/verein/3556,2026-06-12T04:10:32+00:00
Croatia,Josko Gvardiol,https://www.transfermarkt.com/josko-gvardiol/profil/spieler/475959,4 | Josko Gvardiol Centre-Back |  | Josko Gvardiol | Centre-Back | 23/01/2002 (24) |  | €70.00m,Josko Gvardiol,€70.00m,data/raw/20260612_131033_transfermarkt_Croatia_national_team_924e54e251a6.html,https://www.transfermarkt.com/kroatien/startseite/verein/3556,2026-06-12T04:10:32+00:00
Croatia,Luka Vuskovic,https://www.transfermarkt.com/luka-vuskovic/profil/spieler/892160,22 | Luka Vuskovic Centre-Back |  | Luka Vuskovic | Centre-Back | 24/02/2007 (19) |  | €60.00m,Luka Vuskovic,€60.00m,data/raw/20260612_131033_transfermarkt_Croatia_national_team_924e54e251a6.html,https://www.transfermarkt.com/kroatien/startseite/verein/3556,2026-06-12T04:10:32+00:00
Croatia,Josip Sutalo,https://www.transfermarkt.com/josip-sutalo/profil/spieler/371001,6 | Josip Sutalo Centre-Back |  | Josip Sutalo | Centre-Back | 28/02/2000 (26) |  | €12.00m,Josip Sutalo,€12.00m,data/raw/20260612_131033_transfermarkt_Croatia_national_team_924e54e251a6.html,https://www.transfermarkt.com/kroatien/startseite/verein/3556,2026-06-12T04:10:32+00:00
Croatia,Marin Pongracic,https://www.transfermarkt.com/marin-pongracic/profil/spieler/282144,3 | Marin Pongracic Centre-Back |  | Marin Pongracic | Centre-Back | 11/09/1997 (28) |  | €6.50m,Marin Pongracic,€6.50m,data/raw/20260612_131033_transfermarkt_Croatia_national_team_924e54e251a6.html,https://www.transfermarkt.com/kroatien/startseite/verein/3556,2026-06-12T04:10:32+00:00
Croatia,Martin Erlić,https://www.transfermarkt.com/martin-erlic/profil/spieler/357003,25 | Martin Erlić Centre-Back |  | Martin Erlić | Centre-Back | 24/01/1998 (28) |  | €4.00m,Martin Erlić,€4.00m,data/raw/20260612_131033_transfermarkt_Croatia_national_team_924e54e251a6.html,https://www.transfermarkt.com/kroatien/startseite/verein/3556,2026-06-12T04:10:32+00:00
Croatia,Duje Caleta-Car,https://www.transfermarkt.com/duje-caleta-car/profil/spieler/238266,5 | Duje Caleta-Car Centre-Back |  | Duje Caleta-Car | Centre-Back | 17/09/1996 (29) |  | €2.80m,Duje Caleta-Car,€2.80m,data/raw/20260612_131033_transfermarkt_Croatia_national_team_924e54e251a6.html,https://www.transfermarkt.com/kroatien/startseite/verein/3556,2026-06-12T04:10:32+00:00
Croatia,Josip Stanisic,https://www.transfermarkt.com/josip-stanisic/profil/spieler/483046,2 | Josip Stanisic Right-Back |  | Josip Stanisic | Right-Back | 02/04/2000 (26) |  | €40.00m,Josip Stanisic,€40.00m,data/raw/20260612_131033_transfermarkt_Croatia_national_team_924e54e251a6.html,https://www.transfermarkt.com/kroatien/startseite/verein/3556,2026-06-12T04:10:32+00:00
Croatia,Nikola Moro,https://www.transfermarkt.com/nikola-moro/profil/spieler/316934,7 | Nikola Moro Defensive Midfield |  | Nikola Moro | Defensive Midfield | 12/03/1998 (28) |  | €7.00m,Nikola Moro,€7.00m,data/raw/20260612_131033_transfermarkt_Croatia_national_team_924e54e251a6.html,https://www.transfermarkt.com/kroatien/startseite/verein/3556,2026-06-12T04:10:32+00:00
Croatia,Kristijan Jakic,https://www.transfermarkt.com/kristijan-jakic/profil/spieler/374954,18 | Kristijan Jakic Defensive Midfield |  | Kristijan Jakic | Defensive Midfield | 14/05/1997 (29) |  | €6.00m,Kristijan Jakic,€6.00m,data/raw/20260612_131033_transfermarkt_Croatia_national_team_924e54e251a6.html,https://www.transfermarkt.com/kroatien/startseite/verein/3556,2026-06-12T04:10:32+00:00
Croatia,Petar Sučić,https://www.transfermarkt.com/petar-sucic/profil/spieler/668207,17 | Petar Sučić Central Midfield |  | Petar Sučić | Central Midfield | 25/10/2003 (22) |  | €40.00m,Petar Sučić,€40.00m,data/raw/20260612_131033_transfermarkt_Croatia_national_team_924e54e251a6.html,https://www.transfermarkt.com/kroatien/startseite/verein/3556,2026-06-12T04:10:32+00:00
Croatia,Mateo Kovacic,https://www.transfermarkt.com/mateo-kovacic/profil/spieler/51471,8 | Mateo Kovacic Central Midfield |  | Mateo Kovacic | Central Midfield | 06/05/1994 (32) |  | €10.00m,Mateo Kovacic,€10.00m,data/raw/20260612_131033_transfermarkt_Croatia_national_team_924e54e251a6.html,https://www.transfermarkt.com/kroatien/startseite/verein/3556,2026-06-12T04:10:32+00:00
Croatia,Luka Sucic,https://www.transfermarkt.com/luka-sucic/profil/spieler/502722,21 | Luka Sucic Central Midfield |  | Luka Sucic | Central Midfield | 08/09/2002 (23) |  | €10.00m,Luka Sucic,€10.00m,data/raw/20260612_131033_transfermarkt_Croatia_national_team_924e54e251a6.html,https://www.transfermarkt.com/kroatien/startseite/verein/3556,2026-06-12T04:10:32+00:00
Croatia,Mario Pašalić,https://www.transfermarkt.com/mario-pasalic/profil/spieler/205938,15 | Mario Pašalić Central Midfield |  | Mario Pašalić | Central Midfield | 09/02/1995 (31) |  | €6.00m,Mario Pašalić,€6.00m,data/raw/20260612_131033_transfermarkt_Croatia_national_team_924e54e251a6.html,https://www.transfermarkt.com/kroatien/startseite/verein/3556,2026-06-12T04:10:32+00:00
Croatia,Luka Modrić,https://www.transfermarkt.com/luka-modric/profil/spieler/27992,10 | Luka Modrić Central Midfield |  | Luka Modrić | Central Midfield | 09/09/1985 (40) |  | €3.50m,Luka Modrić,€3.50m,data/raw/20260612_131033_transfermarkt_Croatia_national_team_924e54e251a6.html,https://www.transfermarkt.com/kroatien/startseite/verein/3556,2026-06-12T04:10:32+00:00
Croatia,Martin Baturina,https://www.transfermarkt.com/martin-baturina/profil/spieler/580451,16 | Martin Baturina Attacking Midfield |  | Martin Baturina | Attacking Midfield | 16/02/2003 (23) |  | €30.00m,Martin Baturina,€30.00m,data/raw/20260612_131033_transfermarkt_Croatia_national_team_924e54e251a6.html,https://www.transfermarkt.com/kroatien/startseite/verein/3556,2026-06-12T04:10:32+00:00
Croatia,Nikola Vlašić,https://www.transfermarkt.com/nikola-vlasic/profil/spieler/293200,13 | Nikola Vlašić Attacking Midfield |  | Nikola Vlašić | Attacking Midfield | 04/10/1997 (28) |  | €10.00m,Nikola Vlašić,€10.00m,data/raw/20260612_131033_transfermarkt_Croatia_national_team_924e54e251a6.html,https://www.transfermarkt.com/kroatien/startseite/verein/3556,2026-06-12T04:10:32+00:00
Croatia,Toni Fruk,https://www.transfermarkt.com/toni-fruk/profil/spieler/432758,19 | Toni Fruk Attacking Midfield |  | Toni Fruk | Attacking Midfield | 09/03/2001 (25) |  | €9.00m,Toni Fruk,€9.00m,data/raw/20260612_131033_transfermarkt_Croatia_national_team_924e54e251a6.html,https://www.transfermarkt.com/kroatien/startseite/verein/3556,2026-06-12T04:10:32+00:00
Croatia,Andrej Kramaric,https://www.transfermarkt.com/andrej-kramaric/profil/spieler/46580,9 | Andrej Kramaric Attacking Midfield |  | Andrej Kramaric | Attacking Midfield | 19/06/1991 (34) |  | €2.50m,Andrej Kramaric,€2.50m,data/raw/20260612_131033_transfermarkt_Croatia_national_team_924e54e251a6.html,https://www.transfermarkt.com/kroatien/startseite/verein/3556,2026-06-12T04:10:32+00:00
Croatia,Ivan Perišić,https://www.transfermarkt.com/ivan-perisic/profil/spieler/42460,14 | Ivan Perišić Left Winger |  | Ivan Perišić | Left Winger | 02/02/1989 (37) |  | €1.20m,Ivan Perišić,€1.20m,data/raw/20260612_131033_transfermarkt_Croatia_national_team_924e54e251a6.html,https://www.transfermarkt.com/kroatien/startseite/verein/3556,2026-06-12T04:10:32+00:00
Croatia,Marco Pašalić,https://www.transfermarkt.com/marco-pasalic/profil/spieler/395928,24 | Marco Pašalić Right Winger |  | Marco Pašalić | Right Winger | 14/09/2000 (25) |  | €6.50m,Marco Pašalić,€6.50m,data/raw/20260612_131033_transfermarkt_Croatia_national_team_924e54e251a6.html,https://www.transfermarkt.com/kroatien/startseite/verein/3556,2026-06-12T04:10:32+00:00
Croatia,Igor Matanovic,https://www.transfermarkt.com/igor-matanovic/profil/spieler/605268,20 | Igor Matanovic Centre-Forward |  | Igor Matanovic | Centre-Forward | 31/03/2003 (23) |  | €22.00m,Igor Matanovic,€22.00m,data/raw/20260612_131033_transfermarkt_Croatia_national_team_924e54e251a6.html,https://www.transfermarkt.com/kroatien/startseite/verein/3556,2026-06-12T04:10:32+00:00
Croatia,Petar Musa,https://www.transfermarkt.com/petar-musa/profil/spieler/387110,26 | Petar Musa Centre-Forward |  | Petar Musa | Centre-Forward | 04/03/1998 (28) |  | €12.00m,Petar Musa,€12.00m,data/raw/20260612_131033_transfermarkt_Croatia_national_team_924e54e251a6.html,https://www.transfermarkt.com/kroatien/startseite/verein/3556,2026-06-12T04:10:32+00:00
Croatia,Ante Budimir,https://www.transfermarkt.com/ante-budimir/profil/spieler/46413,11 | Ante Budimir Centre-Forward |  | Ante Budimir | Centre-Forward | 22/07/1991 (34) |  | €2.80m,Ante Budimir,€2.80m,data/raw/20260612_131033_transfermarkt_Croatia_national_team_924e54e251a6.html,https://www.transfermarkt.com/kroatien/startseite/verein/3556,2026-06-12T04:10:32+00:00
Ghana,Lawrence Ati Zigi,https://www.transfermarkt.com/lawrence-ati-zigi/profil/spieler/254285,1 | Lawrence Ati Zigi Goalkeeper |  | Lawrence Ati Zigi | Goalkeeper | 29/11/1996 (29) |  | €1.50m,Lawrence Ati Zigi,€1.50m,data/raw/20260612_131037_transfermarkt_Ghana_national_team_2d3d0ce1c9cc.html,https://www.transfermarkt.com/ghana/startseite/verein/3441,2026-06-12T04:10:36+00:00
Ghana,Joseph Anang,https://www.transfermarkt.com/joseph-anang/profil/spieler/576099,12 | Joseph Anang Goalkeeper |  | Joseph Anang | Goalkeeper | 08/06/2000 (26) |  | €350k,Joseph Anang,€350k,data/raw/20260612_131037_transfermarkt_Ghana_national_team_2d3d0ce1c9cc.html,https://www.transfermarkt.com/ghana/startseite/verein/3441,2026-06-12T04:10:36+00:00
Ghana,Benjamin Asare,https://www.transfermarkt.com/benjamin-asare/profil/spieler/837368,16 | Benjamin Asare Goalkeeper |  | Benjamin Asare | Goalkeeper | 13/07/1992 (33) |  | €100k,Benjamin Asare,€100k,data/raw/20260612_131037_transfermarkt_Ghana_national_team_2d3d0ce1c9cc.html,https://www.transfermarkt.com/ghana/startseite/verein/3441,2026-06-12T04:10:36+00:00
Ghana,Kojo Peprah Oppong,https://www.transfermarkt.com/kojo-peprah-oppong/profil/spieler/1113451,21 | Kojo Peprah Oppong Centre-Back |  | Kojo Peprah Oppong | Centre-Back | 04/06/2004 (22) |  | €10.00m,Kojo Peprah Oppong,€10.00m,data/raw/20260612_131037_transfermarkt_Ghana_national_team_2d3d0ce1c9cc.html,https://www.transfermarkt.com/ghana/startseite/verein/3441,2026-06-12T04:10:36+00:00
Ghana,Alidu Seidu,https://www.transfermarkt.com/alidu-seidu/profil/spieler/798404,2 | Alidu Seidu Centre-Back |  | Alidu Seidu | Centre-Back | 04/06/2000 (26) |  | €6.00m,Alidu Seidu,€6.00m,data/raw/20260612_131037_transfermarkt_Ghana_national_team_2d3d0ce1c9cc.html,https://www.transfermarkt.com/ghana/startseite/verein/3441,2026-06-12T04:10:36+00:00
Ghana,Jonas Adjetey,https://www.transfermarkt.com/jonas-adjetey/profil/spieler/734676,4 | Jonas Adjetey Centre-Back |  | Jonas Adjetey | Centre-Back | 13/12/2003 (22) |  | €6.00m,Jonas Adjetey,€6.00m,data/raw/20260612_131037_transfermarkt_Ghana_national_team_2d3d0ce1c9cc.html,https://www.transfermarkt.com/ghana/startseite/verein/3441,2026-06-12T04:10:36+00:00
Ghana,Jerome Opoku,https://www.transfermarkt.com/jerome-opoku/profil/spieler/408563,18 | Jerome Opoku Centre-Back |  | Jerome Opoku | Centre-Back | 14/10/1998 (27) |  | €5.00m,Jerome Opoku,€5.00m,data/raw/20260612_131037_transfermarkt_Ghana_national_team_2d3d0ce1c9cc.html,https://www.transfermarkt.com/ghana/startseite/verein/3441,2026-06-12T04:10:36+00:00
Ghana,Abdul Mumin,https://www.transfermarkt.com/abdul-mumin/profil/spieler/451801,6 | Abdul Mumin Centre-Back |  | Abdul Mumin | Centre-Back | 06/06/1998 (28) |  | €3.00m,Abdul Mumin,€3.00m,data/raw/20260612_131037_transfermarkt_Ghana_national_team_2d3d0ce1c9cc.html,https://www.transfermarkt.com/ghana/startseite/verein/3441,2026-06-12T04:10:36+00:00
Ghana,Derrick Luckassen,https://www.transfermarkt.com/derrick-luckassen/profil/spieler/241457,23 | Derrick Luckassen Centre-Back |  | Derrick Luckassen | Centre-Back | 03/07/1995 (30) |  | €1.00m,Derrick Luckassen,€1.00m,data/raw/20260612_131037_transfermarkt_Ghana_national_team_2d3d0ce1c9cc.html,https://www.transfermarkt.com/ghana/startseite/verein/3441,2026-06-12T04:10:36+00:00
Ghana,Gideon Mensah,https://www.transfermarkt.com/gideon-mensah/profil/spieler/397171,14 | Gideon Mensah Left-Back |  | Gideon Mensah | Left-Back | 18/07/1998 (27) |  | €4.00m,Gideon Mensah,€4.00m,data/raw/20260612_131037_transfermarkt_Ghana_national_team_2d3d0ce1c9cc.html,https://www.transfermarkt.com/ghana/startseite/verein/3441,2026-06-12T04:10:36+00:00
Ghana,Abdul Rahman Baba,https://www.transfermarkt.com/abdul-rahman-baba/profil/spieler/224884,17 | Abdul Rahman Baba Left-Back |  | Abdul Rahman Baba | Left-Back | 02/07/1994 (31) |  | €2.00m,Abdul Rahman Baba,€2.00m,data/raw/20260612_131037_transfermarkt_Ghana_national_team_2d3d0ce1c9cc.html,https://www.transfermarkt.com/ghana/startseite/verein/3441,2026-06-12T04:10:36+00:00
Ghana,Marvin Senaya,https://www.transfermarkt.com/marvin-senaya/profil/spieler/830890,26 | Marvin Senaya Right-Back |  | Marvin Senaya | Right-Back | 28/01/2001 (25) |  | €3.00m,Marvin Senaya,€3.00m,data/raw/20260612_131037_transfermarkt_Ghana_national_team_2d3d0ce1c9cc.html,https://www.transfermarkt.com/ghana/startseite/verein/3441,2026-06-12T04:10:36+00:00
Ghana,Elisha Owusu,https://www.transfermarkt.com/elisha-owusu/profil/spieler/395695,15 | Elisha Owusu Defensive Midfield |  | Elisha Owusu | Defensive Midfield | 07/11/1997 (28) |  | €4.00m,Elisha Owusu,€4.00m,data/raw/20260612_131037_transfermarkt_Ghana_national_team_2d3d0ce1c9cc.html,https://www.transfermarkt.com/ghana/startseite/verein/3441,2026-06-12T04:10:36+00:00
Ghana,Thomas Partey,https://www.transfermarkt.com/thomas-partey/profil/spieler/230784,5 | Thomas Partey Defensive Midfield |  | Thomas Partey | Defensive Midfield | 13/06/1993 (32) |  | €2.00m,Thomas Partey,€2.00m,data/raw/20260612_131037_transfermarkt_Ghana_national_team_2d3d0ce1c9cc.html,https://www.transfermarkt.com/ghana/startseite/verein/3441,2026-06-12T04:10:36+00:00
Ghana,Caleb Yirenkyi,https://www.transfermarkt.com/caleb-yirenkyi/profil/spieler/1240763,3 | Caleb Yirenkyi Central Midfield |  | Caleb Yirenkyi | Central Midfield | 15/01/2006 (20) |  | €10.00m,Caleb Yirenkyi,€10.00m,data/raw/20260612_131037_transfermarkt_Ghana_national_team_2d3d0ce1c9cc.html,https://www.transfermarkt.com/ghana/startseite/verein/3441,2026-06-12T04:10:36+00:00
Ghana,Kwasi Sibo,https://www.transfermarkt.com/kwasi-sibo/profil/spieler/538006,8 | Kwasi Sibo Central Midfield |  | Kwasi Sibo | Central Midfield | 24/06/1998 (27) |  | €1.40m,Kwasi Sibo,€1.40m,data/raw/20260612_131037_transfermarkt_Ghana_national_team_2d3d0ce1c9cc.html,https://www.transfermarkt.com/ghana/startseite/verein/3441,2026-06-12T04:10:36+00:00
Ghana,Emmanuel Agyei,https://www.transfermarkt.com/emmanuel-agyei/profil/spieler/960062,18 | Emmanuel Agyei Central Midfield |  | Emmanuel Agyei | Central Midfield | 03/11/2004 (21) |  | €250k,Emmanuel Agyei,€250k,data/raw/20260612_131037_transfermarkt_Ghana_national_team_2d3d0ce1c9cc.html,https://www.transfermarkt.com/ghana/startseite/verein/3441,2026-06-12T04:10:36+00:00
Ghana,Augustine Boakye,https://www.transfermarkt.com/augustine-boakye/profil/spieler/579263,20 | Augustine Boakye Attacking Midfield |  | Augustine Boakye | Attacking Midfield | 03/11/2000 (25) |  | €6.00m,Augustine Boakye,€6.00m,data/raw/20260612_131037_transfermarkt_Ghana_national_team_2d3d0ce1c9cc.html,https://www.transfermarkt.com/ghana/startseite/verein/3441,2026-06-12T04:10:36+00:00
Ghana,Kamaldeen Sulemana,https://www.transfermarkt.com/kamaldeen-sulemana/profil/spieler/746695,22 | Kamaldeen Sulemana Left Winger |  | Kamaldeen Sulemana | Left Winger | 15/02/2002 (24) |  | €17.00m,Kamaldeen Sulemana,€17.00m,data/raw/20260612_131037_transfermarkt_Ghana_national_team_2d3d0ce1c9cc.html,https://www.transfermarkt.com/ghana/startseite/verein/3441,2026-06-12T04:10:36+00:00
Ghana,Christopher Bonsu Baah,https://www.transfermarkt.com/christopher-bonsu-baah/profil/spieler/1119447,13 | Christopher Bonsu Baah Left Winger |  | Christopher Bonsu Baah | Left Winger | 14/12/2004 (21) |  | €14.00m,Christopher Bonsu Baah,€14.00m,data/raw/20260612_131037_transfermarkt_Ghana_national_team_2d3d0ce1c9cc.html,https://www.transfermarkt.com/ghana/startseite/verein/3441,2026-06-12T04:10:36+00:00
Ghana,Antoine Semenyo,https://www.transfermarkt.com/antoine-semenyo/profil/spieler/583255,11 | Antoine Semenyo Right Winger |  | Antoine Semenyo | Right Winger | 07/01/2000 (26) |  | €80.00m,Antoine Semenyo,€80.00m,data/raw/20260612_131037_transfermarkt_Ghana_national_team_2d3d0ce1c9cc.html,https://www.transfermarkt.com/ghana/startseite/verein/3441,2026-06-12T04:10:36+00:00
Ghana,Abdul Fatawu,https://www.transfermarkt.com/abdul-fatawu/profil/spieler/864121,7 | Abdul Fatawu Right Winger |  | Abdul Fatawu | Right Winger | 08/03/2004 (22) |  | €20.00m,Abdul Fatawu,€20.00m,data/raw/20260612_131037_transfermarkt_Ghana_national_team_2d3d0ce1c9cc.html,https://www.transfermarkt.com/ghana/startseite/verein/3441,2026-06-12T04:10:36+00:00
Ghana,Ernest Nuamah,https://www.transfermarkt.com/ernest-nuamah/profil/spieler/955070,24 | Ernest Nuamah Right Winger |  | Ernest Nuamah | Right Winger | 01/11/2003 (22) |  | €10.00m,Ernest Nuamah,€10.00m,data/raw/20260612_131037_transfermarkt_Ghana_national_team_2d3d0ce1c9cc.html,https://www.transfermarkt.com/ghana/startseite/verein/3441,2026-06-12T04:10:36+00:00
Ghana,Iñaki Williams,https://www.transfermarkt.com/inaki-williams/profil/spieler/255508,19 | Iñaki Williams Right Winger |  | Iñaki Williams | Right Winger | 15/06/1994 (31) |  | €8.00m,Iñaki Williams,€8.00m,data/raw/20260612_131037_transfermarkt_Ghana_national_team_2d3d0ce1c9cc.html,https://www.transfermarkt.com/ghana/startseite/verein/3441,2026-06-12T04:10:36+00:00
Ghana,Brandon Thomas-Asante,https://www.transfermarkt.com/brandon-thomas-asante/profil/spieler/451747,10 | Brandon Thomas-Asante Centre-Forward |  | Brandon Thomas-Asante | Centre-Forward | 29/12/1998 (27) |  | €16.00m,Brandon Thomas-Asante,€16.00m,data/raw/20260612_131037_transfermarkt_Ghana_national_team_2d3d0ce1c9cc.html,https://www.transfermarkt.com/ghana/startseite/verein/3441,2026-06-12T04:10:36+00:00
Ghana,Prince Adu,https://www.transfermarkt.com/prince-adu/profil/spieler/734799,25 | Prince Adu Centre-Forward |  | Prince Adu | Centre-Forward | 23/09/2003 (22) |  | €3.00m,Prince Adu,€3.00m,data/raw/20260612_131037_transfermarkt_Ghana_national_team_2d3d0ce1c9cc.html,https://www.transfermarkt.com/ghana/startseite/verein/3441,2026-06-12T04:10:36+00:00
Ghana,Jordan Ayew,https://www.transfermarkt.com/jordan-ayew/profil/spieler/108354,9 | Jordan Ayew Centre-Forward |  | Jordan Ayew | Centre-Forward | 11/09/1991 (34) |  | €1.00m,Jordan Ayew,€1.00m,data/raw/20260612_131037_transfermarkt_Ghana_national_team_2d3d0ce1c9cc.html,https://www.transfermarkt.com/ghana/startseite/verein/3441,2026-06-12T04:10:36+00:00
Panama,Orlando Mosquera,https://www.transfermarkt.com/orlando-mosquera/profil/spieler/402979,22 | Orlando Mosquera Goalkeeper |  | Orlando Mosquera | Goalkeeper | 25/12/1994 (31) |  | €700k,Orlando Mosquera,€700k,data/raw/20260612_131040_transfermarkt_Panama_national_team_d484f8eb3696.html,https://www.transfermarkt.com/panama/startseite/verein/3577,2026-06-12T04:10:40+00:00
Panama,César Samudio,https://www.transfermarkt.com/cesar-samudio/profil/spieler/865550,12 | César Samudio Goalkeeper |  | César Samudio | Goalkeeper | 23/02/1994 (32) |  | €250k,César Samudio,€250k,data/raw/20260612_131040_transfermarkt_Panama_national_team_d484f8eb3696.html,https://www.transfermarkt.com/panama/startseite/verein/3577,2026-06-12T04:10:40+00:00
Panama,Luis Mejía,https://www.transfermarkt.com/luis-mejia/profil/spieler/76715,1 | Luis Mejía Goalkeeper |  | Luis Mejía | Goalkeeper | 16/03/1991 (35) |  | €150k,Luis Mejía,€150k,data/raw/20260612_131040_transfermarkt_Panama_national_team_d484f8eb3696.html,https://www.transfermarkt.com/panama/startseite/verein/3577,2026-06-12T04:10:40+00:00
Panama,José Córdoba,https://www.transfermarkt.com/jose-cordoba/profil/spieler/698415,3 | José Córdoba Centre-Back |  | José Córdoba | Centre-Back | 03/06/2001 (25) |  | €5.00m,José Córdoba,€5.00m,data/raw/20260612_131040_transfermarkt_Panama_national_team_d484f8eb3696.html,https://www.transfermarkt.com/panama/startseite/verein/3577,2026-06-12T04:10:40+00:00
Panama,Andrés Andrade,https://www.transfermarkt.com/andres-andrade/profil/spieler/403808,16 | Andrés Andrade Centre-Back |  | Andrés Andrade | Centre-Back | 16/10/1998 (27) |  | €2.50m,Andrés Andrade,€2.50m,data/raw/20260612_131040_transfermarkt_Panama_national_team_d484f8eb3696.html,https://www.transfermarkt.com/panama/startseite/verein/3577,2026-06-12T04:10:40+00:00
Panama,Edgardo Fariña,https://www.transfermarkt.com/edgardo-farina/profil/spieler/923177,5 | Edgardo Fariña Centre-Back |  | Edgardo Fariña | Centre-Back | 19/10/2001 (24) |  | €900k,Edgardo Fariña,€900k,data/raw/20260612_131040_transfermarkt_Panama_national_team_d484f8eb3696.html,https://www.transfermarkt.com/panama/startseite/verein/3577,2026-06-12T04:10:40+00:00
Panama,Jiovany Ramos,https://www.transfermarkt.com/jiovany-ramos/profil/spieler/403809,13 | Jiovany Ramos Centre-Back |  | Jiovany Ramos | Centre-Back | 26/01/1997 (29) |  | €450k,Jiovany Ramos,€450k,data/raw/20260612_131040_transfermarkt_Panama_national_team_d484f8eb3696.html,https://www.transfermarkt.com/panama/startseite/verein/3577,2026-06-12T04:10:40+00:00
Panama,Fidel Escobar,https://www.transfermarkt.com/fidel-escobar/profil/spieler/345716,4 | Fidel Escobar Centre-Back |  | Fidel Escobar | Centre-Back | 09/01/1995 (31) |  | €350k,Fidel Escobar,€350k,data/raw/20260612_131040_transfermarkt_Panama_national_team_d484f8eb3696.html,https://www.transfermarkt.com/panama/startseite/verein/3577,2026-06-12T04:10:40+00:00
Panama,Roderick Miller,https://www.transfermarkt.com/roderick-miller/profil/spieler/157154,25 | Roderick Miller Centre-Back |  | Roderick Miller | Centre-Back | 03/04/1992 (34) |  | €175k,Roderick Miller,€175k,data/raw/20260612_131040_transfermarkt_Panama_national_team_d484f8eb3696.html,https://www.transfermarkt.com/panama/startseite/verein/3577,2026-06-12T04:10:40+00:00
Panama,Jorge Gutiérrez,https://www.transfermarkt.com/jorge-gutierrez/profil/spieler/443379,26 | Jorge Gutiérrez Left-Back |  | Jorge Gutiérrez | Left-Back | 01/09/1998 (27) |  | €800k,Jorge Gutiérrez,€800k,data/raw/20260612_131040_transfermarkt_Panama_national_team_d484f8eb3696.html,https://www.transfermarkt.com/panama/startseite/verein/3577,2026-06-12T04:10:40+00:00
Panama,Éric Davis,https://www.transfermarkt.com/eric-davis/profil/spieler/121791,15 | Éric Davis Left-Back |  | Éric Davis | Left-Back | 31/03/1991 (35) |  | €50k,Éric Davis,€50k,data/raw/20260612_131040_transfermarkt_Panama_national_team_d484f8eb3696.html,https://www.transfermarkt.com/panama/startseite/verein/3577,2026-06-12T04:10:40+00:00
Panama,Amir Murillo,https://www.transfermarkt.com/amir-murillo/profil/spieler/354482,23 | Amir Murillo Right-Back |  | Amir Murillo | Right-Back | 11/02/1996 (30) |  | €7.00m,Amir Murillo,€7.00m,data/raw/20260612_131040_transfermarkt_Panama_national_team_d484f8eb3696.html,https://www.transfermarkt.com/panama/startseite/verein/3577,2026-06-12T04:10:40+00:00
Panama,César Blackman,https://www.transfermarkt.com/cesar-blackman/profil/spieler/440383,2 | César Blackman Right-Back |  | César Blackman | Right-Back | 02/04/1998 (28) |  | €2.50m,César Blackman,€2.50m,data/raw/20260612_131040_transfermarkt_Panama_national_team_d484f8eb3696.html,https://www.transfermarkt.com/panama/startseite/verein/3577,2026-06-12T04:10:40+00:00
Panama,Cristian Martínez,https://www.transfermarkt.com/cristian-martinez/profil/spieler/419247,6 | Cristian Martínez Defensive Midfield |  | Cristian Martínez | Defensive Midfield | 06/02/1997 (29) |  | €800k,Cristian Martínez,€800k,data/raw/20260612_131040_transfermarkt_Panama_national_team_d484f8eb3696.html,https://www.transfermarkt.com/panama/startseite/verein/3577,2026-06-12T04:10:40+00:00
Panama,Carlos Harvey,https://www.transfermarkt.com/carlos-harvey/profil/spieler/628806,14 | Carlos Harvey Defensive Midfield |  | Carlos Harvey | Defensive Midfield | 03/02/2000 (26) |  | €600k,Carlos Harvey,€600k,data/raw/20260612_131040_transfermarkt_Panama_national_team_d484f8eb3696.html,https://www.transfermarkt.com/panama/startseite/verein/3577,2026-06-12T04:10:40+00:00
Panama,Aníbal Godoy,https://www.transfermarkt.com/anibal-godoy/profil/spieler/161671,20 | Aníbal Godoy Defensive Midfield |  | Aníbal Godoy | Defensive Midfield | 10/02/1990 (36) |  | €100k,Aníbal Godoy,€100k,data/raw/20260612_131040_transfermarkt_Panama_national_team_d484f8eb3696.html,https://www.transfermarkt.com/panama/startseite/verein/3577,2026-06-12T04:10:40+00:00
Panama,Adalberto Carrasquilla,https://www.transfermarkt.com/adalberto-carrasquilla/profil/spieler/375300,8 | Adalberto Carrasquilla Central Midfield |  | Adalberto Carrasquilla | Central Midfield | 28/11/1998 (27) |  | €4.00m,Adalberto Carrasquilla,€4.00m,data/raw/20260612_131040_transfermarkt_Panama_national_team_d484f8eb3696.html,https://www.transfermarkt.com/panama/startseite/verein/3577,2026-06-12T04:10:40+00:00
Panama,José Luis Rodríguez,https://www.transfermarkt.com/jose-luis-rodriguez/profil/spieler/425028,7 | José Luis Rodríguez Left Winger |  | José Luis Rodríguez | Left Winger | 19/06/1998 (27) |  | €2.50m,José Luis Rodríguez,€2.50m,data/raw/20260612_131040_transfermarkt_Panama_national_team_d484f8eb3696.html,https://www.transfermarkt.com/panama/startseite/verein/3577,2026-06-12T04:10:40+00:00
Panama,Ismael Díaz,https://www.transfermarkt.com/ismael-diaz/profil/spieler/243298,10 | Ismael Díaz Left Winger |  | Ismael Díaz | Left Winger | 12/05/1997 (29) |  | €1.80m,Ismael Díaz,€1.80m,data/raw/20260612_131040_transfermarkt_Panama_national_team_d484f8eb3696.html,https://www.transfermarkt.com/panama/startseite/verein/3577,2026-06-12T04:10:40+00:00
Panama,Yoel Bárcenas,https://www.transfermarkt.com/yoel-barcenas/profil/spieler/283473,11 | Yoel Bárcenas Right Winger |  | Yoel Bárcenas | Right Winger | 23/10/1993 (32) |  | €650k,Yoel Bárcenas,€650k,data/raw/20260612_131040_transfermarkt_Panama_national_team_d484f8eb3696.html,https://www.transfermarkt.com/panama/startseite/verein/3577,2026-06-12T04:10:40+00:00
Panama,César Yanis,https://www.transfermarkt.com/cesar-yanis/profil/spieler/741098,21 | César Yanis Right Winger |  | César Yanis | Right Winger | 28/01/1996 (30) |  | €400k,César Yanis,€400k,data/raw/20260612_131040_transfermarkt_Panama_national_team_d484f8eb3696.html,https://www.transfermarkt.com/panama/startseite/verein/3577,2026-06-12T04:10:40+00:00
Panama,Alberto Quintero,https://www.transfermarkt.com/alberto-quintero/profil/spieler/126019,19 | Alberto Quintero Right Winger |  | Alberto Quintero | Right Winger | 18/12/1987 (38) |  | €75k,Alberto Quintero,€75k,data/raw/20260612_131040_transfermarkt_Panama_national_team_d484f8eb3696.html,https://www.transfermarkt.com/panama/startseite/verein/3577,2026-06-12T04:10:40+00:00
Panama,Tomás Rodríguez,https://www.transfermarkt.com/tomas-rodriguez/profil/spieler/569205,9 | Tomás Rodríguez Centre-Forward |  | Tomás Rodríguez | Centre-Forward | 09/03/1999 (27) |  | €1.00m,Tomás Rodríguez,€1.00m,data/raw/20260612_131040_transfermarkt_Panama_national_team_d484f8eb3696.html,https://www.transfermarkt.com/panama/startseite/verein/3577,2026-06-12T04:10:40+00:00
Panama,Azarías Londoño,https://www.transfermarkt.com/azarias-londono/profil/spieler/860998,24 | Azarías Londoño Centre-Forward |  | Azarías Londoño | Centre-Forward | 21/06/2001 (24) |  | €1.00m,Azarías Londoño,€1.00m,data/raw/20260612_131040_transfermarkt_Panama_national_team_d484f8eb3696.html,https://www.transfermarkt.com/panama/startseite/verein/3577,2026-06-12T04:10:40+00:00
Panama,José Fajardo,https://www.transfermarkt.com/jose-fajardo/profil/spieler/546803,17 | José Fajardo Centre-Forward |  | José Fajardo | Centre-Forward | 18/08/1993 (32) |  | €550k,José Fajardo,€550k,data/raw/20260612_131040_transfermarkt_Panama_national_team_d484f8eb3696.html,https://www.transfermarkt.com/panama/startseite/verein/3577,2026-06-12T04:10:40+00:00
Panama,Cecilio Waterman,https://www.transfermarkt.com/cecilio-waterman/profil/spieler/177064,18 | Cecilio Waterman Centre-Forward |  | Cecilio Waterman | Centre-Forward | 13/04/1991 (35) |  | €250k,Cecilio Waterman,€250k,data/raw/20260612_131040_transfermarkt_Panama_national_team_d484f8eb3696.html,https://www.transfermarkt.com/panama/startseite/verein/3577,2026-06-12T04:10:40+00:00
