league,season,match_id,date,home_team,away_team,home_goals,away_goals,home_xg,away_xg,source_url
EPL,2025,28778,2025-08-15 19:00:00,Liverpool,Bournemouth,4,2,2.33007,1.57303,https://understat.com/match/28778
EPL,2025,28779,2025-08-16 11:30:00,Aston Villa,Newcastle United,0,0,0.318601,1.40098,https://understat.com/match/28779
EPL,2025,28780,2025-08-16 14:00:00,Brighton,Fulham,1,1,1.44008,0.902883,https://understat.com/match/28780
EPL,2025,28781,2025-08-16 14:00:00,Sunderland,West Ham,3,0,0.724368,0.558948,https://understat.com/match/28781
EPL,2025,28782,2025-08-16 14:00:00,Tottenham,Burnley,3,0,1.97858,0.734138,https://understat.com/match/28782
EPL,2025,28783,2025-08-16 16:30:00,Wolverhampton Wanderers,Manchester City,0,4,0.519436,2.29903,https://understat.com/match/28783
EPL,2025,28784,2025-08-17 13:00:00,Chelsea,Crystal Palace,0,0,1.36793,1.03414,https://understat.com/match/28784
EPL,2025,28785,2025-08-17 13:00:00,Nottingham Forest,Brentford,3,1,1.7555,1.32516,https://understat.com/match/28785
EPL,2025,28786,2025-08-17 15:30:00,Manchester United,Arsenal,0,1,1.37653,1.3304,https://understat.com/match/28786
EPL,2025,28787,2025-08-18 19:00:00,Leeds,Everton,1,0,2.3812,0.674338,https://understat.com/match/28787
EPL,2025,28788,2025-08-22 19:00:00,West Ham,Chelsea,1,5,0.978572,3.94997,https://understat.com/match/28788
EPL,2025,28789,2025-08-23 11:30:00,Manchester City,Tottenham,0,2,1.2475,1.28015,https://understat.com/match/28789
EPL,2025,28790,2025-08-23 14:00:00,Brentford,Aston Villa,1,0,1.12964,0.976852,https://understat.com/match/28790
EPL,2025,28791,2025-08-23 14:00:00,Burnley,Sunderland,2,0,1.00381,1.12127,https://understat.com/match/28791
EPL,2025,28792,2025-08-23 14:00:00,Bournemouth,Wolverhampton Wanderers,1,0,1.78462,0.373367,https://understat.com/match/28792
EPL,2025,28793,2025-08-23 16:30:00,Arsenal,Leeds,5,0,2.73761,0.156761,https://understat.com/match/28793
EPL,2025,28794,2025-08-24 13:00:00,Crystal Palace,Nottingham Forest,1,1,1.10188,1.32987,https://understat.com/match/28794
EPL,2025,28795,2025-08-24 13:00:00,Everton,Brighton,2,0,1.80116,2.08487,https://understat.com/match/28795
EPL,2025,28796,2025-08-24 15:30:00,Fulham,Manchester United,1,1,1.65333,1.54603,https://understat.com/match/28796
EPL,2025,28797,2025-08-25 19:00:00,Newcastle United,Liverpool,2,3,1.96342,0.646559,https://understat.com/match/28797
EPL,2025,28798,2025-08-30 11:30:00,Chelsea,Fulham,2,0,2.4324,0.736228,https://understat.com/match/28798
EPL,2025,28799,2025-08-30 14:00:00,Tottenham,Bournemouth,0,1,0.17067,2.1201,https://understat.com/match/28799
EPL,2025,28800,2025-08-30 14:00:00,Wolverhampton Wanderers,Everton,2,3,0.943257,2.03791,https://understat.com/match/28800
EPL,2025,28801,2025-08-30 14:00:00,Sunderland,Brentford,2,1,1.57127,1.44604,https://understat.com/match/28801
EPL,2025,28802,2025-08-30 14:00:00,Manchester United,Burnley,3,2,4.02237,1.32618,https://understat.com/match/28802
EPL,2025,28803,2025-08-30 16:30:00,Leeds,Newcastle United,0,0,0.6773,0.303635,https://understat.com/match/28803
EPL,2025,28804,2025-08-31 13:00:00,Nottingham Forest,West Ham,0,3,0.716018,2.236,https://understat.com/match/28804
EPL,2025,28805,2025-08-31 13:00:00,Brighton,Manchester City,2,1,2.20864,2.13418,https://understat.com/match/28805
EPL,2025,28806,2025-08-31 15:30:00,Liverpool,Arsenal,1,0,0.481404,0.485679,https://understat.com/match/28806
EPL,2025,28807,2025-08-31 18:00:00,Aston Villa,Crystal Palace,0,3,1.20586,2.59713,https://understat.com/match/28807
EPL,2025,28808,2025-09-13 11:30:00,Arsenal,Nottingham Forest,3,0,2.8817,0.293681,https://understat.com/match/28808
EPL,2025,28809,2025-09-13 14:00:00,Newcastle United,Wolverhampton Wanderers,1,0,1.19186,0.375942,https://understat.com/match/28809
EPL,2025,28810,2025-09-13 14:00:00,Bournemouth,Brighton,2,1,1.44187,0.624923,https://understat.com/match/28810
EPL,2025,28811,2025-09-13 14:00:00,Crystal Palace,Sunderland,0,0,1.75805,0.354129,https://understat.com/match/28811
EPL,2025,28812,2025-09-13 14:00:00,Everton,Aston Villa,0,0,1.8927,0.354327,https://understat.com/match/28812
EPL,2025,28813,2025-09-13 14:00:00,Fulham,Leeds,1,0,1.13979,0.830398,https://understat.com/match/28813
EPL,2025,28814,2025-09-13 16:30:00,West Ham,Tottenham,0,3,0.793248,1.51402,https://understat.com/match/28814
EPL,2025,28815,2025-09-13 19:00:00,Brentford,Chelsea,2,2,1.17533,0.755999,https://understat.com/match/28815
EPL,2025,28816,2025-09-14 13:00:00,Burnley,Liverpool,0,1,0.168041,2.79492,https://understat.com/match/28816
EPL,2025,28817,2025-09-14 15:30:00,Manchester City,Manchester United,3,0,1.99725,1.51915,https://understat.com/match/28817
EPL,2025,28818,2025-09-20 11:30:00,Liverpool,Everton,2,1,1.06166,0.721371,https://understat.com/match/28818
EPL,2025,28819,2025-09-20 14:00:00,West Ham,Crystal Palace,1,2,0.466365,2.33565,https://understat.com/match/28819
EPL,2025,28820,2025-09-20 14:00:00,Wolverhampton Wanderers,Leeds,1,3,1.5661,0.456988,https://understat.com/match/28820
EPL,2025,28821,2025-09-20 14:00:00,Brighton,Tottenham,2,2,1.40466,1.19181,https://understat.com/match/28821
EPL,2025,28822,2025-09-20 14:00:00,Burnley,Nottingham Forest,1,1,1.14159,0.830779,https://understat.com/match/28822
EPL,2025,28824,2025-09-20 16:30:00,Manchester United,Chelsea,2,1,1.34458,0.469843,https://understat.com/match/28824
EPL,2025,28825,2025-09-20 19:00:00,Fulham,Brentford,3,1,1.52431,0.826556,https://understat.com/match/28825
EPL,2025,28823,2025-09-21 13:00:00,Bournemouth,Newcastle United,0,0,0.55066,0.153629,https://understat.com/match/28823
EPL,2025,28826,2025-09-21 13:00:00,Sunderland,Aston Villa,1,1,0.938312,0.939354,https://understat.com/match/28826
EPL,2025,28827,2025-09-21 15:30:00,Arsenal,Manchester City,1,1,0.718575,1.1227,https://understat.com/match/28827
EPL,2025,28828,2025-09-27 11:30:00,Brentford,Manchester United,3,1,2.78726,2.23609,https://understat.com/match/28828
EPL,2025,28829,2025-09-27 14:00:00,Chelsea,Brighton,1,3,2.02653,2.4751,https://understat.com/match/28829
EPL,2025,28830,2025-09-27 14:00:00,Crystal Palace,Liverpool,2,1,3.53323,3.10176,https://understat.com/match/28830
EPL,2025,28832,2025-09-27 14:00:00,Leeds,Bournemouth,2,2,2.04728,1.06033,https://understat.com/match/28832
EPL,2025,28833,2025-09-27 14:00:00,Manchester City,Burnley,5,1,3.22133,0.509491,https://understat.com/match/28833
EPL,2025,28834,2025-09-27 16:30:00,Nottingham Forest,Sunderland,0,1,1.4203,1.94154,https://understat.com/match/28834
EPL,2025,28835,2025-09-27 19:00:00,Tottenham,Wolverhampton Wanderers,1,1,0.818711,1.15951,https://understat.com/match/28835
EPL,2025,28831,2025-09-28 13:00:00,Aston Villa,Fulham,3,1,1.36575,0.952612,https://understat.com/match/28831
EPL,2025,28836,2025-09-28 15:30:00,Newcastle United,Arsenal,1,2,0.739851,2.07048,https://understat.com/match/28836
EPL,2025,28837,2025-09-29 19:00:00,Everton,West Ham,1,1,0.909703,0.775766,https://understat.com/match/28837
EPL,2025,28838,2025-10-03 19:00:00,Bournemouth,Fulham,3,1,1.33458,0.84335,https://understat.com/match/28838
EPL,2025,28844,2025-10-04 11:30:00,Leeds,Tottenham,1,2,1.48051,0.688198,https://understat.com/match/28844
EPL,2025,28839,2025-10-04 14:00:00,Arsenal,West Ham,2,0,3.0585,0.864549,https://understat.com/match/28839
EPL,2025,28845,2025-10-04 14:00:00,Manchester United,Sunderland,2,0,1.9298,0.807119,https://understat.com/match/28845
EPL,2025,28842,2025-10-04 16:30:00,Chelsea,Liverpool,2,1,1.23721,2.05981,https://understat.com/match/28842
EPL,2025,28840,2025-10-05 13:00:00,Aston Villa,Burnley,2,1,1.73572,0.502292,https://understat.com/match/28840
EPL,2025,28843,2025-10-05 13:00:00,Everton,Crystal Palace,2,1,2.13876,2.17789,https://understat.com/match/28843
EPL,2025,28846,2025-10-05 13:00:00,Newcastle United,Nottingham Forest,2,0,3.81662,0.337689,https://understat.com/match/28846
EPL,2025,28847,2025-10-05 13:00:00,Wolverhampton Wanderers,Brighton,1,1,0.369404,1.39158,https://understat.com/match/28847
EPL,2025,28841,2025-10-05 15:30:00,Brentford,Manchester City,0,1,0.693758,1.09647,https://understat.com/match/28841
EPL,2025,28854,2025-10-18 11:30:00,Nottingham Forest,Chelsea,0,3,2.0555,2.5583,https://understat.com/match/28854
EPL,2025,28848,2025-10-18 14:00:00,Brighton,Newcastle United,2,1,0.857104,1.28313,https://understat.com/match/28848
EPL,2025,28849,2025-10-18 14:00:00,Burnley,Leeds,2,0,0.509647,2.33152,https://understat.com/match/28849
EPL,2025,28850,2025-10-18 14:00:00,Crystal Palace,Bournemouth,3,3,4.56284,2.0471,https://understat.com/match/28850
EPL,2025,28853,2025-10-18 14:00:00,Manchester City,Everton,2,0,2.4799,0.794622,https://understat.com/match/28853
EPL,2025,28855,2025-10-18 14:00:00,Sunderland,Wolverhampton Wanderers,2,0,1.02481,0.676323,https://understat.com/match/28855
EPL,2025,28851,2025-10-18 16:30:00,Fulham,Arsenal,0,1,0.502332,2.07823,https://understat.com/match/28851
EPL,2025,28856,2025-10-19 13:00:00,Tottenham,Aston Villa,1,2,1.51461,0.352231,https://understat.com/match/28856
EPL,2025,28852,2025-10-19 15:30:00,Liverpool,Manchester United,1,2,2.60972,2.53117,https://understat.com/match/28852
EPL,2025,28857,2025-10-20 19:00:00,West Ham,Brentford,0,2,0.260251,3.46635,https://understat.com/match/28857
EPL,2025,28864,2025-10-24 19:00:00,Leeds,West Ham,2,1,2.2214,0.498653,https://understat.com/match/28864
EPL,2025,28862,2025-10-25 14:00:00,Chelsea,Sunderland,1,2,1.21332,1.5506,https://understat.com/match/28862
EPL,2025,28866,2025-10-25 14:00:00,Newcastle United,Fulham,2,1,2.76806,1.52001,https://understat.com/match/28866
EPL,2025,28865,2025-10-25 16:30:00,Manchester United,Brighton,4,2,1.96231,0.947154,https://understat.com/match/28865
EPL,2025,28861,2025-10-25 19:00:00,Brentford,Liverpool,3,2,3.27126,2.11838,https://understat.com/match/28861
EPL,2025,28858,2025-10-26 13:00:00,Bournemouth,Nottingham Forest,2,0,0.656601,0.305493,https://understat.com/match/28858
EPL,2025,28859,2025-10-26 13:00:00,Arsenal,Crystal Palace,1,0,0.856175,0.350534,https://understat.com/match/28859
EPL,2025,28860,2025-10-26 13:00:00,Aston Villa,Manchester City,1,0,0.843906,1.36914,https://understat.com/match/28860
EPL,2025,28867,2025-10-26 13:00:00,Wolverhampton Wanderers,Burnley,2,3,2.58132,1.54544,https://understat.com/match/28867
EPL,2025,28863,2025-10-26 15:30:00,Everton,Tottenham,0,3,1.4032,2.09327,https://understat.com/match/28863
EPL,2025,28868,2025-11-01 15:00:00,Brighton,Leeds,3,0,2.64127,0.35919,https://understat.com/match/28868
EPL,2025,28869,2025-11-01 15:00:00,Burnley,Arsenal,0,2,0.679177,2.51649,https://understat.com/match/28869
EPL,2025,28870,2025-11-01 15:00:00,Crystal Palace,Brentford,2,0,0.734558,0.820498,https://understat.com/match/28870
EPL,2025,28871,2025-11-01 15:00:00,Fulham,Wolverhampton Wanderers,3,0,1.91207,0.209934,https://understat.com/match/28871
EPL,2025,28874,2025-11-01 15:00:00,Nottingham Forest,Manchester United,2,2,1.55066,0.91622,https://understat.com/match/28874
EPL,2025,28876,2025-11-01 17:30:00,Tottenham,Chelsea,0,1,0.146954,3.34251,https://understat.com/match/28876
EPL,2025,28872,2025-11-01 20:00:00,Liverpool,Aston Villa,2,0,1.47021,0.43502,https://understat.com/match/28872
EPL,2025,28877,2025-11-02 14:00:00,West Ham,Newcastle United,3,1,1.41383,0.523615,https://understat.com/match/28877
EPL,2025,28873,2025-11-02 16:30:00,Manchester City,Bournemouth,3,1,2.48999,0.899846,https://understat.com/match/28873
EPL,2025,28875,2025-11-03 20:00:00,Sunderland,Everton,1,1,1.18068,1.00741,https://understat.com/match/28875
EPL,2025,28886,2025-11-08 12:30:00,Tottenham,Manchester United,2,2,1.35532,0.820256,https://understat.com/match/28886
EPL,2025,28882,2025-11-08 15:00:00,Everton,Fulham,2,0,2.30607,0.424478,https://understat.com/match/28882
EPL,2025,28887,2025-11-08 15:00:00,West Ham,Burnley,3,2,2.96728,1.87478,https://understat.com/match/28887
EPL,2025,28885,2025-11-08 17:30:00,Sunderland,Arsenal,2,2,1.20495,2.32943,https://understat.com/match/28885
EPL,2025,28880,2025-11-08 20:00:00,Chelsea,Wolverhampton Wanderers,3,0,3.98342,0.111462,https://understat.com/match/28880
EPL,2025,28878,2025-11-09 14:00:00,Aston Villa,Bournemouth,4,0,1.88282,2.00992,https://understat.com/match/28878
EPL,2025,28879,2025-11-09 14:00:00,Brentford,Newcastle United,3,1,2.73729,0.432277,https://understat.com/match/28879
EPL,2025,28881,2025-11-09 14:00:00,Crystal Palace,Brighton,0,0,0.839547,0.637037,https://understat.com/match/28881
EPL,2025,28884,2025-11-09 14:00:00,Nottingham Forest,Leeds,3,1,2.49097,0.419461,https://understat.com/match/28884
EPL,2025,28883,2025-11-09 16:30:00,Manchester City,Liverpool,3,0,1.59542,1.0281,https://understat.com/match/28883
EPL,2025,28891,2025-11-22 12:30:00,Burnley,Chelsea,0,2,0.660943,1.72093,https://understat.com/match/28891
EPL,2025,28888,2025-11-22 15:00:00,Bournemouth,West Ham,2,2,3.48299,0.390782,https://understat.com/match/28888
EPL,2025,28890,2025-11-22 15:00:00,Brighton,Brentford,2,1,0.977488,2.19979,https://understat.com/match/28890
EPL,2025,28892,2025-11-22 15:00:00,Fulham,Sunderland,1,0,2.83729,0.222768,https://understat.com/match/28892
EPL,2025,28894,2025-11-22 15:00:00,Liverpool,Nottingham Forest,0,3,1.79273,1.19459,https://understat.com/match/28894
EPL,2025,28897,2025-11-22 15:00:00,Wolverhampton Wanderers,Crystal Palace,0,2,1.66409,1.44933,https://understat.com/match/28897
EPL,2025,28896,2025-11-22 17:30:00,Newcastle United,Manchester City,2,1,2.40555,2.45648,https://understat.com/match/28896
EPL,2025,28893,2025-11-23 14:00:00,Leeds,Aston Villa,1,2,1.84668,1.35978,https://understat.com/match/28893
EPL,2025,28889,2025-11-23 16:30:00,Arsenal,Tottenham,4,1,2.27827,0.0300672,https://understat.com/match/28889
EPL,2025,28895,2025-11-24 20:00:00,Manchester United,Everton,0,1,2.2737,0.155063,https://understat.com/match/28895
EPL,2025,28899,2025-11-29 15:00:00,Brentford,Burnley,3,1,3.72106,0.874025,https://understat.com/match/28899
EPL,2025,28903,2025-11-29 15:00:00,Manchester City,Leeds,3,2,2.85292,1.75142,https://understat.com/match/28903
EPL,2025,28905,2025-11-29 15:00:00,Sunderland,Bournemouth,3,2,1.16955,1.79274,https://understat.com/match/28905
EPL,2025,28902,2025-11-29 17:30:00,Everton,Newcastle United,1,4,1.01125,2.45882,https://understat.com/match/28902
EPL,2025,28906,2025-11-29 20:00:00,Tottenham,Fulham,1,2,1.04396,0.494736,https://understat.com/match/28906
EPL,2025,28901,2025-11-30 12:00:00,Crystal Palace,Manchester United,1,2,2.13561,1.47768,https://understat.com/match/28901
EPL,2025,28898,2025-11-30 14:05:00,Aston Villa,Wolverhampton Wanderers,1,0,1.15486,0.692588,https://understat.com/match/28898
EPL,2025,28904,2025-11-30 14:05:00,Nottingham Forest,Brighton,0,2,0.960325,2.0572,https://understat.com/match/28904
EPL,2025,28907,2025-11-30 14:05:00,West Ham,Liverpool,0,2,0.364152,1.56793,https://understat.com/match/28907
EPL,2025,28900,2025-11-30 16:30:00,Chelsea,Arsenal,1,1,0.791914,1.22828,https://understat.com/match/28900
EPL,2025,28908,2025-12-02 19:30:00,Bournemouth,Everton,0,1,0.635415,1.19573,https://understat.com/match/28908
EPL,2025,28912,2025-12-02 19:30:00,Fulham,Manchester City,4,5,0.972635,1.96225,https://understat.com/match/28912
EPL,2025,28916,2025-12-02 20:15:00,Newcastle United,Tottenham,2,2,1.88558,1.05205,https://understat.com/match/28916
EPL,2025,28909,2025-12-03 19:30:00,Arsenal,Brentford,2,0,2.63126,0.588716,https://understat.com/match/28909
EPL,2025,28910,2025-12-03 19:30:00,Brighton,Aston Villa,3,4,1.96298,3.15745,https://understat.com/match/28910
EPL,2025,28911,2025-12-03 19:30:00,Burnley,Crystal Palace,0,1,1.16852,0.987797,https://understat.com/match/28911
EPL,2025,28917,2025-12-03 19:30:00,Wolverhampton Wanderers,Nottingham Forest,0,1,1.02461,1.12389,https://understat.com/match/28917
EPL,2025,28913,2025-12-03 20:15:00,Leeds,Chelsea,3,1,2.2047,0.964018,https://understat.com/match/28913
EPL,2025,28914,2025-12-03 20:15:00,Liverpool,Sunderland,1,1,1.37633,0.712662,https://understat.com/match/28914
EPL,2025,28915,2025-12-04 20:00:00,Manchester United,West Ham,1,1,2.27674,1.36584,https://understat.com/match/28915
EPL,2025,28919,2025-12-06 12:30:00,Aston Villa,Arsenal,2,1,2.71986,1.85965,https://understat.com/match/28919
EPL,2025,28918,2025-12-06 15:00:00,Bournemouth,Chelsea,0,0,1.41931,0.672602,https://understat.com/match/28918
EPL,2025,28921,2025-12-06 15:00:00,Everton,Nottingham Forest,3,0,1.25348,0.31234,https://understat.com/match/28921
EPL,2025,28924,2025-12-06 15:00:00,Manchester City,Sunderland,3,0,2.41605,0.626486,https://understat.com/match/28924
EPL,2025,28925,2025-12-06 15:00:00,Newcastle United,Burnley,2,1,1.80708,1.58375,https://understat.com/match/28925
EPL,2025,28926,2025-12-06 15:00:00,Tottenham,Brentford,2,0,2.42388,0.470563,https://understat.com/match/28926
EPL,2025,28923,2025-12-06 17:30:00,Leeds,Liverpool,3,3,1.79333,2.04805,https://understat.com/match/28923
EPL,2025,28920,2025-12-07 14:00:00,Brighton,West Ham,1,1,2.10077,1.7064,https://understat.com/match/28920
EPL,2025,28922,2025-12-07 16:30:00,Fulham,Crystal Palace,1,2,0.766771,1.71109,https://understat.com/match/28922
EPL,2025,28927,2025-12-08 20:00:00,Wolverhampton Wanderers,Manchester United,1,4,0.262147,4.04708,https://understat.com/match/28927
EPL,2025,28931,2025-12-13 15:00:00,Chelsea,Everton,2,0,2.64457,1.34,https://understat.com/match/28931
EPL,2025,28933,2025-12-13 15:00:00,Liverpool,Brighton,2,0,2.4127,1.69004,https://understat.com/match/28933
EPL,2025,28930,2025-12-13 17:30:00,Burnley,Fulham,2,3,2.05486,1.65053,https://understat.com/match/28930
EPL,2025,28928,2025-12-13 20:00:00,Arsenal,Wolverhampton Wanderers,2,1,1.61796,0.61997,https://understat.com/match/28928
EPL,2025,28932,2025-12-14 14:00:00,Crystal Palace,Manchester City,0,3,1.30092,1.35317,https://understat.com/match/28932
EPL,2025,28935,2025-12-14 14:00:00,Nottingham Forest,Tottenham,3,0,2.32658,0.380246,https://understat.com/match/28935
EPL,2025,28936,2025-12-14 14:00:00,Sunderland,Newcastle United,1,0,0.630045,0.169329,https://understat.com/match/28936
EPL,2025,28937,2025-12-14 14:00:00,West Ham,Aston Villa,2,3,1.27701,0.595093,https://understat.com/match/28937
EPL,2025,28929,2025-12-14 16:30:00,Brentford,Leeds,1,1,0.697006,1.63409,https://understat.com/match/28929
EPL,2025,28934,2025-12-15 20:00:00,Manchester United,Bournemouth,4,4,3.21204,2.35196,https://understat.com/match/28934
EPL,2025,28945,2025-12-20 12:30:00,Newcastle United,Chelsea,2,2,2.87863,1.0261,https://understat.com/match/28945
EPL,2025,28938,2025-12-20 15:00:00,Bournemouth,Burnley,1,1,1.81847,0.480528,https://understat.com/match/28938
EPL,2025,28940,2025-12-20 15:00:00,Brighton,Sunderland,0,0,0.919272,1.31044,https://understat.com/match/28940
EPL,2025,28944,2025-12-20 15:00:00,Manchester City,West Ham,3,0,3.58188,1.02143,https://understat.com/match/28944
EPL,2025,28947,2025-12-20 15:00:00,Wolverhampton Wanderers,Brentford,0,2,1.26823,1.56309,https://understat.com/match/28947
EPL,2025,28946,2025-12-20 17:30:00,Tottenham,Liverpool,1,2,1.34905,1.23164,https://understat.com/match/28946
EPL,2025,28941,2025-12-20 20:00:00,Everton,Arsenal,0,1,0.213273,1.84723,https://understat.com/match/28941
EPL,2025,28943,2025-12-20 20:00:00,Leeds,Crystal Palace,4,1,2.90786,1.53058,https://understat.com/match/28943
EPL,2025,28939,2025-12-21 16:30:00,Aston Villa,Manchester United,2,1,1.86917,1.30455,https://understat.com/match/28939
EPL,2025,28942,2025-12-22 20:00:00,Fulham,Nottingham Forest,1,0,1.70568,0.486296,https://understat.com/match/28942
EPL,2025,28954,2025-12-26 20:00:00,Manchester United,Newcastle United,1,0,0.940811,1.12998,https://understat.com/match/28954
EPL,2025,28955,2025-12-27 12:30:00,Nottingham Forest,Manchester City,1,2,0.600141,1.46468,https://understat.com/match/28955
EPL,2025,28948,2025-12-27 15:00:00,Arsenal,Brighton,2,1,2.54318,0.710064,https://understat.com/match/28948
EPL,2025,28949,2025-12-27 15:00:00,Brentford,Bournemouth,4,1,2.8513,2.56183,https://understat.com/match/28949
EPL,2025,28950,2025-12-27 15:00:00,Burnley,Everton,0,0,1.24948,1.25204,https://understat.com/match/28950
EPL,2025,28953,2025-12-27 15:00:00,Liverpool,Wolverhampton Wanderers,2,1,1.56502,0.780664,https://understat.com/match/28953
EPL,2025,28957,2025-12-27 15:00:00,West Ham,Fulham,0,1,1.13719,1.11436,https://understat.com/match/28957
EPL,2025,28951,2025-12-27 17:30:00,Chelsea,Aston Villa,1,2,1.97155,2.05918,https://understat.com/match/28951
EPL,2025,28956,2025-12-28 14:00:00,Sunderland,Leeds,1,1,0.805957,2.60653,https://understat.com/match/28956
EPL,2025,28952,2025-12-28 16:30:00,Crystal Palace,Tottenham,0,1,0.929681,0.870768,https://understat.com/match/28952
EPL,2025,28960,2025-12-30 19:30:00,Burnley,Newcastle United,1,3,1.32551,2.49248,https://understat.com/match/28960
EPL,2025,28961,2025-12-30 19:30:00,Chelsea,Bournemouth,2,2,2.33294,3.49142,https://understat.com/match/28961
EPL,2025,28965,2025-12-30 19:30:00,Nottingham Forest,Everton,0,2,1.75445,1.69525,https://understat.com/match/28965
EPL,2025,28967,2025-12-30 19:30:00,West Ham,Brighton,2,2,2.27644,3.08914,https://understat.com/match/28967
EPL,2025,28958,2025-12-30 20:15:00,Arsenal,Aston Villa,4,1,4.41335,2.94195,https://understat.com/match/28958
EPL,2025,28964,2025-12-30 20:15:00,Manchester United,Wolverhampton Wanderers,1,1,1.13306,1.21784,https://understat.com/match/28964
EPL,2025,28962,2026-01-01 17:30:00,Crystal Palace,Fulham,1,1,2.35346,1.75434,https://understat.com/match/28962
EPL,2025,28963,2026-01-01 17:30:00,Liverpool,Leeds,0,0,1.67833,0.15936,https://understat.com/match/28963
EPL,2025,28959,2026-01-01 20:00:00,Brentford,Tottenham,0,0,0.556304,0.608309,https://understat.com/match/28959
EPL,2025,28966,2026-01-01 20:00:00,Sunderland,Manchester City,0,0,0.962141,2.44247,https://understat.com/match/28966
EPL,2025,28972,2026-01-03 12:30:00,Aston Villa,Nottingham Forest,3,1,1.42988,0.8982,https://understat.com/match/28972
EPL,2025,28970,2026-01-03 15:00:00,Wolverhampton Wanderers,West Ham,3,0,2.23925,0.235678,https://understat.com/match/28970
EPL,2025,28973,2026-01-03 15:00:00,Brighton,Burnley,2,0,1.4717,0.254551,https://understat.com/match/28973
EPL,2025,28971,2026-01-03 17:30:00,Bournemouth,Arsenal,2,3,0.947846,1.28,https://understat.com/match/28971
EPL,2025,28976,2026-01-04 12:30:00,Leeds,Manchester United,1,1,0.970138,1.94781,https://understat.com/match/28976
EPL,2025,28968,2026-01-04 15:00:00,Newcastle United,Crystal Palace,2,0,2.72764,1.27825,https://understat.com/match/28968
EPL,2025,28969,2026-01-04 15:00:00,Tottenham,Sunderland,1,1,1.4175,0.467481,https://understat.com/match/28969
EPL,2025,28974,2026-01-04 15:00:00,Everton,Brentford,2,4,1.00566,3.05179,https://understat.com/match/28974
EPL,2025,28975,2026-01-04 15:00:00,Fulham,Liverpool,2,2,0.609182,1.7188,https://understat.com/match/28975
EPL,2025,28977,2026-01-04 17:30:00,Manchester City,Chelsea,1,1,1.03049,2.03726,https://understat.com/match/28977
EPL,2025,28987,2026-01-06 20:00:00,West Ham,Nottingham Forest,1,2,1.73697,1.26683,https://understat.com/match/28987
EPL,2025,28978,2026-01-07 19:30:00,Everton,Wolverhampton Wanderers,1,1,1.63321,0.71329,https://understat.com/match/28978
EPL,2025,28979,2026-01-07 19:30:00,Bournemouth,Tottenham,3,2,1.19014,1.6261,https://understat.com/match/28979
EPL,2025,28981,2026-01-07 19:30:00,Brentford,Sunderland,3,0,3.86096,1.50644,https://understat.com/match/28981
EPL,2025,28983,2026-01-07 19:30:00,Crystal Palace,Aston Villa,0,0,1.32505,2.07015,https://understat.com/match/28983
EPL,2025,28984,2026-01-07 19:30:00,Fulham,Chelsea,2,1,1.06013,2.45107,https://understat.com/match/28984
EPL,2025,28985,2026-01-07 19:30:00,Manchester City,Brighton,1,1,2.95904,1.33162,https://understat.com/match/28985
EPL,2025,28982,2026-01-07 20:15:00,Burnley,Manchester United,2,2,0.31971,2.52488,https://understat.com/match/28982
EPL,2025,28986,2026-01-07 20:15:00,Newcastle United,Leeds,4,3,2.43495,2.35318,https://understat.com/match/28986
EPL,2025,28980,2026-01-08 20:00:00,Arsenal,Liverpool,0,0,0.701832,0.318642,https://understat.com/match/28980
EPL,2025,28993,2026-01-17 12:30:00,Manchester United,Manchester City,2,0,3.07278,0.387015,https://understat.com/match/28993
EPL,2025,28990,2026-01-17 15:00:00,Chelsea,Brentford,2,0,1.62263,1.47521,https://understat.com/match/28990
EPL,2025,28991,2026-01-17 15:00:00,Leeds,Fulham,1,0,2.16898,0.258796,https://understat.com/match/28991
EPL,2025,28992,2026-01-17 15:00:00,Liverpool,Burnley,1,1,3.49045,0.546971,https://understat.com/match/28992
EPL,2025,28995,2026-01-17 15:00:00,Sunderland,Crystal Palace,2,1,1.84601,1.15169,https://understat.com/match/28995
EPL,2025,28996,2026-01-17 15:00:00,Tottenham,West Ham,1,2,1.65292,2.76761,https://understat.com/match/28996
EPL,2025,28994,2026-01-17 17:30:00,Nottingham Forest,Arsenal,0,0,0.318481,2.86323,https://understat.com/match/28994
EPL,2025,28997,2026-01-18 14:00:00,Wolverhampton Wanderers,Newcastle United,0,0,0.390216,0.813313,https://understat.com/match/28997
EPL,2025,28988,2026-01-18 16:30:00,Aston Villa,Everton,0,1,0.905393,0.745859,https://understat.com/match/28988
EPL,2025,28989,2026-01-19 20:00:00,Brighton,Bournemouth,1,1,0.995777,1.69737,https://understat.com/match/28989
EPL,2025,29007,2026-01-24 12:30:00,West Ham,Sunderland,3,1,2.18675,0.713838,https://understat.com/match/29007
EPL,2025,29001,2026-01-24 15:00:00,Burnley,Tottenham,2,2,1.54884,2.59093,https://understat.com/match/29001
EPL,2025,29004,2026-01-24 15:00:00,Fulham,Brighton,2,1,1.13243,1.94652,https://understat.com/match/29004
EPL,2025,29005,2026-01-24 15:00:00,Manchester City,Wolverhampton Wanderers,2,0,1.0654,0.542683,https://understat.com/match/29005
EPL,2025,28998,2026-01-24 17:30:00,Bournemouth,Liverpool,3,2,3.31474,0.937335,https://understat.com/match/28998
EPL,2025,29000,2026-01-25 14:00:00,Brentford,Nottingham Forest,0,2,2.00413,1.38958,https://understat.com/match/29000
EPL,2025,29002,2026-01-25 14:00:00,Crystal Palace,Chelsea,1,3,2.41793,3.08817,https://understat.com/match/29002
EPL,2025,29006,2026-01-25 14:00:00,Newcastle United,Aston Villa,0,2,1.95484,1.32143,https://understat.com/match/29006
EPL,2025,28999,2026-01-25 16:30:00,Arsenal,Manchester United,2,3,1.42411,0.640902,https://understat.com/match/28999
EPL,2025,29003,2026-01-26 20:00:00,Everton,Leeds,1,1,0.889916,1.6766,https://understat.com/match/29003
EPL,2025,29010,2026-01-31 15:00:00,Brighton,Everton,1,1,1.42825,1.28126,https://understat.com/match/29010
EPL,2025,29015,2026-01-31 15:00:00,Leeds,Arsenal,0,4,0.17871,3.54427,https://understat.com/match/29015
EPL,2025,29017,2026-01-31 15:00:00,Wolverhampton Wanderers,Bournemouth,0,2,2.10353,1.59116,https://understat.com/match/29017
EPL,2025,29009,2026-01-31 17:30:00,Chelsea,West Ham,3,2,2.66133,1.72585,https://understat.com/match/29009
EPL,2025,29014,2026-01-31 20:00:00,Liverpool,Newcastle United,4,1,3.09973,0.284319,https://understat.com/match/29014
EPL,2025,29008,2026-02-01 14:00:00,Aston Villa,Brentford,0,1,2.15316,0.314916,https://understat.com/match/29008
EPL,2025,29012,2026-02-01 14:00:00,Manchester United,Fulham,3,2,1.84362,1.71998,https://understat.com/match/29012
EPL,2025,29013,2026-02-01 14:00:00,Nottingham Forest,Crystal Palace,1,1,0.987254,1.648,https://understat.com/match/29013
EPL,2025,29016,2026-02-01 16:30:00,Tottenham,Manchester City,2,2,1.49738,2.03614,https://understat.com/match/29016
EPL,2025,29011,2026-02-02 20:00:00,Sunderland,Burnley,3,0,1.8865,0.126371,https://understat.com/match/29011
EPL,2025,29023,2026-02-06 20:00:00,Leeds,Nottingham Forest,3,1,3.38179,1.6608,https://understat.com/match/29023
EPL,2025,29025,2026-02-07 12:30:00,Manchester United,Tottenham,2,0,2.16576,0.593404,https://understat.com/match/29025
EPL,2025,29018,2026-02-07 15:00:00,Bournemouth,Aston Villa,1,1,1.82646,0.646496,https://understat.com/match/29018
EPL,2025,29019,2026-02-07 15:00:00,Arsenal,Sunderland,3,0,1.19401,0.427225,https://understat.com/match/29019
EPL,2025,29021,2026-02-07 15:00:00,Burnley,West Ham,0,2,1.84644,1.1223,https://understat.com/match/29021
EPL,2025,29022,2026-02-07 15:00:00,Fulham,Everton,1,2,2.20126,1.88778,https://understat.com/match/29022
EPL,2025,29027,2026-02-07 15:00:00,Wolverhampton Wanderers,Chelsea,1,3,1.11372,3.76278,https://understat.com/match/29027
EPL,2025,29026,2026-02-07 17:30:00,Newcastle United,Brentford,2,3,3.3215,1.65022,https://understat.com/match/29026
EPL,2025,29020,2026-02-08 14:00:00,Brighton,Crystal Palace,0,1,0.737798,0.928404,https://understat.com/match/29020
EPL,2025,29024,2026-02-08 16:30:00,Liverpool,Manchester City,1,2,1.26652,2.41476,https://understat.com/match/29024
EPL,2025,29030,2026-02-10 19:30:00,Chelsea,Leeds,2,2,3.21176,1.28948,https://understat.com/match/29030
EPL,2025,29032,2026-02-10 19:30:00,Everton,Bournemouth,1,2,2.33114,1.4121,https://understat.com/match/29032
EPL,2025,29036,2026-02-10 19:30:00,Tottenham,Newcastle United,1,2,1.68925,2.46991,https://understat.com/match/29036
EPL,2025,29037,2026-02-10 20:15:00,West Ham,Manchester United,1,1,1.30746,0.735767,https://understat.com/match/29037
EPL,2025,29028,2026-02-11 19:30:00,Aston Villa,Brighton,1,0,0.576138,0.481306,https://understat.com/match/29028
EPL,2025,29031,2026-02-11 19:30:00,Crystal Palace,Burnley,2,3,2.1276,0.691273,https://understat.com/match/29031
EPL,2025,29033,2026-02-11 19:30:00,Manchester City,Fulham,3,0,1.67722,1.05283,https://understat.com/match/29033
EPL,2025,29034,2026-02-11 19:30:00,Nottingham Forest,Wolverhampton Wanderers,0,0,3.69094,0.406959,https://understat.com/match/29034
EPL,2025,29035,2026-02-11 20:15:00,Sunderland,Liverpool,0,1,0.693794,3.08172,https://understat.com/match/29035
EPL,2025,29029,2026-02-12 20:00:00,Brentford,Arsenal,1,1,1.81154,0.78418,https://understat.com/match/29029
EPL,2025,29087,2026-02-18 20:00:00,Wolverhampton Wanderers,Arsenal,2,2,0.173119,2.01018,https://understat.com/match/29087
EPL,2025,29038,2026-02-21 15:00:00,Aston Villa,Leeds,1,1,1.25439,1.27855,https://understat.com/match/29038
EPL,2025,29039,2026-02-21 15:00:00,Brentford,Brighton,0,2,1.69023,1.37203,https://understat.com/match/29039
EPL,2025,29040,2026-02-21 15:00:00,Chelsea,Burnley,1,1,2.51534,1.01255,https://understat.com/match/29040
EPL,2025,29047,2026-02-21 17:30:00,West Ham,Bournemouth,0,0,2.34412,0.522731,https://understat.com/match/29047
EPL,2025,29043,2026-02-21 20:00:00,Manchester City,Newcastle United,2,1,2.22648,0.507954,https://understat.com/match/29043
EPL,2025,29041,2026-02-22 14:00:00,Crystal Palace,Wolverhampton Wanderers,1,0,2.03559,1.67749,https://understat.com/match/29041
EPL,2025,29044,2026-02-22 14:00:00,Nottingham Forest,Liverpool,0,1,0.934768,2.39634,https://understat.com/match/29044
EPL,2025,29045,2026-02-22 14:00:00,Sunderland,Fulham,1,3,1.7609,2.16696,https://understat.com/match/29045
EPL,2025,29046,2026-02-22 16:30:00,Tottenham,Arsenal,1,4,0.383264,3.31701,https://understat.com/match/29046
EPL,2025,29042,2026-02-23 20:00:00,Everton,Manchester United,0,1,0.560924,1.4547,https://understat.com/match/29042
EPL,2025,29057,2026-02-27 20:00:00,Wolverhampton Wanderers,Aston Villa,2,0,1.50771,1.31328,https://understat.com/match/29057
EPL,2025,29048,2026-02-28 12:30:00,Bournemouth,Sunderland,1,1,1.82434,1.07887,https://understat.com/match/29048
EPL,2025,29051,2026-02-28 15:00:00,Burnley,Brentford,3,4,0.823824,2.44595,https://understat.com/match/29051
EPL,2025,29054,2026-02-28 15:00:00,Liverpool,West Ham,5,2,2.09939,1.3517,https://understat.com/match/29054
EPL,2025,29056,2026-02-28 15:00:00,Newcastle United,Everton,2,3,1.11889,2.40731,https://understat.com/match/29056
EPL,2025,29053,2026-02-28 17:30:00,Leeds,Manchester City,0,1,1.37824,2.46834,https://understat.com/match/29053
EPL,2025,29050,2026-03-01 14:00:00,Brighton,Nottingham Forest,2,1,1.20107,0.83055,https://understat.com/match/29050
EPL,2025,29052,2026-03-01 14:00:00,Fulham,Tottenham,2,1,2.3207,0.952091,https://understat.com/match/29052
EPL,2025,29055,2026-03-01 14:00:00,Manchester United,Crystal Palace,2,1,2.34609,0.384699,https://understat.com/match/29055
EPL,2025,29049,2026-03-01 16:30:00,Arsenal,Chelsea,2,1,1.71598,1.35268,https://understat.com/match/29049
EPL,2025,29058,2026-03-03 19:30:00,Bournemouth,Brentford,0,0,2.3177,0.673328,https://understat.com/match/29058
EPL,2025,29061,2026-03-03 19:30:00,Everton,Burnley,2,0,1.15845,0.762229,https://understat.com/match/29061
EPL,2025,29063,2026-03-03 19:30:00,Leeds,Sunderland,0,1,0.888232,0.843856,https://understat.com/match/29063
EPL,2025,29067,2026-03-03 20:15:00,Wolverhampton Wanderers,Liverpool,2,1,0.636033,2.17217,https://understat.com/match/29067
EPL,2025,29059,2026-03-04 19:30:00,Aston Villa,Chelsea,1,4,1.06854,3.38883,https://understat.com/match/29059
EPL,2025,29060,2026-03-04 19:30:00,Brighton,Arsenal,0,1,0.919228,0.514803,https://understat.com/match/29060
EPL,2025,29062,2026-03-04 19:30:00,Fulham,West Ham,0,1,0.628123,1.49528,https://understat.com/match/29062
EPL,2025,29064,2026-03-04 19:30:00,Manchester City,Nottingham Forest,2,2,2.72655,1.23642,https://understat.com/match/29064
EPL,2025,29065,2026-03-04 20:15:00,Newcastle United,Manchester United,2,1,1.96637,1.80571,https://understat.com/match/29065
EPL,2025,29066,2026-03-05 20:00:00,Tottenham,Crystal Palace,1,3,1.29615,1.91515,https://understat.com/match/29066
EPL,2025,29070,2026-03-14 15:00:00,Burnley,Bournemouth,0,0,1.67695,2.36979,https://understat.com/match/29070
EPL,2025,29076,2026-03-14 15:00:00,Sunderland,Brighton,0,1,0.659083,1.12832,https://understat.com/match/29076
EPL,2025,29068,2026-03-14 17:30:00,Arsenal,Everton,2,0,1.90855,1.17847,https://understat.com/match/29068
EPL,2025,29071,2026-03-14 17:30:00,Chelsea,Newcastle United,0,1,1.72508,1.03251,https://understat.com/match/29071
EPL,2025,29077,2026-03-14 20:00:00,West Ham,Manchester City,1,1,0.488982,1.9546,https://understat.com/match/29077
EPL,2025,29072,2026-03-15 14:00:00,Crystal Palace,Leeds,0,0,0.525205,1.13558,https://understat.com/match/29072
EPL,2025,29074,2026-03-15 14:00:00,Manchester United,Aston Villa,3,1,1.67823,1.21071,https://understat.com/match/29074
EPL,2025,29075,2026-03-15 14:00:00,Nottingham Forest,Fulham,0,0,0.821011,0.933988,https://understat.com/match/29075
EPL,2025,29073,2026-03-15 16:30:00,Liverpool,Tottenham,1,1,1.30076,1.15636,https://understat.com/match/29073
EPL,2025,29069,2026-03-16 20:00:00,Brentford,Wolverhampton Wanderers,2,2,2.7966,1.80044,https://understat.com/match/29069
EPL,2025,29078,2026-03-20 20:00:00,Bournemouth,Manchester United,2,2,1.76664,1.74574,https://understat.com/match/29078
EPL,2025,29080,2026-03-21 12:30:00,Brighton,Liverpool,2,1,3.42956,0.956801,https://understat.com/match/29080
EPL,2025,29082,2026-03-21 15:00:00,Fulham,Burnley,3,1,3.48438,1.92556,https://understat.com/match/29082
EPL,2025,29081,2026-03-21 17:30:00,Everton,Chelsea,3,0,1.44532,1.35143,https://understat.com/match/29081
EPL,2025,29083,2026-03-21 20:00:00,Leeds,Brentford,0,0,0.417296,0.302221,https://understat.com/match/29083
EPL,2025,29085,2026-03-22 12:00:00,Newcastle United,Sunderland,1,2,1.26705,2.66657,https://understat.com/match/29085
EPL,2025,29079,2026-03-22 14:15:00,Aston Villa,West Ham,2,0,2.48528,0.760054,https://understat.com/match/29079
EPL,2025,29086,2026-03-22 14:15:00,Tottenham,Nottingham Forest,0,3,1.6189,1.54408,https://understat.com/match/29086
EPL,2025,29091,2026-04-10 19:00:00,West Ham,Wolverhampton Wanderers,4,0,2.54379,0.571967,https://understat.com/match/29091
EPL,2025,29092,2026-04-11 11:30:00,Arsenal,Bournemouth,1,2,3.16346,1.39461,https://understat.com/match/29092
EPL,2025,29093,2026-04-11 14:00:00,Brentford,Everton,2,2,2.26302,1.57033,https://understat.com/match/29093
EPL,2025,29094,2026-04-11 14:00:00,Burnley,Brighton,0,2,0.812029,1.07182,https://understat.com/match/29094
EPL,2025,29097,2026-04-11 16:30:00,Liverpool,Fulham,2,0,2.01499,1.42024,https://understat.com/match/29097
EPL,2025,29089,2026-04-12 13:00:00,Nottingham Forest,Aston Villa,1,1,0.85045,1.36297,https://understat.com/match/29089
EPL,2025,29090,2026-04-12 13:00:00,Sunderland,Tottenham,1,0,1.77584,1.01598,https://understat.com/match/29090
EPL,2025,29096,2026-04-12 13:00:00,Crystal Palace,Newcastle United,2,1,3.13933,1.27299,https://understat.com/match/29096
EPL,2025,29095,2026-04-12 15:30:00,Chelsea,Manchester City,0,3,1.22108,2.40839,https://understat.com/match/29095
EPL,2025,29088,2026-04-13 19:00:00,Manchester United,Leeds,1,2,1.36555,2.95118,https://understat.com/match/29088
EPL,2025,29099,2026-04-18 11:30:00,Brentford,Fulham,0,0,2.33552,0.790707,https://understat.com/match/29099
EPL,2025,29103,2026-04-18 14:00:00,Leeds,Wolverhampton Wanderers,3,0,3.55804,0.568627,https://understat.com/match/29103
EPL,2025,29105,2026-04-18 14:00:00,Newcastle United,Bournemouth,1,2,1.61167,3.36662,https://understat.com/match/29105
EPL,2025,29107,2026-04-18 16:30:00,Tottenham,Brighton,2,2,1.56052,1.1373,https://understat.com/match/29107
EPL,2025,29100,2026-04-18 19:00:00,Chelsea,Manchester United,0,1,1.28109,0.436043,https://understat.com/match/29100
EPL,2025,29098,2026-04-19 13:00:00,Aston Villa,Sunderland,4,3,3.90223,1.56008,https://understat.com/match/29098
EPL,2025,29102,2026-04-19 13:00:00,Everton,Liverpool,1,2,1.4784,1.38333,https://understat.com/match/29102
EPL,2025,29106,2026-04-19 13:00:00,Nottingham Forest,Burnley,4,1,1.4425,0.601418,https://understat.com/match/29106
EPL,2025,29104,2026-04-19 15:30:00,Manchester City,Arsenal,2,1,2.61528,2.28964,https://understat.com/match/29104
EPL,2025,29101,2026-04-20 19:00:00,Crystal Palace,West Ham,0,0,0.733442,0.622445,https://understat.com/match/29101
EPL,2025,29110,2026-04-21 19:00:00,Brighton,Chelsea,3,0,2.51784,0.297865,https://understat.com/match/29110
EPL,2025,29108,2026-04-22 19:00:00,Bournemouth,Leeds,2,2,1.91355,1.21601,https://understat.com/match/29108
EPL,2025,29111,2026-04-22 19:00:00,Burnley,Manchester City,0,1,0.973776,3.40888,https://understat.com/match/29111
EPL,2025,29115,2026-04-24 19:00:00,Sunderland,Nottingham Forest,0,5,0.614323,1.54208,https://understat.com/match/29115
EPL,2025,29112,2026-04-25 11:30:00,Fulham,Aston Villa,1,0,1.24069,0.906156,https://understat.com/match/29112
EPL,2025,29113,2026-04-25 14:00:00,Liverpool,Crystal Palace,3,1,1.45071,2.19912,https://understat.com/match/29113
EPL,2025,29116,2026-04-25 14:00:00,West Ham,Everton,2,1,1.8356,1.1144,https://understat.com/match/29116
EPL,2025,29117,2026-04-25 14:00:00,Wolverhampton Wanderers,Tottenham,0,1,0.762656,1.06403,https://understat.com/match/29117
EPL,2025,29109,2026-04-25 16:30:00,Arsenal,Newcastle United,1,0,0.639189,0.868897,https://understat.com/match/29109
EPL,2025,29114,2026-04-27 19:00:00,Manchester United,Brentford,2,1,1.84852,1.30383,https://understat.com/match/29114
EPL,2025,29124,2026-05-01 20:00:00,Leeds,Burnley,3,1,2.09546,0.434597,https://understat.com/match/29124
EPL,2025,29121,2026-05-02 15:00:00,Brentford,West Ham,3,0,2.27374,0.753895,https://understat.com/match/29121
EPL,2025,29126,2026-05-02 15:00:00,Newcastle United,Brighton,3,1,3.12933,1.87112,https://understat.com/match/29126
EPL,2025,29127,2026-05-02 15:00:00,Wolverhampton Wanderers,Sunderland,1,1,1.96131,0.923954,https://understat.com/match/29127
EPL,2025,29119,2026-05-02 17:30:00,Arsenal,Fulham,3,0,4.09079,0.696714,https://understat.com/match/29119
EPL,2025,29118,2026-05-03 14:00:00,Bournemouth,Crystal Palace,3,0,2.29626,0.678329,https://understat.com/match/29118
EPL,2025,29125,2026-05-03 15:30:00,Manchester United,Liverpool,3,2,2.55612,1.02814,https://understat.com/match/29125
EPL,2025,29120,2026-05-03 19:00:00,Aston Villa,Tottenham,1,2,0.609494,1.12225,https://understat.com/match/29120
EPL,2025,29122,2026-05-04 15:00:00,Chelsea,Nottingham Forest,1,3,2.17132,2.31019,https://understat.com/match/29122
EPL,2025,29123,2026-05-04 20:00:00,Everton,Manchester City,3,3,1.68558,1.41706,https://understat.com/match/29123
EPL,2025,29132,2026-05-09 12:30:00,Liverpool,Chelsea,1,1,0.623191,0.597184,https://understat.com/match/29132
EPL,2025,29128,2026-05-09 15:00:00,Brighton,Wolverhampton Wanderers,3,0,2.22427,0.515647,https://understat.com/match/29128
EPL,2025,29131,2026-05-09 15:00:00,Fulham,Bournemouth,0,1,1.24334,0.998003,https://understat.com/match/29131
EPL,2025,29135,2026-05-09 15:00:00,Sunderland,Manchester United,0,0,1.2376,0.535981,https://understat.com/match/29135
EPL,2025,29133,2026-05-09 17:30:00,Manchester City,Brentford,3,0,4.37429,0.670038,https://understat.com/match/29133
EPL,2025,29129,2026-05-10 14:00:00,Burnley,Aston Villa,2,2,1.71234,1.75493,https://understat.com/match/29129
EPL,2025,29130,2026-05-10 14:00:00,Crystal Palace,Everton,2,2,3.28826,2.10265,https://understat.com/match/29130
EPL,2025,29134,2026-05-10 14:00:00,Nottingham Forest,Newcastle United,1,1,1.46434,1.65067,https://understat.com/match/29134
EPL,2025,29137,2026-05-10 16:30:00,West Ham,Arsenal,0,1,1.32011,1.42953,https://understat.com/match/29137
EPL,2025,29136,2026-05-11 20:00:00,Tottenham,Leeds,1,1,1.49036,1.86976,https://understat.com/match/29136
EPL,2025,29084,2026-05-13 20:00:00,Manchester City,Crystal Palace,3,0,1.95679,0.428862,https://understat.com/match/29084
EPL,2025,29140,2026-05-15 20:00:00,Aston Villa,Liverpool,4,2,2.5252,1.55027,https://understat.com/match/29140
EPL,2025,29145,2026-05-17 12:30:00,Manchester United,Nottingham Forest,3,2,4.28532,1.84418,https://understat.com/match/29145
EPL,2025,29141,2026-05-17 15:00:00,Brentford,Crystal Palace,2,2,1.54564,1.82274,https://understat.com/match/29141
EPL,2025,29143,2026-05-17 15:00:00,Everton,Sunderland,1,3,1.32181,1.28383,https://understat.com/match/29143
EPL,2025,29144,2026-05-17 15:00:00,Leeds,Brighton,1,0,0.747756,2.23238,https://understat.com/match/29144
EPL,2025,29147,2026-05-17 15:00:00,Wolverhampton Wanderers,Fulham,1,1,1.49725,1.48412,https://understat.com/match/29147
EPL,2025,29146,2026-05-17 17:30:00,Newcastle United,West Ham,3,1,2.1336,0.957771,https://understat.com/match/29146
EPL,2025,29139,2026-05-18 20:00:00,Arsenal,Burnley,1,0,1.22695,0.194884,https://understat.com/match/29139
EPL,2025,29138,2026-05-19 19:30:00,Bournemouth,Manchester City,1,1,1.71486,1.26917,https://understat.com/match/29138
EPL,2025,29142,2026-05-19 20:15:00,Chelsea,Tottenham,2,1,1.09262,2.15227,https://understat.com/match/29142
EPL,2025,29148,2026-05-24 15:00:00,Brighton,Manchester United,0,3,0.702398,2.32868,https://understat.com/match/29148
EPL,2025,29149,2026-05-24 15:00:00,Burnley,Wolverhampton Wanderers,1,1,1.28476,2.8433,https://understat.com/match/29149
EPL,2025,29150,2026-05-24 15:00:00,Crystal Palace,Arsenal,1,2,1.00492,3.90645,https://understat.com/match/29150
EPL,2025,29151,2026-05-24 15:00:00,Fulham,Newcastle United,2,0,1.72878,0.24232,https://understat.com/match/29151
EPL,2025,29152,2026-05-24 15:00:00,Liverpool,Brentford,1,1,2.99412,1.46082,https://understat.com/match/29152
EPL,2025,29153,2026-05-24 15:00:00,Manchester City,Aston Villa,1,2,1.38085,2.4397,https://understat.com/match/29153
EPL,2025,29154,2026-05-24 15:00:00,Nottingham Forest,Bournemouth,1,1,2.05852,1.33684,https://understat.com/match/29154
EPL,2025,29155,2026-05-24 15:00:00,Sunderland,Chelsea,2,1,2.33109,0.920885,https://understat.com/match/29155
EPL,2025,29156,2026-05-24 15:00:00,Tottenham,Everton,1,0,1.40597,0.268476,https://understat.com/match/29156
EPL,2025,29157,2026-05-24 15:00:00,West Ham,Leeds,3,0,2.73135,1.94969,https://understat.com/match/29157
La_liga,2025,29158,2025-08-15 17:00:00,Girona,Rayo Vallecano,1,3,0.795304,3.25355,https://understat.com/match/29158
La_liga,2025,29159,2025-08-15 19:30:00,Villarreal,Real Oviedo,2,0,2.60739,0.85578,https://understat.com/match/29159
La_liga,2025,29160,2025-08-16 17:30:00,Mallorca,Barcelona,0,3,0.529217,2.0243,https://understat.com/match/29160
La_liga,2025,29161,2025-08-16 19:30:00,Alaves,Levante,2,1,1.72315,0.74203,https://understat.com/match/29161
La_liga,2025,29162,2025-08-16 19:30:00,Valencia,Real Sociedad,1,1,1.58599,1.04897,https://understat.com/match/29162
La_liga,2025,29163,2025-08-17 15:00:00,Celta Vigo,Getafe,0,2,0.744247,1.50131,https://understat.com/match/29163
La_liga,2025,29164,2025-08-17 17:30:00,Athletic Club,Sevilla,3,2,2.67586,0.901645,https://understat.com/match/29164
La_liga,2025,29165,2025-08-17 19:30:00,Espanyol,Atletico Madrid,2,1,1.41508,1.29319,https://understat.com/match/29165
La_liga,2025,29166,2025-08-18 19:00:00,Elche,Real Betis,1,1,0.981494,1.59562,https://understat.com/match/29166
La_liga,2025,29167,2025-08-19 19:00:00,Real Madrid,Osasuna,1,0,1.4294,0.201044,https://understat.com/match/29167
La_liga,2025,29168,2025-08-22 19:30:00,Real Betis,Alaves,1,0,2.13985,1.43838,https://understat.com/match/29168
La_liga,2025,29169,2025-08-23 15:00:00,Mallorca,Celta Vigo,1,1,0.664974,0.917413,https://understat.com/match/29169
La_liga,2025,29170,2025-08-23 17:30:00,Atletico Madrid,Elche,1,1,1.68159,0.313268,https://understat.com/match/29170
La_liga,2025,29171,2025-08-23 19:30:00,Levante,Barcelona,2,3,2.68812,2.48128,https://understat.com/match/29171
La_liga,2025,29172,2025-08-24 15:00:00,Osasuna,Valencia,1,0,0.946758,0.589594,https://understat.com/match/29172
La_liga,2025,29173,2025-08-24 17:30:00,Villarreal,Girona,5,0,2.97707,0.140267,https://understat.com/match/29173
La_liga,2025,29174,2025-08-24 17:30:00,Real Sociedad,Espanyol,2,2,1.43366,1.87234,https://understat.com/match/29174
La_liga,2025,29175,2025-08-24 19:30:00,Real Oviedo,Real Madrid,0,3,0.33749,1.82072,https://understat.com/match/29175
La_liga,2025,29176,2025-08-25 17:30:00,Athletic Club,Rayo Vallecano,1,0,1.68759,0.493587,https://understat.com/match/29176
La_liga,2025,29177,2025-08-25 19:30:00,Sevilla,Getafe,1,2,0.833075,1.32944,https://understat.com/match/29177
La_liga,2025,29178,2025-08-27 19:00:00,Celta Vigo,Real Betis,1,1,0.905201,0.714458,https://understat.com/match/29178
La_liga,2025,29179,2025-08-29 17:30:00,Elche,Levante,2,0,1.44309,0.969663,https://understat.com/match/29179
La_liga,2025,29180,2025-08-29 19:30:00,Valencia,Getafe,3,0,1.54336,0.757418,https://understat.com/match/29180
La_liga,2025,29181,2025-08-30 15:00:00,Alaves,Atletico Madrid,1,1,0.855094,0.960547,https://understat.com/match/29181
La_liga,2025,29182,2025-08-30 17:00:00,Real Oviedo,Real Sociedad,1,0,0.45706,0.92221,https://understat.com/match/29182
La_liga,2025,29183,2025-08-30 17:30:00,Girona,Sevilla,0,2,2.00908,1.62032,https://understat.com/match/29183
La_liga,2025,29184,2025-08-30 19:30:00,Real Madrid,Mallorca,2,1,1.84116,0.549872,https://understat.com/match/29184
La_liga,2025,29185,2025-08-31 15:00:00,Celta Vigo,Villarreal,1,1,0.876041,0.96978,https://understat.com/match/29185
La_liga,2025,29186,2025-08-31 17:00:00,Real Betis,Athletic Club,1,2,0.716186,1.11141,https://understat.com/match/29186
La_liga,2025,29187,2025-08-31 17:30:00,Espanyol,Osasuna,1,0,1.36886,1.38167,https://understat.com/match/29187
La_liga,2025,29188,2025-08-31 19:30:00,Rayo Vallecano,Barcelona,1,1,1.87124,2.35774,https://understat.com/match/29188
La_liga,2025,29189,2025-09-12 19:00:00,Sevilla,Elche,2,2,0.346397,0.781151,https://understat.com/match/29189
La_liga,2025,29190,2025-09-13 12:00:00,Getafe,Real Oviedo,2,0,0.954087,0.369812,https://understat.com/match/29190
La_liga,2025,29195,2025-09-13 14:15:00,Real Sociedad,Real Madrid,1,2,3.14772,2.54171,https://understat.com/match/29195
La_liga,2025,29196,2025-09-13 16:30:00,Athletic Club,Alaves,0,1,0.866662,0.090756,https://understat.com/match/29196
La_liga,2025,29193,2025-09-13 19:00:00,Atletico Madrid,Villarreal,2,0,1.5106,0.668177,https://understat.com/match/29193
La_liga,2025,29192,2025-09-14 12:00:00,Celta Vigo,Girona,1,1,1.80278,1.41213,https://understat.com/match/29192
La_liga,2025,29191,2025-09-14 14:15:00,Levante,Real Betis,2,2,1.02425,2.19546,https://understat.com/match/29191
La_liga,2025,29197,2025-09-14 16:30:00,Osasuna,Rayo Vallecano,2,0,1.4012,0.979149,https://understat.com/match/29197
La_liga,2025,29194,2025-09-14 19:00:00,Barcelona,Valencia,6,0,3.46022,0.12495,https://understat.com/match/29194
La_liga,2025,29198,2025-09-15 19:00:00,Espanyol,Mallorca,3,2,2.67405,2.03185,https://understat.com/match/29198
La_liga,2025,29200,2025-09-19 19:00:00,Real Betis,Real Sociedad,3,1,2.53579,0.606673,https://understat.com/match/29200
La_liga,2025,29202,2025-09-20 12:00:00,Girona,Levante,0,4,0.423855,4.50183,https://understat.com/match/29202
La_liga,2025,29206,2025-09-20 14:15:00,Real Madrid,Espanyol,2,0,2.06136,0.969443,https://understat.com/match/29206
La_liga,2025,29207,2025-09-20 16:30:00,Villarreal,Osasuna,2,1,3.56395,1.95599,https://understat.com/match/29207
La_liga,2025,29208,2025-09-20 16:30:00,Alaves,Sevilla,1,2,0.910257,0.891992,https://understat.com/match/29208
La_liga,2025,29203,2025-09-20 19:00:00,Valencia,Athletic Club,2,0,2.01007,0.499198,https://understat.com/match/29203
La_liga,2025,29205,2025-09-21 12:00:00,Rayo Vallecano,Celta Vigo,1,1,1.3145,1.28175,https://understat.com/match/29205
La_liga,2025,29204,2025-09-21 14:15:00,Mallorca,Atletico Madrid,1,1,0.530939,2.08772,https://understat.com/match/29204
La_liga,2025,29201,2025-09-21 16:30:00,Elche,Real Oviedo,1,0,1.57497,1.10565,https://understat.com/match/29201
La_liga,2025,29199,2025-09-21 19:00:00,Barcelona,Getafe,3,0,2.96429,0.215949,https://understat.com/match/29199
La_liga,2025,29209,2025-09-23 17:00:00,Espanyol,Valencia,2,2,3.31313,1.00785,https://understat.com/match/29209
La_liga,2025,29217,2025-09-23 17:00:00,Athletic Club,Girona,1,1,2.02629,0.856618,https://understat.com/match/29217
La_liga,2025,29210,2025-09-23 19:30:00,Levante,Real Madrid,1,4,1.70121,4.06315,https://understat.com/match/29210
La_liga,2025,29211,2025-09-23 19:30:00,Sevilla,Villarreal,1,2,0.83617,2.40523,https://understat.com/match/29211
La_liga,2025,29212,2025-09-24 17:00:00,Getafe,Alaves,1,1,0.576203,1.21176,https://understat.com/match/29212
La_liga,2025,29215,2025-09-24 19:30:00,Real Sociedad,Mallorca,1,0,2.82857,0.641137,https://understat.com/match/29215
La_liga,2025,29216,2025-09-24 19:30:00,Atletico Madrid,Rayo Vallecano,3,2,4.95017,1.61988,https://understat.com/match/29216
La_liga,2025,29214,2025-09-25 17:30:00,Osasuna,Elche,1,1,1.17524,1.05089,https://understat.com/match/29214
La_liga,2025,29213,2025-09-25 19:30:00,Real Oviedo,Barcelona,1,3,1.45014,2.07001,https://understat.com/match/29213
La_liga,2025,29227,2025-09-26 19:00:00,Girona,Espanyol,0,0,1.07661,0.949116,https://understat.com/match/29227
La_liga,2025,29222,2025-09-27 12:00:00,Getafe,Levante,1,1,0.830967,1.27833,https://understat.com/match/29222
La_liga,2025,29219,2025-09-27 14:15:00,Atletico Madrid,Real Madrid,5,2,2.79075,1.02797,https://understat.com/match/29219
La_liga,2025,29224,2025-09-27 16:30:00,Mallorca,Alaves,1,0,1.04267,0.566415,https://understat.com/match/29224
La_liga,2025,29225,2025-09-27 19:00:00,Villarreal,Athletic Club,1,0,1.86396,1.56287,https://understat.com/match/29225
La_liga,2025,29223,2025-09-28 12:00:00,Rayo Vallecano,Sevilla,0,1,1.89093,0.579597,https://understat.com/match/29223
La_liga,2025,29226,2025-09-28 14:15:00,Elche,Celta Vigo,2,1,4.03596,0.821768,https://understat.com/match/29226
La_liga,2025,29220,2025-09-28 16:30:00,Barcelona,Real Sociedad,2,1,3.00954,0.957079,https://understat.com/match/29220
La_liga,2025,29221,2025-09-28 19:00:00,Real Betis,Osasuna,2,0,1.18955,0.578485,https://understat.com/match/29221
La_liga,2025,29218,2025-09-29 19:00:00,Valencia,Real Oviedo,1,2,1.72261,0.997143,https://understat.com/match/29218
La_liga,2025,29235,2025-10-03 19:00:00,Osasuna,Getafe,2,1,0.692026,0.856515,https://understat.com/match/29235
La_liga,2025,29236,2025-10-04 12:00:00,Real Oviedo,Levante,0,2,1.08551,1.62121,https://understat.com/match/29236
La_liga,2025,29230,2025-10-04 14:15:00,Girona,Valencia,2,1,1.16415,2.22808,https://understat.com/match/29230
La_liga,2025,29229,2025-10-04 16:30:00,Athletic Club,Mallorca,2,1,1.73351,0.213773,https://understat.com/match/29229
La_liga,2025,29231,2025-10-04 19:00:00,Real Madrid,Villarreal,3,1,4.32336,0.956644,https://understat.com/match/29231
La_liga,2025,29228,2025-10-05 12:00:00,Alaves,Elche,3,1,2.85063,0.661537,https://understat.com/match/29228
La_liga,2025,29233,2025-10-05 14:15:00,Sevilla,Barcelona,4,1,2.89414,2.4823,https://understat.com/match/29233
La_liga,2025,29234,2025-10-05 16:30:00,Espanyol,Real Betis,1,2,2.0699,1.43721,https://understat.com/match/29234
La_liga,2025,29237,2025-10-05 16:30:00,Real Sociedad,Rayo Vallecano,0,1,0.768998,0.684504,https://understat.com/match/29237
La_liga,2025,29232,2025-10-05 19:00:00,Celta Vigo,Atletico Madrid,1,1,2.27285,0.710823,https://understat.com/match/29232
La_liga,2025,29246,2025-10-17 19:00:00,Real Oviedo,Espanyol,0,2,1.21155,4.46256,https://understat.com/match/29246
La_liga,2025,29247,2025-10-18 12:00:00,Sevilla,Mallorca,1,3,1.25884,1.95555,https://understat.com/match/29247
La_liga,2025,29240,2025-10-18 14:15:00,Barcelona,Girona,2,1,2.41958,1.69375,https://understat.com/match/29240
La_liga,2025,29245,2025-10-18 16:30:00,Villarreal,Real Betis,2,2,0.980598,0.895532,https://understat.com/match/29245
La_liga,2025,29239,2025-10-18 19:00:00,Atletico Madrid,Osasuna,1,0,2.24415,0.981492,https://understat.com/match/29239
La_liga,2025,29244,2025-10-19 12:00:00,Elche,Athletic Club,0,0,0.823916,0.240214,https://understat.com/match/29244
La_liga,2025,29241,2025-10-19 14:15:00,Celta Vigo,Real Sociedad,1,1,0.717367,2.13562,https://understat.com/match/29241
La_liga,2025,29243,2025-10-19 16:30:00,Levante,Rayo Vallecano,0,3,0.940509,2.53118,https://understat.com/match/29243
La_liga,2025,29242,2025-10-19 19:00:00,Getafe,Real Madrid,0,1,0.530119,2.14595,https://understat.com/match/29242
La_liga,2025,29238,2025-10-20 19:00:00,Alaves,Valencia,0,0,1.05624,0.318076,https://understat.com/match/29238
La_liga,2025,29250,2025-10-24 19:00:00,Real Sociedad,Sevilla,2,1,1.64382,0.247146,https://understat.com/match/29250
La_liga,2025,29249,2025-10-25 12:00:00,Girona,Real Oviedo,3,3,2.24132,2.22406,https://understat.com/match/29249
La_liga,2025,29256,2025-10-25 14:15:00,Espanyol,Elche,1,0,1.70342,1.11414,https://understat.com/match/29256
La_liga,2025,29248,2025-10-25 16:30:00,Athletic Club,Getafe,0,1,0.358524,1.00378,https://understat.com/match/29248
La_liga,2025,29251,2025-10-25 19:00:00,Valencia,Villarreal,0,2,0.641435,2.62387,https://understat.com/match/29251
La_liga,2025,29257,2025-10-26 13:00:00,Mallorca,Levante,1,1,1.86979,2.3579,https://understat.com/match/29257
La_liga,2025,29254,2025-10-26 15:15:00,Real Madrid,Barcelona,2,1,3.41322,1.12434,https://understat.com/match/29254
La_liga,2025,29255,2025-10-26 17:30:00,Osasuna,Celta Vigo,2,3,2.318,1.54054,https://understat.com/match/29255
La_liga,2025,29252,2025-10-26 20:00:00,Rayo Vallecano,Alaves,1,0,1.54971,1.41466,https://understat.com/match/29252
La_liga,2025,29253,2025-10-27 20:00:00,Real Betis,Atletico Madrid,0,2,1.33792,0.876554,https://understat.com/match/29253
La_liga,2025,29262,2025-10-31 20:00:00,Getafe,Girona,2,1,1.40213,1.54366,https://understat.com/match/29262
La_liga,2025,29267,2025-11-01 13:00:00,Villarreal,Rayo Vallecano,4,0,2.7136,1.08632,https://understat.com/match/29267
La_liga,2025,29259,2025-11-01 15:15:00,Atletico Madrid,Sevilla,3,0,2.98632,0.376887,https://understat.com/match/29259
La_liga,2025,29264,2025-11-01 17:30:00,Real Sociedad,Athletic Club,3,2,1.8412,1.13112,https://understat.com/match/29264
La_liga,2025,29263,2025-11-01 20:00:00,Real Madrid,Valencia,4,0,2.89965,0.292177,https://understat.com/match/29263
La_liga,2025,29265,2025-11-02 13:00:00,Levante,Celta Vigo,1,2,1.23651,1.92474,https://understat.com/match/29265
La_liga,2025,29258,2025-11-02 15:15:00,Alaves,Espanyol,2,1,2.18038,1.04283,https://understat.com/match/29258
La_liga,2025,29260,2025-11-02 17:30:00,Barcelona,Elche,3,1,2.8073,0.549079,https://understat.com/match/29260
La_liga,2025,29261,2025-11-02 20:00:00,Real Betis,Mallorca,3,0,2.82134,0.749852,https://understat.com/match/29261
La_liga,2025,29266,2025-11-03 20:00:00,Real Oviedo,Osasuna,0,0,0.717473,0.626317,https://understat.com/match/29266
La_liga,2025,29270,2025-11-07 20:00:00,Elche,Real Sociedad,1,1,0.808307,1.47221,https://understat.com/match/29270
La_liga,2025,29273,2025-11-08 13:00:00,Girona,Alaves,1,0,1.26365,2.00772,https://understat.com/match/29273
La_liga,2025,29277,2025-11-08 15:15:00,Sevilla,Osasuna,1,0,1.22271,0.967352,https://understat.com/match/29277
La_liga,2025,29269,2025-11-08 17:30:00,Atletico Madrid,Levante,3,1,3.03599,1.29112,https://understat.com/match/29269
La_liga,2025,29271,2025-11-08 20:00:00,Espanyol,Villarreal,0,2,0.476157,1.47118,https://understat.com/match/29271
La_liga,2025,29268,2025-11-09 13:00:00,Athletic Club,Real Oviedo,1,0,2.65219,0.182696,https://understat.com/match/29268
La_liga,2025,29272,2025-11-09 15:15:00,Rayo Vallecano,Real Madrid,0,0,1.60641,0.841463,https://understat.com/match/29272
La_liga,2025,29275,2025-11-09 17:30:00,Valencia,Real Betis,1,1,1.95148,1.58932,https://understat.com/match/29275
La_liga,2025,29276,2025-11-09 17:30:00,Mallorca,Getafe,1,0,1.30353,0.539674,https://understat.com/match/29276
La_liga,2025,29274,2025-11-09 20:00:00,Celta Vigo,Barcelona,2,4,0.512253,3.42936,https://understat.com/match/29274
La_liga,2025,29286,2025-11-21 20:00:00,Valencia,Levante,1,0,1.65038,0.67426,https://understat.com/match/29286
La_liga,2025,29278,2025-11-22 13:00:00,Alaves,Celta Vigo,0,1,0.3056,1.32351,https://understat.com/match/29278
La_liga,2025,29284,2025-11-22 15:15:00,Barcelona,Athletic Club,4,0,2.32922,1.04615,https://understat.com/match/29284
La_liga,2025,29282,2025-11-22 17:30:00,Osasuna,Real Sociedad,1,3,1.27964,1.76546,https://understat.com/match/29282
La_liga,2025,29287,2025-11-22 20:00:00,Villarreal,Mallorca,2,1,2.6371,1.38464,https://understat.com/match/29287
La_liga,2025,29283,2025-11-23 13:00:00,Real Oviedo,Rayo Vallecano,0,0,0.499406,0.922998,https://understat.com/match/29283
La_liga,2025,29279,2025-11-23 15:15:00,Real Betis,Girona,1,1,1.5784,1.48903,https://understat.com/match/29279
La_liga,2025,29285,2025-11-23 17:30:00,Getafe,Atletico Madrid,0,1,0.578828,1.47677,https://understat.com/match/29285
La_liga,2025,29280,2025-11-23 20:00:00,Elche,Real Madrid,2,2,1.59518,3.88258,https://understat.com/match/29280
La_liga,2025,29281,2025-11-24 20:00:00,Espanyol,Sevilla,2,1,1.16625,1.80002,https://understat.com/match/29281
La_liga,2025,29297,2025-11-28 20:00:00,Getafe,Elche,1,0,1.34046,0.448894,https://understat.com/match/29297
La_liga,2025,29291,2025-11-29 13:00:00,Mallorca,Osasuna,2,2,1.10581,1.11108,https://understat.com/match/29291
La_liga,2025,29294,2025-11-29 15:15:00,Barcelona,Alaves,3,1,2.51096,2.09256,https://understat.com/match/29294
La_liga,2025,29295,2025-11-29 17:30:00,Levante,Athletic Club,0,2,1.20253,2.80864,https://understat.com/match/29295
La_liga,2025,29288,2025-11-29 20:00:00,Atletico Madrid,Real Oviedo,2,0,2.40693,0.921985,https://understat.com/match/29288
La_liga,2025,29293,2025-11-30 13:00:00,Real Sociedad,Villarreal,2,3,1.3715,1.63038,https://understat.com/match/29293
La_liga,2025,29296,2025-11-30 15:15:00,Sevilla,Real Betis,0,2,0.735196,1.17861,https://understat.com/match/29296
La_liga,2025,29289,2025-11-30 17:30:00,Celta Vigo,Espanyol,0,1,0.635572,0.599243,https://understat.com/match/29289
La_liga,2025,29290,2025-11-30 20:00:00,Girona,Real Madrid,1,1,1.05171,2.21359,https://understat.com/match/29290
La_liga,2025,29292,2025-12-01 20:00:00,Rayo Vallecano,Valencia,1,1,2.13298,0.897663,https://understat.com/match/29292
La_liga,2025,29342,2025-12-02 20:00:00,Barcelona,Atletico Madrid,3,1,3.46121,1.35018,https://understat.com/match/29342
La_liga,2025,29338,2025-12-03 18:00:00,Athletic Club,Real Madrid,0,3,0.917315,2.36743,https://understat.com/match/29338
La_liga,2025,29306,2025-12-05 20:00:00,Real Oviedo,Mallorca,0,0,1.60009,0.617185,https://understat.com/match/29306
La_liga,2025,29304,2025-12-06 13:00:00,Villarreal,Getafe,2,0,0.816941,0.282254,https://understat.com/match/29304
La_liga,2025,29298,2025-12-06 15:15:00,Alaves,Real Sociedad,1,0,1.88765,1.09935,https://understat.com/match/29298
La_liga,2025,29302,2025-12-06 17:30:00,Real Betis,Barcelona,3,5,2.74214,3.30288,https://understat.com/match/29302
La_liga,2025,29299,2025-12-06 20:00:00,Athletic Club,Atletico Madrid,1,0,1.18636,0.771885,https://understat.com/match/29299
La_liga,2025,29300,2025-12-07 13:00:00,Elche,Girona,3,0,1.59513,0.781043,https://understat.com/match/29300
La_liga,2025,29307,2025-12-07 15:15:00,Valencia,Sevilla,1,1,1.23901,0.635478,https://understat.com/match/29307
La_liga,2025,29301,2025-12-07 17:30:00,Espanyol,Rayo Vallecano,1,0,1.57985,0.285545,https://understat.com/match/29301
La_liga,2025,29303,2025-12-07 20:00:00,Real Madrid,Celta Vigo,0,2,2.41681,1.60908,https://understat.com/match/29303
La_liga,2025,29305,2025-12-08 20:00:00,Osasuna,Levante,2,0,1.74988,0.544977,https://understat.com/match/29305
La_liga,2025,29316,2025-12-12 20:00:00,Real Sociedad,Girona,1,2,1.02349,1.16894,https://understat.com/match/29316
La_liga,2025,29309,2025-12-13 13:00:00,Atletico Madrid,Valencia,2,1,2.07076,1.26068,https://understat.com/match/29309
La_liga,2025,29314,2025-12-13 15:15:00,Mallorca,Elche,3,1,2.581,0.311674,https://understat.com/match/29314
La_liga,2025,29310,2025-12-13 17:30:00,Barcelona,Osasuna,2,0,2.14468,0.228217,https://understat.com/match/29310
La_liga,2025,29315,2025-12-13 20:00:00,Getafe,Espanyol,0,1,0.305925,0.75472,https://understat.com/match/29315
La_liga,2025,29317,2025-12-14 13:00:00,Sevilla,Real Oviedo,4,0,2.31899,0.416975,https://understat.com/match/29317
La_liga,2025,29312,2025-12-14 15:15:00,Celta Vigo,Athletic Club,2,0,1.97074,1.66561,https://understat.com/match/29312
La_liga,2025,29308,2025-12-14 20:00:00,Alaves,Real Madrid,1,2,1.313,1.90656,https://understat.com/match/29308
La_liga,2025,29313,2025-12-15 20:00:00,Rayo Vallecano,Real Betis,0,0,2.1848,0.788766,https://understat.com/match/29313
La_liga,2025,29327,2025-12-19 20:00:00,Valencia,Mallorca,1,1,2.16012,0.199412,https://understat.com/match/29327
La_liga,2025,29326,2025-12-20 13:00:00,Real Oviedo,Celta Vigo,0,0,0.517531,0.600009,https://understat.com/match/29326
La_liga,2025,29321,2025-12-20 15:15:00,Levante,Real Sociedad,1,1,1.22005,1.62986,https://understat.com/match/29321
La_liga,2025,29323,2025-12-20 17:30:00,Osasuna,Alaves,3,0,2.39145,0.718671,https://understat.com/match/29323
La_liga,2025,29322,2025-12-20 20:00:00,Real Madrid,Sevilla,2,0,4.00139,1.51418,https://understat.com/match/29322
La_liga,2025,29324,2025-12-21 13:00:00,Girona,Atletico Madrid,0,3,1.11565,1.26201,https://understat.com/match/29324
La_liga,2025,29325,2025-12-21 15:15:00,Villarreal,Barcelona,0,2,2.16466,3.27381,https://understat.com/match/29325
La_liga,2025,29320,2025-12-21 17:30:00,Elche,Rayo Vallecano,4,0,3.66996,1.14923,https://understat.com/match/29320
La_liga,2025,29319,2025-12-21 20:00:00,Real Betis,Getafe,4,0,3.46022,1.24726,https://understat.com/match/29319
La_liga,2025,29318,2025-12-22 20:00:00,Athletic Club,Espanyol,1,2,1.72282,0.908988,https://understat.com/match/29318
La_liga,2025,29335,2026-01-02 20:00:00,Rayo Vallecano,Getafe,1,1,0.662324,0.663898,https://understat.com/match/29335
La_liga,2025,29329,2026-01-03 13:00:00,Celta Vigo,Valencia,4,1,2.59029,1.79296,https://understat.com/match/29329
La_liga,2025,29331,2026-01-03 15:15:00,Osasuna,Athletic Club,1,1,0.868051,1.554,https://understat.com/match/29331
La_liga,2025,29330,2026-01-03 17:30:00,Elche,Villarreal,1,3,1.52119,2.635,https://understat.com/match/29330
La_liga,2025,29333,2026-01-03 20:00:00,Espanyol,Barcelona,0,2,1.79661,2.94252,https://understat.com/match/29333
La_liga,2025,29337,2026-01-04 13:00:00,Sevilla,Levante,0,3,1.66562,1.65102,https://understat.com/match/29337
La_liga,2025,29334,2026-01-04 15:15:00,Real Madrid,Real Betis,5,1,3.0073,0.974623,https://understat.com/match/29334
La_liga,2025,29328,2026-01-04 17:30:00,Alaves,Real Oviedo,1,1,1.56756,3.21906,https://understat.com/match/29328
La_liga,2025,29336,2026-01-04 17:30:00,Mallorca,Girona,1,2,1.48338,1.45714,https://understat.com/match/29336
La_liga,2025,29332,2026-01-04 20:00:00,Real Sociedad,Atletico Madrid,1,1,1.70649,1.37325,https://understat.com/match/29332
La_liga,2025,29339,2026-01-09 20:00:00,Getafe,Real Sociedad,1,2,0.240168,1.25801,https://understat.com/match/29339
La_liga,2025,29343,2026-01-10 13:00:00,Real Oviedo,Real Betis,1,1,1.01026,2.70809,https://understat.com/match/29343
La_liga,2025,29341,2026-01-10 15:15:00,Villarreal,Alaves,3,1,1.38322,0.844572,https://understat.com/match/29341
La_liga,2025,29340,2026-01-10 17:30:00,Girona,Osasuna,1,0,0.984024,1.22674,https://understat.com/match/29340
La_liga,2025,29345,2026-01-10 20:00:00,Valencia,Elche,1,1,2.04147,0.244413,https://understat.com/match/29345
La_liga,2025,29347,2026-01-11 13:00:00,Rayo Vallecano,Mallorca,2,1,2.05105,1.05743,https://understat.com/match/29347
La_liga,2025,29346,2026-01-11 15:15:00,Levante,Espanyol,1,1,1.18232,1.58922,https://understat.com/match/29346
La_liga,2025,29344,2026-01-12 20:00:00,Sevilla,Celta Vigo,0,1,0.262521,2.07629,https://understat.com/match/29344
La_liga,2025,29355,2026-01-16 20:00:00,Espanyol,Girona,0,2,1.26738,1.82377,https://understat.com/match/29355
La_liga,2025,29351,2026-01-17 13:00:00,Real Madrid,Levante,2,0,2.54865,0.787501,https://understat.com/match/29351
La_liga,2025,29349,2026-01-17 15:15:00,Mallorca,Athletic Club,3,2,3.11432,2.28242,https://understat.com/match/29349
La_liga,2025,29357,2026-01-17 17:30:00,Osasuna,Real Oviedo,3,2,2.03551,1.36173,https://understat.com/match/29357
La_liga,2025,29352,2026-01-17 20:00:00,Real Betis,Villarreal,2,0,1.34951,1.17907,https://understat.com/match/29352
La_liga,2025,29356,2026-01-18 13:00:00,Getafe,Valencia,0,1,0.584591,0.746856,https://understat.com/match/29356
La_liga,2025,29348,2026-01-18 15:15:00,Atletico Madrid,Alaves,1,0,1.7743,1.21004,https://understat.com/match/29348
La_liga,2025,29353,2026-01-18 17:30:00,Celta Vigo,Rayo Vallecano,3,0,1.90274,1.31932,https://understat.com/match/29353
La_liga,2025,29350,2026-01-18 20:00:00,Real Sociedad,Barcelona,2,1,1.55875,3.92031,https://understat.com/match/29350
La_liga,2025,29354,2026-01-19 20:00:00,Elche,Sevilla,2,2,1.48075,2.4961,https://understat.com/match/29354
La_liga,2025,29363,2026-01-23 20:00:00,Levante,Elche,3,2,3.24455,0.632971,https://understat.com/match/29363
La_liga,2025,29366,2026-01-24 13:00:00,Rayo Vallecano,Osasuna,1,3,0.669564,1.36861,https://understat.com/match/29366
La_liga,2025,29364,2026-01-24 15:15:00,Valencia,Espanyol,3,2,2.76956,1.75941,https://understat.com/match/29364
La_liga,2025,29358,2026-01-24 17:30:00,Sevilla,Athletic Club,2,1,1.43055,1.91259,https://understat.com/match/29358
La_liga,2025,29367,2026-01-24 20:00:00,Villarreal,Real Madrid,0,2,0.952831,1.62206,https://understat.com/match/29367
La_liga,2025,29360,2026-01-25 13:00:00,Atletico Madrid,Mallorca,3,0,1.42501,0.367893,https://understat.com/match/29360
La_liga,2025,29361,2026-01-25 15:15:00,Barcelona,Real Oviedo,3,0,2.59917,0.486404,https://understat.com/match/29361
La_liga,2025,29362,2026-01-25 17:30:00,Real Sociedad,Celta Vigo,3,1,2.15496,1.63115,https://understat.com/match/29362
La_liga,2025,29359,2026-01-25 20:00:00,Alaves,Real Betis,2,1,1.67102,1.78662,https://understat.com/match/29359
La_liga,2025,29365,2026-01-26 20:00:00,Girona,Getafe,1,1,1.01571,1.1089,https://understat.com/match/29365
La_liga,2025,29371,2026-01-30 20:00:00,Espanyol,Alaves,1,2,1.20096,1.32248,https://understat.com/match/29371
La_liga,2025,29375,2026-01-31 13:00:00,Real Oviedo,Girona,1,0,1.26601,0.664225,https://understat.com/match/29375
La_liga,2025,29370,2026-01-31 15:15:00,Osasuna,Villarreal,2,2,2.13467,0.911128,https://understat.com/match/29370
La_liga,2025,29372,2026-01-31 17:30:00,Levante,Atletico Madrid,0,0,0.41109,0.615283,https://understat.com/match/29372
La_liga,2025,29373,2026-01-31 20:00:00,Elche,Barcelona,1,3,0.839,7.11049,https://understat.com/match/29373
La_liga,2025,29377,2026-02-01 13:00:00,Real Madrid,Rayo Vallecano,2,1,2.30208,1.06935,https://understat.com/match/29377
La_liga,2025,29368,2026-02-01 15:15:00,Real Betis,Valencia,2,1,2.16883,1.88674,https://understat.com/match/29368
La_liga,2025,29374,2026-02-01 17:30:00,Getafe,Celta Vigo,0,0,0.499866,0.256881,https://understat.com/match/29374
La_liga,2025,29376,2026-02-01 20:00:00,Athletic Club,Real Sociedad,1,1,0.893754,1.58578,https://understat.com/match/29376
La_liga,2025,29369,2026-02-02 20:00:00,Mallorca,Sevilla,4,1,3.04346,1.24318,https://understat.com/match/29369
La_liga,2025,29382,2026-02-06 20:00:00,Celta Vigo,Osasuna,1,2,2.0351,1.00253,https://understat.com/match/29382
La_liga,2025,29381,2026-02-07 15:15:00,Barcelona,Mallorca,3,0,2.48168,1.01087,https://understat.com/match/29381
La_liga,2025,29383,2026-02-07 20:00:00,Real Sociedad,Elche,3,1,1.7719,1.08664,https://understat.com/match/29383
La_liga,2025,29378,2026-02-08 13:00:00,Alaves,Getafe,0,2,3.01162,1.7859,https://understat.com/match/29378
La_liga,2025,29379,2026-02-08 15:15:00,Athletic Club,Levante,4,2,2.77377,0.615311,https://understat.com/match/29379
La_liga,2025,29386,2026-02-08 15:15:00,Sevilla,Girona,1,1,0.958247,2.60199,https://understat.com/match/29386
La_liga,2025,29380,2026-02-08 17:30:00,Atletico Madrid,Real Betis,0,1,0.625525,0.839838,https://understat.com/match/29380
La_liga,2025,29387,2026-02-08 20:00:00,Valencia,Real Madrid,0,2,0.571838,1.04576,https://understat.com/match/29387
La_liga,2025,29384,2026-02-09 20:00:00,Villarreal,Espanyol,4,1,1.53925,0.744747,https://understat.com/match/29384
La_liga,2025,29388,2026-02-13 20:00:00,Elche,Osasuna,0,0,2.33332,0.81264,https://understat.com/match/29388
La_liga,2025,29397,2026-02-14 13:00:00,Espanyol,Celta Vigo,2,2,1.16112,2.81494,https://understat.com/match/29397
La_liga,2025,29389,2026-02-14 15:15:00,Getafe,Villarreal,2,1,1.61761,0.969388,https://understat.com/match/29389
La_liga,2025,29392,2026-02-14 17:30:00,Sevilla,Alaves,1,1,0.354256,1.38983,https://understat.com/match/29392
La_liga,2025,29391,2026-02-14 20:00:00,Real Madrid,Real Sociedad,4,1,3.05918,1.66018,https://understat.com/match/29391
La_liga,2025,29393,2026-02-15 13:00:00,Real Oviedo,Athletic Club,1,2,0.861013,1.20566,https://understat.com/match/29393
La_liga,2025,29394,2026-02-15 15:15:00,Rayo Vallecano,Atletico Madrid,3,0,2.75329,0.752854,https://understat.com/match/29394
La_liga,2025,29390,2026-02-15 17:30:00,Levante,Valencia,0,2,1.45737,0.743814,https://understat.com/match/29390
La_liga,2025,29396,2026-02-15 20:00:00,Mallorca,Real Betis,1,2,0.731317,2.04841,https://understat.com/match/29396
La_liga,2025,29395,2026-02-16 20:00:00,Girona,Barcelona,2,1,2.8897,2.69655,https://understat.com/match/29395
La_liga,2025,29311,2026-02-18 19:00:00,Levante,Villarreal,0,1,0.774339,2.40024,https://understat.com/match/29311
La_liga,2025,29399,2026-02-20 20:00:00,Athletic Club,Elche,2,1,3.38352,0.783583,https://understat.com/match/29399
La_liga,2025,29407,2026-02-21 13:00:00,Real Sociedad,Real Oviedo,3,3,2.77486,1.75088,https://understat.com/match/29407
La_liga,2025,29402,2026-02-21 15:15:00,Real Betis,Rayo Vallecano,1,1,2.13548,1.30345,https://understat.com/match/29402
La_liga,2025,29405,2026-02-21 17:30:00,Osasuna,Real Madrid,2,1,2.31248,2.02307,https://understat.com/match/29405
La_liga,2025,29400,2026-02-21 20:00:00,Atletico Madrid,Espanyol,4,2,3.28587,1.04114,https://understat.com/match/29400
La_liga,2025,29404,2026-02-22 13:00:00,Getafe,Sevilla,0,1,0.250539,0.283172,https://understat.com/match/29404
La_liga,2025,29401,2026-02-22 15:15:00,Barcelona,Levante,3,0,4.24402,0.602552,https://understat.com/match/29401
La_liga,2025,29403,2026-02-22 17:30:00,Celta Vigo,Mallorca,2,0,2.93904,0.0207331,https://understat.com/match/29403
La_liga,2025,29406,2026-02-22 20:00:00,Villarreal,Valencia,2,1,2.38144,1.91256,https://understat.com/match/29406
La_liga,2025,29398,2026-02-23 20:00:00,Alaves,Girona,2,2,2.1366,2.05717,https://understat.com/match/29398
La_liga,2025,29412,2026-02-27 20:00:00,Levante,Alaves,2,0,2.77253,1.29855,https://understat.com/match/29412
La_liga,2025,29413,2026-02-28 13:00:00,Rayo Vallecano,Athletic Club,1,1,1.35951,0.428457,https://understat.com/match/29413
La_liga,2025,29408,2026-02-28 15:15:00,Barcelona,Villarreal,4,1,3.54743,1.36182,https://understat.com/match/29408
La_liga,2025,29411,2026-02-28 17:30:00,Mallorca,Real Sociedad,0,1,0.754182,0.929702,https://understat.com/match/29411
La_liga,2025,29414,2026-02-28 20:00:00,Real Oviedo,Atletico Madrid,0,1,1.50089,0.853142,https://understat.com/match/29414
La_liga,2025,29410,2026-03-01 13:00:00,Elche,Espanyol,2,2,1.82376,0.834858,https://understat.com/match/29410
La_liga,2025,29417,2026-03-01 15:15:00,Valencia,Osasuna,1,0,1.31076,0.259132,https://understat.com/match/29417
La_liga,2025,29409,2026-03-01 17:30:00,Real Betis,Sevilla,2,2,1.48441,0.656164,https://understat.com/match/29409
La_liga,2025,29415,2026-03-01 20:00:00,Girona,Celta Vigo,1,2,1.57036,0.697106,https://understat.com/match/29415
La_liga,2025,29416,2026-03-02 20:00:00,Real Madrid,Getafe,0,1,2.02274,0.476324,https://understat.com/match/29416
La_liga,2025,29385,2026-03-04 18:00:00,Rayo Vallecano,Real Oviedo,3,0,2.55086,1.01052,https://understat.com/match/29385
La_liga,2025,29420,2026-03-06 20:00:00,Celta Vigo,Real Madrid,1,2,0.910298,0.637644,https://understat.com/match/29420
La_liga,2025,29426,2026-03-07 13:00:00,Osasuna,Mallorca,2,2,3.09031,1.03165,https://understat.com/match/29426
La_liga,2025,29425,2026-03-07 15:15:00,Levante,Girona,1,1,0.819009,1.917,https://understat.com/match/29425
La_liga,2025,29419,2026-03-07 17:30:00,Atletico Madrid,Real Sociedad,3,2,3.57972,0.313932,https://understat.com/match/29419
La_liga,2025,29418,2026-03-07 20:00:00,Athletic Club,Barcelona,0,1,1.04698,0.560009,https://understat.com/match/29418
La_liga,2025,29424,2026-03-08 13:00:00,Villarreal,Elche,2,1,2.30632,1.62051,https://understat.com/match/29424
La_liga,2025,29423,2026-03-08 15:15:00,Getafe,Real Betis,2,0,0.821088,1.24912,https://understat.com/match/29423
La_liga,2025,29427,2026-03-08 17:30:00,Sevilla,Rayo Vallecano,1,1,1.14573,0.211673,https://understat.com/match/29427
La_liga,2025,29422,2026-03-08 20:00:00,Valencia,Alaves,3,2,2.51657,1.60795,https://understat.com/match/29422
La_liga,2025,29421,2026-03-09 20:00:00,Espanyol,Real Oviedo,1,1,1.55092,0.886689,https://understat.com/match/29421
La_liga,2025,29428,2026-03-13 20:00:00,Alaves,Villarreal,1,1,0.287232,0.873846,https://understat.com/match/29428
La_liga,2025,29433,2026-03-14 13:00:00,Girona,Athletic Club,3,0,2.19442,1.97271,https://understat.com/match/29433
La_liga,2025,29429,2026-03-14 15:15:00,Atletico Madrid,Getafe,1,0,2.14469,1.58248,https://understat.com/match/29429
La_liga,2025,29432,2026-03-14 17:30:00,Real Oviedo,Valencia,1,0,1.8648,0.486871,https://understat.com/match/29432
La_liga,2025,29434,2026-03-14 20:00:00,Real Madrid,Elche,4,1,1.72531,1.3711,https://understat.com/match/29434
La_liga,2025,29435,2026-03-15 13:00:00,Mallorca,Espanyol,2,1,2.1497,1.35243,https://understat.com/match/29435
La_liga,2025,29430,2026-03-15 15:15:00,Barcelona,Sevilla,5,2,3.8639,1.04304,https://understat.com/match/29430
La_liga,2025,29431,2026-03-15 17:30:00,Real Betis,Celta Vigo,1,1,1.87752,0.646702,https://understat.com/match/29431
La_liga,2025,29437,2026-03-15 20:00:00,Real Sociedad,Osasuna,3,1,2.91429,0.615126,https://understat.com/match/29437
La_liga,2025,29436,2026-03-16 20:00:00,Rayo Vallecano,Levante,1,1,1.68134,1.45599,https://understat.com/match/29436
La_liga,2025,29438,2026-03-20 20:00:00,Villarreal,Real Sociedad,3,1,3.35586,0.894953,https://understat.com/match/29438
La_liga,2025,29440,2026-03-21 13:00:00,Elche,Mallorca,2,1,1.51605,1.51939,https://understat.com/match/29440
La_liga,2025,29442,2026-03-21 15:15:00,Espanyol,Getafe,1,2,1.51208,2.06384,https://understat.com/match/29442
La_liga,2025,29443,2026-03-21 17:30:00,Levante,Real Oviedo,4,2,2.92669,1.33569,https://understat.com/match/29443
La_liga,2025,29447,2026-03-21 17:30:00,Osasuna,Girona,1,0,2.26232,0.232115,https://understat.com/match/29447
La_liga,2025,29444,2026-03-21 20:00:00,Sevilla,Valencia,0,2,0.505411,1.7133,https://understat.com/match/29444
La_liga,2025,29441,2026-03-22 13:00:00,Barcelona,Rayo Vallecano,1,0,1.92205,2.19631,https://understat.com/match/29441
La_liga,2025,29445,2026-03-22 15:15:00,Celta Vigo,Alaves,3,4,1.70969,1.67221,https://understat.com/match/29445
La_liga,2025,29439,2026-03-22 17:30:00,Athletic Club,Real Betis,2,1,1.92715,0.591202,https://understat.com/match/29439
La_liga,2025,29446,2026-03-22 20:00:00,Real Madrid,Atletico Madrid,3,2,2.96605,1.40234,https://understat.com/match/29446
La_liga,2025,29456,2026-04-03 19:00:00,Rayo Vallecano,Elche,1,0,1.51493,0.601974,https://understat.com/match/29456
La_liga,2025,29457,2026-04-04 12:00:00,Real Sociedad,Levante,2,0,2.96404,0.320219,https://understat.com/match/29457
La_liga,2025,29452,2026-04-04 14:15:00,Mallorca,Real Madrid,2,1,1.03875,1.51454,https://understat.com/match/29452
La_liga,2025,29450,2026-04-04 16:30:00,Real Betis,Espanyol,0,0,2.00215,0.144091,https://understat.com/match/29450
La_liga,2025,29449,2026-04-04 19:00:00,Atletico Madrid,Barcelona,1,2,0.919286,2.68584,https://understat.com/match/29449
La_liga,2025,29455,2026-04-05 12:00:00,Getafe,Athletic Club,2,0,1.96345,0.524379,https://understat.com/match/29455
La_liga,2025,29454,2026-04-05 14:15:00,Valencia,Celta Vigo,2,3,0.720964,1.457,https://understat.com/match/29454
La_liga,2025,29453,2026-04-05 16:30:00,Real Oviedo,Sevilla,1,0,0.785105,0.840736,https://understat.com/match/29453
La_liga,2025,29448,2026-04-05 19:00:00,Alaves,Osasuna,2,2,1.65967,1.61149,https://understat.com/match/29448
La_liga,2025,29451,2026-04-06 19:00:00,Girona,Villarreal,1,0,0.653493,0.443518,https://understat.com/match/29451
La_liga,2025,29462,2026-04-10 19:00:00,Real Madrid,Girona,1,1,1.98086,0.46667,https://understat.com/match/29462
La_liga,2025,29464,2026-04-11 12:00:00,Real Sociedad,Alaves,3,3,1.295,1.206,https://understat.com/match/29464
La_liga,2025,29465,2026-04-11 14:15:00,Elche,Valencia,1,0,1.03489,2.76889,https://understat.com/match/29465
La_liga,2025,29459,2026-04-11 16:30:00,Barcelona,Espanyol,4,1,3.30789,1.13134,https://understat.com/match/29459
La_liga,2025,29463,2026-04-11 19:00:00,Sevilla,Atletico Madrid,2,1,1.6578,0.855474,https://understat.com/match/29463
La_liga,2025,29460,2026-04-12 12:00:00,Osasuna,Real Betis,1,1,1.52928,0.411183,https://understat.com/match/29460
La_liga,2025,29466,2026-04-12 14:15:00,Mallorca,Rayo Vallecano,3,0,2.54659,1.97051,https://understat.com/match/29466
La_liga,2025,29467,2026-04-12 16:30:00,Celta Vigo,Real Oviedo,0,3,1.15878,2.12846,https://understat.com/match/29467
La_liga,2025,29458,2026-04-12 19:00:00,Athletic Club,Villarreal,1,2,1.31935,1.55144,https://understat.com/match/29458
La_liga,2025,29461,2026-04-13 19:00:00,Levante,Getafe,1,0,3.32797,0.290983,https://understat.com/match/29461
La_liga,2025,29478,2026-04-21 18:00:00,Athletic Club,Osasuna,1,0,0.49013,1.39553,https://understat.com/match/29478
La_liga,2025,29481,2026-04-21 18:00:00,Mallorca,Valencia,1,1,2.24468,1.39393,https://understat.com/match/29481
La_liga,2025,29483,2026-04-21 19:30:00,Real Madrid,Alaves,2,1,1.504,1.62967,https://understat.com/match/29483
La_liga,2025,29485,2026-04-21 19:30:00,Girona,Real Betis,2,3,1.72891,1.24954,https://understat.com/match/29485
La_liga,2025,29484,2026-04-22 17:00:00,Elche,Atletico Madrid,3,2,3.62854,0.846836,https://understat.com/match/29484
La_liga,2025,29487,2026-04-22 18:00:00,Real Sociedad,Getafe,0,1,1.90157,0.215233,https://understat.com/match/29487
La_liga,2025,29479,2026-04-22 19:30:00,Barcelona,Celta Vigo,1,0,1.54451,1.07392,https://understat.com/match/29479
La_liga,2025,29480,2026-04-23 17:00:00,Levante,Sevilla,2,0,1.2081,0.444478,https://understat.com/match/29480
La_liga,2025,29486,2026-04-23 18:00:00,Rayo Vallecano,Espanyol,1,0,2.06977,1.68535,https://understat.com/match/29486
La_liga,2025,29482,2026-04-23 19:30:00,Real Oviedo,Villarreal,1,1,2.52849,3.25021,https://understat.com/match/29482
La_liga,2025,29474,2026-04-24 19:00:00,Real Betis,Real Madrid,1,1,1.01953,1.09576,https://understat.com/match/29474
La_liga,2025,29473,2026-04-25 12:00:00,Alaves,Mallorca,2,1,1.40767,0.221499,https://understat.com/match/29473
La_liga,2025,29469,2026-04-25 14:15:00,Getafe,Barcelona,0,2,0.607664,2.05171,https://understat.com/match/29469
La_liga,2025,29472,2026-04-25 16:30:00,Valencia,Girona,2,1,2.31263,1.38799,https://understat.com/match/29472
La_liga,2025,29468,2026-04-25 19:00:00,Atletico Madrid,Athletic Club,3,2,2.47955,0.970599,https://understat.com/match/29468
La_liga,2025,29475,2026-04-26 12:00:00,Rayo Vallecano,Real Sociedad,3,3,3.18496,2.39684,https://understat.com/match/29475
La_liga,2025,29471,2026-04-26 14:15:00,Real Oviedo,Elche,1,2,0.772271,0.621829,https://understat.com/match/29471
La_liga,2025,29476,2026-04-26 16:30:00,Osasuna,Sevilla,2,1,2.14254,0.553816,https://understat.com/match/29476
La_liga,2025,29470,2026-04-26 19:00:00,Villarreal,Celta Vigo,2,1,2.409,2.05297,https://understat.com/match/29470
La_liga,2025,29477,2026-04-27 19:00:00,Espanyol,Levante,0,0,0.853225,1.38559,https://understat.com/match/29477
La_liga,2025,29497,2026-05-01 19:00:00,Girona,Mallorca,0,1,1.77655,1.30537,https://understat.com/match/29497
La_liga,2025,29489,2026-05-02 12:00:00,Villarreal,Levante,5,1,2.47953,0.801231,https://understat.com/match/29489
La_liga,2025,29495,2026-05-02 14:15:00,Valencia,Atletico Madrid,0,2,0.778471,1.80568,https://understat.com/match/29495
La_liga,2025,29491,2026-05-02 16:30:00,Alaves,Athletic Club,2,4,0.613172,0.895921,https://understat.com/match/29491
La_liga,2025,29488,2026-05-02 19:00:00,Osasuna,Barcelona,1,2,1.28813,1.56763,https://understat.com/match/29488
La_liga,2025,29493,2026-05-03 12:00:00,Celta Vigo,Elche,3,1,1.4443,1.64767,https://understat.com/match/29493
La_liga,2025,29496,2026-05-03 14:15:00,Getafe,Rayo Vallecano,0,2,1.35219,0.954171,https://understat.com/match/29496
La_liga,2025,29492,2026-05-03 16:30:00,Real Betis,Real Oviedo,3,0,1.86882,1.14971,https://understat.com/match/29492
La_liga,2025,29494,2026-05-03 19:00:00,Espanyol,Real Madrid,0,2,1.09007,1.5023,https://understat.com/match/29494
La_liga,2025,29490,2026-05-04 19:00:00,Sevilla,Real Sociedad,1,0,1.32018,0.166837,https://understat.com/match/29490
La_liga,2025,29501,2026-05-08 19:00:00,Levante,Osasuna,3,2,3.53052,0.500111,https://understat.com/match/29501
La_liga,2025,29503,2026-05-09 12:00:00,Elche,Alaves,1,1,2.08849,2.45633,https://understat.com/match/29503
La_liga,2025,29505,2026-05-09 14:15:00,Sevilla,Espanyol,2,1,1.41747,0.402373,https://understat.com/match/29505
La_liga,2025,29499,2026-05-09 16:30:00,Atletico Madrid,Celta Vigo,0,1,2.78506,0.292392,https://understat.com/match/29499
La_liga,2025,29504,2026-05-09 19:00:00,Real Sociedad,Real Betis,2,2,2.66557,1.78903,https://understat.com/match/29504
La_liga,2025,29502,2026-05-10 12:00:00,Mallorca,Villarreal,1,1,1.54058,0.9943,https://understat.com/match/29502
La_liga,2025,29498,2026-05-10 14:15:00,Athletic Club,Valencia,0,1,0.935199,1.49759,https://understat.com/match/29498
La_liga,2025,29506,2026-05-10 16:30:00,Real Oviedo,Getafe,0,0,0.570226,1.40609,https://understat.com/match/29506
La_liga,2025,29500,2026-05-10 19:00:00,Barcelona,Real Madrid,2,0,1.72002,0.562101,https://understat.com/match/29500
La_liga,2025,29507,2026-05-11 19:00:00,Rayo Vallecano,Girona,1,1,1.79488,1.12895,https://understat.com/match/29507
La_liga,2025,29510,2026-05-12 17:00:00,Celta Vigo,Levante,2,3,1.92053,1.52943,https://understat.com/match/29510
La_liga,2025,29509,2026-05-12 18:00:00,Real Betis,Elche,2,1,1.97559,0.342743,https://understat.com/match/29509
La_liga,2025,29514,2026-05-12 19:30:00,Osasuna,Atletico Madrid,1,2,2.41049,1.8226,https://understat.com/match/29514
La_liga,2025,29513,2026-05-13 17:00:00,Espanyol,Athletic Club,2,0,0.8471,0.886467,https://understat.com/match/29513
La_liga,2025,29516,2026-05-13 17:00:00,Villarreal,Sevilla,2,3,0.952333,0.917489,https://understat.com/match/29516
La_liga,2025,29508,2026-05-13 19:30:00,Alaves,Barcelona,1,0,0.95347,0.356356,https://understat.com/match/29508
La_liga,2025,29511,2026-05-13 19:30:00,Getafe,Mallorca,3,1,1.82108,0.412059,https://understat.com/match/29511
La_liga,2025,29515,2026-05-14 17:00:00,Valencia,Rayo Vallecano,1,1,0.938336,1.53041,https://understat.com/match/29515
La_liga,2025,29512,2026-05-14 18:00:00,Girona,Real Sociedad,1,1,2.68586,0.553216,https://understat.com/match/29512
La_liga,2025,29517,2026-05-14 19:30:00,Real Madrid,Real Oviedo,2,0,1.74088,1.18679,https://understat.com/match/29517
La_liga,2025,29518,2026-05-17 17:00:00,Athletic Club,Celta Vigo,1,1,2.90368,0.307867,https://understat.com/match/29518
La_liga,2025,29519,2026-05-17 17:00:00,Barcelona,Real Betis,3,1,1.59946,0.985477,https://understat.com/match/29519
La_liga,2025,29520,2026-05-17 17:00:00,Atletico Madrid,Girona,1,0,2.70772,2.0015,https://understat.com/match/29520
La_liga,2025,29521,2026-05-17 17:00:00,Real Sociedad,Valencia,3,4,1.30267,1.99329,https://understat.com/match/29521
La_liga,2025,29522,2026-05-17 17:00:00,Real Oviedo,Alaves,0,1,0.631265,1.28286,https://understat.com/match/29522
La_liga,2025,29523,2026-05-17 17:00:00,Osasuna,Espanyol,1,2,1.81152,0.947142,https://understat.com/match/29523
La_liga,2025,29524,2026-05-17 17:00:00,Sevilla,Real Madrid,0,1,0.683481,1.47378,https://understat.com/match/29524
La_liga,2025,29525,2026-05-17 17:00:00,Levante,Mallorca,2,0,2.43681,0.438978,https://understat.com/match/29525
La_liga,2025,29526,2026-05-17 17:00:00,Rayo Vallecano,Villarreal,2,0,1.92496,0.654975,https://understat.com/match/29526
La_liga,2025,29527,2026-05-17 17:00:00,Elche,Getafe,1,0,0.691836,0.0944069,https://understat.com/match/29527
La_liga,2025,29528,2026-05-23 19:00:00,Alaves,Rayo Vallecano,1,2,1.72468,1.64691,https://understat.com/match/29528
La_liga,2025,29529,2026-05-23 19:00:00,Real Betis,Levante,2,1,1.8664,2.36717,https://understat.com/match/29529
La_liga,2025,29530,2026-05-23 19:00:00,Celta Vigo,Sevilla,1,0,1.61801,0.755735,https://understat.com/match/29530
La_liga,2025,29531,2026-05-23 19:00:00,Espanyol,Real Sociedad,1,1,2.14307,1.23238,https://understat.com/match/29531
La_liga,2025,29532,2026-05-23 19:00:00,Real Madrid,Athletic Club,4,2,1.95397,1.4543,https://understat.com/match/29532
La_liga,2025,29534,2026-05-23 19:00:00,Valencia,Barcelona,3,1,1.83367,1.29336,https://understat.com/match/29534
La_liga,2025,29535,2026-05-23 19:00:00,Girona,Elche,1,1,0.668034,0.495408,https://understat.com/match/29535
La_liga,2025,29536,2026-05-23 19:00:00,Getafe,Osasuna,1,0,0.264137,0.800038,https://understat.com/match/29536
La_liga,2025,29537,2026-05-23 19:00:00,Mallorca,Real Oviedo,3,0,3.50774,0.243154,https://understat.com/match/29537
La_liga,2025,29533,2026-05-24 19:00:00,Villarreal,Atletico Madrid,5,1,2.80441,1.58431,https://understat.com/match/29533
Bundesliga,2025,30224,2025-08-22 18:30:00,Bayern Munich,RasenBallsport Leipzig,6,0,3.29885,0.52226,https://understat.com/match/30224
Bundesliga,2025,30225,2025-08-23 13:30:00,FC Heidenheim,Wolfsburg,1,3,0.783156,2.57718,https://understat.com/match/30225
Bundesliga,2025,30226,2025-08-23 13:30:00,Bayer Leverkusen,Hoffenheim,1,2,1.05253,0.505193,https://understat.com/match/30226
Bundesliga,2025,30227,2025-08-23 13:30:00,Union Berlin,VfB Stuttgart,2,1,0.529421,1.80147,https://understat.com/match/30227
Bundesliga,2025,30228,2025-08-23 13:30:00,Eintracht Frankfurt,Werder Bremen,4,1,3.10684,0.587822,https://understat.com/match/30228
Bundesliga,2025,30229,2025-08-23 13:30:00,Freiburg,Augsburg,1,3,2.27247,1.30191,https://understat.com/match/30229
Bundesliga,2025,30230,2025-08-23 16:30:00,St. Pauli,Borussia Dortmund,3,3,1.46772,2.10289,https://understat.com/match/30230
Bundesliga,2025,30231,2025-08-24 13:30:00,Mainz 05,FC Cologne,0,1,1.31655,1.64676,https://understat.com/match/30231
Bundesliga,2025,30232,2025-08-24 15:30:00,Borussia M.Gladbach,Hamburger SV,0,0,1.01717,0.285593,https://understat.com/match/30232
Bundesliga,2025,30233,2025-08-29 18:30:00,Hamburger SV,St. Pauli,0,2,0.74111,1.85404,https://understat.com/match/30233
Bundesliga,2025,30234,2025-08-30 13:30:00,Hoffenheim,Eintracht Frankfurt,1,3,1.28178,1.82087,https://understat.com/match/30234
Bundesliga,2025,30235,2025-08-30 13:30:00,RasenBallsport Leipzig,FC Heidenheim,2,0,3.29717,0.969982,https://understat.com/match/30235
Bundesliga,2025,30236,2025-08-30 13:30:00,Werder Bremen,Bayer Leverkusen,3,3,2.32676,2.03733,https://understat.com/match/30236
Bundesliga,2025,30237,2025-08-30 13:30:00,VfB Stuttgart,Borussia M.Gladbach,1,0,0.925105,1.60717,https://understat.com/match/30237
Bundesliga,2025,30238,2025-08-30 16:30:00,Augsburg,Bayern Munich,2,3,0.506028,3.37523,https://understat.com/match/30238
Bundesliga,2025,30239,2025-08-31 13:30:00,Wolfsburg,Mainz 05,1,1,0.616661,1.81482,https://understat.com/match/30239
Bundesliga,2025,30240,2025-08-31 15:30:00,Borussia Dortmund,Union Berlin,3,0,1.82606,0.971167,https://understat.com/match/30240
Bundesliga,2025,30241,2025-08-31 17:30:00,FC Cologne,Freiburg,4,1,1.84068,0.933072,https://understat.com/match/30241
Bundesliga,2025,30242,2025-09-12 18:30:00,Bayer Leverkusen,Eintracht Frankfurt,3,1,2.31465,0.791863,https://understat.com/match/30242
Bundesliga,2025,30243,2025-09-13 13:30:00,Freiburg,VfB Stuttgart,3,1,1.6832,0.548804,https://understat.com/match/30243
Bundesliga,2025,30244,2025-09-13 13:30:00,FC Heidenheim,Borussia Dortmund,0,2,0.299026,2.84999,https://understat.com/match/30244
Bundesliga,2025,30245,2025-09-13 13:30:00,Mainz 05,RasenBallsport Leipzig,0,1,0.770276,1.5009,https://understat.com/match/30245
Bundesliga,2025,30246,2025-09-13 13:30:00,Wolfsburg,FC Cologne,3,3,1.79835,1.72631,https://understat.com/match/30246
Bundesliga,2025,30247,2025-09-13 13:30:00,Union Berlin,Hoffenheim,2,4,3.0814,3.34084,https://understat.com/match/30247
Bundesliga,2025,30248,2025-09-13 16:30:00,Bayern Munich,Hamburger SV,5,0,3.03718,0.559174,https://understat.com/match/30248
Bundesliga,2025,30249,2025-09-14 13:30:00,St. Pauli,Augsburg,2,1,1.95499,0.934223,https://understat.com/match/30249
Bundesliga,2025,30250,2025-09-14 15:30:00,Borussia M.Gladbach,Werder Bremen,0,4,1.58932,2.24671,https://understat.com/match/30250
Bundesliga,2025,30251,2025-09-19 18:30:00,VfB Stuttgart,St. Pauli,2,0,2.78829,1.05657,https://understat.com/match/30251
Bundesliga,2025,30252,2025-09-20 13:30:00,Werder Bremen,Freiburg,0,3,1.27257,2.36315,https://understat.com/match/30252
Bundesliga,2025,30253,2025-09-20 13:30:00,Augsburg,Mainz 05,1,4,0.870451,2.57047,https://understat.com/match/30253
Bundesliga,2025,30254,2025-09-20 13:30:00,Hamburger SV,FC Heidenheim,2,1,3.32157,2.63607,https://understat.com/match/30254
Bundesliga,2025,30255,2025-09-20 13:30:00,Hoffenheim,Bayern Munich,1,4,1.03716,2.7142,https://understat.com/match/30255
Bundesliga,2025,30256,2025-09-20 16:30:00,RasenBallsport Leipzig,FC Cologne,3,1,3.79591,1.39264,https://understat.com/match/30256
Bundesliga,2025,30257,2025-09-21 13:30:00,Eintracht Frankfurt,Union Berlin,3,4,1.75582,2.23419,https://understat.com/match/30257
Bundesliga,2025,30258,2025-09-21 15:30:00,Bayer Leverkusen,Borussia M.Gladbach,1,1,1.9461,1.29876,https://understat.com/match/30258
Bundesliga,2025,30259,2025-09-21 17:30:00,Borussia Dortmund,Wolfsburg,1,0,1.24747,0.975457,https://understat.com/match/30259
Bundesliga,2025,30260,2025-09-26 18:30:00,Bayern Munich,Werder Bremen,4,0,4.31859,0.298618,https://understat.com/match/30260
Bundesliga,2025,30261,2025-09-27 13:30:00,FC Heidenheim,Augsburg,2,1,1.79097,0.619833,https://understat.com/match/30261
Bundesliga,2025,30262,2025-09-27 13:30:00,Mainz 05,Borussia Dortmund,0,2,0.525149,1.75519,https://understat.com/match/30262
Bundesliga,2025,30263,2025-09-27 13:30:00,St. Pauli,Bayer Leverkusen,1,2,0.813325,1.28912,https://understat.com/match/30263
Bundesliga,2025,30264,2025-09-27 13:30:00,Wolfsburg,RasenBallsport Leipzig,0,1,2.59654,2.61107,https://understat.com/match/30264
Bundesliga,2025,30265,2025-09-27 16:30:00,Borussia M.Gladbach,Eintracht Frankfurt,4,6,2.12935,3.78879,https://understat.com/match/30265
Bundesliga,2025,30266,2025-09-28 13:30:00,Freiburg,Hoffenheim,1,1,1.2587,2.24224,https://understat.com/match/30266
Bundesliga,2025,30267,2025-09-28 15:30:00,FC Cologne,VfB Stuttgart,1,2,1.07972,2.20939,https://understat.com/match/30267
Bundesliga,2025,30268,2025-09-28 17:30:00,Union Berlin,Hamburger SV,0,0,1.54274,1.11274,https://understat.com/match/30268
Bundesliga,2025,30274,2025-10-03 18:30:00,Hoffenheim,FC Cologne,0,1,1.42371,1.30873,https://understat.com/match/30274
Bundesliga,2025,30269,2025-10-04 13:30:00,Bayer Leverkusen,Union Berlin,2,0,3.35673,1.19684,https://understat.com/match/30269
Bundesliga,2025,30271,2025-10-04 13:30:00,Borussia Dortmund,RasenBallsport Leipzig,1,1,0.668613,1.14077,https://understat.com/match/30271
Bundesliga,2025,30276,2025-10-04 13:30:00,Augsburg,Wolfsburg,3,1,1.75326,1.22584,https://understat.com/match/30276
Bundesliga,2025,30277,2025-10-04 13:30:00,Werder Bremen,St. Pauli,1,0,1.77957,0.912425,https://understat.com/match/30277
Bundesliga,2025,30272,2025-10-04 16:30:00,Eintracht Frankfurt,Bayern Munich,0,3,0.560138,2.2301,https://understat.com/match/30272
Bundesliga,2025,30275,2025-10-05 13:30:00,VfB Stuttgart,FC Heidenheim,1,0,1.10781,0.290942,https://understat.com/match/30275
Bundesliga,2025,30273,2025-10-05 15:30:00,Hamburger SV,Mainz 05,4,0,1.65883,0.591161,https://understat.com/match/30273
Bundesliga,2025,30270,2025-10-05 17:30:00,Borussia M.Gladbach,Freiburg,0,0,0.471184,0.689073,https://understat.com/match/30270
Bundesliga,2025,30285,2025-10-17 18:30:00,Union Berlin,Borussia M.Gladbach,3,1,1.53032,0.628848,https://understat.com/match/30285
Bundesliga,2025,30279,2025-10-18 13:30:00,FC Cologne,Augsburg,1,1,0.523854,1.11917,https://understat.com/match/30279
Bundesliga,2025,30281,2025-10-18 13:30:00,FC Heidenheim,Werder Bremen,2,2,3.07635,1.85638,https://understat.com/match/30281
Bundesliga,2025,30282,2025-10-18 13:30:00,Mainz 05,Bayer Leverkusen,3,4,1.62978,4.43462,https://understat.com/match/30282
Bundesliga,2025,30283,2025-10-18 13:30:00,RasenBallsport Leipzig,Hamburger SV,2,1,1.15611,1.29355,https://understat.com/match/30283
Bundesliga,2025,30286,2025-10-18 13:30:00,Wolfsburg,VfB Stuttgart,0,3,0.392885,2.39474,https://understat.com/match/30286
Bundesliga,2025,30278,2025-10-18 16:30:00,Bayern Munich,Borussia Dortmund,2,1,2.81994,1.41011,https://understat.com/match/30278
Bundesliga,2025,30280,2025-10-19 13:30:00,Freiburg,Eintracht Frankfurt,2,2,1.12896,0.772638,https://understat.com/match/30280
Bundesliga,2025,30284,2025-10-19 15:30:00,St. Pauli,Hoffenheim,0,3,0.871968,1.79103,https://understat.com/match/30284
Bundesliga,2025,30295,2025-10-24 18:30:00,Werder Bremen,Union Berlin,1,0,1.1444,0.487613,https://understat.com/match/30295
Bundesliga,2025,30287,2025-10-25 13:30:00,Augsburg,RasenBallsport Leipzig,0,6,0.639182,2.69438,https://understat.com/match/30287
Bundesliga,2025,30289,2025-10-25 13:30:00,Borussia M.Gladbach,Bayern Munich,0,3,0.757777,2.65026,https://understat.com/match/30289
Bundesliga,2025,30291,2025-10-25 13:30:00,Eintracht Frankfurt,St. Pauli,2,0,2.42632,0.519973,https://understat.com/match/30291
Bundesliga,2025,30292,2025-10-25 13:30:00,Hamburger SV,Wolfsburg,0,1,2.40547,0.695528,https://understat.com/match/30292
Bundesliga,2025,30293,2025-10-25 13:30:00,Hoffenheim,FC Heidenheim,3,1,2.4278,0.902315,https://understat.com/match/30293
Bundesliga,2025,30290,2025-10-25 16:30:00,Borussia Dortmund,FC Cologne,1,0,2.09125,0.70563,https://understat.com/match/30290
Bundesliga,2025,30288,2025-10-26 13:30:00,Bayer Leverkusen,Freiburg,2,0,2.46787,0.542897,https://understat.com/match/30288
Bundesliga,2025,30294,2025-10-26 15:30:00,VfB Stuttgart,Mainz 05,2,1,1.66805,1.40956,https://understat.com/match/30294
Bundesliga,2025,30296,2025-10-31 19:30:00,Augsburg,Borussia Dortmund,0,1,0.969501,0.588196,https://understat.com/match/30296
Bundesliga,2025,30299,2025-11-01 14:30:00,FC Heidenheim,Eintracht Frankfurt,1,1,0.831882,1.22406,https://understat.com/match/30299
Bundesliga,2025,30300,2025-11-01 14:30:00,Mainz 05,Werder Bremen,1,1,1.90161,0.880505,https://understat.com/match/30300
Bundesliga,2025,30301,2025-11-01 14:30:00,RasenBallsport Leipzig,VfB Stuttgart,3,1,1.73471,1.0701,https://understat.com/match/30301
Bundesliga,2025,30302,2025-11-01 14:30:00,St. Pauli,Borussia M.Gladbach,0,4,0.804394,3.6262,https://understat.com/match/30302
Bundesliga,2025,30303,2025-11-01 14:30:00,Union Berlin,Freiburg,0,0,1.34842,1.16519,https://understat.com/match/30303
Bundesliga,2025,30297,2025-11-01 17:30:00,Bayern Munich,Bayer Leverkusen,3,0,2.28295,0.382774,https://understat.com/match/30297
Bundesliga,2025,30298,2025-11-02 14:30:00,FC Cologne,Hamburger SV,4,1,3.87376,1.19296,https://understat.com/match/30298
Bundesliga,2025,30304,2025-11-02 16:30:00,Wolfsburg,Hoffenheim,2,3,1.40117,1.74291,https://understat.com/match/30304
Bundesliga,2025,30313,2025-11-07 19:30:00,Werder Bremen,Wolfsburg,2,1,1.69456,0.676326,https://understat.com/match/30313
Bundesliga,2025,30305,2025-11-08 14:30:00,Bayer Leverkusen,FC Heidenheim,6,0,3.90142,0.063377,https://understat.com/match/30305
Bundesliga,2025,30309,2025-11-08 14:30:00,Hamburger SV,Borussia Dortmund,1,1,0.419878,1.42582,https://understat.com/match/30309
Bundesliga,2025,30310,2025-11-08 14:30:00,Hoffenheim,RasenBallsport Leipzig,3,1,1.92349,1.56187,https://understat.com/match/30310
Bundesliga,2025,30312,2025-11-08 14:30:00,Union Berlin,Bayern Munich,2,2,1.02778,1.34246,https://understat.com/match/30312
Bundesliga,2025,30306,2025-11-08 17:30:00,Borussia M.Gladbach,FC Cologne,3,1,2.46206,2.15818,https://understat.com/match/30306
Bundesliga,2025,30308,2025-11-09 14:30:00,Freiburg,St. Pauli,2,1,1.66558,0.640748,https://understat.com/match/30308
Bundesliga,2025,30311,2025-11-09 16:30:00,VfB Stuttgart,Augsburg,3,2,2.44526,1.90345,https://understat.com/match/30311
Bundesliga,2025,30307,2025-11-09 18:30:00,Eintracht Frankfurt,Mainz 05,1,0,1.77854,0.121469,https://understat.com/match/30307
Bundesliga,2025,30319,2025-11-21 19:30:00,Mainz 05,Hoffenheim,1,1,2.88712,1.54404,https://understat.com/match/30319
Bundesliga,2025,30314,2025-11-22 14:30:00,Augsburg,Hamburger SV,1,0,1.61897,1.555,https://understat.com/match/30314
Bundesliga,2025,30315,2025-11-22 14:30:00,Bayern Munich,Freiburg,6,2,3.13858,0.516966,https://understat.com/match/30315
Bundesliga,2025,30316,2025-11-22 14:30:00,Borussia Dortmund,VfB Stuttgart,3,3,3.15124,1.80942,https://understat.com/match/30316
Bundesliga,2025,30318,2025-11-22 14:30:00,FC Heidenheim,Borussia M.Gladbach,0,3,0.363207,2.79666,https://understat.com/match/30318
Bundesliga,2025,30322,2025-11-22 14:30:00,Wolfsburg,Bayer Leverkusen,1,3,2.07979,1.58644,https://understat.com/match/30322
Bundesliga,2025,30317,2025-11-22 17:30:00,FC Cologne,Eintracht Frankfurt,3,4,1.38923,2.44506,https://understat.com/match/30317
Bundesliga,2025,30320,2025-11-23 14:30:00,RasenBallsport Leipzig,Werder Bremen,2,0,2.42834,0.774872,https://understat.com/match/30320
Bundesliga,2025,30321,2025-11-23 16:30:00,St. Pauli,Union Berlin,0,1,0.568717,0.398431,https://understat.com/match/30321
Bundesliga,2025,30325,2025-11-28 19:30:00,Borussia M.Gladbach,RasenBallsport Leipzig,0,0,0.388883,1.09232,https://understat.com/match/30325
Bundesliga,2025,30324,2025-11-29 14:30:00,Bayern Munich,St. Pauli,3,1,2.53942,0.74073,https://understat.com/match/30324
Bundesliga,2025,30329,2025-11-29 14:30:00,Hoffenheim,Augsburg,3,0,1.79612,0.655496,https://understat.com/match/30329
Bundesliga,2025,30330,2025-11-29 14:30:00,Union Berlin,FC Heidenheim,1,2,0.942923,0.522102,https://understat.com/match/30330
Bundesliga,2025,30331,2025-11-29 14:30:00,Werder Bremen,FC Cologne,1,1,1.53668,1.1848,https://understat.com/match/30331
Bundesliga,2025,30323,2025-11-29 17:30:00,Bayer Leverkusen,Borussia Dortmund,1,2,1.08287,1.1562,https://understat.com/match/30323
Bundesliga,2025,30328,2025-11-30 14:30:00,Hamburger SV,VfB Stuttgart,2,1,1.21357,1.10868,https://understat.com/match/30328
Bundesliga,2025,30326,2025-11-30 16:30:00,Eintracht Frankfurt,Wolfsburg,1,1,1.66051,1.60645,https://understat.com/match/30326
Bundesliga,2025,30327,2025-11-30 18:30:00,Freiburg,Mainz 05,4,0,4.15677,0.0500621,https://understat.com/match/30327
Bundesliga,2025,30339,2025-12-05 19:30:00,Mainz 05,Borussia M.Gladbach,0,1,1.09331,1.90297,https://understat.com/match/30339
Bundesliga,2025,30332,2025-12-06 14:30:00,VfB Stuttgart,Bayern Munich,0,5,0.729313,4.07867,https://understat.com/match/30332
Bundesliga,2025,30333,2025-12-06 14:30:00,Wolfsburg,Union Berlin,3,1,0.929936,2.01932,https://understat.com/match/30333
Bundesliga,2025,30334,2025-12-06 14:30:00,Augsburg,Bayer Leverkusen,2,0,2.14102,1.41889,https://understat.com/match/30334
Bundesliga,2025,30336,2025-12-06 14:30:00,FC Cologne,St. Pauli,1,1,1.90409,0.143945,https://understat.com/match/30336
Bundesliga,2025,30338,2025-12-06 14:30:00,FC Heidenheim,Freiburg,2,1,2.66592,0.800321,https://understat.com/match/30338
Bundesliga,2025,30340,2025-12-06 17:30:00,RasenBallsport Leipzig,Eintracht Frankfurt,6,0,3.64182,0.473289,https://understat.com/match/30340
Bundesliga,2025,30337,2025-12-07 14:30:00,Hamburger SV,Werder Bremen,3,2,1.57713,1.17349,https://understat.com/match/30337
Bundesliga,2025,30335,2025-12-07 16:30:00,Borussia Dortmund,Hoffenheim,2,0,1.10147,1.42364,https://understat.com/match/30335
Bundesliga,2025,30348,2025-12-12 19:30:00,Union Berlin,RasenBallsport Leipzig,3,1,1.4766,0.495677,https://understat.com/match/30348
Bundesliga,2025,30343,2025-12-13 14:30:00,Borussia M.Gladbach,Wolfsburg,1,3,0.620418,2.72142,https://understat.com/match/30343
Bundesliga,2025,30344,2025-12-13 14:30:00,Eintracht Frankfurt,Augsburg,1,0,1.52024,0.655733,https://understat.com/match/30344
Bundesliga,2025,30346,2025-12-13 14:30:00,Hoffenheim,Hamburger SV,4,1,2.48806,1.40522,https://understat.com/match/30346
Bundesliga,2025,30347,2025-12-13 14:30:00,St. Pauli,FC Heidenheim,2,1,1.00037,1.8944,https://understat.com/match/30347
Bundesliga,2025,30341,2025-12-13 17:30:00,Bayer Leverkusen,FC Cologne,2,0,2.295,0.436565,https://understat.com/match/30341
Bundesliga,2025,30345,2025-12-14 14:30:00,Freiburg,Borussia Dortmund,1,1,1.10621,1.47427,https://understat.com/match/30345
Bundesliga,2025,30342,2025-12-14 16:30:00,Bayern Munich,Mainz 05,2,2,4.67956,0.803171,https://understat.com/match/30342
Bundesliga,2025,30349,2025-12-14 18:30:00,Werder Bremen,VfB Stuttgart,0,4,0.607898,2.05209,https://understat.com/match/30349
Bundesliga,2025,30351,2025-12-19 19:30:00,Borussia Dortmund,Borussia M.Gladbach,2,0,1.65394,0.221237,https://understat.com/match/30351
Bundesliga,2025,30350,2025-12-20 14:30:00,Augsburg,Werder Bremen,0,0,1.49411,0.90686,https://understat.com/match/30350
Bundesliga,2025,30352,2025-12-20 14:30:00,FC Cologne,Union Berlin,0,1,0.677102,1.4739,https://understat.com/match/30352
Bundesliga,2025,30353,2025-12-20 14:30:00,Hamburger SV,Eintracht Frankfurt,1,1,1.09769,1.09137,https://understat.com/match/30353
Bundesliga,2025,30357,2025-12-20 14:30:00,VfB Stuttgart,Hoffenheim,0,0,1.46116,0.154175,https://understat.com/match/30357
Bundesliga,2025,30358,2025-12-20 14:30:00,Wolfsburg,Freiburg,3,4,1.30583,2.65964,https://understat.com/match/30358
Bundesliga,2025,30356,2025-12-20 17:30:00,RasenBallsport Leipzig,Bayer Leverkusen,1,3,1.93929,2.70478,https://understat.com/match/30356
Bundesliga,2025,30355,2025-12-21 14:30:00,Mainz 05,St. Pauli,0,0,1.87368,0.227249,https://understat.com/match/30355
Bundesliga,2025,30354,2025-12-21 16:30:00,FC Heidenheim,Bayern Munich,0,4,1.48758,3.36795,https://understat.com/match/30354
Bundesliga,2025,30362,2026-01-09 19:30:00,Eintracht Frankfurt,Borussia Dortmund,3,3,1.66426,2.29827,https://understat.com/match/30362
Bundesliga,2025,30363,2026-01-10 14:30:00,Freiburg,Hamburger SV,2,1,2.93517,0.850812,https://understat.com/match/30363
Bundesliga,2025,30364,2026-01-10 14:30:00,FC Heidenheim,FC Cologne,2,2,2.14635,2.75624,https://understat.com/match/30364
Bundesliga,2025,30366,2026-01-10 14:30:00,Union Berlin,Mainz 05,2,2,3.6505,1.56492,https://understat.com/match/30366
Bundesliga,2025,30359,2026-01-10 17:30:00,Bayer Leverkusen,VfB Stuttgart,1,4,1.98318,2.68822,https://understat.com/match/30359
Bundesliga,2025,30361,2026-01-11 14:30:00,Borussia M.Gladbach,Augsburg,4,0,3.57201,1.57502,https://understat.com/match/30361
Bundesliga,2025,30360,2026-01-11 16:30:00,Bayern Munich,Wolfsburg,8,1,3.54931,1.08515,https://understat.com/match/30360
Bundesliga,2025,30375,2026-01-13 17:30:00,VfB Stuttgart,Eintracht Frankfurt,3,2,3.54461,0.896468,https://understat.com/match/30375
Bundesliga,2025,30369,2026-01-13 19:30:00,Borussia Dortmund,Werder Bremen,3,0,2.31769,0.39948,https://understat.com/match/30369
Bundesliga,2025,30373,2026-01-13 19:30:00,Mainz 05,FC Heidenheim,2,1,1.95686,1.23557,https://understat.com/match/30373
Bundesliga,2025,30376,2026-01-14 17:30:00,Wolfsburg,St. Pauli,2,1,1.78032,1.21171,https://understat.com/match/30376
Bundesliga,2025,30370,2026-01-14 19:30:00,FC Cologne,Bayern Munich,1,3,0.714659,2.11635,https://understat.com/match/30370
Bundesliga,2025,30372,2026-01-14 19:30:00,Hoffenheim,Borussia M.Gladbach,5,1,4.3777,0.83294,https://understat.com/match/30372
Bundesliga,2025,30374,2026-01-14 19:30:00,RasenBallsport Leipzig,Freiburg,2,0,2.80289,0.147682,https://understat.com/match/30374
Bundesliga,2025,30368,2026-01-15 19:30:00,Augsburg,Union Berlin,1,1,0.559529,1.73831,https://understat.com/match/30368
Bundesliga,2025,30384,2026-01-16 19:30:00,Werder Bremen,Eintracht Frankfurt,3,3,2.10111,1.20772,https://understat.com/match/30384
Bundesliga,2025,30378,2026-01-17 14:30:00,Borussia Dortmund,St. Pauli,3,2,2.5477,0.532613,https://understat.com/match/30378
Bundesliga,2025,30379,2026-01-17 14:30:00,FC Cologne,Mainz 05,2,1,2.41277,1.91073,https://understat.com/match/30379
Bundesliga,2025,30380,2026-01-17 14:30:00,Hamburger SV,Borussia M.Gladbach,0,0,1.26205,0.576522,https://understat.com/match/30380
Bundesliga,2025,30381,2026-01-17 14:30:00,Hoffenheim,Bayer Leverkusen,1,0,2.11995,1.27048,https://understat.com/match/30381
Bundesliga,2025,30385,2026-01-17 14:30:00,Wolfsburg,FC Heidenheim,1,1,1.07653,0.991172,https://understat.com/match/30385
Bundesliga,2025,30382,2026-01-17 17:30:00,RasenBallsport Leipzig,Bayern Munich,1,5,2.86917,4.65226,https://understat.com/match/30382
Bundesliga,2025,30383,2026-01-18 14:30:00,VfB Stuttgart,Union Berlin,1,1,2.1978,1.88763,https://understat.com/match/30383
Bundesliga,2025,30377,2026-01-18 16:30:00,Augsburg,Freiburg,2,2,0.986653,1.59107,https://understat.com/match/30377
Bundesliga,2025,30393,2026-01-23 19:30:00,St. Pauli,Hamburger SV,0,0,0.311991,0.333197,https://understat.com/match/30393
Bundesliga,2025,30386,2026-01-24 14:30:00,Bayer Leverkusen,Werder Bremen,1,0,2.51599,0.673986,https://understat.com/match/30386
Bundesliga,2025,30387,2026-01-24 14:30:00,Bayern Munich,Augsburg,1,2,2.30773,1.24551,https://understat.com/match/30387
Bundesliga,2025,30389,2026-01-24 14:30:00,Eintracht Frankfurt,Hoffenheim,1,3,0.829658,1.62813,https://understat.com/match/30389
Bundesliga,2025,30391,2026-01-24 14:30:00,FC Heidenheim,RasenBallsport Leipzig,0,3,0.987658,2.07675,https://understat.com/match/30391
Bundesliga,2025,30392,2026-01-24 14:30:00,Mainz 05,Wolfsburg,3,1,4.34199,1.09338,https://understat.com/match/30392
Bundesliga,2025,30394,2026-01-24 17:30:00,Union Berlin,Borussia Dortmund,0,3,0.989732,2.27286,https://understat.com/match/30394
Bundesliga,2025,30388,2026-01-25 14:30:00,Borussia M.Gladbach,VfB Stuttgart,0,3,1.22197,2.72682,https://understat.com/match/30388
Bundesliga,2025,30390,2026-01-25 16:30:00,Freiburg,FC Cologne,2,1,2.56728,1.69119,https://understat.com/match/30390
Bundesliga,2025,30365,2026-01-27 19:30:00,St. Pauli,RasenBallsport Leipzig,1,1,1.33165,2.05989,https://understat.com/match/30365
Bundesliga,2025,30367,2026-01-27 19:30:00,Werder Bremen,Hoffenheim,0,2,1.42692,0.567567,https://understat.com/match/30367
Bundesliga,2025,30398,2026-01-30 19:30:00,FC Cologne,Wolfsburg,1,0,1.43559,1.34631,https://understat.com/match/30398
Bundesliga,2025,30395,2026-01-31 14:30:00,Augsburg,St. Pauli,2,1,2.11699,2.88611,https://understat.com/match/30395
Bundesliga,2025,30397,2026-01-31 14:30:00,Eintracht Frankfurt,Bayer Leverkusen,1,3,1.31849,1.52952,https://understat.com/match/30397
Bundesliga,2025,30400,2026-01-31 14:30:00,Hoffenheim,Union Berlin,3,1,1.50682,1.23275,https://understat.com/match/30400
Bundesliga,2025,30401,2026-01-31 14:30:00,RasenBallsport Leipzig,Mainz 05,1,2,2.09422,2.57678,https://understat.com/match/30401
Bundesliga,2025,30403,2026-01-31 14:30:00,Werder Bremen,Borussia M.Gladbach,1,1,0.991152,1.25715,https://understat.com/match/30403
Bundesliga,2025,30399,2026-01-31 17:30:00,Hamburger SV,Bayern Munich,2,2,2.64497,2.28911,https://understat.com/match/30399
Bundesliga,2025,30402,2026-02-01 14:30:00,VfB Stuttgart,Freiburg,1,0,2.95203,0.936187,https://understat.com/match/30402
Bundesliga,2025,30396,2026-02-01 16:30:00,Borussia Dortmund,FC Heidenheim,3,2,4.13897,3.04324,https://understat.com/match/30396
Bundesliga,2025,30411,2026-02-06 19:30:00,Union Berlin,Eintracht Frankfurt,1,1,1.27118,0.296813,https://understat.com/match/30411
Bundesliga,2025,30407,2026-02-07 14:30:00,Freiburg,Werder Bremen,1,0,0.36452,1.12332,https://understat.com/match/30407
Bundesliga,2025,30408,2026-02-07 14:30:00,FC Heidenheim,Hamburger SV,0,2,1.04614,1.55106,https://understat.com/match/30408
Bundesliga,2025,30409,2026-02-07 14:30:00,Mainz 05,Augsburg,2,0,3.00656,1.35939,https://understat.com/match/30409
Bundesliga,2025,30410,2026-02-07 14:30:00,St. Pauli,VfB Stuttgart,2,1,1.66217,0.912627,https://understat.com/match/30410
Bundesliga,2025,30412,2026-02-07 14:30:00,Wolfsburg,Borussia Dortmund,1,2,2.02751,1.70601,https://understat.com/match/30412
Bundesliga,2025,30405,2026-02-07 17:30:00,Borussia M.Gladbach,Bayer Leverkusen,1,1,0.783478,0.741257,https://understat.com/match/30405
Bundesliga,2025,30406,2026-02-08 14:30:00,FC Cologne,RasenBallsport Leipzig,1,2,1.12167,3.0577,https://understat.com/match/30406
Bundesliga,2025,30404,2026-02-08 16:30:00,Bayern Munich,Hoffenheim,5,1,6.37827,2.66829,https://understat.com/match/30404
Bundesliga,2025,30415,2026-02-13 19:30:00,Borussia Dortmund,Mainz 05,4,0,1.81026,1.67199,https://understat.com/match/30415
Bundesliga,2025,30414,2026-02-14 14:30:00,Bayer Leverkusen,St. Pauli,4,0,2.26044,0.654783,https://understat.com/match/30414
Bundesliga,2025,30416,2026-02-14 14:30:00,Eintracht Frankfurt,Borussia M.Gladbach,3,0,1.98736,1.03155,https://understat.com/match/30416
Bundesliga,2025,30417,2026-02-14 14:30:00,Hamburger SV,Union Berlin,3,2,2.20339,2.18966,https://understat.com/match/30417
Bundesliga,2025,30418,2026-02-14 14:30:00,Hoffenheim,Freiburg,3,0,1.90052,0.744054,https://understat.com/match/30418
Bundesliga,2025,30421,2026-02-14 14:30:00,Werder Bremen,Bayern Munich,0,3,0.77965,1.87713,https://understat.com/match/30421
Bundesliga,2025,30420,2026-02-14 17:30:00,VfB Stuttgart,FC Cologne,3,1,2.56266,1.13246,https://understat.com/match/30420
Bundesliga,2025,30413,2026-02-15 14:30:00,Augsburg,FC Heidenheim,1,0,1.87679,0.697774,https://understat.com/match/30413
Bundesliga,2025,30419,2026-02-15 16:30:00,RasenBallsport Leipzig,Wolfsburg,2,2,2.51087,0.687761,https://understat.com/match/30419
Bundesliga,2025,30426,2026-02-20 19:30:00,Mainz 05,Hamburger SV,1,1,1.75215,0.823398,https://understat.com/match/30426
Bundesliga,2025,30422,2026-02-21 14:30:00,Bayern Munich,Eintracht Frankfurt,3,2,2.83518,2.29258,https://understat.com/match/30422
Bundesliga,2025,30423,2026-02-21 14:30:00,FC Cologne,Hoffenheim,2,2,1.12252,1.8243,https://understat.com/match/30423
Bundesliga,2025,30429,2026-02-21 14:30:00,Union Berlin,Bayer Leverkusen,1,0,0.757702,1.20274,https://understat.com/match/30429
Bundesliga,2025,30430,2026-02-21 14:30:00,Wolfsburg,Augsburg,2,3,2.17584,1.56427,https://understat.com/match/30430
Bundesliga,2025,30427,2026-02-21 17:30:00,RasenBallsport Leipzig,Borussia Dortmund,2,2,3.50934,1.35347,https://understat.com/match/30427
Bundesliga,2025,30424,2026-02-22 14:30:00,Freiburg,Borussia M.Gladbach,2,1,1.29234,1.02855,https://understat.com/match/30424
Bundesliga,2025,30428,2026-02-22 16:30:00,St. Pauli,Werder Bremen,2,1,0.260698,1.61141,https://understat.com/match/30428
Bundesliga,2025,30425,2026-02-22 18:30:00,FC Heidenheim,VfB Stuttgart,3,3,2.21575,2.27505,https://understat.com/match/30425
Bundesliga,2025,30431,2026-02-27 19:30:00,Augsburg,FC Cologne,2,0,1.55844,0.492698,https://understat.com/match/30431
Bundesliga,2025,30432,2026-02-28 14:30:00,Bayer Leverkusen,Mainz 05,1,1,1.94817,0.9714,https://understat.com/match/30432
Bundesliga,2025,30433,2026-02-28 14:30:00,Borussia M.Gladbach,Union Berlin,1,0,2.56014,0.137598,https://understat.com/match/30433
Bundesliga,2025,30437,2026-02-28 14:30:00,Hoffenheim,St. Pauli,0,1,2.57411,0.946504,https://understat.com/match/30437
Bundesliga,2025,30439,2026-02-28 14:30:00,Werder Bremen,FC Heidenheim,2,0,3.47889,1.70919,https://understat.com/match/30439
Bundesliga,2025,30434,2026-02-28 17:30:00,Borussia Dortmund,Bayern Munich,2,3,1.39761,1.89016,https://understat.com/match/30434
Bundesliga,2025,30438,2026-03-01 14:30:00,VfB Stuttgart,Wolfsburg,4,0,2.95189,0.865739,https://understat.com/match/30438
Bundesliga,2025,30435,2026-03-01 16:30:00,Eintracht Frankfurt,Freiburg,2,0,1.67095,0.64193,https://understat.com/match/30435
Bundesliga,2025,30436,2026-03-01 18:30:00,Hamburger SV,RasenBallsport Leipzig,1,2,0.820585,2.28997,https://understat.com/match/30436
Bundesliga,2025,30371,2026-03-04 19:30:00,Hamburger SV,Bayer Leverkusen,0,1,1.28692,2.67874,https://understat.com/match/30371
Bundesliga,2025,30440,2026-03-06 19:30:00,Bayern Munich,Borussia M.Gladbach,4,1,3.11976,1.21993,https://understat.com/match/30440
Bundesliga,2025,30442,2026-03-07 14:30:00,Freiburg,Bayer Leverkusen,3,3,2.58409,2.1863,https://understat.com/match/30442
Bundesliga,2025,30443,2026-03-07 14:30:00,FC Heidenheim,Hoffenheim,2,4,0.966678,2.79383,https://understat.com/match/30443
Bundesliga,2025,30444,2026-03-07 14:30:00,Mainz 05,VfB Stuttgart,2,2,3.52523,0.920068,https://understat.com/match/30444
Bundesliga,2025,30445,2026-03-07 14:30:00,RasenBallsport Leipzig,Augsburg,2,1,2.19435,3.6651,https://understat.com/match/30445
Bundesliga,2025,30448,2026-03-07 14:30:00,Wolfsburg,Hamburger SV,1,2,2.46612,1.80445,https://understat.com/match/30448
Bundesliga,2025,30441,2026-03-07 17:30:00,FC Cologne,Borussia Dortmund,1,2,0.96405,1.9574,https://understat.com/match/30441
Bundesliga,2025,30446,2026-03-08 14:30:00,St. Pauli,Eintracht Frankfurt,0,0,0.472285,0.451537,https://understat.com/match/30446
Bundesliga,2025,30447,2026-03-08 16:30:00,Union Berlin,Werder Bremen,1,4,1.12998,2.23984,https://understat.com/match/30447
Bundesliga,2025,30450,2026-03-13 19:30:00,Borussia M.Gladbach,St. Pauli,2,0,1.08342,0.628713,https://understat.com/match/30450
Bundesliga,2025,30449,2026-03-14 14:30:00,Bayer Leverkusen,Bayern Munich,1,1,2.65255,1.26817,https://understat.com/match/30449
Bundesliga,2025,30451,2026-03-14 14:30:00,Borussia Dortmund,Augsburg,2,0,2.49053,0.755745,https://understat.com/match/30451
Bundesliga,2025,30452,2026-03-14 14:30:00,Eintracht Frankfurt,FC Heidenheim,1,0,0.725159,0.136174,https://understat.com/match/30452
Bundesliga,2025,30455,2026-03-14 14:30:00,Hoffenheim,Wolfsburg,1,1,2.23813,0.221431,https://understat.com/match/30455
Bundesliga,2025,30454,2026-03-14 17:30:00,Hamburger SV,FC Cologne,1,1,0.556493,0.984168,https://understat.com/match/30454
Bundesliga,2025,30457,2026-03-15 14:30:00,Werder Bremen,Mainz 05,0,2,0.890006,2.05621,https://understat.com/match/30457
Bundesliga,2025,30453,2026-03-15 16:30:00,Freiburg,Union Berlin,0,1,1.34508,1.0006,https://understat.com/match/30453
Bundesliga,2025,30456,2026-03-15 18:30:00,VfB Stuttgart,RasenBallsport Leipzig,1,0,1.93167,1.12178,https://understat.com/match/30456
Bundesliga,2025,30464,2026-03-20 19:30:00,RasenBallsport Leipzig,Hoffenheim,5,0,2.90699,0.521404,https://understat.com/match/30464
Bundesliga,2025,30459,2026-03-21 14:30:00,Bayern Munich,Union Berlin,4,0,5.93389,0.224572,https://understat.com/match/30459
Bundesliga,2025,30461,2026-03-21 14:30:00,FC Cologne,Borussia M.Gladbach,3,3,1.29293,1.08153,https://understat.com/match/30461
Bundesliga,2025,30462,2026-03-21 14:30:00,FC Heidenheim,Bayer Leverkusen,3,3,1.73738,1.96287,https://understat.com/match/30462
Bundesliga,2025,30466,2026-03-21 14:30:00,Wolfsburg,Werder Bremen,0,1,1.05686,0.414924,https://understat.com/match/30466
Bundesliga,2025,30460,2026-03-21 17:30:00,Borussia Dortmund,Hamburger SV,3,2,6.10187,1.23049,https://understat.com/match/30460
Bundesliga,2025,30463,2026-03-22 14:30:00,Mainz 05,Eintracht Frankfurt,2,1,1.38387,1.71748,https://understat.com/match/30463
Bundesliga,2025,30465,2026-03-22 16:30:00,St. Pauli,Freiburg,1,2,1.39653,2.74421,https://understat.com/match/30465
Bundesliga,2025,30458,2026-03-22 18:30:00,Augsburg,VfB Stuttgart,2,5,1.59097,3.87094,https://understat.com/match/30458
Bundesliga,2025,30467,2026-04-04 13:30:00,Bayer Leverkusen,Wolfsburg,6,3,4.59518,2.54712,https://understat.com/match/30467
Bundesliga,2025,30468,2026-04-04 13:30:00,Borussia M.Gladbach,FC Heidenheim,2,2,1.09174,0.883368,https://understat.com/match/30468
Bundesliga,2025,30470,2026-04-04 13:30:00,Freiburg,Bayern Munich,2,3,2.04585,2.49116,https://understat.com/match/30470
Bundesliga,2025,30471,2026-04-04 13:30:00,Hamburger SV,Augsburg,1,1,1.53108,2.57589,https://understat.com/match/30471
Bundesliga,2025,30472,2026-04-04 13:30:00,Hoffenheim,Mainz 05,1,2,1.51732,2.22893,https://understat.com/match/30472
Bundesliga,2025,30475,2026-04-04 13:30:00,Werder Bremen,RasenBallsport Leipzig,1,2,0.898486,1.61345,https://understat.com/match/30475
Bundesliga,2025,30473,2026-04-04 16:30:00,VfB Stuttgart,Borussia Dortmund,0,2,0.553248,0.76449,https://understat.com/match/30473
Bundesliga,2025,30474,2026-04-05 13:30:00,Union Berlin,St. Pauli,1,1,1.78288,0.325477,https://understat.com/match/30474
Bundesliga,2025,30469,2026-04-05 15:30:00,Eintracht Frankfurt,FC Cologne,2,2,2.16998,3.09815,https://understat.com/match/30469
Bundesliga,2025,30476,2026-04-10 18:30:00,Augsburg,Hoffenheim,2,2,2.67199,1.43152,https://understat.com/match/30476
Bundesliga,2025,30477,2026-04-11 13:30:00,Borussia Dortmund,Bayer Leverkusen,0,1,1.01423,0.728586,https://understat.com/match/30477
Bundesliga,2025,30479,2026-04-11 13:30:00,FC Heidenheim,Union Berlin,3,1,2.11247,1.11885,https://understat.com/match/30479
Bundesliga,2025,30481,2026-04-11 13:30:00,RasenBallsport Leipzig,Borussia M.Gladbach,1,0,2.56843,1.66258,https://understat.com/match/30481
Bundesliga,2025,30484,2026-04-11 13:30:00,Wolfsburg,Eintracht Frankfurt,1,2,2.26232,1.38694,https://understat.com/match/30484
Bundesliga,2025,30482,2026-04-11 16:30:00,St. Pauli,Bayern Munich,0,5,0.355983,4.15447,https://understat.com/match/30482
Bundesliga,2025,30478,2026-04-12 13:30:00,FC Cologne,Werder Bremen,3,1,3.90871,0.870139,https://understat.com/match/30478
Bundesliga,2025,30483,2026-04-12 15:30:00,VfB Stuttgart,Hamburger SV,4,0,3.8645,0.417554,https://understat.com/match/30483
Bundesliga,2025,30480,2026-04-12 17:30:00,Mainz 05,Freiburg,0,1,0.458085,0.538882,https://understat.com/match/30480
Bundesliga,2025,30491,2026-04-17 18:30:00,St. Pauli,FC Cologne,1,1,2.2798,1.26761,https://understat.com/match/30491
Bundesliga,2025,30485,2026-04-18 13:30:00,Bayer Leverkusen,Augsburg,1,2,3.73107,1.29743,https://understat.com/match/30485
Bundesliga,2025,30490,2026-04-18 13:30:00,Hoffenheim,Borussia Dortmund,2,1,2.22458,1.28292,https://understat.com/match/30490
Bundesliga,2025,30492,2026-04-18 13:30:00,Union Berlin,Wolfsburg,1,2,2.38881,0.23493,https://understat.com/match/30492
Bundesliga,2025,30493,2026-04-18 13:30:00,Werder Bremen,Hamburger SV,3,1,1.60257,0.914249,https://understat.com/match/30493
Bundesliga,2025,30488,2026-04-18 16:30:00,Eintracht Frankfurt,RasenBallsport Leipzig,1,3,1.40341,2.02122,https://understat.com/match/30488
Bundesliga,2025,30489,2026-04-19 13:30:00,Freiburg,FC Heidenheim,2,1,2.13766,1.74426,https://understat.com/match/30489
Bundesliga,2025,30486,2026-04-19 15:30:00,Bayern Munich,VfB Stuttgart,4,2,5.11014,1.26038,https://understat.com/match/30486
Bundesliga,2025,30487,2026-04-19 17:30:00,Borussia M.Gladbach,Mainz 05,1,1,1.11134,2.46195,https://understat.com/match/30487
Bundesliga,2025,30500,2026-04-24 18:30:00,RasenBallsport Leipzig,Union Berlin,3,1,4.53545,0.372365,https://understat.com/match/30500
Bundesliga,2025,30494,2026-04-25 13:30:00,Augsburg,Eintracht Frankfurt,1,1,2.13872,0.854238,https://understat.com/match/30494
Bundesliga,2025,30496,2026-04-25 13:30:00,FC Cologne,Bayer Leverkusen,1,2,3.49945,1.85749,https://understat.com/match/30496
Bundesliga,2025,30498,2026-04-25 13:30:00,FC Heidenheim,St. Pauli,2,0,2.17234,1.17753,https://understat.com/match/30498
Bundesliga,2025,30499,2026-04-25 13:30:00,Mainz 05,Bayern Munich,3,4,3.22403,2.36194,https://understat.com/match/30499
Bundesliga,2025,30502,2026-04-25 13:30:00,Wolfsburg,Borussia M.Gladbach,0,0,1.61116,0.473153,https://understat.com/match/30502
Bundesliga,2025,30497,2026-04-25 16:30:00,Hamburger SV,Hoffenheim,1,2,1.48261,2.42862,https://understat.com/match/30497
Bundesliga,2025,30501,2026-04-26 13:30:00,VfB Stuttgart,Werder Bremen,1,1,1.99681,0.958992,https://understat.com/match/30501
Bundesliga,2025,30495,2026-04-26 15:30:00,Borussia Dortmund,Freiburg,4,0,3.09306,0.496971,https://understat.com/match/30495
Bundesliga,2025,30504,2026-05-02 13:30:00,Bayern Munich,FC Heidenheim,3,3,1.87973,2.48197,https://understat.com/match/30504
Bundesliga,2025,30506,2026-05-02 13:30:00,Eintracht Frankfurt,Hamburger SV,1,2,0.992322,0.627209,https://understat.com/match/30506
Bundesliga,2025,30508,2026-05-02 13:30:00,Hoffenheim,VfB Stuttgart,3,3,2.6399,1.76153,https://understat.com/match/30508
Bundesliga,2025,30510,2026-05-02 13:30:00,Union Berlin,FC Cologne,2,2,0.887532,1.6958,https://understat.com/match/30510
Bundesliga,2025,30511,2026-05-02 13:30:00,Werder Bremen,Augsburg,1,3,0.814452,3.23625,https://understat.com/match/30511
Bundesliga,2025,30503,2026-05-02 16:30:00,Bayer Leverkusen,RasenBallsport Leipzig,4,1,5.41733,1.49733,https://understat.com/match/30503
Bundesliga,2025,30509,2026-05-03 13:30:00,St. Pauli,Mainz 05,1,2,1.08664,2.80672,https://understat.com/match/30509
Bundesliga,2025,30505,2026-05-03 15:30:00,Borussia M.Gladbach,Borussia Dortmund,1,0,2.68245,0.4281,https://understat.com/match/30505
Bundesliga,2025,30507,2026-05-03 17:30:00,Freiburg,Wolfsburg,1,1,0.947988,1.11086,https://understat.com/match/30507
Bundesliga,2025,30513,2026-05-08 18:30:00,Borussia Dortmund,Eintracht Frankfurt,3,2,2.94988,0.942523,https://understat.com/match/30513
Bundesliga,2025,30512,2026-05-09 13:30:00,Augsburg,Borussia M.Gladbach,3,1,2.80244,1.05493,https://understat.com/match/30512
Bundesliga,2025,30516,2026-05-09 13:30:00,Hoffenheim,Werder Bremen,1,0,1.28965,1.45272,https://understat.com/match/30516
Bundesliga,2025,30518,2026-05-09 13:30:00,RasenBallsport Leipzig,St. Pauli,2,1,2.32909,0.945954,https://understat.com/match/30518
Bundesliga,2025,30519,2026-05-09 13:30:00,VfB Stuttgart,Bayer Leverkusen,3,1,3.42891,0.631905,https://understat.com/match/30519
Bundesliga,2025,30520,2026-05-09 16:30:00,Wolfsburg,Bayern Munich,0,1,3.26878,1.9054,https://understat.com/match/30520
Bundesliga,2025,30515,2026-05-10 13:30:00,Hamburger SV,Freiburg,3,2,2.02228,0.583605,https://understat.com/match/30515
Bundesliga,2025,30514,2026-05-10 15:30:00,FC Cologne,FC Heidenheim,1,3,1.51486,2.04489,https://understat.com/match/30514
Bundesliga,2025,30517,2026-05-10 17:30:00,Mainz 05,Union Berlin,1,3,2.09983,2.94155,https://understat.com/match/30517
Bundesliga,2025,30521,2026-05-16 13:30:00,Bayer Leverkusen,Hamburger SV,1,1,3.08571,1.63049,https://understat.com/match/30521
Bundesliga,2025,30522,2026-05-16 13:30:00,Bayern Munich,FC Cologne,5,1,2.81515,0.880203,https://understat.com/match/30522
Bundesliga,2025,30523,2026-05-16 13:30:00,Borussia M.Gladbach,Hoffenheim,4,0,0.845598,1.77286,https://understat.com/match/30523
Bundesliga,2025,30524,2026-05-16 13:30:00,Eintracht Frankfurt,VfB Stuttgart,2,2,2.99231,1.81013,https://understat.com/match/30524
Bundesliga,2025,30525,2026-05-16 13:30:00,Freiburg,RasenBallsport Leipzig,4,1,2.54392,1.51341,https://understat.com/match/30525
Bundesliga,2025,30526,2026-05-16 13:30:00,FC Heidenheim,Mainz 05,0,2,3.03813,3.90834,https://understat.com/match/30526
Bundesliga,2025,30527,2026-05-16 13:30:00,St. Pauli,Wolfsburg,1,3,1.98722,4.0649,https://understat.com/match/30527
Bundesliga,2025,30528,2026-05-16 13:30:00,Union Berlin,Augsburg,4,0,2.45125,0.506181,https://understat.com/match/30528
Bundesliga,2025,30529,2026-05-16 13:30:00,Werder Bremen,Borussia Dortmund,0,2,0.530615,3.37413,https://understat.com/match/30529
Serie_A,2025,29844,2025-08-23 16:30:00,Genoa,Lecce,0,0,0.56563,0.55094,https://understat.com/match/29844
Serie_A,2025,29845,2025-08-23 16:30:00,Sassuolo,Napoli,0,2,0.298477,1.55456,https://understat.com/match/29845
Serie_A,2025,29846,2025-08-23 18:45:00,AC Milan,Cremonese,1,2,2.08498,0.363576,https://understat.com/match/29846
Serie_A,2025,29847,2025-08-23 18:45:00,Roma,Bologna,1,0,1.47691,0.443508,https://understat.com/match/29847
Serie_A,2025,29848,2025-08-24 16:30:00,Cagliari,Fiorentina,1,1,1.51736,1.14261,https://understat.com/match/29848
Serie_A,2025,29849,2025-08-24 16:30:00,Como,Lazio,2,0,1.28478,0.202984,https://understat.com/match/29849
Serie_A,2025,29850,2025-08-24 18:45:00,Atalanta,Pisa,1,1,2.04697,1.02901,https://understat.com/match/29850
Serie_A,2025,29851,2025-08-24 18:45:00,Juventus,Parma Calcio 1913,2,0,2.74202,0.815567,https://understat.com/match/29851
Serie_A,2025,29852,2025-08-25 16:30:00,Udinese,Verona,1,1,1.05058,0.799203,https://understat.com/match/29852
Serie_A,2025,29853,2025-08-25 18:45:00,Inter,Torino,5,0,2.60956,0.816232,https://understat.com/match/29853
Serie_A,2025,29854,2025-08-29 16:30:00,Cremonese,Sassuolo,3,2,3.52949,1.32978,https://understat.com/match/29854
Serie_A,2025,29855,2025-08-29 18:45:00,Lecce,AC Milan,0,2,0.481693,2.13175,https://understat.com/match/29855
Serie_A,2025,29856,2025-08-30 16:30:00,Bologna,Como,1,0,1.51584,0.521585,https://understat.com/match/29856
Serie_A,2025,29857,2025-08-30 16:30:00,Parma Calcio 1913,Atalanta,1,1,0.751112,1.19727,https://understat.com/match/29857
Serie_A,2025,29858,2025-08-30 18:45:00,Pisa,Roma,0,1,0.6627,0.953921,https://understat.com/match/29858
Serie_A,2025,29859,2025-08-30 18:45:00,Napoli,Cagliari,1,0,1.73158,0.64413,https://understat.com/match/29859
Serie_A,2025,29860,2025-08-31 16:30:00,Genoa,Juventus,0,1,0.593013,1.55128,https://understat.com/match/29860
Serie_A,2025,29861,2025-08-31 16:30:00,Torino,Fiorentina,0,0,1.05012,1.18859,https://understat.com/match/29861
Serie_A,2025,29862,2025-08-31 18:45:00,Inter,Udinese,1,2,1.67172,1.20014,https://understat.com/match/29862
Serie_A,2025,29863,2025-08-31 18:45:00,Lazio,Verona,4,0,3.96645,0.600485,https://understat.com/match/29863
Serie_A,2025,29864,2025-09-13 13:00:00,Cagliari,Parma Calcio 1913,2,0,1.76945,1.95549,https://understat.com/match/29864
Serie_A,2025,29865,2025-09-13 16:00:00,Juventus,Inter,4,3,0.768943,1.01628,https://understat.com/match/29865
Serie_A,2025,29866,2025-09-13 18:45:00,Fiorentina,Napoli,1,3,1.39098,3.55376,https://understat.com/match/29866
Serie_A,2025,29867,2025-09-14 10:30:00,Roma,Torino,0,1,1.02943,0.805089,https://understat.com/match/29867
Serie_A,2025,29868,2025-09-14 13:00:00,Pisa,Udinese,0,1,1.27587,1.72902,https://understat.com/match/29868
Serie_A,2025,29869,2025-09-14 13:00:00,Atalanta,Lecce,4,1,2.62415,0.532382,https://understat.com/match/29869
Serie_A,2025,29870,2025-09-14 16:00:00,Sassuolo,Lazio,1,0,1.2156,0.858246,https://understat.com/match/29870
Serie_A,2025,29871,2025-09-14 18:45:00,AC Milan,Bologna,1,0,1.15538,0.198634,https://understat.com/match/29871
Serie_A,2025,29872,2025-09-15 16:30:00,Verona,Cremonese,0,0,1.8883,0.166346,https://understat.com/match/29872
Serie_A,2025,29873,2025-09-15 18:45:00,Como,Genoa,1,1,1.56467,2.54288,https://understat.com/match/29873
Serie_A,2025,29882,2025-09-19 18:45:00,Lecce,Cagliari,1,2,1.13998,2.21034,https://understat.com/match/29882
Serie_A,2025,29877,2025-09-20 13:00:00,Bologna,Genoa,2,1,1.78786,0.794732,https://understat.com/match/29877
Serie_A,2025,29876,2025-09-20 16:00:00,Verona,Juventus,1,1,1.65885,0.470357,https://understat.com/match/29876
Serie_A,2025,29875,2025-09-20 18:45:00,Udinese,AC Milan,0,3,0.298364,1.70251,https://understat.com/match/29875
Serie_A,2025,29881,2025-09-21 10:30:00,Lazio,Roma,0,1,0.666967,1.22639,https://understat.com/match/29881
Serie_A,2025,29874,2025-09-21 13:00:00,Torino,Atalanta,0,3,1.31336,1.67723,https://understat.com/match/29874
Serie_A,2025,29878,2025-09-21 13:00:00,Cremonese,Parma Calcio 1913,0,0,0.172561,0.902031,https://understat.com/match/29878
Serie_A,2025,29879,2025-09-21 16:00:00,Fiorentina,Como,1,2,0.424904,2.09507,https://understat.com/match/29879
Serie_A,2025,29880,2025-09-21 18:45:00,Inter,Sassuolo,2,1,3.12186,0.850824,https://understat.com/match/29880
Serie_A,2025,29883,2025-09-22 18:45:00,Napoli,Pisa,3,2,1.18611,2.51985,https://understat.com/match/29883
Serie_A,2025,29885,2025-09-27 13:00:00,Como,Cremonese,1,1,1.44033,0.564557,https://understat.com/match/29885
Serie_A,2025,29887,2025-09-27 16:00:00,Juventus,Atalanta,1,1,1.84242,0.885278,https://understat.com/match/29887
Serie_A,2025,29884,2025-09-27 18:45:00,Cagliari,Inter,0,2,0.475174,3.95419,https://understat.com/match/29884
Serie_A,2025,29893,2025-09-28 10:30:00,Sassuolo,Udinese,3,1,2.31332,1.19344,https://understat.com/match/29893
Serie_A,2025,29891,2025-09-28 13:00:00,Pisa,Fiorentina,0,0,0.580471,0.840093,https://understat.com/match/29891
Serie_A,2025,29892,2025-09-28 13:00:00,Roma,Verona,2,0,1.30542,1.35351,https://understat.com/match/29892
Serie_A,2025,29888,2025-09-28 16:00:00,Lecce,Bologna,2,2,2.09017,1.5908,https://understat.com/match/29888
Serie_A,2025,29889,2025-09-28 18:45:00,AC Milan,Napoli,2,1,0.952575,2.23894,https://understat.com/match/29889
Serie_A,2025,29890,2025-09-29 16:30:00,Parma Calcio 1913,Torino,2,1,1.44462,0.660829,https://understat.com/match/29890
Serie_A,2025,29886,2025-09-29 18:45:00,Genoa,Lazio,0,3,1.47659,3.54059,https://understat.com/match/29886
Serie_A,2025,29903,2025-10-03 18:45:00,Verona,Sassuolo,0,1,0.810981,1.5058,https://understat.com/match/29903
Serie_A,2025,29899,2025-10-04 13:00:00,Lazio,Torino,3,3,1.45075,2.18108,https://understat.com/match/29899
Serie_A,2025,29901,2025-10-04 13:00:00,Parma Calcio 1913,Lecce,0,1,1.08896,0.622459,https://understat.com/match/29901
Serie_A,2025,29897,2025-10-04 16:00:00,Inter,Cremonese,4,1,4.65231,0.619599,https://understat.com/match/29897
Serie_A,2025,29894,2025-10-04 18:45:00,Atalanta,Como,1,1,1.74169,0.959121,https://understat.com/match/29894
Serie_A,2025,29902,2025-10-05 10:30:00,Udinese,Cagliari,1,1,2.98545,0.789093,https://understat.com/match/29902
Serie_A,2025,29895,2025-10-05 13:00:00,Bologna,Pisa,4,0,3.69928,0.0265067,https://understat.com/match/29895
Serie_A,2025,29896,2025-10-05 13:00:00,Fiorentina,Roma,1,2,1.11719,1.22512,https://understat.com/match/29896
Serie_A,2025,29900,2025-10-05 16:00:00,Napoli,Genoa,2,1,1.87915,0.691583,https://understat.com/match/29900
Serie_A,2025,29898,2025-10-05 18:45:00,Juventus,AC Milan,0,0,0.570595,1.55707,https://understat.com/match/29898
Serie_A,2025,29910,2025-10-18 13:00:00,Lecce,Sassuolo,0,0,0.66998,0.77146,https://understat.com/match/29910
Serie_A,2025,29912,2025-10-18 13:00:00,Pisa,Verona,0,0,0.572009,1.65491,https://understat.com/match/29912
Serie_A,2025,29906,2025-10-18 16:00:00,Torino,Napoli,1,0,1.90815,1.71911,https://understat.com/match/29906
Serie_A,2025,29913,2025-10-18 18:45:00,Roma,Inter,0,1,2.1538,0.96386,https://understat.com/match/29913
Serie_A,2025,29907,2025-10-19 10:30:00,Como,Juventus,2,0,1.68785,0.964723,https://understat.com/match/29907
Serie_A,2025,29905,2025-10-19 13:00:00,Cagliari,Bologna,0,2,0.367775,1.15836,https://understat.com/match/29905
Serie_A,2025,29909,2025-10-19 13:00:00,Genoa,Parma Calcio 1913,0,0,2.21692,0.0544873,https://understat.com/match/29909
Serie_A,2025,29904,2025-10-19 16:00:00,Atalanta,Lazio,0,0,2.38095,0.220276,https://understat.com/match/29904
Serie_A,2025,29911,2025-10-19 18:45:00,AC Milan,Fiorentina,2,1,2.01853,0.965997,https://understat.com/match/29911
Serie_A,2025,29908,2025-10-20 18:45:00,Cremonese,Udinese,1,1,1.22876,0.962572,https://understat.com/match/29908
Serie_A,2025,29919,2025-10-24 18:45:00,AC Milan,Pisa,2,2,1.97232,1.22514,https://understat.com/match/29919
Serie_A,2025,29914,2025-10-25 13:00:00,Udinese,Lecce,3,2,1.51576,0.373551,https://understat.com/match/29914
Serie_A,2025,29921,2025-10-25 13:00:00,Parma Calcio 1913,Como,0,0,1.56651,0.387121,https://understat.com/match/29921
Serie_A,2025,29920,2025-10-25 16:00:00,Napoli,Inter,3,1,1.18626,2.07077,https://understat.com/match/29920
Serie_A,2025,29916,2025-10-25 18:45:00,Cremonese,Atalanta,1,1,0.967146,1.62371,https://understat.com/match/29916
Serie_A,2025,29923,2025-10-26 10:30:00,Torino,Genoa,2,1,1.8196,1.9796,https://understat.com/match/29923
Serie_A,2025,29915,2025-10-26 13:00:00,Verona,Cagliari,2,2,2.03687,0.837271,https://understat.com/match/29915
Serie_A,2025,29922,2025-10-26 13:00:00,Sassuolo,Roma,0,1,0.949353,2.25968,https://understat.com/match/29922
Serie_A,2025,29917,2025-10-26 16:00:00,Fiorentina,Bologna,2,2,3.87905,0.883347,https://understat.com/match/29917
Serie_A,2025,29918,2025-10-26 18:45:00,Lazio,Juventus,1,0,0.905304,1.24614,https://understat.com/match/29918
Serie_A,2025,29931,2025-10-28 16:30:00,Lecce,Napoli,0,1,1.02929,0.92446,https://understat.com/match/29931
Serie_A,2025,29924,2025-10-28 18:45:00,Atalanta,AC Milan,1,1,1.28167,0.626418,https://understat.com/match/29924
Serie_A,2025,29927,2025-10-29 16:30:00,Como,Verona,3,1,1.74279,1.69938,https://understat.com/match/29927
Serie_A,2025,29930,2025-10-29 16:30:00,Juventus,Udinese,3,1,3.30641,0.604108,https://understat.com/match/29930
Serie_A,2025,29933,2025-10-29 16:30:00,Roma,Parma Calcio 1913,2,1,1.15685,1.17796,https://understat.com/match/29933
Serie_A,2025,29925,2025-10-29 18:45:00,Bologna,Torino,0,0,0.3322,0.797473,https://understat.com/match/29925
Serie_A,2025,29928,2025-10-29 18:45:00,Genoa,Cremonese,0,2,1.3491,1.57974,https://understat.com/match/29928
Serie_A,2025,29929,2025-10-29 18:45:00,Inter,Fiorentina,3,0,2.87253,0.741937,https://understat.com/match/29929
Serie_A,2025,29926,2025-10-30 16:30:00,Cagliari,Sassuolo,1,2,0.845219,0.937652,https://understat.com/match/29926
Serie_A,2025,29932,2025-10-30 18:45:00,Pisa,Lazio,0,0,0.780185,0.657914,https://understat.com/match/29932
Serie_A,2025,29942,2025-11-01 14:00:00,Udinese,Atalanta,1,0,0.707338,0.270197,https://understat.com/match/29942
Serie_A,2025,29938,2025-11-01 17:00:00,Napoli,Como,0,0,0.762314,1.17012,https://understat.com/match/29938
Serie_A,2025,29934,2025-11-01 19:45:00,Cremonese,Juventus,1,2,0.611392,2.61402,https://understat.com/match/29934
Serie_A,2025,29943,2025-11-02 11:30:00,Verona,Inter,1,2,0.372642,1.15025,https://understat.com/match/29943
Serie_A,2025,29935,2025-11-02 14:00:00,Fiorentina,Lecce,0,1,1.38997,1.3239,https://understat.com/match/29935
Serie_A,2025,29941,2025-11-02 14:00:00,Torino,Pisa,2,2,1.22388,1.90329,https://understat.com/match/29941
Serie_A,2025,29939,2025-11-02 17:00:00,Parma Calcio 1913,Bologna,1,3,0.622333,3.51745,https://understat.com/match/29939
Serie_A,2025,29937,2025-11-02 19:45:00,AC Milan,Roma,1,0,3.76419,1.95443,https://understat.com/match/29937
Serie_A,2025,29940,2025-11-03 17:30:00,Sassuolo,Genoa,1,2,1.31641,1.83271,https://understat.com/match/29940
Serie_A,2025,29936,2025-11-03 19:45:00,Lazio,Cagliari,2,0,0.587684,1.48457,https://understat.com/match/29936
Serie_A,2025,29952,2025-11-07 19:45:00,Pisa,Cremonese,1,0,1.45109,1.23118,https://understat.com/match/29952
Serie_A,2025,29946,2025-11-08 14:00:00,Como,Cagliari,0,0,1.0497,0.615264,https://understat.com/match/29946
Serie_A,2025,29950,2025-11-08 14:00:00,Lecce,Verona,0,0,0.555045,0.691863,https://understat.com/match/29950
Serie_A,2025,29949,2025-11-08 17:00:00,Juventus,Torino,0,0,1.93707,0.405589,https://understat.com/match/29949
Serie_A,2025,29951,2025-11-08 19:45:00,Parma Calcio 1913,AC Milan,2,2,1.45012,2.05467,https://understat.com/match/29951
Serie_A,2025,29944,2025-11-09 11:30:00,Atalanta,Sassuolo,0,3,0.707859,2.20132,https://understat.com/match/29944
Serie_A,2025,29945,2025-11-09 14:00:00,Bologna,Napoli,2,0,1.64488,0.19503,https://understat.com/match/29945
Serie_A,2025,29947,2025-11-09 14:00:00,Genoa,Fiorentina,2,2,1.58884,1.33019,https://understat.com/match/29947
Serie_A,2025,29953,2025-11-09 17:00:00,Roma,Udinese,2,0,1.75728,0.928685,https://understat.com/match/29953
Serie_A,2025,29948,2025-11-09 19:45:00,Inter,Lazio,2,0,1.73965,0.54928,https://understat.com/match/29948
Serie_A,2025,29955,2025-11-22 14:00:00,Cagliari,Genoa,3,3,1.37329,1.61562,https://understat.com/match/29955
Serie_A,2025,29963,2025-11-22 14:00:00,Udinese,Bologna,0,3,1.88758,2.88287,https://understat.com/match/29963
Serie_A,2025,29957,2025-11-22 17:00:00,Fiorentina,Juventus,1,1,0.659308,1.65053,https://understat.com/match/29957
Serie_A,2025,29960,2025-11-22 19:45:00,Napoli,Atalanta,3,1,2.02765,0.825775,https://understat.com/match/29960
Serie_A,2025,29954,2025-11-23 11:30:00,Verona,Parma Calcio 1913,1,2,0.943021,1.51628,https://understat.com/match/29954
Serie_A,2025,29956,2025-11-23 14:00:00,Cremonese,Roma,1,3,1.25617,1.73178,https://understat.com/match/29956
Serie_A,2025,29959,2025-11-23 17:00:00,Lazio,Lecce,2,0,1.49492,0.544669,https://understat.com/match/29959
Serie_A,2025,29958,2025-11-23 19:45:00,Inter,AC Milan,0,1,1.74448,0.856085,https://understat.com/match/29958
Serie_A,2025,29962,2025-11-24 17:30:00,Torino,Como,1,5,1.42986,3.37909,https://understat.com/match/29962
Serie_A,2025,29961,2025-11-24 19:45:00,Sassuolo,Pisa,2,2,2.21345,1.38602,https://understat.com/match/29961
Serie_A,2025,29966,2025-11-28 19:45:00,Como,Sassuolo,2,0,1.73426,1.12902,https://understat.com/match/29966
Serie_A,2025,29967,2025-11-29 14:00:00,Genoa,Verona,2,1,1.64897,2.60658,https://understat.com/match/29967
Serie_A,2025,29971,2025-11-29 14:00:00,Parma Calcio 1913,Udinese,0,2,1.03649,1.87351,https://understat.com/match/29971
Serie_A,2025,29968,2025-11-29 17:00:00,Juventus,Cagliari,2,1,1.5343,0.891103,https://understat.com/match/29968
Serie_A,2025,29970,2025-11-29 19:45:00,AC Milan,Lazio,1,0,1.48113,0.899621,https://understat.com/match/29970
Serie_A,2025,29969,2025-11-30 11:30:00,Lecce,Torino,2,1,0.948606,2.0632,https://understat.com/match/29969
Serie_A,2025,29972,2025-11-30 14:00:00,Pisa,Inter,0,2,1.80715,2.04777,https://understat.com/match/29972
Serie_A,2025,29964,2025-11-30 17:00:00,Atalanta,Fiorentina,2,0,2.29028,2.01961,https://understat.com/match/29964
Serie_A,2025,29973,2025-11-30 19:45:00,Roma,Napoli,0,1,0.611755,1.33114,https://understat.com/match/29973
Serie_A,2025,29965,2025-12-01 19:45:00,Bologna,Cremonese,1,3,2.11713,2.33533,https://understat.com/match/29965
Serie_A,2025,29980,2025-12-06 14:00:00,Sassuolo,Fiorentina,3,1,1.64053,1.20662,https://understat.com/match/29980
Serie_A,2025,29976,2025-12-06 17:00:00,Inter,Como,4,0,2.26559,0.943403,https://understat.com/match/29976
Serie_A,2025,29983,2025-12-06 19:45:00,Verona,Atalanta,3,1,1.60244,1.76527,https://understat.com/match/29983
Serie_A,2025,29975,2025-12-07 11:30:00,Cremonese,Lecce,2,0,2.08254,1.37526,https://understat.com/match/29975
Serie_A,2025,29974,2025-12-07 14:00:00,Cagliari,Roma,1,0,1.40358,0.451691,https://understat.com/match/29974
Serie_A,2025,29977,2025-12-07 17:00:00,Lazio,Bologna,1,1,1.24155,1.23115,https://understat.com/match/29977
Serie_A,2025,29978,2025-12-07 19:45:00,Napoli,Juventus,2,1,2.1655,0.24335,https://understat.com/match/29978
Serie_A,2025,29979,2025-12-08 14:00:00,Pisa,Parma Calcio 1913,0,1,1.56873,1.49837,https://understat.com/match/29979
Serie_A,2025,29982,2025-12-08 17:00:00,Udinese,Genoa,1,2,1.49196,1.5362,https://understat.com/match/29982
Serie_A,2025,29981,2025-12-08 19:45:00,Torino,AC Milan,2,3,1.01008,2.10495,https://understat.com/match/29981
Serie_A,2025,29988,2025-12-12 19:45:00,Lecce,Pisa,1,0,2.79987,0.303651,https://understat.com/match/29988
Serie_A,2025,29992,2025-12-13 14:00:00,Torino,Cremonese,1,0,1.94598,0.700243,https://understat.com/match/29992
Serie_A,2025,29990,2025-12-13 17:00:00,Parma Calcio 1913,Lazio,0,1,1.08166,1.76573,https://understat.com/match/29990
Serie_A,2025,29984,2025-12-13 19:45:00,Atalanta,Cagliari,2,1,3.08558,0.568619,https://understat.com/match/29984
Serie_A,2025,29989,2025-12-14 11:30:00,AC Milan,Sassuolo,2,2,1.83346,1.02843,https://understat.com/match/29989
Serie_A,2025,29986,2025-12-14 14:00:00,Fiorentina,Verona,1,2,2.41776,1.53867,https://understat.com/match/29986
Serie_A,2025,29993,2025-12-14 14:00:00,Udinese,Napoli,1,0,1.84146,0.931427,https://understat.com/match/29993
Serie_A,2025,29987,2025-12-14 17:00:00,Genoa,Inter,1,2,0.895295,2.04412,https://understat.com/match/29987
Serie_A,2025,29985,2025-12-14 19:45:00,Bologna,Juventus,0,1,0.97387,2.07145,https://understat.com/match/29985
Serie_A,2025,29991,2025-12-15 19:45:00,Roma,Como,1,0,1.65562,0.635872,https://understat.com/match/29991
Serie_A,2025,30000,2025-12-20 17:00:00,Lazio,Cremonese,0,0,0.432769,0.70974,https://understat.com/match/30000
Serie_A,2025,29999,2025-12-20 19:45:00,Juventus,Roma,2,1,3.09592,1.28421,https://understat.com/match/29999
Serie_A,2025,29994,2025-12-21 11:30:00,Cagliari,Pisa,2,2,1.20171,2.02532,https://understat.com/match/29994
Serie_A,2025,30002,2025-12-21 14:00:00,Sassuolo,Torino,0,1,0.580849,2.00002,https://understat.com/match/30002
Serie_A,2025,29996,2025-12-21 17:00:00,Fiorentina,Udinese,5,1,3.24808,0.794951,https://understat.com/match/29996
Serie_A,2025,29997,2025-12-21 19:45:00,Genoa,Atalanta,0,1,0.967673,1.76564,https://understat.com/match/29997
Serie_A,2025,30008,2025-12-27 11:30:00,Parma Calcio 1913,Fiorentina,1,0,1.26451,1.2463,https://understat.com/match/30008
Serie_A,2025,30006,2025-12-27 14:00:00,Lecce,Como,0,3,1.15442,2.33352,https://understat.com/match/30006
Serie_A,2025,30011,2025-12-27 14:00:00,Torino,Cagliari,1,2,2.4609,0.994774,https://understat.com/match/30011
Serie_A,2025,30012,2025-12-27 17:00:00,Udinese,Lazio,1,1,0.806561,0.848022,https://understat.com/match/30012
Serie_A,2025,30009,2025-12-27 19:45:00,Pisa,Juventus,0,2,0.64162,1.2875,https://understat.com/match/30009
Serie_A,2025,30007,2025-12-28 11:30:00,AC Milan,Verona,3,0,2.87827,0.32776,https://understat.com/match/30007
Serie_A,2025,30005,2025-12-28 14:00:00,Cremonese,Napoli,0,2,0.276244,2.85402,https://understat.com/match/30005
Serie_A,2025,30004,2025-12-28 17:00:00,Bologna,Sassuolo,1,1,0.937045,1.52306,https://understat.com/match/30004
Serie_A,2025,30013,2025-12-28 19:45:00,Atalanta,Inter,0,1,1.16924,1.63271,https://understat.com/match/30013
Serie_A,2025,30010,2025-12-29 19:45:00,Roma,Genoa,3,1,1.86118,0.510864,https://understat.com/match/30010
Serie_A,2025,30015,2026-01-02 19:45:00,Cagliari,AC Milan,0,1,0.308283,0.893304,https://understat.com/match/30015
Serie_A,2025,30016,2026-01-03 11:30:00,Como,Udinese,1,0,2.38351,0.245,https://understat.com/match/30016
Serie_A,2025,30018,2026-01-03 14:00:00,Genoa,Pisa,1,1,0.569456,1.5538,https://understat.com/match/30018
Serie_A,2025,30022,2026-01-03 14:00:00,Sassuolo,Parma Calcio 1913,1,1,1.0095,1.18268,https://understat.com/match/30022
Serie_A,2025,30020,2026-01-03 17:00:00,Juventus,Lecce,1,1,3.59395,0.176301,https://understat.com/match/30020
Serie_A,2025,30014,2026-01-03 19:45:00,Atalanta,Roma,1,0,2.73637,1.01018,https://understat.com/match/30014
Serie_A,2025,30021,2026-01-04 11:30:00,Lazio,Napoli,0,2,0.405788,2.42503,https://understat.com/match/30021
Serie_A,2025,30017,2026-01-04 14:00:00,Fiorentina,Cremonese,1,0,2.20676,0.752862,https://understat.com/match/30017
Serie_A,2025,30023,2026-01-04 17:00:00,Verona,Torino,0,3,0.260564,1.70287,https://understat.com/match/30023
Serie_A,2025,30019,2026-01-04 19:45:00,Inter,Bologna,3,1,4.26719,0.782906,https://understat.com/match/30019
Serie_A,2025,30031,2026-01-06 14:00:00,Pisa,Como,0,3,1.71183,2.10363,https://understat.com/match/30031
Serie_A,2025,30027,2026-01-06 17:00:00,Lecce,Roma,0,2,0.604725,1.89163,https://understat.com/match/30027
Serie_A,2025,30032,2026-01-06 19:45:00,Sassuolo,Juventus,0,3,0.203716,2.90778,https://understat.com/match/30032
Serie_A,2025,30024,2026-01-07 17:30:00,Bologna,Atalanta,0,2,1.11527,1.33342,https://understat.com/match/30024
Serie_A,2025,30029,2026-01-07 17:30:00,Napoli,Verona,2,2,1.57287,1.29178,https://understat.com/match/30029
Serie_A,2025,30026,2026-01-07 19:45:00,Lazio,Fiorentina,2,2,2.70815,1.51944,https://understat.com/match/30026
Serie_A,2025,30030,2026-01-07 19:45:00,Parma Calcio 1913,Inter,0,2,0.261054,3.08782,https://understat.com/match/30030
Serie_A,2025,30033,2026-01-07 19:45:00,Torino,Udinese,1,2,1.67388,2.31786,https://understat.com/match/30033
Serie_A,2025,30025,2026-01-08 17:30:00,Cremonese,Cagliari,2,2,2.2527,1.78257,https://understat.com/match/30025
Serie_A,2025,30028,2026-01-08 19:45:00,AC Milan,Genoa,1,1,2.11615,1.43745,https://understat.com/match/30028
Serie_A,2025,30035,2026-01-10 14:00:00,Como,Bologna,1,1,1.13923,1.54894,https://understat.com/match/30035
Serie_A,2025,30042,2026-01-10 14:00:00,Udinese,Pisa,2,2,2.18018,1.42671,https://understat.com/match/30042
Serie_A,2025,30041,2026-01-10 17:00:00,Roma,Sassuolo,2,0,2.95843,0.858537,https://understat.com/match/30041
Serie_A,2025,30034,2026-01-10 19:45:00,Atalanta,Torino,2,0,2.55106,0.945872,https://understat.com/match/30034
Serie_A,2025,30040,2026-01-11 11:30:00,Lecce,Parma Calcio 1913,1,2,0.842154,1.46392,https://understat.com/match/30040
Serie_A,2025,30036,2026-01-11 14:00:00,Fiorentina,AC Milan,1,1,2.38025,2.05263,https://understat.com/match/30036
Serie_A,2025,30043,2026-01-11 17:00:00,Verona,Lazio,0,1,0.584887,0.64447,https://understat.com/match/30043
Serie_A,2025,30038,2026-01-11 19:45:00,Inter,Napoli,2,2,1.6567,1.38417,https://understat.com/match/30038
Serie_A,2025,30037,2026-01-12 17:30:00,Genoa,Cagliari,3,0,1.26155,1.00677,https://understat.com/match/30037
Serie_A,2025,30039,2026-01-12 19:45:00,Juventus,Cremonese,5,0,3.2309,1.1134,https://understat.com/match/30039
Serie_A,2025,30001,2026-01-14 17:30:00,Napoli,Parma Calcio 1913,0,0,1.29671,0.230185,https://understat.com/match/30001
Serie_A,2025,29998,2026-01-14 19:45:00,Inter,Lecce,1,0,1.91676,0.468829,https://understat.com/match/29998
Serie_A,2025,30003,2026-01-15 17:30:00,Verona,Bologna,2,3,1.6881,0.690747,https://understat.com/match/30003
Serie_A,2025,29995,2026-01-15 19:45:00,Como,AC Milan,1,3,1.86946,1.3926,https://understat.com/match/29995
Serie_A,2025,30049,2026-01-16 19:45:00,Pisa,Atalanta,1,1,1.63695,1.77359,https://understat.com/match/30049
Serie_A,2025,30051,2026-01-17 14:00:00,Udinese,Inter,0,1,0.130821,2.17475,https://understat.com/match/30051
Serie_A,2025,30047,2026-01-17 17:00:00,Napoli,Sassuolo,1,0,0.605235,1.12352,https://understat.com/match/30047
Serie_A,2025,30053,2026-01-17 19:45:00,Cagliari,Juventus,1,0,0.176118,0.872689,https://understat.com/match/30053
Serie_A,2025,30048,2026-01-18 11:30:00,Parma Calcio 1913,Genoa,0,0,0.463872,1.07465,https://understat.com/match/30048
Serie_A,2025,30052,2026-01-18 14:00:00,Bologna,Fiorentina,1,2,1.34398,1.64563,https://understat.com/match/30052
Serie_A,2025,30050,2026-01-18 17:00:00,Torino,Roma,0,2,0.394429,2.02736,https://understat.com/match/30050
Serie_A,2025,30046,2026-01-18 19:45:00,AC Milan,Lecce,1,0,3.17447,0.1816,https://understat.com/match/30046
Serie_A,2025,30044,2026-01-19 17:30:00,Cremonese,Verona,0,0,0.452062,0.487484,https://understat.com/match/30044
Serie_A,2025,30045,2026-01-19 19:45:00,Lazio,Como,0,3,0.465283,2.28394,https://understat.com/match/30045
Serie_A,2025,30058,2026-01-23 19:45:00,Inter,Pisa,6,2,6.24369,0.453549,https://understat.com/match/30058
Serie_A,2025,30055,2026-01-24 14:00:00,Como,Torino,6,0,3.15343,0.327418,https://understat.com/match/30055
Serie_A,2025,30056,2026-01-24 17:00:00,Fiorentina,Cagliari,1,2,2.09156,1.27897,https://understat.com/match/30056
Serie_A,2025,30060,2026-01-24 19:45:00,Lecce,Lazio,0,0,0.601024,0.716991,https://understat.com/match/30060
Serie_A,2025,30062,2026-01-25 11:30:00,Sassuolo,Cremonese,1,0,1.3787,0.845543,https://understat.com/match/30062
Serie_A,2025,30054,2026-01-25 14:00:00,Atalanta,Parma Calcio 1913,4,0,5.01888,1.86533,https://understat.com/match/30054
Serie_A,2025,30057,2026-01-25 14:00:00,Genoa,Bologna,3,2,0.706857,0.591952,https://understat.com/match/30057
Serie_A,2025,30059,2026-01-25 17:00:00,Juventus,Napoli,3,0,1.54679,0.421726,https://understat.com/match/30059
Serie_A,2025,30061,2026-01-25 19:45:00,Roma,AC Milan,1,1,2.13573,0.583212,https://understat.com/match/30061
Serie_A,2025,30063,2026-01-26 19:45:00,Verona,Udinese,1,3,0.573784,1.93652,https://understat.com/match/30063
Serie_A,2025,30068,2026-01-30 19:45:00,Lazio,Genoa,3,2,2.06649,1.83307,https://understat.com/match/30068
Serie_A,2025,30071,2026-01-31 14:00:00,Pisa,Sassuolo,1,3,0.773575,2.20331,https://understat.com/match/30071
Serie_A,2025,30069,2026-01-31 17:00:00,Napoli,Fiorentina,2,1,2.39619,1.81202,https://understat.com/match/30069
Serie_A,2025,30065,2026-01-31 19:45:00,Cagliari,Verona,4,0,1.98129,0.374813,https://understat.com/match/30065
Serie_A,2025,30072,2026-02-01 11:30:00,Torino,Lecce,1,0,2.48263,0.468464,https://understat.com/match/30072
Serie_A,2025,30066,2026-02-01 14:00:00,Como,Atalanta,0,0,5.96884,0.785014,https://understat.com/match/30066
Serie_A,2025,30067,2026-02-01 17:00:00,Cremonese,Inter,0,2,0.510166,2.18311,https://understat.com/match/30067
Serie_A,2025,30070,2026-02-01 19:45:00,Parma Calcio 1913,Juventus,1,4,0.598397,3.51941,https://understat.com/match/30070
Serie_A,2025,30073,2026-02-02 19:45:00,Udinese,Roma,1,0,0.642594,0.668752,https://understat.com/match/30073
Serie_A,2025,30064,2026-02-03 19:45:00,Bologna,AC Milan,0,3,0.440526,3.35769,https://understat.com/match/30064
Serie_A,2025,30074,2026-02-06 19:45:00,Verona,Pisa,0,0,0.0783843,1.26143,https://understat.com/match/30074
Serie_A,2025,30080,2026-02-07 17:00:00,Genoa,Napoli,2,3,1.32462,1.89784,https://understat.com/match/30080
Serie_A,2025,30079,2026-02-07 19:45:00,Fiorentina,Torino,2,2,1.27203,1.0134,https://understat.com/match/30079
Serie_A,2025,30078,2026-02-08 11:30:00,Bologna,Parma Calcio 1913,0,1,1.64658,0.193041,https://understat.com/match/30078
Serie_A,2025,30082,2026-02-08 14:00:00,Lecce,Udinese,2,1,2.18624,0.895031,https://understat.com/match/30082
Serie_A,2025,30075,2026-02-08 17:00:00,Sassuolo,Inter,0,5,0.721597,2.75112,https://understat.com/match/30075
Serie_A,2025,30081,2026-02-08 19:45:00,Juventus,Lazio,2,2,2.85607,0.808824,https://understat.com/match/30081
Serie_A,2025,30077,2026-02-09 17:30:00,Atalanta,Cremonese,2,1,3.12119,0.914806,https://understat.com/match/30077
Serie_A,2025,30076,2026-02-09 19:45:00,Roma,Cagliari,2,0,2.20426,0.613133,https://understat.com/match/30076
Serie_A,2025,30091,2026-02-13 19:45:00,Pisa,AC Milan,1,2,0.937275,2.15769,https://understat.com/match/30091
Serie_A,2025,30085,2026-02-14 14:00:00,Como,Fiorentina,1,2,0.902645,1.302,https://understat.com/match/30085
Serie_A,2025,30088,2026-02-14 17:00:00,Lazio,Atalanta,0,2,1.54366,1.82116,https://understat.com/match/30088
Serie_A,2025,30087,2026-02-14 19:45:00,Inter,Juventus,3,2,2.4811,1.29499,https://understat.com/match/30087
Serie_A,2025,30093,2026-02-15 11:30:00,Udinese,Sassuolo,1,2,0.491201,1.24711,https://understat.com/match/30093
Serie_A,2025,30086,2026-02-15 14:00:00,Cremonese,Genoa,0,0,1.34717,1.33514,https://understat.com/match/30086
Serie_A,2025,30090,2026-02-15 14:00:00,Parma Calcio 1913,Verona,2,1,2.16714,0.856137,https://understat.com/match/30090
Serie_A,2025,30092,2026-02-15 17:00:00,Torino,Bologna,1,2,0.394436,1.71228,https://understat.com/match/30092
Serie_A,2025,30089,2026-02-15 19:45:00,Napoli,Roma,2,2,0.5247,1.95442,https://understat.com/match/30089
Serie_A,2025,30084,2026-02-16 19:45:00,Cagliari,Lecce,0,2,1.46951,1.76359,https://understat.com/match/30084
Serie_A,2025,30083,2026-02-18 19:45:00,AC Milan,Como,1,1,1.17019,1.64526,https://understat.com/match/30083
Serie_A,2025,30103,2026-02-20 19:45:00,Sassuolo,Verona,3,0,1.58706,0.615652,https://understat.com/match/30103
Serie_A,2025,30099,2026-02-21 14:00:00,Juventus,Como,0,2,1.01425,1.43181,https://understat.com/match/30099
Serie_A,2025,30100,2026-02-21 17:00:00,Lecce,Inter,0,2,0.127863,2.6436,https://understat.com/match/30100
Serie_A,2025,30096,2026-02-21 19:45:00,Cagliari,Lazio,0,0,0.771111,0.520733,https://understat.com/match/30096
Serie_A,2025,30098,2026-02-22 11:30:00,Genoa,Torino,3,0,2.06306,0.530703,https://understat.com/match/30098
Serie_A,2025,30094,2026-02-22 14:00:00,Atalanta,Napoli,2,1,0.962214,1.05903,https://understat.com/match/30094
Serie_A,2025,30101,2026-02-22 17:00:00,AC Milan,Parma Calcio 1913,0,1,1.63438,0.760094,https://understat.com/match/30101
Serie_A,2025,30102,2026-02-22 19:45:00,Roma,Cremonese,3,0,2.58194,0.280739,https://understat.com/match/30102
Serie_A,2025,30097,2026-02-23 17:30:00,Fiorentina,Pisa,1,0,1.77825,0.43212,https://understat.com/match/30097
Serie_A,2025,30095,2026-02-23 19:45:00,Bologna,Udinese,1,0,1.44714,0.530625,https://understat.com/match/30095
Serie_A,2025,30106,2026-02-27 19:45:00,Parma Calcio 1913,Cagliari,1,1,1.31257,0.615799,https://understat.com/match/30106
Serie_A,2025,30113,2026-02-28 14:00:00,Como,Lecce,3,1,2.98622,0.424994,https://understat.com/match/30113
Serie_A,2025,30109,2026-02-28 17:00:00,Verona,Napoli,1,2,0.277835,1.21355,https://understat.com/match/30109
Serie_A,2025,30105,2026-02-28 19:45:00,Inter,Genoa,2,0,2.19229,0.170827,https://understat.com/match/30105
Serie_A,2025,30104,2026-03-01 11:30:00,Cremonese,AC Milan,0,2,1.08387,3.87512,https://understat.com/match/30104
Serie_A,2025,30112,2026-03-01 14:00:00,Sassuolo,Atalanta,2,1,1.81132,3.74717,https://understat.com/match/30112
Serie_A,2025,30111,2026-03-01 17:00:00,Torino,Lazio,2,0,1.06085,1.05867,https://understat.com/match/30111
Serie_A,2025,30108,2026-03-01 19:45:00,Roma,Juventus,3,3,2.33059,1.8583,https://understat.com/match/30108
Serie_A,2025,30107,2026-03-02 17:30:00,Pisa,Bologna,0,1,0.743118,0.871649,https://understat.com/match/30107
Serie_A,2025,30110,2026-03-02 19:45:00,Udinese,Fiorentina,3,0,2.0239,0.585387,https://understat.com/match/30110
Serie_A,2025,30114,2026-03-06 19:45:00,Napoli,Torino,2,1,2.32007,0.693368,https://understat.com/match/30114
Serie_A,2025,30116,2026-03-07 14:00:00,Cagliari,Como,1,2,0.518042,0.763847,https://understat.com/match/30116
Serie_A,2025,30115,2026-03-07 17:00:00,Atalanta,Udinese,2,2,1.99854,0.860054,https://understat.com/match/30115
Serie_A,2025,30119,2026-03-07 19:45:00,Juventus,Pisa,4,0,3.16811,0.319971,https://understat.com/match/30119
Serie_A,2025,30121,2026-03-08 11:30:00,Lecce,Cremonese,2,1,1.76705,0.791422,https://understat.com/match/30121
Serie_A,2025,30117,2026-03-08 14:00:00,Fiorentina,Parma Calcio 1913,0,0,0.758473,0.253114,https://understat.com/match/30117
Serie_A,2025,30123,2026-03-08 14:00:00,Bologna,Verona,1,2,0.903746,2.02855,https://understat.com/match/30123
Serie_A,2025,30118,2026-03-08 17:00:00,Genoa,Roma,2,1,2.55911,0.282645,https://understat.com/match/30118
Serie_A,2025,30122,2026-03-08 19:45:00,AC Milan,Inter,1,0,0.852014,1.44398,https://understat.com/match/30122
Serie_A,2025,30120,2026-03-09 19:45:00,Lazio,Sassuolo,2,1,2.4868,0.453204,https://understat.com/match/30120
Serie_A,2025,30131,2026-03-13 19:45:00,Torino,Parma Calcio 1913,4,1,2.44316,0.579861,https://understat.com/match/30131
Serie_A,2025,30126,2026-03-14 14:00:00,Inter,Atalanta,1,1,2.0286,0.867146,https://understat.com/match/30126
Serie_A,2025,30128,2026-03-14 17:00:00,Napoli,Lecce,2,1,1.13114,1.22692,https://understat.com/match/30128
Serie_A,2025,30132,2026-03-14 19:45:00,Udinese,Juventus,0,1,0.741965,3.18734,https://understat.com/match/30132
Serie_A,2025,30133,2026-03-15 11:30:00,Verona,Genoa,0,2,0.370821,0.534091,https://understat.com/match/30133
Serie_A,2025,30129,2026-03-15 14:00:00,Pisa,Cagliari,3,1,2.94287,1.52334,https://understat.com/match/30129
Serie_A,2025,30130,2026-03-15 14:00:00,Sassuolo,Bologna,0,1,0.427053,0.731025,https://understat.com/match/30130
Serie_A,2025,30124,2026-03-15 17:00:00,Como,Roma,2,1,2.46908,0.899976,https://understat.com/match/30124
Serie_A,2025,30127,2026-03-15 19:45:00,Lazio,AC Milan,1,0,0.538397,1.16179,https://understat.com/match/30127
Serie_A,2025,30125,2026-03-16 19:45:00,Cremonese,Fiorentina,1,4,1.47372,1.14462,https://understat.com/match/30125
Serie_A,2025,30136,2026-03-20 17:30:00,Cagliari,Napoli,0,1,0.241246,2.27393,https://understat.com/match/30136
Serie_A,2025,30139,2026-03-20 19:45:00,Genoa,Udinese,0,2,1.30328,0.86584,https://understat.com/match/30139
Serie_A,2025,30142,2026-03-21 14:00:00,Parma Calcio 1913,Cremonese,0,2,0.287758,0.781807,https://understat.com/match/30142
Serie_A,2025,30141,2026-03-21 17:00:00,AC Milan,Torino,3,2,1.44337,2.37211,https://understat.com/match/30141
Serie_A,2025,30140,2026-03-21 19:45:00,Juventus,Sassuolo,1,1,2.25457,0.845538,https://understat.com/match/30140
Serie_A,2025,30137,2026-03-22 11:30:00,Como,Pisa,5,0,1.8215,0.309722,https://understat.com/match/30137
Serie_A,2025,30134,2026-03-22 14:00:00,Atalanta,Verona,1,0,1.74248,0.765772,https://understat.com/match/30134
Serie_A,2025,30135,2026-03-22 14:00:00,Bologna,Lazio,0,2,1.32921,2.14396,https://understat.com/match/30135
Serie_A,2025,30143,2026-03-22 17:00:00,Roma,Lecce,1,0,1.09359,0.807003,https://understat.com/match/30143
Serie_A,2025,30138,2026-03-22 19:45:00,Fiorentina,Inter,1,1,1.81429,1.40088,https://understat.com/match/30138
Serie_A,2025,30151,2026-04-04 13:00:00,Sassuolo,Cagliari,2,1,0.48336,1.90118,https://understat.com/match/30151
Serie_A,2025,30153,2026-04-04 16:00:00,Verona,Fiorentina,0,1,0.922577,0.308725,https://understat.com/match/30153
Serie_A,2025,30147,2026-04-04 18:45:00,Lazio,Parma Calcio 1913,1,1,0.269086,0.360563,https://understat.com/match/30147
Serie_A,2025,30144,2026-04-05 13:00:00,Cremonese,Bologna,1,2,1.39638,1.58974,https://understat.com/match/30144
Serie_A,2025,30150,2026-04-05 16:00:00,Pisa,Torino,0,1,0.309366,1.72611,https://understat.com/match/30150
Serie_A,2025,30145,2026-04-05 18:45:00,Inter,Roma,5,2,2.25441,0.939981,https://understat.com/match/30145
Serie_A,2025,30152,2026-04-06 10:30:00,Udinese,Como,0,0,1.06665,0.786392,https://understat.com/match/30152
Serie_A,2025,30148,2026-04-06 13:00:00,Lecce,Atalanta,0,3,0.364274,2.81595,https://understat.com/match/30148
Serie_A,2025,30146,2026-04-06 16:00:00,Juventus,Genoa,2,0,2.60276,1.48807,https://understat.com/match/30146
Serie_A,2025,30149,2026-04-06 18:45:00,Napoli,AC Milan,1,0,0.872402,0.810602,https://understat.com/match/30149
Serie_A,2025,30162,2026-04-10 18:45:00,Roma,Pisa,3,0,1.45084,1.06318,https://understat.com/match/30162
Serie_A,2025,30156,2026-04-11 13:00:00,Cagliari,Cremonese,1,0,1.431,0.268819,https://understat.com/match/30156
Serie_A,2025,30163,2026-04-11 13:00:00,Torino,Verona,2,1,1.1485,1.67554,https://understat.com/match/30163
Serie_A,2025,30160,2026-04-11 16:00:00,AC Milan,Udinese,0,3,1.62737,1.566,https://understat.com/match/30160
Serie_A,2025,30154,2026-04-11 18:45:00,Atalanta,Juventus,0,1,1.8886,1.18681,https://understat.com/match/30154
Serie_A,2025,30159,2026-04-12 10:30:00,Genoa,Sassuolo,2,1,1.39271,1.39642,https://understat.com/match/30159
Serie_A,2025,30161,2026-04-12 13:00:00,Parma Calcio 1913,Napoli,1,1,0.154689,1.31482,https://understat.com/match/30161
Serie_A,2025,30155,2026-04-12 16:00:00,Bologna,Lecce,2,0,2.5824,0.53637,https://understat.com/match/30155
Serie_A,2025,30157,2026-04-12 18:45:00,Como,Inter,3,4,3.2878,0.507465,https://understat.com/match/30157
Serie_A,2025,30158,2026-04-13 18:45:00,Fiorentina,Lazio,1,0,0.421966,1.29355,https://understat.com/match/30158
Serie_A,2025,30170,2026-04-17 16:30:00,Sassuolo,Como,2,1,1.3509,0.588985,https://understat.com/match/30170
Serie_A,2025,30164,2026-04-17 18:45:00,Inter,Cagliari,3,0,2.38524,0.482209,https://understat.com/match/30164
Serie_A,2025,30171,2026-04-18 13:00:00,Udinese,Parma Calcio 1913,0,1,1.35108,1.39599,https://understat.com/match/30171
Serie_A,2025,30167,2026-04-18 16:00:00,Napoli,Lazio,0,2,0.516972,3.16463,https://understat.com/match/30167
Serie_A,2025,30169,2026-04-18 18:45:00,Roma,Atalanta,1,1,1.70941,0.660238,https://understat.com/match/30169
Serie_A,2025,30173,2026-04-19 10:30:00,Cremonese,Torino,0,0,0.88749,0.159021,https://understat.com/match/30173
Serie_A,2025,30172,2026-04-19 13:00:00,Verona,AC Milan,0,1,0.709696,0.830747,https://understat.com/match/30172
Serie_A,2025,30168,2026-04-19 16:00:00,Pisa,Genoa,1,2,1.00691,2.18534,https://understat.com/match/30168
Serie_A,2025,30165,2026-04-19 18:45:00,Juventus,Bologna,2,0,1.57651,0.852415,https://understat.com/match/30165
Serie_A,2025,30166,2026-04-20 18:45:00,Lecce,Fiorentina,1,1,1.80861,1.26455,https://understat.com/match/30166
Serie_A,2025,30180,2026-04-24 18:45:00,Napoli,Cremonese,4,0,3.24062,0.473643,https://understat.com/match/30180
Serie_A,2025,30181,2026-04-25 13:00:00,Parma Calcio 1913,Pisa,1,0,1.31072,1.56392,https://understat.com/match/30181
Serie_A,2025,30174,2026-04-25 16:00:00,Bologna,Roma,0,2,0.479083,1.65629,https://understat.com/match/30174
Serie_A,2025,30183,2026-04-25 18:45:00,Verona,Lecce,0,0,0.249294,1.20604,https://understat.com/match/30183
Serie_A,2025,30176,2026-04-26 10:30:00,Fiorentina,Sassuolo,0,0,2.19011,0.597621,https://understat.com/match/30176
Serie_A,2025,30177,2026-04-26 13:00:00,Genoa,Como,0,2,0.667154,1.19004,https://understat.com/match/30177
Serie_A,2025,30182,2026-04-26 16:00:00,Torino,Inter,2,2,2.42774,1.64792,https://understat.com/match/30182
Serie_A,2025,30179,2026-04-26 18:45:00,AC Milan,Juventus,0,0,0.616342,0.449727,https://understat.com/match/30179
Serie_A,2025,30175,2026-04-27 16:30:00,Cagliari,Atalanta,3,2,2.00771,1.7579,https://understat.com/match/30175
Serie_A,2025,30178,2026-04-27 18:45:00,Lazio,Udinese,3,3,1.77483,2.30714,https://understat.com/match/30178
Serie_A,2025,30190,2026-05-01 18:45:00,Pisa,Lecce,1,2,2.06716,1.35936,https://understat.com/match/30190
Serie_A,2025,30193,2026-05-02 13:00:00,Udinese,Torino,2,0,2.16904,0.812913,https://understat.com/match/30193
Serie_A,2025,30186,2026-05-02 16:00:00,Como,Napoli,0,0,1.79719,0.847288,https://understat.com/match/30186
Serie_A,2025,30184,2026-05-02 18:45:00,Atalanta,Genoa,0,0,1.66082,0.438786,https://understat.com/match/30184
Serie_A,2025,30185,2026-05-03 10:30:00,Bologna,Cagliari,0,0,0.684487,0.871884,https://understat.com/match/30185
Serie_A,2025,30192,2026-05-03 13:00:00,Sassuolo,AC Milan,2,0,2.23502,0.288558,https://understat.com/match/30192
Serie_A,2025,30189,2026-05-03 16:00:00,Juventus,Verona,1,1,2.68622,0.197193,https://understat.com/match/30189
Serie_A,2025,30188,2026-05-03 18:45:00,Inter,Parma Calcio 1913,2,0,2.01571,0.452228,https://understat.com/match/30188
Serie_A,2025,30187,2026-05-04 16:30:00,Cremonese,Lazio,1,2,0.55053,0.987521,https://understat.com/match/30187
Serie_A,2025,30191,2026-05-04 18:45:00,Roma,Fiorentina,4,0,2.84317,0.132194,https://understat.com/match/30191
Serie_A,2025,30203,2026-05-08 18:45:00,Torino,Sassuolo,2,1,3.06714,2.17042,https://understat.com/match/30203
Serie_A,2025,30195,2026-05-09 13:00:00,Cagliari,Udinese,0,2,1.56516,2.30592,https://understat.com/match/30195
Serie_A,2025,30198,2026-05-09 16:00:00,Lazio,Inter,0,3,0.502107,2.18245,https://understat.com/match/30198
Serie_A,2025,30199,2026-05-09 18:45:00,Lecce,Juventus,0,1,0.607959,1.95698,https://understat.com/match/30199
Serie_A,2025,30194,2026-05-10 10:30:00,Verona,Como,0,1,1.29052,1.06072,https://understat.com/match/30194
Serie_A,2025,30196,2026-05-10 13:00:00,Cremonese,Pisa,3,0,1.26744,0,https://understat.com/match/30196
Serie_A,2025,30197,2026-05-10 13:00:00,Fiorentina,Genoa,0,0,0.675179,0.52874,https://understat.com/match/30197
Serie_A,2025,30202,2026-05-10 16:00:00,Parma Calcio 1913,Roma,2,3,0.636151,3.02085,https://understat.com/match/30202
Serie_A,2025,30200,2026-05-10 18:45:00,AC Milan,Atalanta,2,3,2.28396,1.60752,https://understat.com/match/30200
Serie_A,2025,30201,2026-05-11 18:45:00,Napoli,Bologna,2,3,1.22739,1.12339,https://understat.com/match/30201
Serie_A,2025,30206,2026-05-17 10:30:00,Como,Parma Calcio 1913,1,0,2.72094,0.483046,https://understat.com/match/30206
Serie_A,2025,30207,2026-05-17 10:30:00,Genoa,AC Milan,1,2,1.66881,1.55422,https://understat.com/match/30207
Serie_A,2025,30209,2026-05-17 10:30:00,Juventus,Fiorentina,0,2,1.96289,0.513716,https://understat.com/match/30209
Serie_A,2025,30210,2026-05-17 10:30:00,Pisa,Napoli,0,3,0.721322,1.42016,https://understat.com/match/30210
Serie_A,2025,30211,2026-05-17 10:30:00,Roma,Lazio,2,0,1.31805,0.766648,https://understat.com/match/30211
Serie_A,2025,30208,2026-05-17 13:00:00,Inter,Verona,1,1,2.84143,0.911763,https://understat.com/match/30208
Serie_A,2025,30204,2026-05-17 16:00:00,Atalanta,Bologna,0,1,0.871381,1.06559,https://understat.com/match/30204
Serie_A,2025,30205,2026-05-17 18:45:00,Cagliari,Torino,2,1,1.75883,1.33301,https://understat.com/match/30205
Serie_A,2025,30212,2026-05-17 18:45:00,Sassuolo,Lecce,2,3,3.04719,1.29547,https://understat.com/match/30212
Serie_A,2025,30213,2026-05-17 18:45:00,Udinese,Cremonese,0,1,0.270585,0.671214,https://understat.com/match/30213
Serie_A,2025,30216,2026-05-22 18:45:00,Fiorentina,Atalanta,1,1,1.14732,1.58663,https://understat.com/match/30216
Serie_A,2025,30214,2026-05-23 16:00:00,Bologna,Inter,3,3,1.59682,1.18652,https://understat.com/match/30214
Serie_A,2025,30217,2026-05-23 18:45:00,Lazio,Pisa,2,1,1.02094,1.16758,https://understat.com/match/30217
Serie_A,2025,30221,2026-05-24 13:00:00,Parma Calcio 1913,Sassuolo,1,0,1.51292,1.06783,https://understat.com/match/30221
Serie_A,2025,30220,2026-05-24 16:00:00,Napoli,Udinese,1,0,1.55853,0.517372,https://understat.com/match/30220
Serie_A,2025,30215,2026-05-24 18:45:00,Cremonese,Como,1,4,0.977192,2.6911,https://understat.com/match/30215
Serie_A,2025,30218,2026-05-24 18:45:00,Lecce,Genoa,1,0,2.21387,0.782331,https://understat.com/match/30218
Serie_A,2025,30219,2026-05-24 18:45:00,AC Milan,Cagliari,1,2,1.75953,3.43624,https://understat.com/match/30219
Serie_A,2025,30222,2026-05-24 18:45:00,Torino,Juventus,2,2,0.950066,2.53427,https://understat.com/match/30222
Serie_A,2025,30223,2026-05-24 18:45:00,Verona,Roma,0,2,0.597669,3.55506,https://understat.com/match/30223
Ligue_1,2025,29538,2025-08-15 18:45:00,Rennes,Marseille,1,0,1.31418,2.07298,https://understat.com/match/29538
Ligue_1,2025,29539,2025-08-16 15:00:00,Lens,Lyon,0,1,1.87447,1.615,https://understat.com/match/29539
Ligue_1,2025,29540,2025-08-16 17:00:00,Monaco,Le Havre,3,1,1.88048,0.427494,https://understat.com/match/29540
Ligue_1,2025,29541,2025-08-16 19:05:00,Nice,Toulouse,0,1,0.95554,0.56945,https://understat.com/match/29541
Ligue_1,2025,29542,2025-08-17 13:00:00,Brest,Lille,3,3,1.49573,1.84218,https://understat.com/match/29542
Ligue_1,2025,29543,2025-08-17 15:15:00,Auxerre,Lorient,1,0,1.4925,1.84516,https://understat.com/match/29543
Ligue_1,2025,29544,2025-08-17 15:15:00,Angers,Paris FC,1,0,0.82142,0.71125,https://understat.com/match/29544
Ligue_1,2025,29545,2025-08-17 15:15:00,Metz,Strasbourg,0,1,0.184483,0.731013,https://understat.com/match/29545
Ligue_1,2025,29546,2025-08-17 18:45:00,Nantes,Paris Saint Germain,0,1,0.124428,1.35682,https://understat.com/match/29546
Ligue_1,2025,29547,2025-08-22 18:45:00,Paris Saint Germain,Angers,1,0,2.0878,0.176876,https://understat.com/match/29547
Ligue_1,2025,29548,2025-08-23 15:00:00,Marseille,Paris FC,5,2,3.337,1.05457,https://understat.com/match/29548
Ligue_1,2025,29549,2025-08-23 17:00:00,Nice,Auxerre,3,1,2.66284,2.24407,https://understat.com/match/29549
Ligue_1,2025,29550,2025-08-23 19:05:00,Lyon,Metz,3,0,2.35479,0.504863,https://understat.com/match/29550
Ligue_1,2025,29551,2025-08-24 13:00:00,Lorient,Rennes,4,0,3.4466,0.0728372,https://understat.com/match/29551
Ligue_1,2025,29552,2025-08-24 15:15:00,Strasbourg,Nantes,1,0,1.81743,0.425423,https://understat.com/match/29552
Ligue_1,2025,29553,2025-08-24 15:15:00,Le Havre,Lens,1,2,2.0398,1.29098,https://understat.com/match/29553
Ligue_1,2025,29554,2025-08-24 15:15:00,Toulouse,Brest,2,0,1.32432,0.750148,https://understat.com/match/29554
Ligue_1,2025,29555,2025-08-24 18:45:00,Lille,Monaco,1,0,2.41091,1.52213,https://understat.com/match/29555
Ligue_1,2025,29556,2025-08-29 18:45:00,Lens,Brest,3,1,4.42054,0.963409,https://understat.com/match/29556
Ligue_1,2025,29557,2025-08-30 15:00:00,Lorient,Lille,1,7,1.1603,3.70255,https://understat.com/match/29557
Ligue_1,2025,29558,2025-08-30 17:00:00,Nantes,Auxerre,1,0,0.418091,1.10996,https://understat.com/match/29558
Ligue_1,2025,29559,2025-08-30 19:05:00,Toulouse,Paris Saint Germain,3,6,2.33006,2.49609,https://understat.com/match/29559
Ligue_1,2025,29560,2025-08-31 13:00:00,Angers,Rennes,1,1,1.58619,1.73758,https://understat.com/match/29560
Ligue_1,2025,29561,2025-08-31 15:15:00,Le Havre,Nice,3,1,1.75553,0.715595,https://understat.com/match/29561
Ligue_1,2025,29562,2025-08-31 15:15:00,Paris FC,Metz,3,2,3.39898,1.6248,https://understat.com/match/29562
Ligue_1,2025,29563,2025-08-31 15:15:00,Monaco,Strasbourg,3,2,2.35547,1.7732,https://understat.com/match/29563
Ligue_1,2025,29564,2025-08-31 18:45:00,Lyon,Marseille,1,0,3.15727,0.896862,https://understat.com/match/29564
Ligue_1,2025,29568,2025-09-12 18:45:00,Marseille,Lorient,4,0,2.83367,0.187377,https://understat.com/match/29568
Ligue_1,2025,29570,2025-09-13 15:00:00,Nice,Nantes,1,0,2.34645,0.775945,https://understat.com/match/29570
Ligue_1,2025,29565,2025-09-13 19:05:00,Auxerre,Monaco,1,2,0.904229,1.62646,https://understat.com/match/29565
Ligue_1,2025,29567,2025-09-14 13:00:00,Lille,Toulouse,2,1,2.42116,1.15678,https://understat.com/match/29567
Ligue_1,2025,29566,2025-09-14 15:15:00,Brest,Paris FC,1,2,2.60519,1.85008,https://understat.com/match/29566
Ligue_1,2025,29569,2025-09-14 15:15:00,Metz,Angers,1,1,1.76271,1.98184,https://understat.com/match/29569
Ligue_1,2025,29571,2025-09-14 15:15:00,Paris Saint Germain,Lens,2,0,1.05815,1.2242,https://understat.com/match/29571
Ligue_1,2025,29573,2025-09-14 15:15:00,Strasbourg,Le Havre,1,0,1.43354,0.524832,https://understat.com/match/29573
Ligue_1,2025,29572,2025-09-14 18:45:00,Rennes,Lyon,3,1,2.20918,1.7381,https://understat.com/match/29572
Ligue_1,2025,29578,2025-09-19 18:45:00,Lyon,Angers,1,0,2.20483,0.677354,https://understat.com/match/29578
Ligue_1,2025,29581,2025-09-20 15:00:00,Nantes,Rennes,2,2,2.65629,1.44041,https://understat.com/match/29581
Ligue_1,2025,29575,2025-09-20 17:00:00,Brest,Nice,4,1,2.07376,2.26393,https://understat.com/match/29575
Ligue_1,2025,29577,2025-09-20 19:05:00,Lens,Lille,3,0,3.8174,1.89889,https://understat.com/match/29577
Ligue_1,2025,29582,2025-09-21 13:00:00,Paris FC,Strasbourg,2,3,1.9014,2.46459,https://understat.com/match/29582
Ligue_1,2025,29574,2025-09-21 15:15:00,Auxerre,Toulouse,1,0,0.883373,1.50957,https://understat.com/match/29574
Ligue_1,2025,29576,2025-09-21 15:15:00,Le Havre,Lorient,1,1,2.23396,1.26993,https://understat.com/match/29576
Ligue_1,2025,29580,2025-09-21 15:15:00,Monaco,Metz,5,2,3.497,1.91296,https://understat.com/match/29580
Ligue_1,2025,29579,2025-09-22 18:45:00,Marseille,Paris Saint Germain,1,0,1.77744,0.919565,https://understat.com/match/29579
Ligue_1,2025,29590,2025-09-26 18:45:00,Strasbourg,Marseille,1,2,1.0976,2.00258,https://understat.com/match/29590
Ligue_1,2025,29585,2025-09-27 15:00:00,Lorient,Monaco,3,1,2.09364,0.894035,https://understat.com/match/29585
Ligue_1,2025,29591,2025-09-27 17:00:00,Toulouse,Nantes,2,2,1.98573,1.8303,https://understat.com/match/29591
Ligue_1,2025,29588,2025-09-27 19:05:00,Paris Saint Germain,Auxerre,2,0,2.11672,0.73132,https://understat.com/match/29588
Ligue_1,2025,29587,2025-09-28 13:00:00,Nice,Paris FC,1,1,1.36997,1.49444,https://understat.com/match/29587
Ligue_1,2025,29583,2025-09-28 15:15:00,Angers,Brest,0,2,0.501827,1.34192,https://understat.com/match/29583
Ligue_1,2025,29584,2025-09-28 15:15:00,Lille,Lyon,0,1,1.65271,0.642572,https://understat.com/match/29584
Ligue_1,2025,29586,2025-09-28 15:15:00,Metz,Le Havre,0,0,0.39939,0.395921,https://understat.com/match/29586
Ligue_1,2025,29589,2025-09-28 18:45:00,Rennes,Lens,0,0,1.57438,1.51932,https://understat.com/match/29589
Ligue_1,2025,29599,2025-10-03 18:45:00,Paris FC,Lorient,2,0,1.83687,0.855852,https://understat.com/match/29599
Ligue_1,2025,29597,2025-10-04 15:00:00,Metz,Marseille,0,3,0.1529,2.67719,https://understat.com/match/29597
Ligue_1,2025,29593,2025-10-04 17:00:00,Brest,Nantes,0,0,1.44552,0.489862,https://understat.com/match/29593
Ligue_1,2025,29592,2025-10-04 19:05:00,Auxerre,Lens,1,2,1.27422,0.471027,https://understat.com/match/29592
Ligue_1,2025,29596,2025-10-05 13:00:00,Lyon,Toulouse,1,2,1.42206,1.36525,https://understat.com/match/29596
Ligue_1,2025,29594,2025-10-05 15:15:00,Le Havre,Rennes,2,2,1.98097,1.21285,https://understat.com/match/29594
Ligue_1,2025,29598,2025-10-05 15:15:00,Monaco,Nice,2,2,2.4556,1.13121,https://understat.com/match/29598
Ligue_1,2025,29600,2025-10-05 15:15:00,Strasbourg,Angers,5,0,4.2783,0.294622,https://understat.com/match/29600
Ligue_1,2025,29595,2025-10-05 18:45:00,Lille,Paris Saint Germain,1,1,0.647492,1.71207,https://understat.com/match/29595
Ligue_1,2025,29608,2025-10-17 18:45:00,Paris Saint Germain,Strasbourg,3,3,2.85659,1.92082,https://understat.com/match/29608
Ligue_1,2025,29606,2025-10-18 15:00:00,Nice,Lyon,3,2,1.16366,2.89867,https://understat.com/match/29606
Ligue_1,2025,29601,2025-10-18 17:00:00,Angers,Monaco,1,1,1.58102,1.65166,https://understat.com/match/29601
Ligue_1,2025,29604,2025-10-18 19:05:00,Marseille,Le Havre,6,2,4.20445,0.352985,https://understat.com/match/29604
Ligue_1,2025,29602,2025-10-19 13:00:00,Lens,Paris FC,2,1,1.98018,0.583966,https://understat.com/match/29602
Ligue_1,2025,29603,2025-10-19 15:15:00,Lorient,Brest,3,3,1.5878,1.56803,https://understat.com/match/29603
Ligue_1,2025,29607,2025-10-19 15:15:00,Toulouse,Metz,4,0,2.73037,0.119104,https://understat.com/match/29607
Ligue_1,2025,29609,2025-10-19 15:15:00,Rennes,Auxerre,2,2,1.93587,1.66634,https://understat.com/match/29609
Ligue_1,2025,29605,2025-10-19 18:45:00,Nantes,Lille,0,2,0.772603,2.7603,https://understat.com/match/29605
Ligue_1,2025,29614,2025-10-24 18:45:00,Paris FC,Nantes,1,2,0.951277,0.916827,https://understat.com/match/29614
Ligue_1,2025,29613,2025-10-25 15:00:00,Brest,Paris Saint Germain,0,3,1.89257,2.92453,https://understat.com/match/29613
Ligue_1,2025,29615,2025-10-25 17:00:00,Monaco,Toulouse,1,0,3.37276,0.584122,https://understat.com/match/29615
Ligue_1,2025,29612,2025-10-25 19:05:00,Lens,Marseille,2,1,1.87596,0.765479,https://understat.com/match/29612
Ligue_1,2025,29617,2025-10-26 13:00:00,Lille,Metz,6,1,3.85054,1.01476,https://understat.com/match/29617
Ligue_1,2025,29610,2025-10-26 15:15:00,Angers,Lorient,2,0,1.30397,2.00206,https://understat.com/match/29610
Ligue_1,2025,29611,2025-10-26 15:15:00,Auxerre,Le Havre,0,1,0.563862,1.52215,https://understat.com/match/29611
Ligue_1,2025,29618,2025-10-26 15:15:00,Rennes,Nice,1,2,1.54435,0.88734,https://understat.com/match/29618
Ligue_1,2025,29616,2025-10-26 18:45:00,Lyon,Strasbourg,2,1,1.14566,0.798152,https://understat.com/match/29616
Ligue_1,2025,29619,2025-10-29 17:00:00,Le Havre,Brest,1,0,0.556063,0.370311,https://understat.com/match/29619
Ligue_1,2025,29621,2025-10-29 17:00:00,Lorient,Paris Saint Germain,1,1,0.192946,1.28813,https://understat.com/match/29621
Ligue_1,2025,29623,2025-10-29 17:00:00,Nice,Lille,2,0,1.74459,0.661109,https://understat.com/match/29623
Ligue_1,2025,29625,2025-10-29 17:00:00,Metz,Lens,2,0,3.11925,1.23771,https://understat.com/match/29625
Ligue_1,2025,29620,2025-10-29 19:05:00,Marseille,Angers,2,2,1.58833,0.996929,https://understat.com/match/29620
Ligue_1,2025,29622,2025-10-29 19:05:00,Paris FC,Lyon,3,3,0.581508,1.21871,https://understat.com/match/29622
Ligue_1,2025,29624,2025-10-29 19:05:00,Nantes,Monaco,3,5,2.1261,4.10211,https://understat.com/match/29624
Ligue_1,2025,29626,2025-10-29 19:05:00,Toulouse,Rennes,2,2,1.62131,1.26096,https://understat.com/match/29626
Ligue_1,2025,29627,2025-10-29 19:05:00,Strasbourg,Auxerre,3,0,4.10806,0.68695,https://understat.com/match/29627
Ligue_1,2025,29634,2025-11-01 16:00:00,Paris Saint Germain,Nice,1,0,1.88647,0.3867,https://understat.com/match/29634
Ligue_1,2025,29632,2025-11-01 18:00:00,Monaco,Paris FC,0,1,0.820947,1.18048,https://understat.com/match/29632
Ligue_1,2025,29628,2025-11-01 20:05:00,Auxerre,Marseille,0,1,1.09464,0.698037,https://understat.com/match/29628
Ligue_1,2025,29635,2025-11-02 14:00:00,Rennes,Strasbourg,4,1,3.06877,2.08816,https://understat.com/match/29635
Ligue_1,2025,29630,2025-11-02 16:15:00,Lens,Lorient,3,0,3.21467,1.98367,https://understat.com/match/29630
Ligue_1,2025,29631,2025-11-02 16:15:00,Lille,Angers,1,0,2.2089,0.277522,https://understat.com/match/29631
Ligue_1,2025,29633,2025-11-02 16:15:00,Nantes,Metz,0,2,1.07598,1.36245,https://understat.com/match/29633
Ligue_1,2025,29636,2025-11-02 16:15:00,Toulouse,Le Havre,0,0,1.07851,1.07299,https://understat.com/match/29636
Ligue_1,2025,29629,2025-11-02 19:45:00,Brest,Lyon,0,0,1.63942,0.143862,https://understat.com/match/29629
Ligue_1,2025,29644,2025-11-07 19:45:00,Paris FC,Rennes,0,1,2.2285,1.36728,https://understat.com/match/29644
Ligue_1,2025,29641,2025-11-08 16:00:00,Marseille,Brest,3,0,3.09058,0.69584,https://understat.com/match/29641
Ligue_1,2025,29638,2025-11-08 18:00:00,Le Havre,Nantes,1,1,0.984753,0.353936,https://understat.com/match/29638
Ligue_1,2025,29643,2025-11-08 20:05:00,Monaco,Lens,1,4,2.4076,3.23933,https://understat.com/match/29643
Ligue_1,2025,29639,2025-11-09 14:00:00,Lorient,Toulouse,1,1,1.26999,1.15206,https://understat.com/match/29639
Ligue_1,2025,29637,2025-11-09 16:15:00,Angers,Auxerre,2,0,1.15143,0.589602,https://understat.com/match/29637
Ligue_1,2025,29642,2025-11-09 16:15:00,Metz,Nice,2,1,1.32977,0.784993,https://understat.com/match/29642
Ligue_1,2025,29645,2025-11-09 16:15:00,Strasbourg,Lille,2,0,0.768163,0.480004,https://understat.com/match/29645
Ligue_1,2025,29640,2025-11-09 19:45:00,Lyon,Paris Saint Germain,2,3,0.712588,1.69872,https://understat.com/match/29640
Ligue_1,2025,29651,2025-11-21 19:45:00,Nice,Marseille,1,5,1.36131,3.09163,https://understat.com/match/29651
Ligue_1,2025,29648,2025-11-22 16:00:00,Lens,Strasbourg,1,0,2.2242,0.400272,https://understat.com/match/29648
Ligue_1,2025,29653,2025-11-22 18:00:00,Rennes,Monaco,4,1,3.067,1.60818,https://understat.com/match/29653
Ligue_1,2025,29652,2025-11-22 20:05:00,Paris Saint Germain,Le Havre,3,0,4.11577,1.28573,https://understat.com/match/29652
Ligue_1,2025,29646,2025-11-23 14:00:00,Auxerre,Lyon,0,0,1.512,1.27606,https://understat.com/match/29646
Ligue_1,2025,29647,2025-11-23 16:15:00,Brest,Metz,3,2,3.36815,1.02855,https://understat.com/match/29647
Ligue_1,2025,29650,2025-11-23 16:15:00,Nantes,Lorient,1,1,0.915515,0.352154,https://understat.com/match/29650
Ligue_1,2025,29654,2025-11-23 16:15:00,Toulouse,Angers,0,1,1.85382,0.324057,https://understat.com/match/29654
Ligue_1,2025,29649,2025-11-23 19:45:00,Lille,Paris FC,4,2,4.14474,1.50332,https://understat.com/match/29649
Ligue_1,2025,29660,2025-11-28 19:45:00,Metz,Rennes,0,1,1.31354,0.980088,https://understat.com/match/29660
Ligue_1,2025,29661,2025-11-29 16:00:00,Monaco,Paris Saint Germain,1,0,0.637875,1.47676,https://understat.com/match/29661
Ligue_1,2025,29662,2025-11-29 18:00:00,Paris FC,Auxerre,1,1,1.80891,1.15143,https://understat.com/match/29662
Ligue_1,2025,29659,2025-11-29 20:05:00,Marseille,Toulouse,2,2,1.62768,1.09387,https://understat.com/match/29659
Ligue_1,2025,29663,2025-11-30 14:00:00,Strasbourg,Brest,1,2,1.14608,1.00638,https://understat.com/match/29663
Ligue_1,2025,29655,2025-11-30 16:15:00,Angers,Lens,1,2,1.10642,1.96335,https://understat.com/match/29655
Ligue_1,2025,29656,2025-11-30 16:15:00,Le Havre,Lille,0,1,0.867678,1.35017,https://understat.com/match/29656
Ligue_1,2025,29657,2025-11-30 16:15:00,Lorient,Nice,3,1,3.49255,1.3285,https://understat.com/match/29657
Ligue_1,2025,29658,2025-11-30 19:45:00,Lyon,Nantes,3,0,2.1878,0.384922,https://understat.com/match/29658
Ligue_1,2025,29665,2025-12-05 18:00:00,Brest,Monaco,1,0,1.13774,0.485017,https://understat.com/match/29665
Ligue_1,2025,29667,2025-12-05 20:00:00,Lille,Marseille,1,0,0.572302,0.902813,https://understat.com/match/29667
Ligue_1,2025,29669,2025-12-06 16:00:00,Nantes,Lens,1,2,1.1817,3.26397,https://understat.com/match/29669
Ligue_1,2025,29672,2025-12-06 18:00:00,Toulouse,Strasbourg,1,0,0.64097,0.0918532,https://understat.com/match/29672
Ligue_1,2025,29671,2025-12-06 20:05:00,Paris Saint Germain,Rennes,5,0,2.32641,0.153549,https://understat.com/match/29671
Ligue_1,2025,29670,2025-12-07 14:00:00,Nice,Angers,0,1,1.38209,1.33715,https://understat.com/match/29670
Ligue_1,2025,29664,2025-12-07 16:15:00,Auxerre,Metz,3,1,2.22374,0.346523,https://understat.com/match/29664
Ligue_1,2025,29666,2025-12-07 16:15:00,Le Havre,Paris FC,0,0,1.93371,1.2524,https://understat.com/match/29666
Ligue_1,2025,29668,2025-12-07 19:45:00,Lorient,Lyon,1,0,2.48644,0.475087,https://understat.com/match/29668
Ligue_1,2025,29673,2025-12-12 19:45:00,Angers,Nantes,4,1,3.04663,0.26526,https://understat.com/match/29673
Ligue_1,2025,29681,2025-12-13 16:00:00,Rennes,Brest,3,1,1.58903,0.872611,https://understat.com/match/29681
Ligue_1,2025,29677,2025-12-13 18:00:00,Metz,Paris Saint Germain,2,3,0.363683,1.94768,https://understat.com/match/29677
Ligue_1,2025,29676,2025-12-13 20:05:00,Paris FC,Toulouse,0,3,0.366399,2.03766,https://understat.com/match/29676
Ligue_1,2025,29679,2025-12-14 14:00:00,Lyon,Le Havre,1,0,2.9604,1.44459,https://understat.com/match/29679
Ligue_1,2025,29674,2025-12-14 16:15:00,Auxerre,Lille,3,4,2.50862,0.733512,https://understat.com/match/29674
Ligue_1,2025,29675,2025-12-14 16:15:00,Lens,Nice,2,0,1.91622,0.733412,https://understat.com/match/29675
Ligue_1,2025,29680,2025-12-14 16:15:00,Strasbourg,Lorient,0,0,0.911848,0.415871,https://understat.com/match/29680
Ligue_1,2025,29678,2025-12-14 19:45:00,Marseille,Monaco,1,0,2.02467,1.94962,https://understat.com/match/29678
Ligue_1,2025,29690,2026-01-02 19:45:00,Toulouse,Lens,0,3,0.46972,2.67769,https://understat.com/match/29690
Ligue_1,2025,29687,2026-01-03 16:00:00,Monaco,Lyon,1,3,0.799996,1.95535,https://understat.com/match/29687
Ligue_1,2025,29688,2026-01-03 18:00:00,Nice,Strasbourg,1,1,2.39473,1.38731,https://understat.com/match/29688
Ligue_1,2025,29684,2026-01-03 20:05:00,Lille,Rennes,0,2,1.06111,1.49739,https://understat.com/match/29684
Ligue_1,2025,29686,2026-01-04 14:00:00,Marseille,Nantes,0,2,1.14141,3.16795,https://understat.com/match/29686
Ligue_1,2025,29682,2026-01-04 16:15:00,Brest,Auxerre,2,0,1.54399,0.835513,https://understat.com/match/29682
Ligue_1,2025,29683,2026-01-04 16:15:00,Le Havre,Angers,2,1,1.54881,0.730978,https://understat.com/match/29683
Ligue_1,2025,29685,2026-01-04 16:15:00,Lorient,Metz,1,1,1.55407,0.364932,https://understat.com/match/29685
Ligue_1,2025,29689,2026-01-04 19:45:00,Paris Saint Germain,Paris FC,2,1,1.58716,0.938334,https://understat.com/match/29689
Ligue_1,2025,29694,2026-01-16 18:00:00,Monaco,Lorient,1,3,1.31321,1.17141,https://understat.com/match/29694
Ligue_1,2025,29696,2026-01-16 20:00:00,Paris Saint Germain,Lille,3,0,1.29284,0.67995,https://understat.com/match/29696
Ligue_1,2025,29692,2026-01-17 16:00:00,Lens,Auxerre,1,0,2.61821,0.393025,https://understat.com/match/29692
Ligue_1,2025,29699,2026-01-17 18:00:00,Toulouse,Nice,5,1,1.77349,1.41914,https://understat.com/match/29699
Ligue_1,2025,29691,2026-01-17 20:05:00,Angers,Marseille,2,5,1.03735,3.91118,https://understat.com/match/29691
Ligue_1,2025,29698,2026-01-18 14:00:00,Strasbourg,Metz,2,1,1.019,0.984265,https://understat.com/match/29698
Ligue_1,2025,29695,2026-01-18 16:15:00,Nantes,Paris FC,1,2,0.411699,0.738941,https://understat.com/match/29695
Ligue_1,2025,29697,2026-01-18 16:15:00,Rennes,Le Havre,1,1,2.54723,0.538741,https://understat.com/match/29697
Ligue_1,2025,29693,2026-01-18 19:45:00,Lyon,Brest,2,1,2.62893,1.16318,https://understat.com/match/29693
Ligue_1,2025,29700,2026-01-23 19:00:00,Auxerre,Paris Saint Germain,0,1,0.352997,2.19544,https://understat.com/match/29700
Ligue_1,2025,29708,2026-01-24 16:00:00,Rennes,Lorient,0,2,1.88241,1.10359,https://understat.com/match/29708
Ligue_1,2025,29702,2026-01-24 18:00:00,Le Havre,Monaco,0,0,0.171551,0.562454,https://understat.com/match/29702
Ligue_1,2025,29704,2026-01-24 20:05:00,Marseille,Lens,3,1,1.07239,1.00288,https://understat.com/match/29704
Ligue_1,2025,29706,2026-01-25 14:00:00,Nantes,Nice,1,4,1.98581,1.6112,https://understat.com/match/29706
Ligue_1,2025,29701,2026-01-25 16:15:00,Brest,Toulouse,0,2,0.988274,0.684258,https://understat.com/match/29701
Ligue_1,2025,29705,2026-01-25 16:15:00,Metz,Lyon,2,5,1.18331,3.34121,https://understat.com/match/29705
Ligue_1,2025,29707,2026-01-25 16:15:00,Paris FC,Angers,0,0,0.759097,0.342734,https://understat.com/match/29707
Ligue_1,2025,29703,2026-01-25 19:45:00,Lille,Strasbourg,1,4,1.74087,3.56512,https://understat.com/match/29703
Ligue_1,2025,29710,2026-01-30 19:45:00,Lens,Le Havre,1,0,1.60367,0.407119,https://understat.com/match/29710
Ligue_1,2025,29715,2026-01-31 16:00:00,Paris FC,Marseille,2,2,1.82048,2.71118,https://understat.com/match/29715
Ligue_1,2025,29711,2026-01-31 18:00:00,Lorient,Nantes,2,1,0.777027,1.20179,https://understat.com/match/29711
Ligue_1,2025,29713,2026-01-31 20:05:00,Monaco,Rennes,4,0,2.28518,0.427968,https://understat.com/match/29713
Ligue_1,2025,29712,2026-02-01 14:00:00,Lyon,Lille,1,0,0.616999,0.390671,https://understat.com/match/29712
Ligue_1,2025,29709,2026-02-01 16:15:00,Angers,Metz,1,0,1.34676,0.397871,https://understat.com/match/29709
Ligue_1,2025,29714,2026-02-01 16:15:00,Nice,Brest,2,2,1.2009,1.83505,https://understat.com/match/29714
Ligue_1,2025,29717,2026-02-01 16:15:00,Toulouse,Auxerre,0,0,0.804565,0.871363,https://understat.com/match/29717
Ligue_1,2025,29716,2026-02-01 19:45:00,Strasbourg,Paris Saint Germain,1,2,1.97116,1.16489,https://understat.com/match/29716
Ligue_1,2025,29720,2026-02-08 14:00:00,Brest,Lorient,2,0,2.05135,0.720569,https://understat.com/match/29720
Ligue_1,2025,29722,2026-02-08 14:00:00,Lens,Rennes,3,1,1.01131,1.33597,https://understat.com/match/29722
Ligue_1,2025,29723,2026-02-08 14:00:00,Metz,Lille,0,0,0.581838,1.53538,https://understat.com/match/29723
Ligue_1,2025,29724,2026-02-08 14:00:00,Nantes,Lyon,0,1,0.795659,0.990033,https://understat.com/match/29724
Ligue_1,2025,29725,2026-02-08 14:00:00,Nice,Monaco,0,0,0.455943,0.827302,https://understat.com/match/29725
Ligue_1,2025,29718,2026-02-08 16:15:00,Angers,Toulouse,1,0,1.17089,0.691991,https://understat.com/match/29718
Ligue_1,2025,29719,2026-02-08 16:15:00,Auxerre,Paris FC,0,0,1.27393,0.758207,https://understat.com/match/29719
Ligue_1,2025,29721,2026-02-08 16:15:00,Le Havre,Strasbourg,2,1,0.856821,0.51294,https://understat.com/match/29721
Ligue_1,2025,29726,2026-02-08 19:45:00,Paris Saint Germain,Marseille,5,0,4.63077,0.90611,https://understat.com/match/29726
Ligue_1,2025,29735,2026-02-13 18:00:00,Rennes,Paris Saint Germain,3,1,1.80204,4.17604,https://understat.com/match/29735
Ligue_1,2025,29733,2026-02-13 20:05:00,Monaco,Nantes,3,1,2.20188,1.00661,https://understat.com/match/29733
Ligue_1,2025,29731,2026-02-14 16:00:00,Marseille,Strasbourg,2,2,1.61535,2.39153,https://understat.com/match/29731
Ligue_1,2025,29728,2026-02-14 18:00:00,Lille,Brest,1,1,1.77426,0.841964,https://understat.com/match/29728
Ligue_1,2025,29734,2026-02-14 20:05:00,Paris FC,Lens,0,5,0.399344,3.50163,https://understat.com/match/29734
Ligue_1,2025,29727,2026-02-15 14:00:00,Le Havre,Toulouse,2,1,0.977711,3.12342,https://understat.com/match/29727
Ligue_1,2025,29729,2026-02-15 16:15:00,Lorient,Angers,2,0,1.4393,0.406012,https://understat.com/match/29729
Ligue_1,2025,29732,2026-02-15 16:15:00,Metz,Auxerre,1,3,0.753602,1.05829,https://understat.com/match/29732
Ligue_1,2025,29730,2026-02-15 19:45:00,Lyon,Nice,2,0,1.9974,1.30477,https://understat.com/match/29730
Ligue_1,2025,29738,2026-02-20 19:45:00,Brest,Marseille,2,0,1.33408,1.3575,https://understat.com/match/29738
Ligue_1,2025,29739,2026-02-21 16:00:00,Lens,Monaco,2,3,1.82827,2.34004,https://understat.com/match/29739
Ligue_1,2025,29744,2026-02-21 18:00:00,Toulouse,Paris FC,1,1,2.67763,0.687806,https://understat.com/match/29744
Ligue_1,2025,29742,2026-02-21 20:05:00,Paris Saint Germain,Metz,3,0,2.41445,0.0591146,https://understat.com/match/29742
Ligue_1,2025,29737,2026-02-22 14:00:00,Auxerre,Rennes,0,3,0.700042,1.10597,https://understat.com/match/29737
Ligue_1,2025,29736,2026-02-22 16:15:00,Angers,Lille,0,1,0.24039,2.74265,https://understat.com/match/29736
Ligue_1,2025,29740,2026-02-22 16:15:00,Nantes,Le Havre,2,0,1.70753,0.753349,https://understat.com/match/29740
Ligue_1,2025,29741,2026-02-22 16:15:00,Nice,Lorient,3,3,2.74646,1.97697,https://understat.com/match/29741
Ligue_1,2025,29743,2026-02-22 19:45:00,Strasbourg,Lyon,3,1,2.22901,0.427324,https://understat.com/match/29743
Ligue_1,2025,29753,2026-02-27 19:45:00,Strasbourg,Lens,1,1,0.874721,2.03807,https://understat.com/match/29753
Ligue_1,2025,29752,2026-02-28 16:00:00,Rennes,Toulouse,1,0,0.709138,0.668386,https://understat.com/match/29752
Ligue_1,2025,29750,2026-02-28 18:00:00,Monaco,Angers,2,0,1.67082,0.609359,https://understat.com/match/29750
Ligue_1,2025,29745,2026-02-28 20:05:00,Le Havre,Paris Saint Germain,0,1,0.682797,4.03627,https://understat.com/match/29745
Ligue_1,2025,29751,2026-03-01 14:00:00,Paris FC,Nice,1,0,1.3017,1.26295,https://understat.com/match/29751
Ligue_1,2025,29746,2026-03-01 16:15:00,Lille,Nantes,1,0,0.495693,0.171014,https://understat.com/match/29746
Ligue_1,2025,29747,2026-03-01 16:15:00,Lorient,Auxerre,2,2,1.02766,1.96667,https://understat.com/match/29747
Ligue_1,2025,29749,2026-03-01 16:15:00,Metz,Brest,0,1,1.58374,0.963216,https://understat.com/match/29749
Ligue_1,2025,29748,2026-03-01 19:45:00,Marseille,Lyon,3,2,1.78764,1.78524,https://understat.com/match/29748
Ligue_1,2025,29761,2026-03-06 19:45:00,Paris Saint Germain,Monaco,1,3,1.22179,1.75294,https://understat.com/match/29761
Ligue_1,2025,29759,2026-03-07 16:00:00,Nantes,Angers,0,1,0.611683,0.853223,https://understat.com/match/29759
Ligue_1,2025,29754,2026-03-07 18:00:00,Auxerre,Strasbourg,0,0,1.03226,1.27324,https://understat.com/match/29754
Ligue_1,2025,29762,2026-03-07 20:05:00,Toulouse,Marseille,0,1,1.28713,1.3226,https://understat.com/match/29762
Ligue_1,2025,29756,2026-03-08 14:00:00,Lens,Metz,3,0,2.22106,0.250806,https://understat.com/match/29756
Ligue_1,2025,29755,2026-03-08 16:15:00,Brest,Le Havre,2,0,1.26459,1.10286,https://understat.com/match/29755
Ligue_1,2025,29757,2026-03-08 16:15:00,Lille,Lorient,1,1,0.850092,0.929269,https://understat.com/match/29757
Ligue_1,2025,29760,2026-03-08 16:15:00,Nice,Rennes,0,4,2.68488,1.87138,https://understat.com/match/29760
Ligue_1,2025,29758,2026-03-08 19:45:00,Lyon,Paris FC,1,1,1.92522,2.32579,https://understat.com/match/29758
Ligue_1,2025,29766,2026-03-13 19:45:00,Marseille,Auxerre,1,0,1.12898,0.293047,https://understat.com/match/29766
Ligue_1,2025,29765,2026-03-14 16:00:00,Lorient,Lens,2,1,2.37345,1.01216,https://understat.com/match/29765
Ligue_1,2025,29763,2026-03-14 18:00:00,Angers,Nice,0,2,0.889177,1.60128,https://understat.com/match/29763
Ligue_1,2025,29768,2026-03-14 20:05:00,Monaco,Brest,2,0,2.81345,1.56097,https://understat.com/match/29768
Ligue_1,2025,29771,2026-03-15 14:00:00,Strasbourg,Paris FC,0,0,1.20221,0.616395,https://understat.com/match/29771
Ligue_1,2025,29764,2026-03-15 16:15:00,Le Havre,Lyon,0,0,0.640079,1.13833,https://understat.com/match/29764
Ligue_1,2025,29767,2026-03-15 16:15:00,Metz,Toulouse,3,4,1.62616,1.74262,https://understat.com/match/29767
Ligue_1,2025,29770,2026-03-15 19:45:00,Rennes,Lille,1,2,1.5463,1.3508,https://understat.com/match/29770
Ligue_1,2025,29773,2026-03-20 19:45:00,Lens,Angers,5,1,4.33933,1.15185,https://understat.com/match/29773
Ligue_1,2025,29780,2026-03-21 16:00:00,Toulouse,Lorient,1,0,1.48458,0.477676,https://understat.com/match/29780
Ligue_1,2025,29772,2026-03-21 18:00:00,Auxerre,Brest,3,0,2.0573,0.882319,https://understat.com/match/29772
Ligue_1,2025,29777,2026-03-21 20:05:00,Nice,Paris Saint Germain,0,4,0.17662,4.04442,https://understat.com/match/29777
Ligue_1,2025,29774,2026-03-22 14:00:00,Lyon,Monaco,1,2,1.10723,3.4997,https://understat.com/match/29774
Ligue_1,2025,29775,2026-03-22 16:15:00,Marseille,Lille,1,2,1.02929,1.61107,https://understat.com/match/29775
Ligue_1,2025,29778,2026-03-22 16:15:00,Paris FC,Le Havre,3,2,2.42628,1.74386,https://understat.com/match/29778
Ligue_1,2025,29779,2026-03-22 16:15:00,Rennes,Metz,0,0,1.70552,0.314914,https://understat.com/match/29779
Ligue_1,2025,29776,2026-03-22 19:45:00,Nantes,Strasbourg,2,3,1.91469,2.83907,https://understat.com/match/29776
Ligue_1,2025,29788,2026-04-03 18:45:00,Paris Saint Germain,Toulouse,3,1,1.7337,0.102597,https://understat.com/match/29788
Ligue_1,2025,29789,2026-04-04 15:00:00,Strasbourg,Nice,3,1,2.70892,0.354354,https://understat.com/match/29789
Ligue_1,2025,29782,2026-04-04 17:00:00,Brest,Rennes,3,4,1.89452,2.7958,https://understat.com/match/29782
Ligue_1,2025,29784,2026-04-04 19:05:00,Lille,Lens,3,0,3.82171,0.412713,https://understat.com/match/29784
Ligue_1,2025,29781,2026-04-05 13:00:00,Angers,Lyon,0,0,0.353538,0.522379,https://understat.com/match/29781
Ligue_1,2025,29783,2026-04-05 15:15:00,Le Havre,Auxerre,1,1,0.711193,2.40825,https://understat.com/match/29783
Ligue_1,2025,29785,2026-04-05 15:15:00,Lorient,Paris FC,1,1,1.16554,1.39879,https://understat.com/match/29785
Ligue_1,2025,29786,2026-04-05 15:15:00,Metz,Nantes,0,0,2.3189,0.389282,https://understat.com/match/29786
Ligue_1,2025,29787,2026-04-05 18:45:00,Monaco,Marseille,2,1,1.67743,3.10791,https://understat.com/match/29787
Ligue_1,2025,29796,2026-04-10 17:00:00,Paris FC,Monaco,4,1,2.95341,1.7647,https://understat.com/match/29796
Ligue_1,2025,29794,2026-04-10 19:05:00,Marseille,Metz,3,1,3.31638,0.535052,https://understat.com/match/29794
Ligue_1,2025,29790,2026-04-11 17:00:00,Auxerre,Nantes,0,0,0.797017,1.44705,https://understat.com/match/29790
Ligue_1,2025,29797,2026-04-11 19:05:00,Rennes,Angers,2,1,1.09968,1.19461,https://understat.com/match/29797
Ligue_1,2025,29795,2026-04-12 15:15:00,Nice,Le Havre,1,1,2.14773,2.12622,https://understat.com/match/29795
Ligue_1,2025,29798,2026-04-12 15:15:00,Toulouse,Lille,0,4,1.46514,2.08775,https://understat.com/match/29798
Ligue_1,2025,29793,2026-04-12 18:45:00,Lyon,Lorient,2,0,1.84879,1.57488,https://understat.com/match/29793
Ligue_1,2025,29800,2026-04-17 18:45:00,Lens,Toulouse,3,2,3.98387,0.578481,https://understat.com/match/29800
Ligue_1,2025,29802,2026-04-18 15:00:00,Lorient,Marseille,2,0,1.28628,2.13073,https://understat.com/match/29802
Ligue_1,2025,29799,2026-04-18 17:00:00,Angers,Le Havre,1,1,0.961095,1.54566,https://understat.com/match/29799
Ligue_1,2025,29801,2026-04-18 19:05:00,Lille,Nice,0,0,0.413432,0.171356,https://understat.com/match/29801
Ligue_1,2025,29804,2026-04-19 13:00:00,Monaco,Auxerre,2,2,1.94243,0.745123,https://understat.com/match/29804
Ligue_1,2025,29803,2026-04-19 15:15:00,Metz,Paris FC,1,3,1.48448,1.97282,https://understat.com/match/29803
Ligue_1,2025,29805,2026-04-19 15:15:00,Nantes,Brest,1,1,0.970265,0.631132,https://understat.com/match/29805
Ligue_1,2025,29807,2026-04-19 15:15:00,Strasbourg,Rennes,0,3,0.944239,3.25297,https://understat.com/match/29807
Ligue_1,2025,29806,2026-04-19 18:45:00,Paris Saint Germain,Lyon,1,2,3.20455,1.20364,https://understat.com/match/29806
Ligue_1,2025,29769,2026-04-22 18:00:00,Paris Saint Germain,Nantes,3,0,2.26452,0.672206,https://understat.com/match/29769
Ligue_1,2025,29809,2026-04-24 18:45:00,Brest,Lens,3,3,0.309794,3.24582,https://understat.com/match/29809
Ligue_1,2025,29812,2026-04-25 13:00:00,Lyon,Auxerre,3,2,2.16328,0.883316,https://understat.com/match/29812
Ligue_1,2025,29808,2026-04-25 17:00:00,Angers,Paris Saint Germain,0,3,0.977437,3.00296,https://understat.com/match/29808
Ligue_1,2025,29816,2026-04-25 19:05:00,Toulouse,Monaco,2,2,2.15303,1.34617,https://understat.com/match/29816
Ligue_1,2025,29811,2026-04-26 13:00:00,Lorient,Strasbourg,2,3,2.57081,1.98869,https://understat.com/match/29811
Ligue_1,2025,29810,2026-04-26 15:15:00,Le Havre,Metz,4,4,2.64995,1.88709,https://understat.com/match/29810
Ligue_1,2025,29814,2026-04-26 15:15:00,Paris FC,Lille,0,1,1.12423,1.75999,https://understat.com/match/29814
Ligue_1,2025,29815,2026-04-26 15:15:00,Rennes,Nantes,2,1,1.55601,2.51691,https://understat.com/match/29815
Ligue_1,2025,29813,2026-04-26 18:45:00,Marseille,Nice,1,1,2.82843,1.41493,https://understat.com/match/29813
Ligue_1,2025,29818,2026-05-03 13:00:00,Lille,Le Havre,1,1,1.9163,0.334256,https://understat.com/match/29818
Ligue_1,2025,29820,2026-05-03 13:00:00,Metz,Monaco,1,2,1.1478,1.58879,https://understat.com/match/29820
Ligue_1,2025,29821,2026-05-03 13:00:00,Nantes,Marseille,3,0,3.07178,1.55164,https://understat.com/match/29821
Ligue_1,2025,29822,2026-05-03 13:00:00,Nice,Lens,1,1,1.33864,1.55241,https://understat.com/match/29822
Ligue_1,2025,29824,2026-05-03 13:00:00,Paris Saint Germain,Lorient,2,2,2.98414,1.27737,https://understat.com/match/29824
Ligue_1,2025,29817,2026-05-03 15:15:00,Auxerre,Angers,3,1,2.5499,2.16783,https://understat.com/match/29817
Ligue_1,2025,29823,2026-05-03 15:15:00,Paris FC,Brest,4,0,2.86094,0.733091,https://understat.com/match/29823
Ligue_1,2025,29825,2026-05-03 15:15:00,Strasbourg,Toulouse,1,2,0.405296,1.67665,https://understat.com/match/29825
Ligue_1,2025,29819,2026-05-03 18:45:00,Lyon,Rennes,4,2,2.6657,1.06495,https://understat.com/match/29819
Ligue_1,2025,29829,2026-05-08 18:45:00,Lens,Nantes,1,0,0.719134,1.06721,https://understat.com/match/29829
Ligue_1,2025,29826,2026-05-10 19:00:00,Angers,Strasbourg,1,1,0.793655,1.81952,https://understat.com/match/29826
Ligue_1,2025,29827,2026-05-10 19:00:00,Auxerre,Nice,2,1,0.866185,2.07007,https://understat.com/match/29827
Ligue_1,2025,29828,2026-05-10 19:00:00,Le Havre,Marseille,0,1,1.23305,1.03467,https://understat.com/match/29828
Ligue_1,2025,29830,2026-05-10 19:00:00,Metz,Lorient,0,4,0.730271,1.76754,https://understat.com/match/29830
Ligue_1,2025,29831,2026-05-10 19:00:00,Monaco,Lille,0,1,0.308864,0.400405,https://understat.com/match/29831
Ligue_1,2025,29832,2026-05-10 19:00:00,Paris Saint Germain,Brest,1,0,1.608,0.123268,https://understat.com/match/29832
Ligue_1,2025,29833,2026-05-10 19:00:00,Rennes,Paris FC,2,1,1.53143,1.59351,https://understat.com/match/29833
Ligue_1,2025,29834,2026-05-10 19:00:00,Toulouse,Lyon,2,1,1.87108,1.56954,https://understat.com/match/29834
Ligue_1,2025,29791,2026-05-13 17:00:00,Brest,Strasbourg,1,2,2.64653,1.69163,https://understat.com/match/29791
Ligue_1,2025,29792,2026-05-13 19:00:00,Lens,Paris Saint Germain,0,2,3.03896,0.943876,https://understat.com/match/29792
Ligue_1,2025,29840,2026-05-17 18:00:00,Nantes,Toulouse,0,0,0.0840142,0.319014,https://understat.com/match/29840
Ligue_1,2025,29835,2026-05-17 19:00:00,Brest,Angers,1,1,2.38724,1.06418,https://understat.com/match/29835
Ligue_1,2025,29836,2026-05-17 19:00:00,Lille,Auxerre,0,2,1.22445,0.615778,https://understat.com/match/29836
Ligue_1,2025,29837,2026-05-17 19:00:00,Lorient,Le Havre,0,2,1.26937,1.28765,https://understat.com/match/29837
Ligue_1,2025,29838,2026-05-17 19:00:00,Lyon,Lens,0,4,1.12358,2.01573,https://understat.com/match/29838
Ligue_1,2025,29839,2026-05-17 19:00:00,Marseille,Rennes,3,1,3.90151,2.20696,https://understat.com/match/29839
Ligue_1,2025,29841,2026-05-17 19:00:00,Nice,Metz,0,0,1.216,0.836784,https://understat.com/match/29841
Ligue_1,2025,29842,2026-05-17 19:00:00,Paris FC,Paris Saint Germain,2,1,2.32862,0.863934,https://understat.com/match/29842
Ligue_1,2025,29843,2026-05-17 19:00:00,Strasbourg,Monaco,5,4,2.11536,1.44729,https://understat.com/match/29843
