league,player_id,player_name,season,position,assigned_minutes,appearances
EPL,8260,Erling Haaland,2025,FW,2966,34
EPL,8260,Erling Haaland,2025,Sub,13,1
EPL,13222,Thiago,2025,FW,3265,37
EPL,13222,Thiago,2025,Sub,27,1
EPL,11363,Antoine Semenyo,2025,AMC,61,1
EPL,11363,Antoine Semenyo,2025,AML,1170,13
EPL,11363,Antoine Semenyo,2025,AMR,864,10
EPL,11363,Antoine Semenyo,2025,FW,270,3
EPL,11363,Antoine Semenyo,2025,FWL,90,1
EPL,11363,Antoine Semenyo,2025,FWR,90,1
EPL,11363,Antoine Semenyo,2025,MC,167,2
EPL,11363,Antoine Semenyo,2025,ML,180,2
EPL,11363,Antoine Semenyo,2025,MR,328,4
EPL,8865,Ollie Watkins,2025,FW,2792,33
EPL,8865,Ollie Watkins,2025,Sub,116,4
EPL,6857,Morgan Gibbs-White,2025,AMC,2373,27
EPL,6857,Morgan Gibbs-White,2025,AML,77,1
EPL,6857,Morgan Gibbs-White,2025,FW,180,2
EPL,6857,Morgan Gibbs-White,2025,FWR,90,1
EPL,6857,Morgan Gibbs-White,2025,MC,90,1
EPL,6857,Morgan Gibbs-White,2025,ML,270,3
EPL,6857,Morgan Gibbs-White,2025,Sub,62,2
EPL,8272,João Pedro,2025,AMC,523,6
EPL,8272,João Pedro,2025,FW,2081,25
EPL,8272,João Pedro,2025,Sub,94,4
EPL,5555,Dominic Calvert-Lewin,2025,FW,2632,30
EPL,5555,Dominic Calvert-Lewin,2025,Sub,100,5
EPL,7254,Viktor Gyokeres,2025,FW,2035,26
EPL,7254,Viktor Gyokeres,2025,Sub,220,10
EPL,501,Danny Welbeck,2025,FW,2135,26
EPL,501,Danny Welbeck,2025,Sub,151,11
EPL,11504,Eli Junior Kroupi,2025,AMC,1156,15
EPL,11504,Eli Junior Kroupi,2025,FW,411,6
EPL,11504,Eli Junior Kroupi,2025,Sub,141,12
EPL,5735,Jean-Philippe Mateta,2025,FW,2072,25
EPL,5735,Jean-Philippe Mateta,2025,Sub,153,7
EPL,6026,Richarlison,2025,AML,156,2
EPL,6026,Richarlison,2025,FW,1539,18
EPL,6026,Richarlison,2025,Sub,231,12
EPL,6552,Bryan Mbeumo,2025,AMC,1423,16
EPL,6552,Bryan Mbeumo,2025,AML,180,2
EPL,6552,Bryan Mbeumo,2025,AMR,420,5
EPL,6552,Bryan Mbeumo,2025,FW,621,8
EPL,6552,Bryan Mbeumo,2025,Sub,32,2
EPL,8995,Hugo Ekitike,2025,FW,1679,21
EPL,8995,Hugo Ekitike,2025,Sub,156,7
EPL,11974,Benjamin Sesko,2025,FW,1383,17
EPL,11974,Benjamin Sesko,2025,Sub,253,13
EPL,13729,Zian Flemming,2025,FW,1720,21
EPL,13729,Zian Flemming,2025,Sub,75,8
EPL,7080,Matheus Cunha,2025,AMC,611,7
EPL,7080,Matheus Cunha,2025,AML,1047,12
EPL,7080,Matheus Cunha,2025,AMR,76,1
EPL,7080,Matheus Cunha,2025,FW,702,9
EPL,7080,Matheus Cunha,2025,Sub,70,4
EPL,8497,Cole Palmer,2025,AMC,1159,15
EPL,8497,Cole Palmer,2025,AMR,519,6
EPL,8497,Cole Palmer,2025,FWL,90,1
EPL,8497,Cole Palmer,2025,FWR,90,1
EPL,8497,Cole Palmer,2025,MC,90,1
EPL,8497,Cole Palmer,2025,Sub,59,2
EPL,12412,Morgan Rogers,2025,AMC,1610,18
EPL,12412,Morgan Rogers,2025,AML,1331,15
EPL,12412,Morgan Rogers,2025,AMR,90,1
EPL,12412,Morgan Rogers,2025,FW,270,3
EPL,1776,Jarrod Bowen,2025,AMC,360,4
EPL,1776,Jarrod Bowen,2025,AMR,900,10
EPL,1776,Jarrod Bowen,2025,FW,540,6
EPL,1776,Jarrod Bowen,2025,FWL,90,1
EPL,1776,Jarrod Bowen,2025,FWR,270,3
EPL,1776,Jarrod Bowen,2025,MR,1256,14
EPL,4105,Raúl Jiménez,2025,FW,2100,27
EPL,4105,Raúl Jiménez,2025,Sub,115,9
EPL,5675,Ismaila Sarr,2025,AMC,1881,22
EPL,5675,Ismaila Sarr,2025,FWR,180,2
EPL,5675,Ismaila Sarr,2025,Sub,120,4
EPL,9983,Beto,2025,FW,1272,17
EPL,9983,Beto,2025,Sub,280,20
EPL,8117,Nick Woltemade,2025,AMC,336,5
EPL,8117,Nick Woltemade,2025,FW,1512,19
EPL,8117,Nick Woltemade,2025,Sub,105,9
EPL,9156,Kevin Schade,2025,AML,1935,23
EPL,9156,Kevin Schade,2025,FW,504,6
EPL,9156,Kevin Schade,2025,FWL,171,2
EPL,9156,Kevin Schade,2025,ML,71,1
EPL,9156,Kevin Schade,2025,Sub,100,3
EPL,10746,Jaidon Anthony,2025,AMC,620,7
EPL,10746,Jaidon Anthony,2025,AML,1058,12
EPL,10746,Jaidon Anthony,2025,FWL,74,1
EPL,10746,Jaidon Anthony,2025,ML,953,12
EPL,10746,Jaidon Anthony,2025,Sub,72,5
EPL,11966,Noah Okafor,2025,AMC,294,4
EPL,11966,Noah Okafor,2025,FW,530,7
EPL,11966,Noah Okafor,2025,FWL,438,6
EPL,11966,Noah Okafor,2025,ML,168,2
EPL,11966,Noah Okafor,2025,Sub,162,9
EPL,12916,Thierno Barry,2025,FW,1659,21
EPL,12916,Thierno Barry,2025,Sub,262,17
EPL,468,Callum Wilson,2025,AMC,61,1
EPL,468,Callum Wilson,2025,FW,737,10
EPL,468,Callum Wilson,2025,Sub,431,21
EPL,1250,Mohamed Salah,2025,AMR,1838,21
EPL,1250,Mohamed Salah,2025,FW,90,1
EPL,1250,Mohamed Salah,2025,FWR,90,1
EPL,1250,Mohamed Salah,2025,Sub,145,4
EPL,6055,Phil Foden,2025,AMC,270,3
EPL,6055,Phil Foden,2025,DMC,82,1
EPL,6055,Phil Foden,2025,FW,90,1
EPL,6055,Phil Foden,2025,FWR,163,2
EPL,6055,Phil Foden,2025,MC,1267,15
EPL,6055,Phil Foden,2025,MR,73,1
EPL,6055,Phil Foden,2025,Sub,138,10
EPL,6681,Harvey Barnes,2025,AML,168,2
EPL,6681,Harvey Barnes,2025,AMR,78,1
EPL,6681,Harvey Barnes,2025,FWL,882,11
EPL,6681,Harvey Barnes,2025,FWR,347,4
EPL,6681,Harvey Barnes,2025,ML,87,1
EPL,6681,Harvey Barnes,2025,Sub,385,18
EPL,7322,Bukayo Saka,2025,AMC,78,1
EPL,7322,Bukayo Saka,2025,AMR,750,9
EPL,7322,Bukayo Saka,2025,FWR,1270,15
EPL,7322,Bukayo Saka,2025,Sub,141,6
EPL,8706,Eberechi Eze,2025,AMC,911,11
EPL,8706,Eberechi Eze,2025,FWL,264,4
EPL,8706,Eberechi Eze,2025,MC,529,7
EPL,8706,Eberechi Eze,2025,Sub,224,11
EPL,9556,William Osula,2025,FW,640,8
EPL,9556,William Osula,2025,Sub,137,16
EPL,9662,Dango Ouattara,2025,AML,90,1
EPL,9662,Dango Ouattara,2025,AMR,1887,22
EPL,9662,Dango Ouattara,2025,FW,90,1
EPL,9662,Dango Ouattara,2025,MR,88,1
EPL,9662,Dango Ouattara,2025,Sub,148,7
EPL,9789,Brian Brobbey,2025,FW,1789,22
EPL,9789,Brian Brobbey,2025,Sub,154,9
EPL,11296,Cody Gakpo,2025,AMC,90,1
EPL,11296,Cody Gakpo,2025,AML,1817,22
EPL,11296,Cody Gakpo,2025,FW,677,8
EPL,11296,Cody Gakpo,2025,FWL,90,1
EPL,11296,Cody Gakpo,2025,Sub,84,4
EPL,6544,Lukas Nmecha,2025,FW,756,10
EPL,6544,Lukas Nmecha,2025,Sub,320,21
EPL,7148,Wilson Isidor,2025,FW,836,11
EPL,7148,Wilson Isidor,2025,Sub,306,21
EPL,7698,Leandro Trossard,2025,AML,750,9
EPL,7698,Leandro Trossard,2025,FWL,1019,12
EPL,7698,Leandro Trossard,2025,Sub,257,10
EPL,8150,Anthony Gordon,2025,FW,674,8
EPL,8150,Anthony Gordon,2025,FWL,1117,15
EPL,8150,Anthony Gordon,2025,ML,74,1
EPL,8150,Anthony Gordon,2025,Sub,23,2
EPL,9788,Dominik Szoboszlai,2025,AMC,1260,14
EPL,9788,Dominik Szoboszlai,2025,AMR,536,6
EPL,9788,Dominik Szoboszlai,2025,DMC,540,6
EPL,9788,Dominik Szoboszlai,2025,DR,720,8
EPL,9788,Dominik Szoboszlai,2025,FW,90,1
EPL,9788,Dominik Szoboszlai,2025,MC,90,1
EPL,10948,Valentín Castellanos,2025,FW,1365,17
EPL,10948,Valentín Castellanos,2025,Sub,65,1
EPL,12963,Evanilson,2025,FW,2681,32
EPL,12963,Evanilson,2025,Sub,129,4
EPL,13778,Igor Jesus,2025,AMC,85,1
EPL,13778,Igor Jesus,2025,FW,2102,27
EPL,13778,Igor Jesus,2025,Sub,192,9
EPL,6382,Pedro Neto,2025,AML,874,11
EPL,6382,Pedro Neto,2025,AMR,1315,15
EPL,6382,Pedro Neto,2025,FW,68,1
EPL,6382,Pedro Neto,2025,FWL,81,1
EPL,6382,Pedro Neto,2025,FWR,74,1
EPL,6382,Pedro Neto,2025,MR,90,1
EPL,6382,Pedro Neto,2025,Sub,165,4
EPL,8397,Florian Wirtz,2025,AMC,1425,17
EPL,8397,Florian Wirtz,2025,AML,503,6
EPL,8397,Florian Wirtz,2025,AMR,90,1
EPL,8397,Florian Wirtz,2025,FW,180,2
EPL,8397,Florian Wirtz,2025,MC,90,1
EPL,8397,Florian Wirtz,2025,Sub,138,6
EPL,8651,Enzo Le Fée,2025,AMC,1080,12
EPL,8651,Enzo Le Fée,2025,AML,617,7
EPL,8651,Enzo Le Fée,2025,DMC,180,2
EPL,8651,Enzo Le Fée,2025,FW,81,1
EPL,8651,Enzo Le Fée,2025,FWL,264,3
EPL,8651,Enzo Le Fée,2025,MC,360,4
EPL,8651,Enzo Le Fée,2025,ML,331,4
EPL,8651,Enzo Le Fée,2025,Sub,40,3
EPL,8981,Jéremy Doku,2025,AMC,336,4
EPL,8981,Jéremy Doku,2025,AML,436,5
EPL,8981,Jéremy Doku,2025,FWL,219,3
EPL,8981,Jéremy Doku,2025,ML,569,7
EPL,8981,Jéremy Doku,2025,Sub,223,11
EPL,9492,Crysencio Summerville,2025,AMC,326,4
EPL,9492,Crysencio Summerville,2025,AML,504,6
EPL,9492,Crysencio Summerville,2025,FW,244,3
EPL,9492,Crysencio Summerville,2025,FWL,88,1
EPL,9492,Crysencio Summerville,2025,FWR,90,1
EPL,9492,Crysencio Summerville,2025,ML,1231,14
EPL,9492,Crysencio Summerville,2025,Sub,26,2
EPL,11965,Tijjani Reijnders,2025,DMC,141,2
EPL,11965,Tijjani Reijnders,2025,FW,80,1
EPL,11965,Tijjani Reijnders,2025,MC,1224,15
EPL,11965,Tijjani Reijnders,2025,ML,72,1
EPL,11965,Tijjani Reijnders,2025,Sub,125,9
EPL,13364,Diego Gómez,2025,AMC,553,7
EPL,13364,Diego Gómez,2025,AML,368,5
EPL,13364,Diego Gómez,2025,AMR,519,7
EPL,13364,Diego Gómez,2025,DMC,348,4
EPL,13364,Diego Gómez,2025,FWR,248,3
EPL,13364,Diego Gómez,2025,Sub,150,6
EPL,5304,Mikel Merino,2025,FW,407,5
EPL,5304,Mikel Merino,2025,MC,378,5
EPL,5304,Mikel Merino,2025,Sub,217,12
EPL,7365,Lucas Paquetá,2025,AMC,845,10
EPL,7365,Lucas Paquetá,2025,AML,90,1
EPL,7365,Lucas Paquetá,2025,FW,251,3
EPL,7365,Lucas Paquetá,2025,MC,358,4
EPL,7814,Taiwo Awoniyi,2025,FW,212,3
EPL,7814,Taiwo Awoniyi,2025,Sub,229,14
EPL,8094,Mathis Cherki,2025,AMC,986,12
EPL,8094,Mathis Cherki,2025,FWR,60,1
EPL,8094,Mathis Cherki,2025,MC,327,4
EPL,8094,Mathis Cherki,2025,ML,77,1
EPL,8094,Mathis Cherki,2025,MR,73,1
EPL,8094,Mathis Cherki,2025,Sub,269,14
EPL,9749,Donyell Malen,2025,AMR,174,2
EPL,9749,Donyell Malen,2025,FW,204,3
EPL,9749,Donyell Malen,2025,Sub,222,16
EPL,9780,Mathys Tel,2025,AMC,90,1
EPL,9780,Mathys Tel,2025,AML,596,7
EPL,9780,Mathys Tel,2025,FW,224,3
EPL,9780,Mathys Tel,2025,ML,147,2
EPL,9780,Mathys Tel,2025,Sub,267,18
EPL,10751,Brenden Aaronson,2025,AMC,618,8
EPL,10751,Brenden Aaronson,2025,FW,289,4
EPL,10751,Brenden Aaronson,2025,FWR,570,7
EPL,10751,Brenden Aaronson,2025,MC,439,5
EPL,10751,Brenden Aaronson,2025,ML,309,4
EPL,10751,Brenden Aaronson,2025,MR,168,2
EPL,10751,Brenden Aaronson,2025,Sub,124,7
EPL,11070,Jørgen Strand Larsen,2025,FW,2090,26
EPL,11070,Jørgen Strand Larsen,2025,Sub,263,10
EPL,13717,Chemsdine Talbi,2025,AML,395,5
EPL,13717,Chemsdine Talbi,2025,AMR,158,2
EPL,13717,Chemsdine Talbi,2025,FWR,397,5
EPL,13717,Chemsdine Talbi,2025,ML,351,4
EPL,13717,Chemsdine Talbi,2025,Sub,255,12
EPL,1679,Dominic Solanke,2025,FW,927,11
EPL,1679,Dominic Solanke,2025,Sub,62,4
EPL,4456,Chris Wood,2025,FW,851,11
EPL,4456,Chris Wood,2025,Sub,62,4
EPL,5232,Alexander Isak,2025,FW,628,8
EPL,5232,Alexander Isak,2025,Sub,89,6
EPL,5543,Gabriel Jesus,2025,FW,202,3
EPL,5543,Gabriel Jesus,2025,Sub,193,11
EPL,6063,Jacob Murphy,2025,AMR,217,3
EPL,6063,Jacob Murphy,2025,DMR,51,1
EPL,6063,Jacob Murphy,2025,FW,132,2
EPL,6063,Jacob Murphy,2025,FWR,746,10
EPL,6063,Jacob Murphy,2025,MR,249,3
EPL,6063,Jacob Murphy,2025,Sub,235,14
EPL,6937,Georginio Rutter,2025,AMC,791,10
EPL,6937,Georginio Rutter,2025,FW,756,9
EPL,6937,Georginio Rutter,2025,FWR,61,1
EPL,6937,Georginio Rutter,2025,Sub,176,12
EPL,7498,Lyle Foster,2025,AML,76,1
EPL,7498,Lyle Foster,2025,AMR,148,2
EPL,7498,Lyle Foster,2025,FW,833,10
EPL,7498,Lyle Foster,2025,FWR,118,2
EPL,7498,Lyle Foster,2025,Sub,200,11
EPL,8393,Omar Marmoush,2025,FW,353,5
EPL,8393,Omar Marmoush,2025,FWL,140,2
EPL,8393,Omar Marmoush,2025,ML,61,1
EPL,8393,Omar Marmoush,2025,Sub,139,13
EPL,8875,Tolu Arokodare,2025,FW,1080,13
EPL,8875,Tolu Arokodare,2025,Sub,277,20
EPL,10806,Kaoru Mitoma,2025,AML,1223,15
EPL,10806,Kaoru Mitoma,2025,FWL,354,4
EPL,10806,Kaoru Mitoma,2025,Sub,146,6
EPL,10809,Keane Lewis-Potter,2025,AML,223,3
EPL,10809,Keane Lewis-Potter,2025,AMR,277,4
EPL,10809,Keane Lewis-Potter,2025,DL,1135,13
EPL,10809,Keane Lewis-Potter,2025,FWR,180,2
EPL,10809,Keane Lewis-Potter,2025,Sub,134,14
EPL,12756,Rodrigo Gomes,2025,AMC,76,1
EPL,12756,Rodrigo Gomes,2025,AMR,89,1
EPL,12756,Rodrigo Gomes,2025,DML,131,2
EPL,12756,Rodrigo Gomes,2025,DMR,162,2
EPL,12756,Rodrigo Gomes,2025,FWL,171,2
EPL,12756,Rodrigo Gomes,2025,MR,61,1
EPL,12756,Rodrigo Gomes,2025,Sub,261,13
EPL,675,Jack Grealish,2025,AML,1519,17
EPL,675,Jack Grealish,2025,FWL,90,1
EPL,675,Jack Grealish,2025,Sub,36,2
EPL,702,Tammy Abraham,2025,FW,151,2
EPL,702,Tammy Abraham,2025,Sub,102,10
EPL,4419,Adam Armstrong,2025,AMC,336,4
EPL,4419,Adam Armstrong,2025,FW,834,10
EPL,5220,Kai Havertz,2025,AMC,119,2
EPL,5220,Kai Havertz,2025,FW,264,4
EPL,5220,Kai Havertz,2025,MC,71,1
EPL,5220,Kai Havertz,2025,Sub,128,5
EPL,8044,Joshua Zirkzee,2025,AMR,47,1
EPL,8044,Joshua Zirkzee,2025,FW,325,4
EPL,8044,Joshua Zirkzee,2025,Sub,201,19
EPL,8700,Xavi Simons,2025,AMC,782,9
EPL,8700,Xavi Simons,2025,AML,219,3
EPL,8700,Xavi Simons,2025,FW,122,2
EPL,8700,Xavi Simons,2025,FWL,344,4
EPL,8700,Xavi Simons,2025,ML,62,1
EPL,8700,Xavi Simons,2025,Sub,239,9
EPL,8845,Hee-Chan Hwang,2025,AMC,155,2
EPL,8845,Hee-Chan Hwang,2025,AML,133,2
EPL,8845,Hee-Chan Hwang,2025,AMR,42,1
EPL,8845,Hee-Chan Hwang,2025,FW,978,12
EPL,8845,Hee-Chan Hwang,2025,FWL,62,1
EPL,8845,Hee-Chan Hwang,2025,Sub,99,8
EPL,9024,Yeremi Pino,2025,AMC,1624,21
EPL,9024,Yeremi Pino,2025,FW,90,1
EPL,9024,Yeremi Pino,2025,FWL,211,3
EPL,9024,Yeremi Pino,2025,ML,60,1
EPL,9024,Yeremi Pino,2025,Sub,149,8
EPL,9977,Loum Tchaouna,2025,AMR,407,5
EPL,9977,Loum Tchaouna,2025,FWL,79,1
EPL,9977,Loum Tchaouna,2025,FWR,78,1
EPL,9977,Loum Tchaouna,2025,MR,487,7
EPL,9977,Loum Tchaouna,2025,Sub,217,15
EPL,10760,Brennan Johnson,2025,AMC,712,9
EPL,10760,Brennan Johnson,2025,AML,79,1
EPL,10760,Brennan Johnson,2025,AMR,180,2
EPL,10760,Brennan Johnson,2025,DMR,86,1
EPL,10760,Brennan Johnson,2025,FWL,223,3
EPL,10760,Brennan Johnson,2025,FWR,157,2
EPL,10760,Brennan Johnson,2025,MR,75,1
EPL,10760,Brennan Johnson,2025,Sub,197,15
EPL,11357,Noni Madueke,2025,AML,66,1
EPL,11357,Noni Madueke,2025,AMR,347,5
EPL,11357,Noni Madueke,2025,FWL,67,1
EPL,11357,Noni Madueke,2025,FWR,615,9
EPL,11357,Noni Madueke,2025,Sub,151,10
EPL,12027,Mohammed Kudus,2025,AMC,320,4
EPL,12027,Mohammed Kudus,2025,AMR,721,9
EPL,12027,Mohammed Kudus,2025,FWR,536,6
EPL,13718,Eliezer Mayenda,2025,AMR,90,1
EPL,13718,Eliezer Mayenda,2025,FW,521,7
EPL,13718,Eliezer Mayenda,2025,Sub,129,12
EPL,13775,Estêvão,2025,AMR,630,11
EPL,13775,Estêvão,2025,FWR,66,1
EPL,13775,Estêvão,2025,Sub,158,10
EPL,14118,Charalampos Kostoulas,2025,FW,159,2
EPL,14118,Charalampos Kostoulas,2025,Sub,150,19
EPL,695,Bertrand Traoré,2025,AMR,276,4
EPL,695,Bertrand Traoré,2025,FWR,84,1
EPL,695,Bertrand Traoré,2025,MR,266,4
EPL,695,Bertrand Traoré,2025,Sub,49,3
EPL,5743,Randal Kolo Muani,2025,AMC,114,2
EPL,5743,Randal Kolo Muani,2025,AML,226,3
EPL,5743,Randal Kolo Muani,2025,AMR,368,5
EPL,5743,Randal Kolo Muani,2025,FW,750,10
EPL,5743,Randal Kolo Muani,2025,FWR,62,1
EPL,5743,Randal Kolo Muani,2025,Sub,184,9
EPL,5786,Yoane Wissa,2025,FW,304,4
EPL,5786,Yoane Wissa,2025,Sub,188,15
EPL,6219,Enes Ünal,2025,Sub,158,22
EPL,7752,Gabriel Martinelli,2025,AML,299,4
EPL,7752,Gabriel Martinelli,2025,FWL,437,7
EPL,7752,Gabriel Martinelli,2025,Sub,289,19
EPL,7762,Jean-Ricner Bellegarde,2025,AMC,423,6
EPL,7762,Jean-Ricner Bellegarde,2025,FWL,221,3
EPL,7762,Jean-Ricner Bellegarde,2025,MC,436,6
EPL,7762,Jean-Ricner Bellegarde,2025,Sub,188,11
EPL,7908,Marshall Munetsi,2025,AMC,90,1
EPL,7908,Marshall Munetsi,2025,FWR,270,3
EPL,7908,Marshall Munetsi,2025,MC,426,5
EPL,7908,Marshall Munetsi,2025,Sub,77,4
EPL,8384,Armando Broja,2025,FW,650,8
EPL,8384,Armando Broja,2025,Sub,172,16
EPL,8662,Dan Ndoye,2025,AML,262,4
EPL,8662,Dan Ndoye,2025,AMR,707,9
EPL,8662,Dan Ndoye,2025,FWL,67,1
EPL,8662,Dan Ndoye,2025,Sub,148,10
EPL,8868,Liam Delap,2025,FW,836,12
EPL,8868,Liam Delap,2025,Sub,228,16
EPL,10552,Alejandro Garnacho,2025,AML,862,12
EPL,10552,Alejandro Garnacho,2025,FWL,90,1
EPL,10552,Alejandro Garnacho,2025,ML,51,1
EPL,10552,Alejandro Garnacho,2025,Sub,282,10
EPL,10717,Rodrigo Muniz,2025,FW,785,10
EPL,10717,Rodrigo Muniz,2025,Sub,216,11
EPL,11710,Simon Adingra,2025,AML,321,5
EPL,11710,Simon Adingra,2025,FWL,216,3
EPL,11710,Simon Adingra,2025,ML,69,1
EPL,11710,Simon Adingra,2025,Sub,59,5
EPL,11936,Lorenzo Lucca,2025,FW,72,1
EPL,11936,Lorenzo Lucca,2025,Sub,50,3
EPL,12410,Joshua King,2025,AMC,977,14
EPL,12410,Joshua King,2025,FW,71,1
EPL,12410,Joshua King,2025,Sub,258,17
EPL,13038,Justin Devenny,2025,AMC,265,3
EPL,13038,Justin Devenny,2025,DML,90,1
EPL,13038,Justin Devenny,2025,DMR,180,2
EPL,13038,Justin Devenny,2025,FWL,67,1
EPL,13038,Justin Devenny,2025,Sub,160,14
EPL,13220,Tom Edozie,2025,Sub,6,3
EPL,13730,Marcus Edwards,2025,AMC,506,6
EPL,13730,Marcus Edwards,2025,AMR,146,2
EPL,13730,Marcus Edwards,2025,FWR,179,2
EPL,13730,Marcus Edwards,2025,MR,71,1
EPL,13730,Marcus Edwards,2025,Sub,152,12
EPL,13741,Jhon Arias,2025,AMC,72,1
EPL,13741,Jhon Arias,2025,AMR,90,1
EPL,13741,Jhon Arias,2025,FW,101,2
EPL,13741,Jhon Arias,2025,FWL,128,2
EPL,13741,Jhon Arias,2025,FWR,420,5
EPL,13741,Jhon Arias,2025,MC,227,3
EPL,13741,Jhon Arias,2025,Sub,102,9
EPL,14028,Stefanos Tzimas,2025,FW,23,1
EPL,14028,Stefanos Tzimas,2025,Sub,88,8
EPL,766,Jamaal Lascelles,2025,Sub,8,2
EPL,902,Sam Byram,2025,Sub,5,2
EPL,925,Patrick Roberts,2025,Sub,23,1
EPL,3697,Odsonne Edouard,2025,Sub,1,1
EPL,4422,Ashley Barnes,2025,Sub,25,7
EPL,5355,Jacob Bruun Larsen,2025,AMC,49,1
EPL,5355,Jacob Bruun Larsen,2025,AMR,296,4
EPL,5355,Jacob Bruun Larsen,2025,FW,68,1
EPL,5355,Jacob Bruun Larsen,2025,FWL,243,3
EPL,5355,Jacob Bruun Larsen,2025,MR,57,1
EPL,5355,Jacob Bruun Larsen,2025,Sub,290,18
EPL,5544,Angus Gunn,2025,Sub,38,1
EPL,5595,Daniel James,2025,DMR,127,2
EPL,5595,Daniel James,2025,FWR,260,4
EPL,5595,Daniel James,2025,Sub,151,13
EPL,6049,Solly March,2025,Sub,32,4
EPL,6098,Niclas Füllkrug,2025,FW,363,5
EPL,6098,Niclas Füllkrug,2025,Sub,53,3
EPL,6492,Reiss Nelson,2025,Sub,104,10
EPL,6756,Dwight McNeil,2025,AMC,51,1
EPL,6756,Dwight McNeil,2025,AML,180,2
EPL,6756,Dwight McNeil,2025,AMR,788,10
EPL,6756,Dwight McNeil,2025,FWR,90,1
EPL,6756,Dwight McNeil,2025,Sub,75,8
EPL,6818,James Maddison,2025,Sub,25,3
EPL,6986,Hamed Junior Traore,2025,Sub,13,1
EPL,7075,Borna Sosa,2025,Sub,88,7
EPL,8056,Arnaud Kalimuendo Muinga,2025,Sub,75,9
EPL,8720,Jack Harrison,2025,FWL,67,1
EPL,8720,Jack Harrison,2025,Sub,165,10
EPL,8812,Sasa Kalajdzic,2025,Sub,11,1
EPL,9332,Dane Scarlett,2025,Sub,4,2
EPL,9524,Anthony Elanga,2025,AMR,124,2
EPL,9524,Anthony Elanga,2025,FWR,913,12
EPL,9524,Anthony Elanga,2025,Sub,252,18
EPL,9681,Frank Onyeka,2025,Sub,68,6
EPL,10205,Myles Peart-Harris,2025,Sub,1,1
EPL,10405,Josh Dasilva,2025,Sub,2,2
EPL,10803,Tyrell Malacia,2025,Sub,7,3
EPL,10822,Wilson Odobert,2025,AMC,234,3
EPL,10822,Wilson Odobert,2025,AML,173,2
EPL,10822,Wilson Odobert,2025,AMR,90,1
EPL,10822,Wilson Odobert,2025,FWL,143,2
EPL,10822,Wilson Odobert,2025,FWR,65,2
EPL,10822,Wilson Odobert,2025,Sub,241,14
EPL,11033,Kaden Rodney,2025,Sub,1,1
EPL,11132,Ethan Nwaneri,2025,Sub,154,6
EPL,11155,Wilfried Gnonto,2025,FWL,249,4
EPL,11155,Wilfried Gnonto,2025,Sub,244,19
EPL,11231,Ben Doak,2025,Sub,82,8
EPL,11633,Marc Guiu,2025,FW,79,1
EPL,11633,Marc Guiu,2025,Sub,171,9
EPL,11701,Zeki Amdouni,2025,Sub,53,4
EPL,11903,Oscar Bobb,2025,AML,257,4
EPL,11903,Oscar Bobb,2025,AMR,160,2
EPL,11903,Oscar Bobb,2025,FWR,180,2
EPL,11903,Oscar Bobb,2025,MR,224,3
EPL,11903,Oscar Bobb,2025,Sub,225,12
EPL,12094,Mike Trésor,2025,Sub,25,6
EPL,12199,Alex Murphy,2025,Sub,2,2
EPL,12203,Treymaurice Nyoni,2025,Sub,13,6
EPL,12234,Tawanda Chirewa,2025,Sub,20,2
EPL,12359,Callum Marshall,2025,Sub,44,2
EPL,12474,George Earthy,2025,Sub,7,1
EPL,12726,Christantus Uche,2025,Sub,109,14
EPL,12766,Jota Silva,2025,Sub,7,1
EPL,13026,Luis Guilherme,2025,FWL,49,1
EPL,13026,Luis Guilherme,2025,Sub,69,4
EPL,13094,Dário Essugo,2025,Sub,24,3
EPL,13150,Jack Fletcher,2025,Sub,97,3
EPL,13224,Callum Olusesi,2025,Sub,12,1
EPL,13242,Ben Winterburn,2025,Sub,3,1
EPL,13247,Ezra Mayers,2025,Sub,96,6
EPL,13262,Jonah Kusi-Asare,2025,Sub,28,7
EPL,13310,Jamaldeen Jimoh,2025,Sub,5,1
EPL,13387,Romain Esse,2025,Sub,29,4
EPL,13399,Joe Knight,2025,Sub,1,1
EPL,13467,Tyler Fredricson,2025,Sub,1,1
EPL,13474,Julio Soler,2025,Sub,27,3
EPL,13476,Shumaira Mheuka,2025,Sub,1,1
EPL,13532,Sean Neave,2025,Sub,7,1
EPL,13720,Dan Neil,2025,Sub,13,3
EPL,13835,Joël Piroe,2025,FW,139,2
EPL,13835,Joël Piroe,2025,Sub,77,14
EPL,13870,Bradley Burrowes,2025,Sub,12,1
EPL,14029,Tom Watson,2025,Sub,44,6
EPL,14055,Divine Mukasa,2025,Sub,21,2
EPL,14127,Nehemiah Oriola,2025,Sub,1,1
EPL,14134,Jun&#039;ai Byfield,2025,Sub,1,1
EPL,14176,James Rowswell,2025,Sub,1,1
EPL,14193,George Hemmings,2025,Sub,19,2
EPL,14198,Shea Lacey,2025,Sub,31,3
EPL,14217,Romelle Donovan,2025,Sub,23,4
EPL,14219,Mohamadou Kanté,2025,Sub,47,11
EPL,14263,Joél Drakes-Thomas,2025,Sub,2,2
EPL,14266,Bendito Mantato,2025,Sub,14,1
EPL,14272,Tyler Fletcher,2025,Sub,14,2
EPL,14281,Jaydon Banel,2025,Sub,7,1
EPL,14290,Pablo,2025,AMC,677,9
EPL,14290,Pablo,2025,FWL,90,1
EPL,14290,Pablo,2025,Sub,77,4
EPL,14356,Kaye Furo,2025,Sub,1,1
EPL,14394,Jerome Abbey,2025,Sub,6,1
EPL,14446,Alysson Edward,2025,Sub,34,3
La_liga,3423,Kylian Mbappe-Lottin,2025,FW,2577,29
La_liga,3423,Kylian Mbappe-Lottin,2025,Sub,46,2
La_liga,9002,Vedat Muriqi,2025,FW,3136,36
La_liga,9002,Vedat Muriqi,2025,Sub,14,1
La_liga,1235,Ante Budimir,2025,FW,2956,35
La_liga,1235,Ante Budimir,2025,Sub,39,2
La_liga,6441,Ferrán Torres,2025,AML,77,1
La_liga,6441,Ferrán Torres,2025,AMR,88,1
La_liga,6441,Ferrán Torres,2025,FW,1478,19
La_liga,6441,Ferrán Torres,2025,FWL,153,2
La_liga,6441,Ferrán Torres,2025,Sub,229,10
La_liga,7008,Vinícius Júnior,2025,AMC,90,1
La_liga,7008,Vinícius Júnior,2025,AML,600,7
La_liga,7008,Vinícius Júnior,2025,FW,1217,14
La_liga,7008,Vinícius Júnior,2025,FWL,679,8
La_liga,7008,Vinícius Júnior,2025,ML,158,2
La_liga,7008,Vinícius Júnior,2025,Sub,121,4
La_liga,11527,Lamine Yamal,2025,AMC,90,1
La_liga,11527,Lamine Yamal,2025,AMR,1455,17
La_liga,11527,Lamine Yamal,2025,FWR,696,8
La_liga,11527,Lamine Yamal,2025,Sub,50,2
La_liga,2234,Mikel Oyarzabal,2025,FW,2632,30
La_liga,2234,Mikel Oyarzabal,2025,Sub,95,4
La_liga,227,Robert Lewandowski,2025,FW,1388,17
La_liga,227,Robert Lewandowski,2025,Sub,242,14
La_liga,2543,Borja Iglesias,2025,FW,1629,21
La_liga,2543,Borja Iglesias,2025,Sub,274,14
La_liga,6400,Antonio Martínez,2025,FW,2628,32
La_liga,6400,Antonio Martínez,2025,Sub,122,5
La_liga,6531,Alexander Sørloth,2025,FW,1559,20
La_liga,6531,Alexander Sørloth,2025,Sub,396,15
La_liga,8026,Raphinha,2025,AMC,248,3
La_liga,8026,Raphinha,2025,AML,625,8
La_liga,8026,Raphinha,2025,AMR,66,1
La_liga,8026,Raphinha,2025,FWL,274,4
La_liga,8026,Raphinha,2025,FWR,113,2
La_liga,8026,Raphinha,2025,Sub,98,4
La_liga,8187,Georges Mikautadze,2025,FW,1902,23
La_liga,8187,Georges Mikautadze,2025,Sub,215,9
La_liga,1189,Lucas Boyé,2025,AMC,90,1
La_liga,1189,Lucas Boyé,2025,FW,1702,21
La_liga,1189,Lucas Boyé,2025,Sub,168,7
La_liga,6954,Juan Camilo Hernández,2025,FW,2542,30
La_liga,6954,Juan Camilo Hernández,2025,Sub,81,2
La_liga,13769,Carlos Espí,2025,FW,1118,13
La_liga,13769,Carlos Espí,2025,Sub,210,12
La_liga,2120,Gerard Moreno,2025,FW,1212,16
La_liga,2120,Gerard Moreno,2025,Sub,156,6
La_liga,6170,André Silva,2025,FW,1751,22
La_liga,6170,André Silva,2025,Sub,107,9
La_liga,6637,Hugo Duro,2025,FW,1691,22
La_liga,6637,Hugo Duro,2025,Sub,288,14
La_liga,7020,Gorka Guruzeta,2025,AMC,131,2
La_liga,7020,Gorka Guruzeta,2025,FW,2090,26
La_liga,7020,Gorka Guruzeta,2025,Sub,180,7
La_liga,8107,Jorge De Frutos,2025,AMR,728,10
La_liga,8107,Jorge De Frutos,2025,FW,1070,14
La_liga,8107,Jorge De Frutos,2025,FWR,333,4
La_liga,8107,Jorge De Frutos,2025,MR,238,3
La_liga,8107,Jorge De Frutos,2025,Sub,157,5
La_liga,10095,Abdessamad Ezzalzouli,2025,AML,1332,16
La_liga,10095,Abdessamad Ezzalzouli,2025,FWL,695,8
La_liga,10095,Abdessamad Ezzalzouli,2025,ML,170,2
La_liga,10095,Abdessamad Ezzalzouli,2025,Sub,78,3
La_liga,11783,Akor Adams,2025,FW,1810,21
La_liga,11783,Akor Adams,2025,Sub,238,11
La_liga,12160,Alberto Moleiro,2025,FW,47,1
La_liga,12160,Alberto Moleiro,2025,FWL,72,1
La_liga,12160,Alberto Moleiro,2025,ML,2267,28
La_liga,12160,Alberto Moleiro,2025,Sub,128,7
La_liga,2335,Pablo Fornals,2025,AMC,1166,14
La_liga,2335,Pablo Fornals,2025,DMC,915,11
La_liga,2335,Pablo Fornals,2025,FWR,76,1
La_liga,2335,Pablo Fornals,2025,MC,650,8
La_liga,2335,Pablo Fornals,2025,Sub,105,3
La_liga,5656,Nicolas Pepe,2025,FW,926,11
La_liga,5656,Nicolas Pepe,2025,MR,1261,15
La_liga,5656,Nicolas Pepe,2025,Sub,220,10
La_liga,8549,Ferrán Jutglà,2025,AMC,141,2
La_liga,8549,Ferrán Jutglà,2025,FW,511,7
La_liga,8549,Ferrán Jutglà,2025,FWL,46,1
La_liga,8549,Ferrán Jutglà,2025,FWR,833,11
La_liga,8549,Ferrán Jutglà,2025,Sub,171,9
La_liga,13048,Orri Óskarsson,2025,FW,616,8
La_liga,13048,Orri Óskarsson,2025,Sub,206,12
La_liga,13705,Federico Viñas,2025,AMR,356,4
La_liga,13705,Federico Viñas,2025,FW,1946,23
La_liga,13705,Federico Viñas,2025,FWR,68,1
La_liga,13705,Federico Viñas,2025,Sub,115,5
La_liga,14041,Vladyslav Vanat,2025,FW,2003,27
La_liga,556,Marcus Rashford,2025,AML,1033,13
La_liga,556,Marcus Rashford,2025,AMR,156,2
La_liga,556,Marcus Rashford,2025,FWL,225,3
La_liga,556,Marcus Rashford,2025,Sub,325,14
La_liga,2589,Rafa Mir,2025,FW,1327,16
La_liga,2589,Rafa Mir,2025,FWL,47,1
La_liga,2589,Rafa Mir,2025,FWR,90,1
La_liga,2589,Rafa Mir,2025,ML,270,3
La_liga,2589,Rafa Mir,2025,Sub,100,6
La_liga,5074,Kike García,2025,FW,1317,17
La_liga,5074,Kike García,2025,Sub,377,20
La_liga,5682,Gonçalo Guedes,2025,AML,258,3
La_liga,5682,Gonçalo Guedes,2025,AMR,234,3
La_liga,5682,Gonçalo Guedes,2025,FW,65,1
La_liga,5682,Gonçalo Guedes,2025,ML,605,8
La_liga,5682,Gonçalo Guedes,2025,MR,475,7
La_liga,5682,Gonçalo Guedes,2025,Sub,196,10
La_liga,10846,Julián Álvarez,2025,FW,1684,22
La_liga,10846,Julián Álvarez,2025,Sub,242,7
La_liga,11094,Antony,2025,AMR,1645,20
La_liga,11094,Antony,2025,FWR,671,8
La_liga,11094,Antony,2025,MR,135,2
La_liga,11094,Antony,2025,Sub,44,2
La_liga,2270,Antoine Griezmann,2025,FW,865,12
La_liga,2270,Antoine Griezmann,2025,FWR,76,1
La_liga,2270,Antoine Griezmann,2025,Sub,487,21
La_liga,4175,Pere Milla,2025,AMC,204,3
La_liga,4175,Pere Milla,2025,AML,605,8
La_liga,4175,Pere Milla,2025,AMR,74,1
La_liga,4175,Pere Milla,2025,FW,369,5
La_liga,4175,Pere Milla,2025,ML,564,7
La_liga,4175,Pere Milla,2025,Sub,189,9
La_liga,8042,Raul García,2025,FW,512,6
La_liga,8042,Raul García,2025,Sub,414,30
La_liga,8292,Dani Olmo,2025,AMC,1020,13
La_liga,8292,Dani Olmo,2025,FW,90,1
La_liga,8292,Dani Olmo,2025,FWL,70,1
La_liga,8292,Dani Olmo,2025,MC,697,9
La_liga,8292,Dani Olmo,2025,Sub,232,9
La_liga,9275,Iván Romero,2025,AMC,146,2
La_liga,9275,Iván Romero,2025,AML,237,3
La_liga,9275,Iván Romero,2025,AMR,90,1
La_liga,9275,Iván Romero,2025,FW,1393,17
La_liga,9275,Iván Romero,2025,ML,391,5
La_liga,9275,Iván Romero,2025,Sub,82,4
La_liga,10930,Etta Eyong,2025,FW,1479,18
La_liga,10930,Etta Eyong,2025,Sub,178,15
La_liga,11186,Alvaro Rodríguez,2025,FW,2028,24
La_liga,11186,Alvaro Rodríguez,2025,Sub,171,10
La_liga,12322,Tajon Buchanan,2025,FWR,90,1
La_liga,12322,Tajon Buchanan,2025,MR,1476,20
La_liga,12322,Tajon Buchanan,2025,Sub,255,13
La_liga,13350,Roberto Fernández,2025,FW,2049,25
La_liga,13350,Roberto Fernández,2025,Sub,339,13
La_liga,13701,Ilyas Chaira,2025,AML,1154,16
La_liga,13701,Ilyas Chaira,2025,AMR,616,7
La_liga,13701,Ilyas Chaira,2025,FW,87,1
La_liga,13701,Ilyas Chaira,2025,FWL,160,2
La_liga,13701,Ilyas Chaira,2025,FWR,55,1
La_liga,13701,Ilyas Chaira,2025,ML,166,2
La_liga,13701,Ilyas Chaira,2025,MR,90,1
La_liga,13701,Ilyas Chaira,2025,Sub,166,6
La_liga,6227,Brais Méndez,2025,AMC,434,6
La_liga,6227,Brais Méndez,2025,FW,435,6
La_liga,6227,Brais Méndez,2025,MC,628,8
La_liga,6227,Brais Méndez,2025,MR,70,1
La_liga,6227,Brais Méndez,2025,Sub,141,8
La_liga,9001,Martín Satriano,2025,FW,1159,13
La_liga,9001,Martín Satriano,2025,ML,450,5
La_liga,10975,Largie Ramazani,2025,AMC,90,1
La_liga,10975,Largie Ramazani,2025,AML,85,1
La_liga,10975,Largie Ramazani,2025,AMR,90,1
La_liga,10975,Largie Ramazani,2025,FW,164,2
La_liga,10975,Largie Ramazani,2025,FWL,73,1
La_liga,10975,Largie Ramazani,2025,ML,356,4
La_liga,10975,Largie Ramazani,2025,MR,90,1
La_liga,10975,Largie Ramazani,2025,Sub,252,16
La_liga,11322,Viktor Tsygankov,2025,AMC,62,1
La_liga,11322,Viktor Tsygankov,2025,AMR,1420,16
La_liga,11322,Viktor Tsygankov,2025,FW,264,3
La_liga,11322,Viktor Tsygankov,2025,FWR,180,2
La_liga,11322,Viktor Tsygankov,2025,MR,721,9
La_liga,11322,Viktor Tsygankov,2025,Sub,25,1
La_liga,11822,Fermín López,2025,AMC,571,8
La_liga,11822,Fermín López,2025,AML,264,3
La_liga,11822,Fermín López,2025,FWL,47,1
La_liga,11822,Fermín López,2025,MC,602,7
La_liga,11822,Fermín López,2025,Sub,296,11
La_liga,12035,Gonzalo García,2025,FW,637,8
La_liga,12035,Gonzalo García,2025,FWR,48,1
La_liga,12035,Gonzalo García,2025,Sub,238,21
La_liga,13279,Víctor Muñoz,2025,AMC,390,5
La_liga,13279,Víctor Muñoz,2025,AML,1076,12
La_liga,13279,Víctor Muñoz,2025,AMR,270,3
La_liga,13279,Víctor Muñoz,2025,FW,167,2
La_liga,13279,Víctor Muñoz,2025,FWL,234,3
La_liga,13279,Víctor Muñoz,2025,FWR,320,4
La_liga,13279,Víctor Muñoz,2025,ML,90,1
La_liga,13279,Víctor Muñoz,2025,MR,68,1
La_liga,13279,Víctor Muñoz,2025,Sub,90,3
La_liga,770,Ayoze Pérez,2025,FW,880,12
La_liga,770,Ayoze Pérez,2025,Sub,253,13
La_liga,1709,Cristhian Stuani,2025,FW,68,1
La_liga,1709,Cristhian Stuani,2025,Sub,291,20
La_liga,2290,Iago Aspas,2025,AMC,131,2
La_liga,2290,Iago Aspas,2025,FW,138,2
La_liga,2290,Iago Aspas,2025,FWR,519,7
La_liga,2290,Iago Aspas,2025,Sub,294,21
La_liga,6241,Federico Valverde,2025,AMR,180,2
La_liga,6241,Federico Valverde,2025,DMC,270,3
La_liga,6241,Federico Valverde,2025,DR,885,10
La_liga,6241,Federico Valverde,2025,FWR,90,1
La_liga,6241,Federico Valverde,2025,MC,612,7
La_liga,6241,Federico Valverde,2025,MR,655,8
La_liga,6241,Federico Valverde,2025,Sub,73,2
La_liga,7074,Nicolás González,2025,AMC,51,1
La_liga,7074,Nicolás González,2025,DL,183,3
La_liga,7074,Nicolás González,2025,DML,90,1
La_liga,7074,Nicolás González,2025,FWL,90,1
La_liga,7074,Nicolás González,2025,ML,810,11
La_liga,7074,Nicolás González,2025,MR,90,1
La_liga,7074,Nicolás González,2025,Sub,166,6
La_liga,7528,Sergio Camello,2025,AMC,75,1
La_liga,7528,Sergio Camello,2025,AML,75,1
La_liga,7528,Sergio Camello,2025,FW,431,6
La_liga,7528,Sergio Camello,2025,Sub,229,14
La_liga,8328,Azz-Eddine Ounahi,2025,AMC,603,7
La_liga,8328,Azz-Eddine Ounahi,2025,AML,321,4
La_liga,8328,Azz-Eddine Ounahi,2025,FW,60,1
La_liga,8328,Azz-Eddine Ounahi,2025,MC,609,7
La_liga,8328,Azz-Eddine Ounahi,2025,ML,90,1
La_liga,8328,Azz-Eddine Ounahi,2025,Sub,94,4
La_liga,10870,Williot Swedberg,2025,AMC,261,4
La_liga,10870,Williot Swedberg,2025,FWL,440,7
La_liga,10870,Williot Swedberg,2025,FWR,154,2
La_liga,10870,Williot Swedberg,2025,Sub,382,16
La_liga,12294,Carlos Vicente,2025,AMR,138,2
La_liga,12294,Carlos Vicente,2025,FWR,90,1
La_liga,12294,Carlos Vicente,2025,MR,659,8
La_liga,12294,Carlos Vicente,2025,Sub,363,10
La_liga,498,Alexis Sánchez,2025,AMC,163,2
La_liga,498,Alexis Sánchez,2025,AMR,147,2
La_liga,498,Alexis Sánchez,2025,FW,335,4
La_liga,498,Alexis Sánchez,2025,FWL,53,1
La_liga,498,Alexis Sánchez,2025,FWR,156,2
La_liga,498,Alexis Sánchez,2025,Sub,424,17
La_liga,1450,Umar Sadiq,2025,FW,763,10
La_liga,1450,Umar Sadiq,2025,Sub,265,15
La_liga,2252,Borja Mayoral,2025,FW,1006,12
La_liga,2252,Borja Mayoral,2025,Sub,66,4
La_liga,2478,Carlos Soler,2025,AMC,244,3
La_liga,2478,Carlos Soler,2025,DMC,442,5
La_liga,2478,Carlos Soler,2025,FW,90,1
La_liga,2478,Carlos Soler,2025,MC,1379,17
La_liga,2478,Carlos Soler,2025,Sub,191,7
La_liga,5556,Ademola Lookman,2025,FW,331,5
La_liga,5556,Ademola Lookman,2025,FWL,129,2
La_liga,5556,Ademola Lookman,2025,ML,119,2
La_liga,5556,Ademola Lookman,2025,Sub,59,3
La_liga,6427,Aitor Ruibal,2025,AML,145,2
La_liga,6427,Aitor Ruibal,2025,AMR,309,4
La_liga,6427,Aitor Ruibal,2025,DR,936,11
La_liga,6427,Aitor Ruibal,2025,FW,77,1
La_liga,6427,Aitor Ruibal,2025,FWL,165,2
La_liga,6427,Aitor Ruibal,2025,Sub,177,7
La_liga,7071,Álvaro García,2025,AML,1021,13
La_liga,7071,Álvaro García,2025,FW,88,1
La_liga,7071,Álvaro García,2025,FWL,255,3
La_liga,7071,Álvaro García,2025,ML,517,6
La_liga,7071,Álvaro García,2025,Sub,242,9
La_liga,8230,German Valera,2025,DL,426,5
La_liga,8230,German Valera,2025,DML,1131,13
La_liga,8230,German Valera,2025,FWL,90,1
La_liga,8230,German Valera,2025,FWR,175,2
La_liga,8230,German Valera,2025,MC,90,1
La_liga,8230,German Valera,2025,ML,601,7
La_liga,8230,German Valera,2025,MR,324,4
La_liga,8230,German Valera,2025,Sub,51,3
La_liga,9694,Diego López,2025,AMC,88,1
La_liga,9694,Diego López,2025,AML,90,1
La_liga,9694,Diego López,2025,AMR,312,4
La_liga,9694,Diego López,2025,FW,238,3
La_liga,9694,Diego López,2025,MC,58,1
La_liga,9694,Diego López,2025,ML,541,7
La_liga,9694,Diego López,2025,MR,212,3
La_liga,9694,Diego López,2025,Sub,242,14
La_liga,9796,Giuliano Simeone,2025,AMR,158,2
La_liga,9796,Giuliano Simeone,2025,DMR,86,1
La_liga,9796,Giuliano Simeone,2025,FWR,136,2
La_liga,9796,Giuliano Simeone,2025,MR,1578,20
La_liga,9796,Giuliano Simeone,2025,Sub,195,6
La_liga,10078,Hugo Álvarez,2025,AMC,153,2
La_liga,10078,Hugo Álvarez,2025,DML,254,3
La_liga,10078,Hugo Álvarez,2025,FWL,580,8
La_liga,10078,Hugo Álvarez,2025,FWR,127,2
La_liga,10078,Hugo Álvarez,2025,Sub,245,13
La_liga,10322,Javier Guerra,2025,AMC,170,2
La_liga,10322,Javier Guerra,2025,DMC,437,6
La_liga,10322,Javier Guerra,2025,FW,244,3
La_liga,10322,Javier Guerra,2025,MC,1073,14
La_liga,10322,Javier Guerra,2025,Sub,162,11
La_liga,12190,Arda Güler,2025,AMC,474,6
La_liga,12190,Arda Güler,2025,AMR,66,1
La_liga,12190,Arda Güler,2025,DMC,90,1
La_liga,12190,Arda Güler,2025,FWR,50,1
La_liga,12190,Arda Güler,2025,MC,916,12
La_liga,12190,Arda Güler,2025,ML,212,3
La_liga,12190,Arda Güler,2025,MR,82,1
La_liga,12190,Arda Güler,2025,Sub,186,8
La_liga,12305,Isaac Romero,2025,AMC,79,1
La_liga,12305,Isaac Romero,2025,FW,1164,16
La_liga,12305,Isaac Romero,2025,MR,75,1
La_liga,12305,Isaac Romero,2025,Sub,188,11
La_liga,13700,Alberto Reina,2025,AMC,1497,19
La_liga,13700,Alberto Reina,2025,AML,180,2
La_liga,13700,Alberto Reina,2025,DMC,175,3
La_liga,13700,Alberto Reina,2025,FW,180,2
La_liga,13700,Alberto Reina,2025,MC,393,5
La_liga,13700,Alberto Reina,2025,Sub,113,6
La_liga,14059,Alemão,2025,FW,841,11
La_liga,14059,Alemão,2025,Sub,277,15
La_liga,2306,Cédric Bakambu,2025,FW,348,5
La_liga,2306,Cédric Bakambu,2025,Sub,194,13
La_liga,2399,Iñaki Williams,2025,AML,255,3
La_liga,2399,Iñaki Williams,2025,AMR,1223,15
La_liga,2399,Iñaki Williams,2025,FW,533,7
La_liga,2399,Iñaki Williams,2025,Sub,177,5
La_liga,7308,Ander Barrenetxea,2025,AML,247,4
La_liga,7308,Ander Barrenetxea,2025,AMR,149,2
La_liga,7308,Ander Barrenetxea,2025,FW,79,1
La_liga,7308,Ander Barrenetxea,2025,FWL,87,1
La_liga,7308,Ander Barrenetxea,2025,ML,850,12
La_liga,7308,Ander Barrenetxea,2025,MR,178,2
La_liga,7308,Ander Barrenetxea,2025,Sub,204,8
La_liga,7810,Ruben Vargas,2025,AMC,484,6
La_liga,7810,Ruben Vargas,2025,AML,494,6
La_liga,7810,Ruben Vargas,2025,FWL,70,1
La_liga,7810,Ruben Vargas,2025,FWR,78,1
La_liga,7810,Ruben Vargas,2025,MC,71,1
La_liga,7810,Ruben Vargas,2025,ML,83,1
La_liga,7810,Ruben Vargas,2025,MR,289,4
La_liga,7810,Ruben Vargas,2025,Sub,101,4
La_liga,7870,Luis Rioja,2025,AML,180,2
La_liga,7870,Luis Rioja,2025,AMR,307,4
La_liga,7870,Luis Rioja,2025,DMR,88,1
La_liga,7870,Luis Rioja,2025,FWR,90,1
La_liga,7870,Luis Rioja,2025,ML,209,3
La_liga,7870,Luis Rioja,2025,MR,1642,20
La_liga,7870,Luis Rioja,2025,Sub,160,6
La_liga,8066,Arnaut Danjuma Groeneveld,2025,AML,354,5
La_liga,8066,Arnaut Danjuma Groeneveld,2025,FW,484,6
La_liga,8066,Arnaut Danjuma Groeneveld,2025,ML,547,7
La_liga,8066,Arnaut Danjuma Groeneveld,2025,Sub,227,12
La_liga,9812,Isi Palazón,2025,AMC,1054,13
La_liga,9812,Isi Palazón,2025,AMR,180,2
La_liga,9812,Isi Palazón,2025,FW,490,6
La_liga,9812,Isi Palazón,2025,MC,305,4
La_liga,9812,Isi Palazón,2025,MR,170,2
La_liga,9812,Isi Palazón,2025,Sub,95,4
La_liga,9813,Randy Nteka,2025,FW,237,3
La_liga,9813,Randy Nteka,2025,Sub,105,10
La_liga,10952,Joel Roca,2025,AML,536,7
La_liga,10952,Joel Roca,2025,FWL,139,2
La_liga,10952,Joel Roca,2025,MC,90,1
La_liga,10952,Joel Roca,2025,ML,398,6
La_liga,10952,Joel Roca,2025,Sub,300,16
La_liga,12862,Luka Sucic,2025,AMC,155,2
La_liga,12862,Luka Sucic,2025,AMR,90,1
La_liga,12862,Luka Sucic,2025,FW,260,4
La_liga,12862,Luka Sucic,2025,MC,131,2
La_liga,12862,Luka Sucic,2025,MR,90,1
La_liga,12862,Luka Sucic,2025,Sub,277,12
La_liga,13358,Thiago Almada,2025,AML,162,2
La_liga,13358,Thiago Almada,2025,FW,92,2
La_liga,13358,Thiago Almada,2025,MC,132,2
La_liga,13358,Thiago Almada,2025,ML,485,7
La_liga,13358,Thiago Almada,2025,MR,219,3
La_liga,13358,Thiago Almada,2025,Sub,237,11
La_liga,13789,Adrián Liso,2025,AMC,90,1
La_liga,13789,Adrián Liso,2025,FW,1055,13
La_liga,13789,Adrián Liso,2025,MC,51,1
La_liga,13789,Adrián Liso,2025,ML,202,3
La_liga,13789,Adrián Liso,2025,MR,231,3
La_liga,13789,Adrián Liso,2025,Sub,96,7
La_liga,14388,Luis Vázquez,2025,FW,1132,14
La_liga,14388,Luis Vázquez,2025,Sub,100,3
La_liga,813,Salomón Rondón,2025,FW,1011,13
La_liga,813,Salomón Rondón,2025,Sub,43,3
La_liga,2183,Rubén García,2025,AMC,210,3
La_liga,2183,Rubén García,2025,AMR,1492,19
La_liga,2183,Rubén García,2025,DMC,72,1
La_liga,2183,Rubén García,2025,FWL,166,2
La_liga,2183,Rubén García,2025,FWR,119,2
La_liga,2183,Rubén García,2025,MR,75,1
La_liga,2183,Rubén García,2025,Sub,163,7
La_liga,3621,Neal Maupay,2025,FW,819,10
La_liga,3621,Neal Maupay,2025,Sub,65,2
La_liga,5091,Alex Berenguer,2025,AMC,316,4
La_liga,5091,Alex Berenguer,2025,AML,510,6
La_liga,5091,Alex Berenguer,2025,AMR,1031,13
La_liga,5091,Alex Berenguer,2025,FW,90,1
La_liga,5091,Alex Berenguer,2025,MR,71,1
La_liga,5091,Alex Berenguer,2025,Sub,173,6
La_liga,5681,Giovani Lo Celso,2025,AMC,727,9
La_liga,5681,Giovani Lo Celso,2025,AML,80,1
La_liga,5681,Giovani Lo Celso,2025,FW,47,1
La_liga,5681,Giovani Lo Celso,2025,MC,281,4
La_liga,5681,Giovani Lo Celso,2025,Sub,261,9
La_liga,6933,Javi Puado,2025,AMC,90,1
La_liga,6933,Javi Puado,2025,AML,438,5
La_liga,6933,Javi Puado,2025,FW,75,1
La_liga,6933,Javi Puado,2025,ML,76,1
La_liga,6933,Javi Puado,2025,Sub,8,2
La_liga,8001,Takefusa Kubo,2025,AMR,241,3
La_liga,8001,Takefusa Kubo,2025,FWR,87,1
La_liga,8001,Takefusa Kubo,2025,MR,1014,13
La_liga,8001,Takefusa Kubo,2025,Sub,189,7
La_liga,8417,Álex Baena,2025,AMC,237,3
La_liga,8417,Álex Baena,2025,AML,67,1
La_liga,8417,Álex Baena,2025,FW,136,2
La_liga,8417,Álex Baena,2025,MC,604,9
La_liga,8417,Álex Baena,2025,ML,444,6
La_liga,8417,Álex Baena,2025,Sub,127,6
La_liga,8500,Víctor García,2025,AMR,301,4
La_liga,8500,Víctor García,2025,FWR,65,1
La_liga,8500,Víctor García,2025,ML,73,1
La_liga,8500,Víctor García,2025,MR,426,6
La_liga,8500,Víctor García,2025,Sub,200,9
La_liga,10944,Fran Pérez,2025,AML,298,4
La_liga,10944,Fran Pérez,2025,AMR,63,1
La_liga,10944,Fran Pérez,2025,FWL,170,3
La_liga,10944,Fran Pérez,2025,ML,224,3
La_liga,10944,Fran Pérez,2025,MR,70,1
La_liga,10944,Fran Pérez,2025,Sub,401,17
La_liga,11154,Pablo Durán,2025,AMC,242,4
La_liga,11154,Pablo Durán,2025,FW,662,9
La_liga,11154,Pablo Durán,2025,FWL,284,4
La_liga,11154,Pablo Durán,2025,Sub,263,13
La_liga,11208,Mateo Joseph,2025,AMC,263,3
La_liga,11208,Mateo Joseph,2025,AML,90,1
La_liga,11208,Mateo Joseph,2025,AMR,435,6
La_liga,11208,Mateo Joseph,2025,FW,643,8
La_liga,11208,Mateo Joseph,2025,FWR,70,1
La_liga,11208,Mateo Joseph,2025,Sub,206,10
La_liga,11349,Mario Martín,2025,FW,522,7
La_liga,11349,Mario Martín,2025,MC,1130,16
La_liga,11349,Mario Martín,2025,ML,177,2
La_liga,11349,Mario Martín,2025,MR,79,1
La_liga,11349,Mario Martín,2025,Sub,250,9
La_liga,12742,Peque,2025,AMC,292,4
La_liga,12742,Peque,2025,AML,77,1
La_liga,12742,Peque,2025,FW,48,1
La_liga,12742,Peque,2025,FWL,59,1
La_liga,12742,Peque,2025,MC,262,4
La_liga,12742,Peque,2025,MR,82,1
La_liga,12742,Peque,2025,Sub,132,14
La_liga,13361,Jones El Abdellaoui,2025,DMR,151,2
La_liga,13361,Jones El Abdellaoui,2025,FWR,90,1
La_liga,13361,Jones El Abdellaoui,2025,MR,67,1
La_liga,13361,Jones El Abdellaoui,2025,Sub,313,18
La_liga,13615,Oso,2025,AML,90,1
La_liga,13615,Oso,2025,DL,435,5
La_liga,13615,Oso,2025,DML,360,4
La_liga,13615,Oso,2025,FWL,79,1
La_liga,13615,Oso,2025,ML,257,3
La_liga,13615,Oso,2025,Sub,176,7
La_liga,13840,Martim Neto,2025,AMC,140,2
La_liga,13840,Martim Neto,2025,FW,79,1
La_liga,13840,Martim Neto,2025,MC,858,12
La_liga,13840,Martim Neto,2025,Sub,290,10
La_liga,13991,Jan Virgili,2025,AML,1201,15
La_liga,13991,Jan Virgili,2025,FW,180,2
La_liga,13991,Jan Virgili,2025,FWL,85,1
La_liga,13991,Jan Virgili,2025,MR,90,1
La_liga,13991,Jan Virgili,2025,Sub,251,12
La_liga,13996,Tani Oluwaseyi,2025,FW,662,9
La_liga,13996,Tani Oluwaseyi,2025,Sub,218,18
La_liga,14465,Ibrahim Diabate,2025,FW,431,6
La_liga,14465,Ibrahim Diabate,2025,Sub,148,4
La_liga,897,Juanmi,2025,Sub,152,8
La_liga,5081,Edu Expósito,2025,AMC,788,11
La_liga,5081,Edu Expósito,2025,DMC,799,10
La_liga,5081,Edu Expósito,2025,FW,151,2
La_liga,5081,Edu Expósito,2025,MC,764,9
La_liga,5081,Edu Expósito,2025,Sub,91,4
La_liga,6087,Takuma Asano,2025,AML,71,1
La_liga,6087,Takuma Asano,2025,AMR,249,4
La_liga,6087,Takuma Asano,2025,FW,194,3
La_liga,6087,Takuma Asano,2025,Sub,148,12
La_liga,6421,Brahim Diaz,2025,AML,56,1
La_liga,6421,Brahim Diaz,2025,AMR,206,3
La_liga,6421,Brahim Diaz,2025,FW,301,4
La_liga,6421,Brahim Diaz,2025,FWR,148,2
La_liga,6421,Brahim Diaz,2025,ML,162,2
La_liga,6421,Brahim Diaz,2025,MR,87,1
La_liga,6421,Brahim Diaz,2025,Sub,283,17
La_liga,6651,Grady Diangana,2025,AMC,132,2
La_liga,6651,Grady Diangana,2025,FW,109,2
La_liga,6651,Grady Diangana,2025,MC,530,8
La_liga,6651,Grady Diangana,2025,MR,70,1
La_liga,6651,Grady Diangana,2025,Sub,96,7
La_liga,6955,Ezequiel Ávila,2025,FW,143,2
La_liga,6955,Ezequiel Ávila,2025,FWR,90,1
La_liga,6955,Ezequiel Ávila,2025,Sub,117,13
La_liga,8015,Rodrygo,2025,AML,153,2
La_liga,8015,Rodrygo,2025,FW,57,1
La_liga,8015,Rodrygo,2025,FWR,90,1
La_liga,8015,Rodrygo,2025,MR,165,2
La_liga,8015,Rodrygo,2025,Sub,168,13
La_liga,8165,Lucien Agoume,2025,AMC,180,2
La_liga,8165,Lucien Agoume,2025,DMC,497,6
La_liga,8165,Lucien Agoume,2025,FWR,90,1
La_liga,8165,Lucien Agoume,2025,MC,1890,22
La_liga,8165,Lucien Agoume,2025,Sub,71,3
La_liga,8694,Chidera Ejuke,2025,AML,73,1
La_liga,8694,Chidera Ejuke,2025,AMR,96,2
La_liga,8694,Chidera Ejuke,2025,FWL,58,1
La_liga,8694,Chidera Ejuke,2025,ML,180,2
La_liga,8694,Chidera Ejuke,2025,Sub,459,21
La_liga,9466,Jon Ander Olasagasti,2025,AMC,173,2
La_liga,9466,Jon Ander Olasagasti,2025,DMC,152,2
La_liga,9466,Jon Ander Olasagasti,2025,FW,90,1
La_liga,9466,Jon Ander Olasagasti,2025,MC,781,9
La_liga,9466,Jon Ander Olasagasti,2025,ML,301,4
La_liga,9466,Jon Ander Olasagasti,2025,Sub,215,15
La_liga,10143,Bryan Zaragoza,2025,AMC,74,1
La_liga,10143,Bryan Zaragoza,2025,FWL,732,9
La_liga,10143,Bryan Zaragoza,2025,FWR,140,2
La_liga,10143,Bryan Zaragoza,2025,ML,67,1
La_liga,10143,Bryan Zaragoza,2025,Sub,125,6
La_liga,10388,Luka Ilic,2025,AMC,291,4
La_liga,10388,Luka Ilic,2025,AMR,201,3
La_liga,10388,Luka Ilic,2025,FWR,74,1
La_liga,10388,Luka Ilic,2025,Sub,165,11
La_liga,10947,Ramón Terrats,2025,AMC,411,6
La_liga,10947,Ramón Terrats,2025,AML,82,1
La_liga,10947,Ramón Terrats,2025,FW,49,1
La_liga,10947,Ramón Terrats,2025,ML,270,4
La_liga,10947,Ramón Terrats,2025,Sub,208,17
La_liga,11216,Rodrigo Mendoza,2025,AMC,74,1
La_liga,11216,Rodrigo Mendoza,2025,DMC,76,1
La_liga,11216,Rodrigo Mendoza,2025,FWL,90,1
La_liga,11216,Rodrigo Mendoza,2025,MC,748,11
La_liga,11216,Rodrigo Mendoza,2025,Sub,255,10
La_liga,11531,Unai Gómez,2025,AMC,437,7
La_liga,11531,Unai Gómez,2025,AML,113,3
La_liga,11531,Unai Gómez,2025,AMR,73,1
La_liga,11531,Unai Gómez,2025,FW,59,1
La_liga,11531,Unai Gómez,2025,Sub,248,14
La_liga,11825,Abderrahmane Rebbach,2025,AML,74,1
La_liga,11825,Abderrahmane Rebbach,2025,DL,450,5
La_liga,11825,Abderrahmane Rebbach,2025,DML,137,2
La_liga,11825,Abderrahmane Rebbach,2025,FWL,47,1
La_liga,11825,Abderrahmane Rebbach,2025,MC,60,1
La_liga,11825,Abderrahmane Rebbach,2025,ML,391,5
La_liga,11825,Abderrahmane Rebbach,2025,Sub,320,15
La_liga,11900,Lucas Beltrán,2025,FW,1155,16
La_liga,11900,Lucas Beltrán,2025,Sub,222,11
La_liga,12726,Christantus Uche,2025,FW,270,3
La_liga,13200,Fernando López,2025,AMC,83,1
La_liga,13200,Fernando López,2025,FWR,230,3
La_liga,13200,Fernando López,2025,MC,765,9
La_liga,13200,Fernando López,2025,Sub,101,4
La_liga,13335,Goduine Koyalipou,2025,FW,111,2
La_liga,13335,Goduine Koyalipou,2025,Sub,106,9
La_liga,13417,Maroan Sannadi,2025,FW,116,2
La_liga,13417,Maroan Sannadi,2025,Sub,152,8
La_liga,13649,Claudio Echeverri,2025,AML,57,1
La_liga,13649,Claudio Echeverri,2025,FW,275,4
La_liga,13649,Claudio Echeverri,2025,Sub,274,12
La_liga,13767,Roger Brugué,2025,AML,64,1
La_liga,13767,Roger Brugué,2025,FW,76,1
La_liga,13767,Roger Brugué,2025,ML,559,7
La_liga,13767,Roger Brugué,2025,MR,83,1
La_liga,13767,Roger Brugué,2025,Sub,226,9
La_liga,13821,Urko Izeta,2025,FW,60,1
La_liga,13821,Urko Izeta,2025,Sub,93,12
La_liga,13847,Franco Mastantuono,2025,AMR,270,4
La_liga,13847,Franco Mastantuono,2025,DMR,72,1
La_liga,13847,Franco Mastantuono,2025,FWR,166,2
La_liga,13847,Franco Mastantuono,2025,MR,297,4
La_liga,13847,Franco Mastantuono,2025,Sub,221,12
La_liga,14013,Adam El Mokhtari,2025,Sub,85,7
La_liga,14064,Roony Bardghji,2025,AMR,368,6
La_liga,14064,Roony Bardghji,2025,FWR,70,1
La_liga,14064,Roony Bardghji,2025,Sub,174,14
La_liga,14324,Iker Luque,2025,Sub,26,1
La_liga,14586,Cubo,2025,Sub,46,2
La_liga,323,Adnan Januzaj,2025,AMR,33,1
La_liga,323,Adnan Januzaj,2025,FWR,62,1
La_liga,323,Adnan Januzaj,2025,Sub,188,10
La_liga,2122,Joan Jordán,2025,Sub,15,3
La_liga,4168,Javi Muñoz,2025,FW,82,1
La_liga,4168,Javi Muñoz,2025,MC,164,2
La_liga,4168,Javi Muñoz,2025,MR,87,1
La_liga,4168,Javi Muñoz,2025,Sub,194,13
La_liga,5058,Carles Aleñá,2025,AML,157,2
La_liga,5058,Carles Aleñá,2025,FWL,60,1
La_liga,5058,Carles Aleñá,2025,MC,224,3
La_liga,5058,Carles Aleñá,2025,ML,1300,17
La_liga,5058,Carles Aleñá,2025,Sub,261,11
La_liga,5110,Mariano,2025,FW,174,3
La_liga,5110,Mariano,2025,Sub,95,7
La_liga,5179,Jon Guridi,2025,AMC,128,2
La_liga,5179,Jon Guridi,2025,FW,121,2
La_liga,5179,Jon Guridi,2025,MC,750,10
La_liga,5179,Jon Guridi,2025,ML,48,1
La_liga,5179,Jon Guridi,2025,Sub,204,13
La_liga,5199,Raba,2025,FW,161,3
La_liga,5199,Raba,2025,Sub,86,10
La_liga,5353,Josip Brekalo,2025,AML,259,4
La_liga,5353,Josip Brekalo,2025,FWL,113,2
La_liga,5353,Josip Brekalo,2025,Sub,110,8
La_liga,6118,Portu,2025,AMC,51,1
La_liga,6118,Portu,2025,FW,134,2
La_liga,6118,Portu,2025,FWL,89,1
La_liga,6118,Portu,2025,Sub,189,6
La_liga,7338,Bryan Gil Salvatierra,2025,AML,596,8
La_liga,7338,Bryan Gil Salvatierra,2025,AMR,207,3
La_liga,7338,Bryan Gil Salvatierra,2025,FWL,71,1
La_liga,7338,Bryan Gil Salvatierra,2025,FWR,50,1
La_liga,7338,Bryan Gil Salvatierra,2025,ML,385,5
La_liga,7338,Bryan Gil Salvatierra,2025,MR,127,2
La_liga,7338,Bryan Gil Salvatierra,2025,Sub,171,9
La_liga,7424,Alex Sola,2025,Sub,10,1
La_liga,7500,Giacomo Raspadori,2025,FW,67,1
La_liga,7500,Giacomo Raspadori,2025,Sub,136,11
La_liga,7549,Abel Ruiz,2025,Sub,168,9
La_liga,7841,Dani Rodríguez,2025,Sub,56,2
La_liga,7882,Sheraldo Becker,2025,Sub,124,9
La_liga,8014,Abdón Prats,2025,Sub,92,15
La_liga,8200,Logan Costa,2025,Sub,21,2
La_liga,8416,Sergio Lozano,2025,Sub,7,1
La_liga,8424,Aimar Oroz,2025,AMC,1413,18
La_liga,8424,Aimar Oroz,2025,AML,90,1
La_liga,8424,Aimar Oroz,2025,FWL,180,2
La_liga,8424,Aimar Oroz,2025,FWR,73,1
La_liga,8424,Aimar Oroz,2025,MC,251,3
La_liga,8424,Aimar Oroz,2025,ML,67,1
La_liga,8424,Aimar Oroz,2025,Sub,101,5
La_liga,8689,Yvan Neyou,2025,Sub,49,5
La_liga,8946,Mourad El Ghezouani,2025,Sub,42,2
La_liga,9008,Jairo Izquierdo,2025,Sub,22,1
La_liga,9922,Jon Karrikaburu,2025,Sub,107,7
La_liga,10082,Hugo Gonzalez,2025,Sub,4,1
La_liga,10101,Carlos Martín,2025,AML,69,1
La_liga,10101,Carlos Martín,2025,AMR,221,4
La_liga,10101,Carlos Martín,2025,FWR,71,1
La_liga,10101,Carlos Martín,2025,MR,71,1
La_liga,10101,Carlos Martín,2025,Sub,41,4
La_liga,10121,Ilias Akhomach,2025,AMR,423,5
La_liga,10121,Ilias Akhomach,2025,FWR,70,1
La_liga,10121,Ilias Akhomach,2025,MR,174,3
La_liga,10121,Ilias Akhomach,2025,Sub,209,11
La_liga,10155,Rubén Iranzo,2025,Sub,1,1
La_liga,10380,Zito,2025,AMR,115,2
La_liga,10380,Zito,2025,FW,308,4
La_liga,10380,Zito,2025,Sub,88,4
La_liga,10620,Luca Koleosho,2025,Sub,48,3
La_liga,11057,André Almeida,2025,AMC,388,5
La_liga,11057,André Almeida,2025,FW,56,1
La_liga,11057,André Almeida,2025,MC,267,3
La_liga,11057,André Almeida,2025,ML,144,2
La_liga,11057,André Almeida,2025,Sub,152,11
La_liga,11091,Veljko Birmancevic,2025,FW,48,1
La_liga,11091,Veljko Birmancevic,2025,Sub,81,5
La_liga,11381,Dawda Camara,2025,FW,51,1
La_liga,11381,Dawda Camara,2025,Sub,22,1
La_liga,11401,Haissem Hassan,2025,AMR,993,14
La_liga,11401,Haissem Hassan,2025,FWR,179,2
La_liga,11401,Haissem Hassan,2025,MC,84,1
La_liga,11401,Haissem Hassan,2025,MR,216,3
La_liga,11401,Haissem Hassan,2025,Sub,452,17
La_liga,11494,Justin-Noel Kalumba,2025,FW,48,1
La_liga,11494,Justin-Noel Kalumba,2025,Sub,33,2
La_liga,11705,Federico Gattoni,2025,Sub,5,1
La_liga,11834,Adrià Alti,2025,Sub,7,1
La_liga,12044,Dani Pérez,2025,Sub,1,1
La_liga,12257,Rayane Belaid,2025,AMR,76,1
La_liga,12257,Rayane Belaid,2025,FW,64,1
La_liga,12354,Iñaki Rupérez,2025,Sub,1,1
La_liga,12863,Pedro Díaz,2025,AMC,496,7
La_liga,12863,Pedro Díaz,2025,DMC,393,5
La_liga,12863,Pedro Díaz,2025,FW,173,2
La_liga,12863,Pedro Díaz,2025,MC,576,7
La_liga,12863,Pedro Díaz,2025,Sub,230,13
La_liga,12864,Pelayo Fernández,2025,Sub,37,1
La_liga,12884,Endrick,2025,Sub,5,1
La_liga,12951,Jan Salas,2025,Sub,6,2
La_liga,12995,Bojan Miovski,2025,FW,44,1
La_liga,13005,Yáser Asprilla,2025,AMR,90,1
La_liga,13005,Yáser Asprilla,2025,FW,67,1
La_liga,13005,Yáser Asprilla,2025,FWL,53,1
La_liga,13005,Yáser Asprilla,2025,FWR,179,2
La_liga,13005,Yáser Asprilla,2025,MR,52,1
La_liga,13005,Yáser Asprilla,2025,Sub,160,9
La_liga,13036,Pau Cabanes De La Torre,2025,Sub,10,1
La_liga,13110,Toni Fernández,2025,FW,48,1
La_liga,13198,Ramón Martínez,2025,Sub,99,2
La_liga,13229,Alassane Diatta,2025,Sub,19,1
La_liga,13236,Diego Aguado,2025,Sub,24,1
La_liga,13266,Daniel Yáñez,2025,Sub,40,2
La_liga,13267,Arkaitz Mariezkurrena,2025,Sub,1,1
La_liga,13558,Daniel Díaz,2025,Sub,13,1
La_liga,13638,Hugo Solozabal,2025,Sub,4,1
La_liga,13646,Lander Pinillos,2025,Sub,1,1
La_liga,13695,Samu Becerra,2025,Sub,9,3
La_liga,13702,Borja Sánchez,2025,Sub,9,1
La_liga,13703,Marco Esteban,2025,Sub,40,1
La_liga,13704,Omar Falah,2025,Sub,9,1
La_liga,13748,Jofre Torrents,2025,Sub,33,3
La_liga,13761,Filip Ugrinic,2025,AMC,137,2
La_liga,13761,Filip Ugrinic,2025,DMC,158,2
La_liga,13761,Filip Ugrinic,2025,FW,79,1
La_liga,13761,Filip Ugrinic,2025,MC,874,11
La_liga,13761,Filip Ugrinic,2025,ML,60,1
La_liga,13761,Filip Ugrinic,2025,Sub,207,10
La_liga,13764,Calebe,2025,AMR,36,1
La_liga,13764,Calebe,2025,DMR,61,1
La_liga,13764,Calebe,2025,FWR,47,1
La_liga,13764,Calebe,2025,MR,570,10
La_liga,13764,Calebe,2025,Sub,53,6
La_liga,13770,Paco Cortés,2025,AML,81,1
La_liga,13770,Paco Cortés,2025,FWL,89,1
La_liga,13770,Paco Cortés,2025,ML,132,2
La_liga,13770,Paco Cortés,2025,Sub,154,8
La_liga,13790,Joselu Pérez,2025,Sub,16,2
La_liga,13823,Miguel Sierra,2025,Sub,50,4
La_liga,13855,Iván Corralejo,2025,Sub,11,1
La_liga,13889,Jano Monserrate,2025,Sub,14,2
La_liga,13954,Álex Forés,2025,FW,196,3
La_liga,13954,Álex Forés,2025,Sub,135,15
La_liga,14080,Taufik Seidu,2025,Sub,15,1
La_liga,14086,Alex Sancris,2025,FW,166,2
La_liga,14086,Alex Sancris,2025,ML,217,3
La_liga,14086,Alex Sancris,2025,Sub,310,13
La_liga,14089,Lancinet Kourouma,2025,Sub,23,5
La_liga,14093,Javier Olaizola,2025,Sub,44,2
La_liga,14116,Diego Morcillo,2025,Sub,8,1
La_liga,14117,Carlos Ballestero,2025,Sub,1,1
La_liga,14173,Pablo Agudín,2025,Sub,59,7
La_liga,14183,Asier Hierro,2025,Sub,30,1
La_liga,14202,Jorge Montes,2025,Sub,24,1
La_liga,14205,Tomás Marqués,2025,Sub,5,2
La_liga,14208,Gorka Carrera,2025,Sub,49,3
La_liga,14216,Eder García,2025,Sub,30,2
La_liga,14221,Carlos Macià,2025,Sub,65,5
La_liga,14222,Aitor Mañas,2025,Sub,105,9
La_liga,14224,Aleksa Puric,2025,Sub,40,2
La_liga,14227,Juan Arango,2025,Sub,14,2
La_liga,14246,Jorge Cestero,2025,Sub,8,2
La_liga,14259,Lander Astiazarán,2025,Sub,1,1
La_liga,14322,Ibai Aguirre,2025,Sub,4,1
La_liga,14334,Thiago Borbas,2025,Sub,140,12
La_liga,14352,César Palacios,2025,Sub,68,5
La_liga,14353,Álvaro Leiva,2025,Sub,2,1
La_liga,14362,Hugo Burcio,2025,Sub,4,1
La_liga,14366,Álex Sánchez,2025,Sub,5,1
La_liga,14393,Thiago Fernández,2025,AML,423,6
La_liga,14393,Thiago Fernández,2025,FWL,69,1
La_liga,14393,Thiago Fernández,2025,ML,136,2
La_liga,14393,Thiago Fernández,2025,Sub,214,7
La_liga,14397,Tai Abed,2025,Sub,68,7
La_liga,14500,Andrés Antañón,2025,FWR,49,1
La_liga,14500,Andrés Antañón,2025,Sub,15,1
La_liga,14588,Lluc Castell,2025,Sub,15,1
La_liga,14612,Miguel Calatayud,2025,Sub,34,2
La_liga,14630,Manuel Serrano,2025,Sub,3,1
Bundesliga,647,Harry Kane,2025,AMC,270,3
Bundesliga,647,Harry Kane,2025,FW,1917,22
Bundesliga,647,Harry Kane,2025,Sub,198,6
Bundesliga,10804,Deniz Undav,2025,AMC,457,6
Bundesliga,10804,Deniz Undav,2025,FW,1673,19
Bundesliga,10804,Deniz Undav,2025,Sub,131,4
Bundesliga,3738,Serhou Guirassy,2025,FW,2246,27
Bundesliga,3738,Serhou Guirassy,2025,Sub,120,6
Bundesliga,1236,Patrik Schick,2025,AMC,90,1
Bundesliga,1236,Patrik Schick,2025,FW,1792,22
Bundesliga,1236,Patrik Schick,2025,Sub,123,5
Bundesliga,956,Andrej Kramaric,2025,AMC,769,10
Bundesliga,956,Andrej Kramaric,2025,AMR,407,5
Bundesliga,956,Andrej Kramaric,2025,FW,237,3
Bundesliga,956,Andrej Kramaric,2025,FWR,90,1
Bundesliga,956,Andrej Kramaric,2025,MC,368,5
Bundesliga,956,Andrej Kramaric,2025,MR,169,2
Bundesliga,956,Andrej Kramaric,2025,Sub,216,8
Bundesliga,7108,Jonathan Burkardt,2025,FW,1234,15
Bundesliga,7108,Jonathan Burkardt,2025,Sub,117,7
Bundesliga,13013,Haris Tabakovic,2025,FW,2319,28
Bundesliga,13013,Haris Tabakovic,2025,Sub,105,4
Bundesliga,13911,Said El Mala,2025,AMC,166,2
Bundesliga,13911,Said El Mala,2025,AML,336,4
Bundesliga,13911,Said El Mala,2025,FW,788,10
Bundesliga,13911,Said El Mala,2025,FWL,343,4
Bundesliga,13911,Said El Mala,2025,Sub,332,14
Bundesliga,82,Nadiem Amiri,2025,FW,90,1
Bundesliga,82,Nadiem Amiri,2025,MC,1977,23
Bundesliga,82,Nadiem Amiri,2025,Sub,45,2
Bundesliga,6496,Ermedin Demirovic,2025,FW,1400,17
Bundesliga,6496,Ermedin Demirovic,2025,Sub,107,8
Bundesliga,13561,Yan Diomande,2025,AML,90,1
Bundesliga,13561,Yan Diomande,2025,AMR,90,1
Bundesliga,13561,Yan Diomande,2025,FWL,560,7
Bundesliga,13561,Yan Diomande,2025,FWR,1468,17
Bundesliga,13561,Yan Diomande,2025,MR,180,2
Bundesliga,13561,Yan Diomande,2025,Sub,119,5
Bundesliga,12953,Igor Matanovic,2025,FW,1199,14
Bundesliga,12953,Igor Matanovic,2025,Sub,337,17
Bundesliga,10113,Fisnik Asllani,2025,AMC,814,11
Bundesliga,10113,Fisnik Asllani,2025,FW,1510,19
Bundesliga,10113,Fisnik Asllani,2025,MC,64,1
Bundesliga,10113,Fisnik Asllani,2025,Sub,41,2
Bundesliga,8137,Maximilian Beier,2025,AMC,1088,14
Bundesliga,8137,Maximilian Beier,2025,DML,408,5
Bundesliga,8137,Maximilian Beier,2025,FW,339,4
Bundesliga,8137,Maximilian Beier,2025,FWL,80,1
Bundesliga,8137,Maximilian Beier,2025,Sub,154,8
Bundesliga,13852,Rômulo,2025,AMC,78,1
Bundesliga,13852,Rômulo,2025,FW,2090,26
Bundesliga,13852,Rômulo,2025,Sub,78,3
Bundesliga,993,Serge Gnabry,2025,AMC,796,11
Bundesliga,993,Serge Gnabry,2025,AML,310,4
Bundesliga,993,Serge Gnabry,2025,FW,67,1
Bundesliga,993,Serge Gnabry,2025,Sub,107,5
Bundesliga,8407,Tim Lemperle,2025,AMR,78,1
Bundesliga,8407,Tim Lemperle,2025,FW,1618,20
Bundesliga,8407,Tim Lemperle,2025,FWR,228,3
Bundesliga,8407,Tim Lemperle,2025,Sub,84,5
Bundesliga,10048,Nicolas Jackson,2025,AML,63,1
Bundesliga,10048,Nicolas Jackson,2025,FW,813,11
Bundesliga,10048,Nicolas Jackson,2025,Sub,115,11
Bundesliga,11227,Dzenan Pejcinovic,2025,FW,1293,16
Bundesliga,11227,Dzenan Pejcinovic,2025,Sub,152,14
Bundesliga,13062,Mohammed Amoura,2025,AMC,412,5
Bundesliga,13062,Mohammed Amoura,2025,AML,310,4
Bundesliga,13062,Mohammed Amoura,2025,AMR,90,1
Bundesliga,13062,Mohammed Amoura,2025,FW,1035,13
Bundesliga,13062,Mohammed Amoura,2025,Sub,102,7
Bundesliga,261,Julian Brandt,2025,AMC,1095,13
Bundesliga,261,Julian Brandt,2025,FWL,180,2
Bundesliga,261,Julian Brandt,2025,FWR,76,1
Bundesliga,261,Julian Brandt,2025,MC,90,1
Bundesliga,261,Julian Brandt,2025,Sub,160,12
Bundesliga,6449,Chris Führich,2025,AMC,333,5
Bundesliga,6449,Chris Führich,2025,AML,677,9
Bundesliga,6449,Chris Führich,2025,FW,60,1
Bundesliga,6449,Chris Führich,2025,ML,403,5
Bundesliga,6449,Chris Führich,2025,Sub,254,13
Bundesliga,8869,Ragnar Ache,2025,FW,1459,18
Bundesliga,8869,Ragnar Ache,2025,Sub,280,11
Bundesliga,10732,Jakub Kaminski,2025,AMC,888,10
Bundesliga,10732,Jakub Kaminski,2025,AML,87,1
Bundesliga,10732,Jakub Kaminski,2025,DML,180,2
Bundesliga,10732,Jakub Kaminski,2025,DMR,180,2
Bundesliga,10732,Jakub Kaminski,2025,FW,180,2
Bundesliga,10732,Jakub Kaminski,2025,FWL,180,2
Bundesliga,10732,Jakub Kaminski,2025,FWR,180,2
Bundesliga,10732,Jakub Kaminski,2025,MC,810,9
Bundesliga,10732,Jakub Kaminski,2025,ML,256,3
Bundesliga,10732,Jakub Kaminski,2025,MR,90,1
Bundesliga,10772,Karim Adeyemi,2025,AMC,766,10
Bundesliga,10772,Karim Adeyemi,2025,FW,189,3
Bundesliga,10772,Karim Adeyemi,2025,FWR,141,2
Bundesliga,10772,Karim Adeyemi,2025,Sub,122,13
Bundesliga,11007,Fábio Vieira,2025,AMC,703,8
Bundesliga,11007,Fábio Vieira,2025,DMC,90,1
Bundesliga,11007,Fábio Vieira,2025,FWR,491,6
Bundesliga,11007,Fábio Vieira,2025,MC,798,9
Bundesliga,11007,Fábio Vieira,2025,MR,82,1
Bundesliga,11007,Fábio Vieira,2025,Sub,77,4
Bundesliga,171,Michael Gregoritsch,2025,FW,836,11
Bundesliga,171,Michael Gregoritsch,2025,Sub,90,6
Bundesliga,5256,Oliver Burke,2025,AMC,590,8
Bundesliga,5256,Oliver Burke,2025,AMR,179,2
Bundesliga,5256,Oliver Burke,2025,FW,769,10
Bundesliga,5256,Oliver Burke,2025,FWR,90,1
Bundesliga,5256,Oliver Burke,2025,Sub,71,8
Bundesliga,8056,Arnaud Kalimuendo Muinga,2025,AMC,180,2
Bundesliga,8056,Arnaud Kalimuendo Muinga,2025,FW,752,10
Bundesliga,8056,Arnaud Kalimuendo Muinga,2025,FWL,90,1
Bundesliga,8056,Arnaud Kalimuendo Muinga,2025,FWR,177,2
Bundesliga,8056,Arnaud Kalimuendo Muinga,2025,ML,90,1
Bundesliga,8056,Arnaud Kalimuendo Muinga,2025,MR,90,1
Bundesliga,8056,Arnaud Kalimuendo Muinga,2025,Sub,52,2
Bundesliga,10288,Anton Kade,2025,AMC,785,9
Bundesliga,10288,Anton Kade,2025,DMR,402,5
Bundesliga,10288,Anton Kade,2025,FW,311,4
Bundesliga,10288,Anton Kade,2025,Sub,242,10
Bundesliga,11845,Phillip Tietz,2025,FW,1652,19
Bundesliga,11845,Phillip Tietz,2025,Sub,159,10
Bundesliga,12038,Fabian Rieder,2025,AMC,1454,18
Bundesliga,12038,Fabian Rieder,2025,DML,90,1
Bundesliga,12038,Fabian Rieder,2025,FWR,86,1
Bundesliga,12038,Fabian Rieder,2025,MC,630,7
Bundesliga,12038,Fabian Rieder,2025,MR,90,1
Bundesliga,12038,Fabian Rieder,2025,Sub,37,4
Bundesliga,13323,Budu Zivzivadze,2025,FW,911,13
Bundesliga,13323,Budu Zivzivadze,2025,FWR,90,1
Bundesliga,13323,Budu Zivzivadze,2025,Sub,147,6
Bundesliga,294,Gian-Luca Waldschmidt,2025,AMC,127,2
Bundesliga,294,Gian-Luca Waldschmidt,2025,AMR,68,1
Bundesliga,294,Gian-Luca Waldschmidt,2025,FW,48,1
Bundesliga,294,Gian-Luca Waldschmidt,2025,FWR,197,3
Bundesliga,294,Gian-Luca Waldschmidt,2025,Sub,193,17
Bundesliga,5752,Alexis Claude Maurice,2025,AMC,1692,20
Bundesliga,5752,Alexis Claude Maurice,2025,AML,61,1
Bundesliga,5752,Alexis Claude Maurice,2025,FW,158,2
Bundesliga,5752,Alexis Claude Maurice,2025,FWL,67,1
Bundesliga,5752,Alexis Claude Maurice,2025,ML,84,1
Bundesliga,5752,Alexis Claude Maurice,2025,Sub,73,4
Bundesliga,7749,Rayan Philippe,2025,AMC,214,3
Bundesliga,7749,Rayan Philippe,2025,FW,122,2
Bundesliga,7749,Rayan Philippe,2025,FWR,657,8
Bundesliga,7749,Rayan Philippe,2025,Sub,279,15
Bundesliga,7879,Marius Bülter,2025,AMC,114,2
Bundesliga,7879,Marius Bülter,2025,AML,220,3
Bundesliga,7879,Marius Bülter,2025,FW,912,11
Bundesliga,7879,Marius Bülter,2025,FWL,123,2
Bundesliga,7879,Marius Bülter,2025,Sub,209,14
Bundesliga,8791,Ritsu Doan,2025,AMC,455,6
Bundesliga,8791,Ritsu Doan,2025,AMR,790,9
Bundesliga,8791,Ritsu Doan,2025,DMR,179,2
Bundesliga,8791,Ritsu Doan,2025,FWR,90,1
Bundesliga,8791,Ritsu Doan,2025,MC,260,3
Bundesliga,8791,Ritsu Doan,2025,MR,566,7
Bundesliga,8791,Ritsu Doan,2025,Sub,85,3
Bundesliga,10367,Tiago Tomás,2025,AMC,78,1
Bundesliga,10367,Tiago Tomás,2025,AMR,582,8
Bundesliga,10367,Tiago Tomás,2025,FW,88,1
Bundesliga,10367,Tiago Tomás,2025,Sub,248,17
Bundesliga,10585,Justin Njinmah,2025,AML,62,1
Bundesliga,10585,Justin Njinmah,2025,AMR,310,4
Bundesliga,10585,Justin Njinmah,2025,DMR,90,1
Bundesliga,10585,Justin Njinmah,2025,FW,873,11
Bundesliga,10585,Justin Njinmah,2025,FWR,62,1
Bundesliga,10585,Justin Njinmah,2025,MR,353,4
Bundesliga,10585,Justin Njinmah,2025,Sub,213,11
Bundesliga,11861,Stefan Schimmer,2025,FW,208,3
Bundesliga,11861,Stefan Schimmer,2025,Sub,529,24
Bundesliga,12421,Andrej Ilic,2025,AMC,90,1
Bundesliga,12421,Andrej Ilic,2025,FW,1956,23
Bundesliga,12421,Andrej Ilic,2025,Sub,192,8
Bundesliga,12983,Danel Sinani,2025,AMC,1438,17
Bundesliga,12983,Danel Sinani,2025,FW,410,5
Bundesliga,12983,Danel Sinani,2025,MC,90,1
Bundesliga,12983,Danel Sinani,2025,Sub,142,7
Bundesliga,13427,Bazoumana Touré,2025,AML,633,8
Bundesliga,13427,Bazoumana Touré,2025,DML,322,4
Bundesliga,13427,Bazoumana Touré,2025,FW,315,4
Bundesliga,13427,Bazoumana Touré,2025,FWL,338,4
Bundesliga,13427,Bazoumana Touré,2025,ML,660,8
Bundesliga,13427,Bazoumana Touré,2025,MR,90,1
Bundesliga,13427,Bazoumana Touré,2025,Sub,21,1
Bundesliga,13856,Christian Kofane,2025,AML,79,1
Bundesliga,13856,Christian Kofane,2025,FW,880,11
Bundesliga,13856,Christian Kofane,2025,Sub,272,17
Bundesliga,13866,Ilyas Ansah,2025,AMC,1093,14
Bundesliga,13866,Ilyas Ansah,2025,FW,611,8
Bundesliga,13866,Ilyas Ansah,2025,FWL,71,1
Bundesliga,13866,Ilyas Ansah,2025,Sub,185,10
Bundesliga,13925,Ransford Königsdörffer,2025,AMC,547,7
Bundesliga,13925,Ransford Königsdörffer,2025,FW,1517,19
Bundesliga,13925,Ransford Königsdörffer,2025,FWL,90,1
Bundesliga,13925,Ransford Königsdörffer,2025,FWR,157,2
Bundesliga,13925,Ransford Königsdörffer,2025,Sub,114,4
Bundesliga,5611,Martin Terrier,2025,AMC,400,6
Bundesliga,5611,Martin Terrier,2025,FW,69,1
Bundesliga,5611,Martin Terrier,2025,Sub,198,11
Bundesliga,6415,Nikolas Nartey,2025,AMC,806,10
Bundesliga,6415,Nikolas Nartey,2025,AMR,69,1
Bundesliga,6415,Nikolas Nartey,2025,FW,76,1
Bundesliga,6415,Nikolas Nartey,2025,MC,126,2
Bundesliga,6415,Nikolas Nartey,2025,Sub,178,14
Bundesliga,7267,Woo-Yeong Jeong,2025,AMC,807,11
Bundesliga,7267,Woo-Yeong Jeong,2025,FW,138,2
Bundesliga,7267,Woo-Yeong Jeong,2025,Sub,237,15
Bundesliga,8989,Ansgar Knauff,2025,AMC,79,1
Bundesliga,8989,Ansgar Knauff,2025,AML,67,1
Bundesliga,8989,Ansgar Knauff,2025,DMR,56,1
Bundesliga,8989,Ansgar Knauff,2025,FW,405,5
Bundesliga,8989,Ansgar Knauff,2025,ML,245,3
Bundesliga,8989,Ansgar Knauff,2025,MR,84,1
Bundesliga,8989,Ansgar Knauff,2025,Sub,366,16
Bundesliga,9069,Romano Schmid,2025,AMC,1777,20
Bundesliga,9069,Romano Schmid,2025,AML,90,1
Bundesliga,9069,Romano Schmid,2025,AMR,167,2
Bundesliga,9069,Romano Schmid,2025,FW,270,3
Bundesliga,9069,Romano Schmid,2025,FWL,90,1
Bundesliga,9069,Romano Schmid,2025,MC,265,3
Bundesliga,9069,Romano Schmid,2025,ML,345,4
Bundesliga,9730,Patrick Wimmer,2025,AMC,146,2
Bundesliga,9730,Patrick Wimmer,2025,AML,1003,13
Bundesliga,9730,Patrick Wimmer,2025,AMR,143,2
Bundesliga,9730,Patrick Wimmer,2025,FW,74,1
Bundesliga,9730,Patrick Wimmer,2025,MC,228,3
Bundesliga,9730,Patrick Wimmer,2025,Sub,84,4
Bundesliga,9783,Jae-Sung Lee,2025,AMC,496,6
Bundesliga,9783,Jae-Sung Lee,2025,FW,251,3
Bundesliga,9783,Jae-Sung Lee,2025,MC,1365,16
Bundesliga,9783,Jae-Sung Lee,2025,ML,90,1
Bundesliga,9783,Jae-Sung Lee,2025,Sub,27,2
Bundesliga,11856,Marvin Pieringer,2025,AMC,139,2
Bundesliga,11856,Marvin Pieringer,2025,FW,1340,17
Bundesliga,11856,Marvin Pieringer,2025,FWR,81,1
Bundesliga,11856,Marvin Pieringer,2025,Sub,129,7
Bundesliga,12941,Antonio Nusa,2025,AML,152,2
Bundesliga,12941,Antonio Nusa,2025,FWL,1567,20
Bundesliga,12941,Antonio Nusa,2025,ML,180,2
Bundesliga,12941,Antonio Nusa,2025,Sub,149,7
Bundesliga,13020,Bilal El Khannouss,2025,AMC,1273,15
Bundesliga,13020,Bilal El Khannouss,2025,AMR,214,3
Bundesliga,13020,Bilal El Khannouss,2025,FW,85,1
Bundesliga,13020,Bilal El Khannouss,2025,Sub,82,6
Bundesliga,13191,Assan Ouédraogo,2025,DMC,62,1
Bundesliga,13191,Assan Ouédraogo,2025,FWL,62,1
Bundesliga,13191,Assan Ouédraogo,2025,MC,794,11
Bundesliga,13191,Assan Ouédraogo,2025,Sub,52,6
Bundesliga,13885,Andréas Hountondji,2025,AMC,62,1
Bundesliga,13885,Andréas Hountondji,2025,FW,880,14
Bundesliga,13885,Andréas Hountondji,2025,Sub,150,6
Bundesliga,5969,Jean-Luc Dompe,2025,AMC,163,2
Bundesliga,5969,Jean-Luc Dompe,2025,FWL,828,10
Bundesliga,5969,Jean-Luc Dompe,2025,Sub,141,8
Bundesliga,6475,Lucas Höler,2025,AMC,852,11
Bundesliga,6475,Lucas Höler,2025,FW,1146,14
Bundesliga,6475,Lucas Höler,2025,Sub,72,8
Bundesliga,7882,Sheraldo Becker,2025,FW,884,11
Bundesliga,7882,Sheraldo Becker,2025,Sub,91,3
Bundesliga,8205,Jan Thielmann,2025,AMC,123,2
Bundesliga,8205,Jan Thielmann,2025,AMR,142,2
Bundesliga,8205,Jan Thielmann,2025,DMR,439,5
Bundesliga,8205,Jan Thielmann,2025,DR,165,2
Bundesliga,8205,Jan Thielmann,2025,FW,216,3
Bundesliga,8205,Jan Thielmann,2025,FWR,70,1
Bundesliga,8205,Jan Thielmann,2025,MC,156,2
Bundesliga,8205,Jan Thielmann,2025,MR,186,3
Bundesliga,8205,Jan Thielmann,2025,Sub,85,6
Bundesliga,8418,Jamal Musiala,2025,AMC,373,5
Bundesliga,8418,Jamal Musiala,2025,AML,85,1
Bundesliga,8418,Jamal Musiala,2025,FW,49,1
Bundesliga,8418,Jamal Musiala,2025,Sub,159,8
Bundesliga,9201,Eren Sami Dinkci,2025,AMC,604,7
Bundesliga,9201,Eren Sami Dinkci,2025,AMR,118,2
Bundesliga,9201,Eren Sami Dinkci,2025,DMR,90,1
Bundesliga,9201,Eren Sami Dinkci,2025,FWR,265,3
Bundesliga,9201,Eren Sami Dinkci,2025,MR,256,3
Bundesliga,9201,Eren Sami Dinkci,2025,Sub,68,6
Bundesliga,9326,Robert Glatzel,2025,FW,474,7
Bundesliga,9326,Robert Glatzel,2025,Sub,120,12
Bundesliga,10830,Jean Négoce,2025,AMC,290,4
Bundesliga,10830,Jean Négoce,2025,AML,367,5
Bundesliga,10830,Jean Négoce,2025,FWL,307,4
Bundesliga,10830,Jean Négoce,2025,ML,106,2
Bundesliga,10830,Jean Négoce,2025,Sub,252,12
Bundesliga,11310,Brajan Gruda,2025,AMC,90,1
Bundesliga,11310,Brajan Gruda,2025,FWR,320,4
Bundesliga,11310,Brajan Gruda,2025,MC,224,3
Bundesliga,11310,Brajan Gruda,2025,Sub,126,5
Bundesliga,11840,Jovan Milosevic,2025,FW,342,5
Bundesliga,11840,Jovan Milosevic,2025,Sub,134,8
Bundesliga,12904,Samuel Mbangula,2025,AMC,179,2
Bundesliga,12904,Samuel Mbangula,2025,AML,568,8
Bundesliga,12904,Samuel Mbangula,2025,FWL,147,2
Bundesliga,12904,Samuel Mbangula,2025,Sub,266,14
Bundesliga,12924,Marco Grüll,2025,AMC,234,3
Bundesliga,12924,Marco Grüll,2025,AML,343,4
Bundesliga,12924,Marco Grüll,2025,AMR,358,5
Bundesliga,12924,Marco Grüll,2025,FW,632,8
Bundesliga,12924,Marco Grüll,2025,FWR,178,2
Bundesliga,12924,Marco Grüll,2025,MR,87,1
Bundesliga,12924,Marco Grüll,2025,Sub,207,10
Bundesliga,12934,Shuto Machino,2025,AMC,155,2
Bundesliga,12934,Shuto Machino,2025,AML,90,1
Bundesliga,12934,Shuto Machino,2025,FW,497,6
Bundesliga,12934,Shuto Machino,2025,Sub,304,23
Bundesliga,13326,Abdoulie Ceesay,2025,Sub,282,20
Bundesliga,13919,Jens Castrop,2025,AMC,165,2
Bundesliga,13919,Jens Castrop,2025,DML,467,6
Bundesliga,13919,Jens Castrop,2025,DMR,232,3
Bundesliga,13919,Jens Castrop,2025,DR,18,1
Bundesliga,13919,Jens Castrop,2025,FWL,87,1
Bundesliga,13919,Jens Castrop,2025,MC,90,1
Bundesliga,13919,Jens Castrop,2025,ML,317,4
Bundesliga,13919,Jens Castrop,2025,MR,153,2
Bundesliga,13919,Jens Castrop,2025,Sub,84,6
Bundesliga,13966,Martijn Kaars,2025,FW,1021,14
Bundesliga,13966,Martijn Kaars,2025,Sub,310,15
Bundesliga,14023,Conrad Harder,2025,FW,545,7
Bundesliga,14023,Conrad Harder,2025,FWR,90,1
Bundesliga,14023,Conrad Harder,2025,Sub,251,21
Bundesliga,205,Mahmoud Dahoud,2025,DMC,362,5
Bundesliga,205,Mahmoud Dahoud,2025,FW,63,1
Bundesliga,205,Mahmoud Dahoud,2025,MC,151,2
Bundesliga,205,Mahmoud Dahoud,2025,Sub,146,7
Bundesliga,3314,Franck Honorat,2025,AMC,519,7
Bundesliga,3314,Franck Honorat,2025,AMR,248,3
Bundesliga,3314,Franck Honorat,2025,DR,90,1
Bundesliga,3314,Franck Honorat,2025,FW,602,7
Bundesliga,3314,Franck Honorat,2025,FWR,136,2
Bundesliga,3314,Franck Honorat,2025,MR,322,4
Bundesliga,3314,Franck Honorat,2025,Sub,104,4
Bundesliga,6638,Linton Maina,2025,AMR,214,3
Bundesliga,6638,Linton Maina,2025,DML,68,1
Bundesliga,6638,Linton Maina,2025,DMR,74,1
Bundesliga,6638,Linton Maina,2025,FW,70,1
Bundesliga,6638,Linton Maina,2025,FWR,79,1
Bundesliga,6638,Linton Maina,2025,ML,88,1
Bundesliga,6638,Linton Maina,2025,MR,76,1
Bundesliga,6638,Linton Maina,2025,Sub,338,15
Bundesliga,7743,Pereira Lage,2025,AMC,750,10
Bundesliga,7743,Pereira Lage,2025,DML,90,1
Bundesliga,7743,Pereira Lage,2025,FW,838,10
Bundesliga,7743,Pereira Lage,2025,FWL,160,2
Bundesliga,7743,Pereira Lage,2025,ML,157,2
Bundesliga,7743,Pereira Lage,2025,Sub,72,3
Bundesliga,8778,Fabio Silva,2025,AMC,206,3
Bundesliga,8778,Fabio Silva,2025,FW,299,4
Bundesliga,8778,Fabio Silva,2025,Sub,279,21
Bundesliga,9350,Armindo Sieb,2025,FW,230,3
Bundesliga,9350,Armindo Sieb,2025,Sub,267,19
Bundesliga,9356,Carney Chukwuemeka,2025,AMC,390,5
Bundesliga,9356,Carney Chukwuemeka,2025,FWL,80,1
Bundesliga,9356,Carney Chukwuemeka,2025,FWR,64,1
Bundesliga,9356,Carney Chukwuemeka,2025,MC,66,1
Bundesliga,9356,Carney Chukwuemeka,2025,Sub,269,20
Bundesliga,10248,Arijon Ibrahimovic,2025,AMC,813,10
Bundesliga,10248,Arijon Ibrahimovic,2025,AMR,301,4
Bundesliga,10248,Arijon Ibrahimovic,2025,DMR,180,2
Bundesliga,10248,Arijon Ibrahimovic,2025,FWL,237,3
Bundesliga,10248,Arijon Ibrahimovic,2025,ML,248,3
Bundesliga,10248,Arijon Ibrahimovic,2025,MR,230,3
Bundesliga,10248,Arijon Ibrahimovic,2025,Sub,187,7
Bundesliga,10792,Farès Chaïbi,2025,AMC,210,3
Bundesliga,10792,Farès Chaïbi,2025,AML,111,2
Bundesliga,10792,Farès Chaïbi,2025,DMC,360,4
Bundesliga,10792,Farès Chaïbi,2025,DMR,90,1
Bundesliga,10792,Farès Chaïbi,2025,FWR,86,1
Bundesliga,10792,Farès Chaïbi,2025,MC,807,10
Bundesliga,10792,Farès Chaïbi,2025,Sub,158,7
Bundesliga,11604,Mert Kömür,2025,AMC,562,8
Bundesliga,11604,Mert Kömür,2025,FW,570,7
Bundesliga,11604,Mert Kömür,2025,MC,162,2
Bundesliga,11604,Mert Kömür,2025,Sub,161,11
Bundesliga,11917,Mathias Honsak,2025,AMC,152,2
Bundesliga,11917,Mathias Honsak,2025,AML,323,4
Bundesliga,11917,Mathias Honsak,2025,FW,137,2
Bundesliga,11917,Mathias Honsak,2025,FWL,102,2
Bundesliga,11917,Mathias Honsak,2025,ML,354,5
Bundesliga,11917,Mathias Honsak,2025,Sub,195,12
Bundesliga,12418,Rodrigo Ribeiro,2025,FW,449,6
Bundesliga,12418,Rodrigo Ribeiro,2025,Sub,180,8
Bundesliga,12470,Max Moerstedt,2025,FW,80,1
Bundesliga,12470,Max Moerstedt,2025,Sub,254,21
Bundesliga,12988,Sirlord Conteh,2025,AMC,177,2
Bundesliga,12988,Sirlord Conteh,2025,FWR,70,1
Bundesliga,12988,Sirlord Conteh,2025,Sub,338,12
Bundesliga,13428,Marin Ljubicic,2025,Sub,11,2
Bundesliga,13850,Johan Bakayoko,2025,AMR,152,2
Bundesliga,13850,Johan Bakayoko,2025,FWR,444,6
Bundesliga,13850,Johan Bakayoko,2025,Sub,168,12
Bundesliga,14024,Adam Daghim,2025,AMR,763,9
Bundesliga,14024,Adam Daghim,2025,FW,255,3
Bundesliga,14024,Adam Daghim,2025,Sub,310,15
Bundesliga,14123,Wael Mohya,2025,AMC,197,3
Bundesliga,14123,Wael Mohya,2025,AML,68,1
Bundesliga,14123,Wael Mohya,2025,FWL,61,1
Bundesliga,14123,Wael Mohya,2025,ML,66,1
Bundesliga,14123,Wael Mohya,2025,Sub,141,9
Bundesliga,14197,Ricky-Jade Jones,2025,FW,207,3
Bundesliga,14197,Ricky-Jade Jones,2025,Sub,137,6
Bundesliga,14331,Ayoube Amaimouni-Echghouyab,2025,AMC,72,1
Bundesliga,14331,Ayoube Amaimouni-Echghouyab,2025,AMR,48,1
Bundesliga,14331,Ayoube Amaimouni-Echghouyab,2025,DMR,219,3
Bundesliga,14331,Ayoube Amaimouni-Echghouyab,2025,FWR,80,1
Bundesliga,14331,Ayoube Amaimouni-Echghouyab,2025,Sub,132,11
Bundesliga,1678,Michy Batshuayi,2025,FW,51,1
Bundesliga,1678,Michy Batshuayi,2025,Sub,72,5
Bundesliga,2693,Marius Wolf,2025,AMR,70,1
Bundesliga,2693,Marius Wolf,2025,DML,80,1
Bundesliga,2693,Marius Wolf,2025,DMR,613,9
Bundesliga,2693,Marius Wolf,2025,FW,49,1
Bundesliga,2693,Marius Wolf,2025,Sub,190,17
Bundesliga,5250,Yussuf Poulsen,2025,FW,63,1
Bundesliga,5250,Yussuf Poulsen,2025,Sub,223,14
Bundesliga,7742,Valentin Gendrey,2025,Sub,38,8
Bundesliga,8807,Silas Wamangituka,2025,FW,241,4
Bundesliga,8807,Silas Wamangituka,2025,Sub,105,4
Bundesliga,10394,Jonas Wind,2025,FW,393,5
Bundesliga,10394,Jonas Wind,2025,Sub,87,6
Bundesliga,10728,Oscar Fraulo,2025,Sub,30,4
Bundesliga,10926,Tim Skarke,2025,AMC,200,3
Bundesliga,10926,Tim Skarke,2025,FW,47,1
Bundesliga,10926,Tim Skarke,2025,Sub,308,18
Bundesliga,11314,Keke Maximilian Topp,2025,FW,477,7
Bundesliga,11314,Keke Maximilian Topp,2025,Sub,140,13
Bundesliga,11847,Grant-Leon Ranos,2025,Sub,89,8
Bundesliga,11981,Benedict Hollerbach,2025,AMC,308,4
Bundesliga,11981,Benedict Hollerbach,2025,FW,584,9
Bundesliga,11981,Benedict Hollerbach,2025,Sub,11,1
Bundesliga,12053,Mikkel Kaufmann,2025,FW,394,6
Bundesliga,12053,Mikkel Kaufmann,2025,Sub,125,10
Bundesliga,12069,Junior Adamu,2025,FW,450,7
Bundesliga,12069,Junior Adamu,2025,Sub,6,2
Bundesliga,12922,Samuel Essende,2025,FW,180,2
Bundesliga,12922,Samuel Essende,2025,Sub,181,12
Bundesliga,13442,Tidiam Gomis,2025,FWL,81,1
Bundesliga,13442,Tidiam Gomis,2025,FWR,62,1
Bundesliga,13442,Tidiam Gomis,2025,Sub,166,16
Bundesliga,13862,Adam Kölle,2025,Sub,73,6
Bundesliga,13883,Joel Chima Fujita,2025,AMC,1173,14
Bundesliga,13883,Joel Chima Fujita,2025,FWR,90,1
Bundesliga,13883,Joel Chima Fujita,2025,MC,1226,14
Bundesliga,13883,Joel Chima Fujita,2025,MR,180,2
Bundesliga,13883,Joel Chima Fujita,2025,Sub,20,1
Bundesliga,14036,Fabio Baldé,2025,FWL,153,2
Bundesliga,14036,Fabio Baldé,2025,ML,73,1
Bundesliga,14036,Fabio Baldé,2025,Sub,196,13
Bundesliga,14058,Cameron Puertas,2025,AMC,149,2
Bundesliga,14058,Cameron Puertas,2025,AMR,330,4
Bundesliga,14058,Cameron Puertas,2025,DMC,180,2
Bundesliga,14058,Cameron Puertas,2025,FW,90,1
Bundesliga,14058,Cameron Puertas,2025,MC,1047,13
Bundesliga,14058,Cameron Puertas,2025,Sub,71,6
Bundesliga,14177,Livan Burcu,2025,AMC,154,2
Bundesliga,14177,Livan Burcu,2025,AML,145,2
Bundesliga,14177,Livan Burcu,2025,FW,132,2
Bundesliga,14177,Livan Burcu,2025,Sub,190,12
Bundesliga,14329,Younes Ebnoutalib,2025,FW,109,2
Bundesliga,14329,Younes Ebnoutalib,2025,Sub,18,3
Bundesliga,14423,Philip Otele,2025,AMC,343,5
Bundesliga,14423,Philip Otele,2025,FWL,147,2
Bundesliga,14423,Philip Otele,2025,Sub,14,2
Bundesliga,14481,Salim Musah,2025,FW,81,2
Bundesliga,14481,Salim Musah,2025,Sub,101,6
Bundesliga,65,Timo Werner,2025,Sub,11,3
Bundesliga,188,Kevin Kampl,2025,Sub,3,3
Bundesliga,359,Timothy Chandler,2025,Sub,6,1
Bundesliga,4247,Maximilian Philipp,2025,Sub,22,2
Bundesliga,5294,Salih Özcan,2025,Sub,55,11
Bundesliga,5298,Arne Maier,2025,Sub,1,1
Bundesliga,5684,Arnaud Nordin,2025,AMC,225,3
Bundesliga,5684,Arnaud Nordin,2025,DMR,90,1
Bundesliga,5684,Arnaud Nordin,2025,FW,57,1
Bundesliga,5684,Arnaud Nordin,2025,Sub,96,8
Bundesliga,6142,Tim Kleindienst,2025,Sub,5,3
Bundesliga,6271,Ihlas Bebou,2025,Sub,129,16
Bundesliga,7065,Florian Neuhaus,2025,AMC,309,4
Bundesliga,7065,Florian Neuhaus,2025,DMC,78,1
Bundesliga,7065,Florian Neuhaus,2025,FW,145,2
Bundesliga,7065,Florian Neuhaus,2025,MC,153,2
Bundesliga,7065,Florian Neuhaus,2025,ML,130,2
Bundesliga,7065,Florian Neuhaus,2025,Sub,130,6
Bundesliga,7366,Maximilian Wöber,2025,Sub,29,2
Bundesliga,8396,Jessic Ngankam,2025,Sub,50,3
Bundesliga,8405,Immanuel Pherai,2025,Sub,19,6
Bundesliga,9182,Sepe Elye Wahi,2025,FW,239,3
Bundesliga,9182,Sepe Elye Wahi,2025,Sub,70,7
Bundesliga,9731,Guilherme Ramos,2025,Sub,31,8
Bundesliga,9766,Ismaël Gharbi,2025,Sub,71,6
Bundesliga,9776,Taichi Hara,2025,Sub,23,4
Bundesliga,9786,Ben Bobzien,2025,Sub,3,1
Bundesliga,9916,Finley Stevens,2025,Sub,25,1
Bundesliga,10730,Muhammed Damar,2025,AMR,76,1
Bundesliga,10730,Muhammed Damar,2025,FW,71,1
Bundesliga,10730,Muhammed Damar,2025,Sub,96,13
Bundesliga,10774,Adam Hlozek,2025,Sub,30,5
Bundesliga,10832,Loïs Openda,2025,FW,51,1
Bundesliga,10832,Loïs Openda,2025,Sub,3,1
Bundesliga,10862,Tim Oermann,2025,Sub,12,2
Bundesliga,11062,Badredine Bouanani,2025,AMR,287,4
Bundesliga,11062,Badredine Bouanani,2025,FW,90,1
Bundesliga,11062,Badredine Bouanani,2025,Sub,74,9
Bundesliga,11143,Nelson Weiper,2025,FW,254,3
Bundesliga,11143,Nelson Weiper,2025,Sub,232,21
Bundesliga,11331,Merlin Röhl,2025,Sub,52,2
Bundesliga,11411,Damion Downs,2025,FW,442,6
Bundesliga,11411,Damion Downs,2025,Sub,92,6
Bundesliga,11851,Václav Cerny,2025,Sub,40,2
Bundesliga,11867,Victor Boniface,2025,FW,152,2
Bundesliga,11867,Victor Boniface,2025,Sub,157,9
Bundesliga,12013,Skelly Alvero,2025,Sub,23,2
Bundesliga,12250,Elias Baum,2025,Sub,64,5
Bundesliga,12314,Yannick Eduardo,2025,Sub,1,1
Bundesliga,12431,Isak Hansen-Aaröen,2025,Sub,1,1
Bundesliga,12965,Bence Dárdai,2025,Sub,31,1
Bundesliga,12979,Connor Metcalfe,2025,AMC,90,1
Bundesliga,12979,Connor Metcalfe,2025,FWR,83,1
Bundesliga,12979,Connor Metcalfe,2025,MC,90,1
Bundesliga,12979,Connor Metcalfe,2025,Sub,273,22
Bundesliga,12980,Elias Saad,2025,AMC,400,6
Bundesliga,12980,Elias Saad,2025,FW,67,1
Bundesliga,12980,Elias Saad,2025,Sub,51,3
Bundesliga,13056,Almugera Kabar,2025,Sub,14,1
Bundesliga,13131,Cole Campbell,2025,Sub,64,6
Bundesliga,13262,Jonah Kusi-Asare,2025,Sub,1,1
Bundesliga,13416,Luka Djuric,2025,Sub,5,1
Bundesliga,13421,Wisdom Mike,2025,Sub,18,4
Bundesliga,13422,Mick Schmetgens,2025,Sub,34,2
Bundesliga,13505,Alejo Sarco,2025,Sub,107,6
Bundesliga,13621,Charles Herrmann,2025,Sub,1,1
Bundesliga,13863,Yannik Wagner,2025,Sub,31,4
Bundesliga,13868,Lazar Jovanovic,2025,Sub,23,3
Bundesliga,13912,Jusuf Gazibegovic,2025,Sub,17,1
Bundesliga,13924,Emir Sahiti,2025,FWR,124,2
Bundesliga,13926,Alexander Røssing-Lelesiit,2025,AML,13,1
Bundesliga,13926,Alexander Røssing-Lelesiit,2025,FWL,216,3
Bundesliga,13926,Alexander Røssing-Lelesiit,2025,ML,52,1
Bundesliga,13926,Alexander Røssing-Lelesiit,2025,Sub,38,6
Bundesliga,13928,Otto Stange,2025,FW,147,2
Bundesliga,13928,Otto Stange,2025,Sub,128,8
Bundesliga,13972,Andrija Maksimovic,2025,Sub,77,8
Bundesliga,13981,Aiman Dardari,2025,Sub,21,3
Bundesliga,14071,Cassiano Kiala,2025,Sub,1,1
Bundesliga,14096,Tobias Weigel,2025,Sub,1,1
Bundesliga,14109,Dmytro Bogdanov,2025,Sub,2,2
Bundesliga,14121,Jan Urbich,2025,Sub,28,3
Bundesliga,14130,David Santos,2025,Sub,25,2
Bundesliga,14164,Fabio Moreno Fell,2025,FW,79,1
Bundesliga,14164,Fabio Moreno Fell,2025,Sub,1,1
Bundesliga,14223,Samba Konate,2025,Sub,1,1
Bundesliga,14252,Tim Schnitzer,2025,Sub,1,1
Bundesliga,14253,Fynn Schenten,2025,FWR,66,1
Bundesliga,14253,Fynn Schenten,2025,Sub,20,6
Bundesliga,14267,Felipe Chávez,2025,Sub,88,9
Bundesliga,14269,Deniz Ofli,2025,Sub,2,1
Bundesliga,14338,Jeremy Arévalo,2025,Sub,21,7
Bundesliga,14398,Louis Lemke,2025,Sub,1,1
Bundesliga,14422,Mathis Albert,2025,Sub,1,1
Bundesliga,14451,Christian Conteh,2025,AMC,135,2
Bundesliga,14451,Christian Conteh,2025,FW,90,1
Bundesliga,14451,Christian Conteh,2025,FWL,65,1
Bundesliga,14451,Christian Conteh,2025,Sub,108,5
Bundesliga,14455,Uchenna Ogundu,2025,Sub,33,5
Bundesliga,14461,Rouven Tarnutzer,2025,Sub,4,1
Bundesliga,14505,Maycon Douglas Cardozo,2025,Sub,31,2
Bundesliga,14542,Erblin Osmani,2025,Sub,2,1
Bundesliga,14551,Shafiq Nandja,2025,Sub,12,2
Bundesliga,14567,Linus Güther,2025,Sub,4,1
Serie_A,7006,Lautaro Martínez,2025,FW,2145,27
Serie_A,7006,Lautaro Martínez,2025,Sub,60,3
Serie_A,9749,Donyell Malen,2025,FW,1499,18
Serie_A,12030,Tasos Douvikas,2025,FW,1937,25
Serie_A,12030,Tasos Douvikas,2025,Sub,342,13
Serie_A,5992,Marcus Thuram,2025,FW,1838,24
Serie_A,5992,Marcus Thuram,2025,Sub,95,5
Serie_A,11055,Rasmus Højlund,2025,FW,2757,32
Serie_A,11055,Rasmus Højlund,2025,Sub,27,1
Serie_A,11541,Nico Paz,2025,AMC,2625,30
Serie_A,11541,Nico Paz,2025,AMR,84,1
Serie_A,11541,Nico Paz,2025,FW,152,2
Serie_A,11541,Nico Paz,2025,Sub,44,2
Serie_A,1102,Giovanni Simeone,2025,AMC,90,1
Serie_A,1102,Giovanni Simeone,2025,FW,2036,26
Serie_A,1102,Giovanni Simeone,2025,Sub,147,5
Serie_A,1053,Keinan Davis,2025,FW,2056,27
Serie_A,1053,Keinan Davis,2025,Sub,50,3
Serie_A,2019,Federico Bonazzoli,2025,FW,2486,31
Serie_A,2019,Federico Bonazzoli,2025,Sub,85,4
Serie_A,6160,Riccardo Orsolini,2025,AMC,79,1
Serie_A,6160,Riccardo Orsolini,2025,AMR,1514,20
Serie_A,6160,Riccardo Orsolini,2025,FWR,312,4
Serie_A,6160,Riccardo Orsolini,2025,MR,68,1
Serie_A,6160,Riccardo Orsolini,2025,Sub,173,9
Serie_A,6253,Gianluca Scamacca,2025,FW,1100,16
Serie_A,6253,Gianluca Scamacca,2025,Sub,218,8
Serie_A,11942,Kenan Yildiz,2025,AMC,1734,20
Serie_A,11942,Kenan Yildiz,2025,AML,470,6
Serie_A,11942,Kenan Yildiz,2025,FW,167,2
Serie_A,11942,Kenan Yildiz,2025,FWL,167,2
Serie_A,11942,Kenan Yildiz,2025,MC,90,1
Serie_A,11942,Kenan Yildiz,2025,ML,180,2
Serie_A,11942,Kenan Yildiz,2025,Sub,69,3
Serie_A,12008,Nikola Krstovic,2025,FW,1427,18
Serie_A,12008,Nikola Krstovic,2025,Sub,354,15
Serie_A,4895,Andrea Pinamonti,2025,FW,2552,32
Serie_A,4895,Andrea Pinamonti,2025,Sub,58,4
Serie_A,7193,Rafael Leão,2025,FW,1758,23
Serie_A,7193,Rafael Leão,2025,Sub,116,6
Serie_A,13446,Mateo Pellegrino,2025,FW,2904,34
Serie_A,13446,Mateo Pellegrino,2025,Sub,108,3
Serie_A,1304,Moise Kean,2025,FW,1998,23
Serie_A,1304,Moise Kean,2025,Sub,44,3
Serie_A,1612,Domenico Berardi,2025,AMR,90,1
Serie_A,1612,Domenico Berardi,2025,FWR,1759,22
Serie_A,1612,Domenico Berardi,2025,MR,90,1
Serie_A,1612,Domenico Berardi,2025,Sub,56,2
Serie_A,2662,Christian Pulisic,2025,FW,1322,17
Serie_A,2662,Christian Pulisic,2025,FWL,73,1
Serie_A,2662,Christian Pulisic,2025,Sub,217,12
Serie_A,6276,Nikola Vlasic,2025,AMC,1121,13
Serie_A,6276,Nikola Vlasic,2025,FW,72,1
Serie_A,6276,Nikola Vlasic,2025,FWL,326,4
Serie_A,6276,Nikola Vlasic,2025,MC,1528,18
Serie_A,6276,Nikola Vlasic,2025,Sub,32,1
Serie_A,755,Jamie Vardy,2025,FW,1987,24
Serie_A,755,Jamie Vardy,2025,Sub,133,5
Serie_A,3300,Christopher Nkunku,2025,FW,1085,15
Serie_A,3300,Christopher Nkunku,2025,Sub,258,17
Serie_A,6697,Armand Lauriente,2025,AML,72,1
Serie_A,6697,Armand Lauriente,2025,FWL,2476,32
Serie_A,6697,Armand Lauriente,2025,Sub,107,5
Serie_A,7084,Dusan Vlahovic,2025,FW,821,11
Serie_A,7084,Dusan Vlahovic,2025,Sub,151,8
Serie_A,7969,Sebastiano Esposito,2025,AMC,449,6
Serie_A,7969,Sebastiano Esposito,2025,AMR,90,1
Serie_A,7969,Sebastiano Esposito,2025,FW,1908,24
Serie_A,7969,Sebastiano Esposito,2025,FWL,151,2
Serie_A,7969,Sebastiano Esposito,2025,ML,90,1
Serie_A,7969,Sebastiano Esposito,2025,Sub,63,2
Serie_A,8478,Lorenzo Colombo,2025,FW,2222,30
Serie_A,8478,Lorenzo Colombo,2025,Sub,151,8
Serie_A,12367,Gift Orban,2025,FW,1866,23
Serie_A,12367,Gift Orban,2025,Sub,189,5
Serie_A,12528,Santiago Castro,2025,FW,2123,26
Serie_A,12528,Santiago Castro,2025,Sub,258,9
Serie_A,13939,Stefano Moreo,2025,AMC,743,10
Serie_A,13939,Stefano Moreo,2025,FW,1377,18
Serie_A,13939,Stefano Moreo,2025,FWR,90,1
Serie_A,13939,Stefano Moreo,2025,Sub,126,8
Serie_A,14003,Francesco Pio Esposito,2025,FW,1128,15
Serie_A,14003,Francesco Pio Esposito,2025,Sub,407,20
Serie_A,7700,Che Adams,2025,AMC,68,1
Serie_A,7700,Che Adams,2025,FW,1424,18
Serie_A,7700,Che Adams,2025,Sub,407,14
Serie_A,8636,Jonathan Christian David,2025,FW,1508,20
Serie_A,8636,Jonathan Christian David,2025,Sub,276,15
Serie_A,9965,Matìas Soulè Malvano,2025,AMC,1786,24
Serie_A,9965,Matìas Soulè Malvano,2025,FW,219,3
Serie_A,9965,Matìas Soulè Malvano,2025,FWR,90,1
Serie_A,9965,Matìas Soulè Malvano,2025,Sub,112,5
Serie_A,13934,Martin Baturina,2025,AMC,436,5
Serie_A,13934,Martin Baturina,2025,AML,756,10
Serie_A,13934,Martin Baturina,2025,FW,160,2
Serie_A,13934,Martin Baturina,2025,Sub,227,12
Serie_A,687,Pedro,2025,AML,68,1
Serie_A,687,Pedro,2025,FWL,435,7
Serie_A,687,Pedro,2025,FWR,83,1
Serie_A,687,Pedro,2025,Sub,368,20
Serie_A,6686,Nicolo Zaniolo,2025,AMC,481,6
Serie_A,6686,Nicolo Zaniolo,2025,FW,1678,21
Serie_A,6686,Nicolo Zaniolo,2025,MR,67,1
Serie_A,6686,Nicolo Zaniolo,2025,Sub,82,4
Serie_A,7005,Jens Odgaard,2025,AMC,1074,14
Serie_A,7005,Jens Odgaard,2025,FW,68,1
Serie_A,7005,Jens Odgaard,2025,MC,90,1
Serie_A,7005,Jens Odgaard,2025,Sub,159,10
Serie_A,7628,Lameck Banda,2025,AML,1150,16
Serie_A,7628,Lameck Banda,2025,FWL,151,2
Serie_A,7628,Lameck Banda,2025,FWR,106,2
Serie_A,7628,Lameck Banda,2025,MC,75,1
Serie_A,7628,Lameck Banda,2025,Sub,286,11
Serie_A,9993,Jurgen Ekkelenkamp,2025,AMC,649,8
Serie_A,9993,Jurgen Ekkelenkamp,2025,FW,76,1
Serie_A,9993,Jurgen Ekkelenkamp,2025,MC,1061,13
Serie_A,9993,Jurgen Ekkelenkamp,2025,ML,233,3
Serie_A,9993,Jurgen Ekkelenkamp,2025,MR,141,2
Serie_A,9993,Jurgen Ekkelenkamp,2025,Sub,74,4
Serie_A,10366,Albert Gudmundsson,2025,AMC,488,7
Serie_A,10366,Albert Gudmundsson,2025,AML,90,1
Serie_A,10366,Albert Gudmundsson,2025,FW,664,8
Serie_A,10366,Albert Gudmundsson,2025,FWL,647,8
Serie_A,10366,Albert Gudmundsson,2025,ML,263,3
Serie_A,10366,Albert Gudmundsson,2025,Sub,138,6
Serie_A,11380,Vitinha,2025,AMC,538,7
Serie_A,11380,Vitinha,2025,AML,279,4
Serie_A,11380,Vitinha,2025,FW,1182,15
Serie_A,11380,Vitinha,2025,MC,74,1
Serie_A,11380,Vitinha,2025,ML,90,1
Serie_A,11380,Vitinha,2025,Sub,99,7
Serie_A,11800,Arthur Atta,2025,AMC,526,6
Serie_A,11800,Arthur Atta,2025,FW,90,1
Serie_A,11800,Arthur Atta,2025,MC,1701,20
Serie_A,11800,Arthur Atta,2025,ML,173,2
Serie_A,11800,Arthur Atta,2025,Sub,85,3
Serie_A,11883,Gennaro Borrelli,2025,FW,976,13
Serie_A,11883,Gennaro Borrelli,2025,Sub,287,14
Serie_A,11951,Gustav Isaksen,2025,FWR,1325,18
Serie_A,11951,Gustav Isaksen,2025,Sub,281,12
Serie_A,12784,Ange-Yoan Bonny,2025,FW,695,10
Serie_A,12784,Ange-Yoan Bonny,2025,Sub,417,23
Serie_A,1424,Federico Bernardeschi,2025,AMC,153,2
Serie_A,1424,Federico Bernardeschi,2025,AMR,364,5
Serie_A,1424,Federico Bernardeschi,2025,FWL,76,1
Serie_A,1424,Federico Bernardeschi,2025,FWR,248,3
Serie_A,1424,Federico Bernardeschi,2025,MR,62,1
Serie_A,1424,Federico Bernardeschi,2025,Sub,295,17
Serie_A,1471,Lorenzo Pellegrini,2025,AMC,1311,19
Serie_A,1471,Lorenzo Pellegrini,2025,FW,90,1
Serie_A,1471,Lorenzo Pellegrini,2025,Sub,107,4
Serie_A,3544,Jeremie Boga,2025,AMC,328,4
Serie_A,3544,Jeremie Boga,2025,FW,170,2
Serie_A,3544,Jeremie Boga,2025,Sub,168,9
Serie_A,7375,Roberto Piccoli,2025,FW,1357,16
Serie_A,7375,Roberto Piccoli,2025,Sub,296,16
Serie_A,9018,M&#039;Bala Nzola,2025,FW,1217,15
Serie_A,9018,M&#039;Bala Nzola,2025,Sub,297,15
Serie_A,9071,Matteo Cancellieri,2025,AMR,180,2
Serie_A,9071,Matteo Cancellieri,2025,FW,90,1
Serie_A,9071,Matteo Cancellieri,2025,FWL,90,1
Serie_A,9071,Matteo Cancellieri,2025,FWR,1186,17
Serie_A,9071,Matteo Cancellieri,2025,Sub,194,9
Serie_A,9843,Caleb Ekuban,2025,AMC,77,1
Serie_A,9843,Caleb Ekuban,2025,FW,325,5
Serie_A,9843,Caleb Ekuban,2025,Sub,542,25
Serie_A,10994,Kristian Thorstvedt,2025,DMC,90,1
Serie_A,10994,Kristian Thorstvedt,2025,FWR,38,1
Serie_A,10994,Kristian Thorstvedt,2025,MC,2209,25
Serie_A,10994,Kristian Thorstvedt,2025,Sub,113,5
Serie_A,11989,Walid Cheddira,2025,FW,920,12
Serie_A,11989,Walid Cheddira,2025,Sub,273,21
Serie_A,12378,Tijjani Noslin,2025,FW,486,6
Serie_A,12378,Tijjani Noslin,2025,FWL,229,3
Serie_A,12378,Tijjani Noslin,2025,Sub,398,20
Serie_A,13930,Semih Kiliçsoy,2025,FW,823,11
Serie_A,13930,Semih Kiliçsoy,2025,Sub,150,11
Serie_A,13969,Nikola Stulic,2025,FW,1444,20
Serie_A,13969,Nikola Stulic,2025,Sub,269,14
Serie_A,14417,Kieron Bowie,2025,FW,1211,14
Serie_A,14427,Alisson Santos,2025,AMC,599,7
Serie_A,14427,Alisson Santos,2025,FWL,90,2
Serie_A,14427,Alisson Santos,2025,Sub,147,5
Serie_A,688,Ruben Loftus-Cheek,2025,AMC,146,2
Serie_A,688,Ruben Loftus-Cheek,2025,FW,225,3
Serie_A,688,Ruben Loftus-Cheek,2025,MC,469,7
Serie_A,688,Ruben Loftus-Cheek,2025,Sub,282,16
Serie_A,1148,Duván Zapata,2025,FW,753,11
Serie_A,1148,Duván Zapata,2025,Sub,335,17
Serie_A,1958,Mattia Zaccagni,2025,AML,90,1
Serie_A,1958,Mattia Zaccagni,2025,FWL,2037,25
Serie_A,7500,Giacomo Raspadori,2025,AMC,504,6
Serie_A,7500,Giacomo Raspadori,2025,FW,90,1
Serie_A,7500,Giacomo Raspadori,2025,Sub,190,6
Serie_A,7576,Nicolò Cambiaghi,2025,AML,1075,14
Serie_A,7576,Nicolò Cambiaghi,2025,FWL,214,3
Serie_A,7576,Nicolò Cambiaghi,2025,Sub,221,11
Serie_A,8297,Alexis Saelemaekers,2025,AMC,82,1
Serie_A,8297,Alexis Saelemaekers,2025,DMR,2409,29
Serie_A,8297,Alexis Saelemaekers,2025,FW,90,1
Serie_A,8297,Alexis Saelemaekers,2025,FWR,90,1
Serie_A,8297,Alexis Saelemaekers,2025,MR,90,1
Serie_A,8297,Alexis Saelemaekers,2025,Sub,58,2
Serie_A,10172,Jonathan Rowe,2025,AMC,90,1
Serie_A,10172,Jonathan Rowe,2025,AML,600,8
Serie_A,10172,Jonathan Rowe,2025,AMR,243,3
Serie_A,10172,Jonathan Rowe,2025,FWL,238,3
Serie_A,10172,Jonathan Rowe,2025,ML,158,2
Serie_A,10172,Jonathan Rowe,2025,Sub,283,11
Serie_A,10177,Evan Ferguson,2025,FW,615,10
Serie_A,10177,Evan Ferguson,2025,Sub,162,6
Serie_A,10877,Charles De Ketelaere,2025,AMC,1866,23
Serie_A,10877,Charles De Ketelaere,2025,FW,162,2
Serie_A,10877,Charles De Ketelaere,2025,FWR,59,1
Serie_A,10877,Charles De Ketelaere,2025,Sub,119,5
Serie_A,11102,Adam Buksa,2025,FW,466,6
Serie_A,11102,Adam Buksa,2025,Sub,420,19
Serie_A,11736,Artem Dovbyk,2025,FW,165,3
Serie_A,11736,Artem Dovbyk,2025,Sub,199,11
Serie_A,12776,Jeff Ekhator,2025,AMC,143,2
Serie_A,12776,Jeff Ekhator,2025,FW,445,7
Serie_A,12776,Jeff Ekhator,2025,Sub,342,21
Serie_A,12993,David Neres,2025,AMC,149,2
Serie_A,12993,David Neres,2025,FW,87,1
Serie_A,12993,David Neres,2025,FWL,77,1
Serie_A,12993,David Neres,2025,FWR,327,4
Serie_A,12993,David Neres,2025,ML,84,1
Serie_A,12993,David Neres,2025,MR,75,1
Serie_A,12993,David Neres,2025,Sub,133,6
Serie_A,13052,Francisco Conceição,2025,AMC,1296,17
Serie_A,13052,Francisco Conceição,2025,AMR,272,4
Serie_A,13052,Francisco Conceição,2025,DMR,90,1
Serie_A,13052,Francisco Conceição,2025,FW,77,1
Serie_A,13052,Francisco Conceição,2025,FWR,138,2
Serie_A,13052,Francisco Conceição,2025,MR,173,2
Serie_A,13052,Francisco Conceição,2025,Sub,78,4
Serie_A,13961,Giovane,2025,AMC,307,4
Serie_A,13961,Giovane,2025,FW,1342,17
Serie_A,13961,Giovane,2025,Sub,224,12
Serie_A,1186,Andrea Belotti,2025,FW,196,3
Serie_A,1186,Andrea Belotti,2025,Sub,16,5
Serie_A,1294,Paulo Dybala,2025,AMC,689,8
Serie_A,1294,Paulo Dybala,2025,FW,504,7
Serie_A,1294,Paulo Dybala,2025,Sub,167,7
Serie_A,1473,Matteo Politano,2025,AMC,257,3
Serie_A,1473,Matteo Politano,2025,DMR,1055,13
Serie_A,1473,Matteo Politano,2025,FWR,226,3
Serie_A,1473,Matteo Politano,2025,MR,548,7
Serie_A,1473,Matteo Politano,2025,Sub,163,8
Serie_A,5556,Ademola Lookman,2025,AMC,341,4
Serie_A,5556,Ademola Lookman,2025,FW,331,4
Serie_A,5556,Ademola Lookman,2025,FWL,90,1
Serie_A,5556,Ademola Lookman,2025,Sub,41,3
Serie_A,7507,Gianluca Gaetano,2025,AMC,338,5
Serie_A,7507,Gianluca Gaetano,2025,DMC,90,1
Serie_A,7507,Gianluca Gaetano,2025,FW,67,1
Serie_A,7507,Gianluca Gaetano,2025,MC,1164,14
Serie_A,7507,Gianluca Gaetano,2025,Sub,261,12
Serie_A,7944,Gabriel Strefezza,2025,FW,905,12
Serie_A,7944,Gabriel Strefezza,2025,FWR,90,1
Serie_A,7944,Gabriel Strefezza,2025,Sub,31,1
Serie_A,8163,Daniel Maldini,2025,AMC,198,3
Serie_A,8163,Daniel Maldini,2025,FW,637,9
Serie_A,8163,Daniel Maldini,2025,Sub,109,9
Serie_A,8819,Mergim Vojvoda,2025,AMR,744,11
Serie_A,8819,Mergim Vojvoda,2025,DL,70,1
Serie_A,8819,Mergim Vojvoda,2025,DML,90,1
Serie_A,8819,Mergim Vojvoda,2025,DR,361,5
Serie_A,8819,Mergim Vojvoda,2025,FWR,90,1
Serie_A,8819,Mergim Vojvoda,2025,Sub,247,11
Serie_A,8880,Matteo Tramoni,2025,AMC,721,10
Serie_A,8880,Matteo Tramoni,2025,FW,513,7
Serie_A,8880,Matteo Tramoni,2025,FWL,77,1
Serie_A,8880,Matteo Tramoni,2025,MC,227,3
Serie_A,8880,Matteo Tramoni,2025,Sub,92,6
Serie_A,9905,David Okereke,2025,FW,197,3
Serie_A,9905,David Okereke,2025,Sub,200,7
Serie_A,10084,Cristian Volpato,2025,AMC,61,1
Serie_A,10084,Cristian Volpato,2025,FW,70,1
Serie_A,10084,Cristian Volpato,2025,FWR,669,9
Serie_A,10084,Cristian Volpato,2025,Sub,260,13
Serie_A,10716,Manor Solomon,2025,AMC,86,1
Serie_A,10716,Manor Solomon,2025,FWL,529,6
Serie_A,10716,Manor Solomon,2025,FWR,84,1
Serie_A,10716,Manor Solomon,2025,MR,74,1
Serie_A,10716,Manor Solomon,2025,Sub,99,7
Serie_A,10794,Thijs Dallinga,2025,FW,609,9
Serie_A,10794,Thijs Dallinga,2025,Sub,176,14
Serie_A,10948,Valentín Castellanos,2025,FW,632,8
Serie_A,10948,Valentín Castellanos,2025,Sub,65,3
Serie_A,11877,Michael Folorunsho,2025,AML,64,1
Serie_A,11877,Michael Folorunsho,2025,DML,90,1
Serie_A,11877,Michael Folorunsho,2025,FW,497,6
Serie_A,11877,Michael Folorunsho,2025,MC,1235,15
Serie_A,11877,Michael Folorunsho,2025,ML,90,1
Serie_A,11877,Michael Folorunsho,2025,Sub,56,3
Serie_A,12881,Henrik Meister,2025,FW,1148,15
Serie_A,12881,Henrik Meister,2025,Sub,346,13
Serie_A,12997,Alieu Fadera,2025,FWL,273,4
Serie_A,12997,Alieu Fadera,2025,FWR,293,4
Serie_A,12997,Alieu Fadera,2025,Sub,393,20
Serie_A,13059,Jesús Rodriguez,2025,AMC,85,1
Serie_A,13059,Jesús Rodriguez,2025,AML,1163,15
Serie_A,13059,Jesús Rodriguez,2025,AMR,70,1
Serie_A,13059,Jesús Rodriguez,2025,FWL,80,1
Serie_A,13059,Jesús Rodriguez,2025,Sub,330,13
Serie_A,14412,Nesta Elphege,2025,FW,140,2
Serie_A,14412,Nesta Elphege,2025,Sub,157,7
Serie_A,14445,Paul Mendy,2025,FW,226,3
Serie_A,14445,Paul Mendy,2025,Sub,100,6
Serie_A,594,Romelu Lukaku,2025,Sub,33,5
Serie_A,1104,Leonardo Pavoletti,2025,FW,58,1
Serie_A,1104,Leonardo Pavoletti,2025,Sub,135,12
Serie_A,1252,Stephan El Shaarawy,2025,AMC,182,3
Serie_A,1252,Stephan El Shaarawy,2025,FWL,47,1
Serie_A,1252,Stephan El Shaarawy,2025,ML,60,1
Serie_A,1252,Stephan El Shaarawy,2025,Sub,334,15
Serie_A,1598,Manuel De Luca,2025,Sub,10,2
Serie_A,1836,Franco Vázquez,2025,FW,243,3
Serie_A,1836,Franco Vázquez,2025,MC,59,1
Serie_A,1836,Franco Vázquez,2025,Sub,183,11
Serie_A,2217,Antonio Sanabria,2025,FW,682,10
Serie_A,2217,Antonio Sanabria,2025,Sub,239,15
Serie_A,4918,Patrick Cutrone,2025,FW,867,11
Serie_A,4918,Patrick Cutrone,2025,Sub,41,4
Serie_A,6098,Niclas Füllkrug,2025,FW,198,3
Serie_A,6098,Niclas Füllkrug,2025,Sub,428,17
Serie_A,6672,Riccardo Sottil,2025,AML,294,4
Serie_A,6672,Riccardo Sottil,2025,FWL,448,7
Serie_A,6672,Riccardo Sottil,2025,ML,159,2
Serie_A,6672,Riccardo Sottil,2025,Sub,177,8
Serie_A,7224,Boulaye Dia,2025,AMC,172,2
Serie_A,7224,Boulaye Dia,2025,FW,835,12
Serie_A,7224,Boulaye Dia,2025,Sub,250,13
Serie_A,7912,Eljif Elmas,2025,AMC,657,9
Serie_A,7912,Eljif Elmas,2025,FWL,73,1
Serie_A,7912,Eljif Elmas,2025,FWR,150,2
Serie_A,7912,Eljif Elmas,2025,MC,674,8
Serie_A,7912,Eljif Elmas,2025,Sub,237,13
Serie_A,8720,Jack Harrison,2025,DMR,90,1
Serie_A,8720,Jack Harrison,2025,FWR,648,8
Serie_A,8720,Jack Harrison,2025,MR,82,1
Serie_A,8720,Jack Harrison,2025,Sub,163,5
Serie_A,9882,Dennis Johnsen,2025,FW,113,2
Serie_A,9882,Dennis Johnsen,2025,MC,189,3
Serie_A,9882,Dennis Johnsen,2025,Sub,88,6
Serie_A,9924,Fabiano Parisi,2025,AMR,72,1
Serie_A,9924,Fabiano Parisi,2025,DL,270,3
Serie_A,9924,Fabiano Parisi,2025,DML,321,4
Serie_A,9924,Fabiano Parisi,2025,DMR,76,1
Serie_A,9924,Fabiano Parisi,2025,FWR,462,6
Serie_A,9924,Fabiano Parisi,2025,ML,90,1
Serie_A,9924,Fabiano Parisi,2025,MR,147,2
Serie_A,9924,Fabiano Parisi,2025,Sub,112,5
Serie_A,9951,Tommaso Baldanzi,2025,AMC,316,5
Serie_A,9951,Tommaso Baldanzi,2025,FW,120,2
Serie_A,9951,Tommaso Baldanzi,2025,MC,68,1
Serie_A,9951,Tommaso Baldanzi,2025,Sub,283,10
Serie_A,9996,Abdou Harroui,2025,FW,62,1
Serie_A,9996,Abdou Harroui,2025,MC,696,10
Serie_A,9996,Abdou Harroui,2025,Sub,150,12
Serie_A,10090,Iker Bravo,2025,FW,171,3
Serie_A,10090,Iker Bravo,2025,Sub,28,5
Serie_A,10832,Loïs Openda,2025,AMC,67,1
Serie_A,10832,Loïs Openda,2025,FW,369,5
Serie_A,10832,Loïs Openda,2025,Sub,195,18
Serie_A,11306,Cyril Ngonge,2025,FW,500,7
Serie_A,11306,Cyril Ngonge,2025,FWR,320,4
Serie_A,11306,Cyril Ngonge,2025,Sub,167,9
Serie_A,11551,Marco Palestra,2025,AMC,90,1
Serie_A,11551,Marco Palestra,2025,DL,80,1
Serie_A,11551,Marco Palestra,2025,DML,180,2
Serie_A,11551,Marco Palestra,2025,DMR,1686,19
Serie_A,11551,Marco Palestra,2025,DR,335,4
Serie_A,11551,Marco Palestra,2025,FWR,90,1
Serie_A,11551,Marco Palestra,2025,MR,540,6
Serie_A,11551,Marco Palestra,2025,Sub,86,3
Serie_A,11936,Lorenzo Lucca,2025,FW,297,4
Serie_A,11936,Lorenzo Lucca,2025,Sub,84,12
Serie_A,11958,Gaetano Oristanio,2025,AMC,110,2
Serie_A,11958,Gaetano Oristanio,2025,FW,59,1
Serie_A,11958,Gaetano Oristanio,2025,FWR,303,4
Serie_A,11958,Gaetano Oristanio,2025,ML,72,1
Serie_A,11958,Gaetano Oristanio,2025,Sub,309,12
Serie_A,12218,Francesco Camarda,2025,FW,459,7
Serie_A,12218,Francesco Camarda,2025,Sub,212,14
Serie_A,12362,Santiago Pierotti,2025,AMR,1552,19
Serie_A,12362,Santiago Pierotti,2025,FWR,787,10
Serie_A,12362,Santiago Pierotti,2025,MR,152,2
Serie_A,12362,Santiago Pierotti,2025,Sub,170,6
Serie_A,12365,Alieu Njie,2025,AMC,60,1
Serie_A,12365,Alieu Njie,2025,FW,48,1
Serie_A,12365,Alieu Njie,2025,Sub,158,13
Serie_A,13172,Adrian Benedyczak,2025,FW,207,3
Serie_A,13172,Adrian Benedyczak,2025,FWR,145,2
Serie_A,13172,Adrian Benedyczak,2025,Sub,124,9
Serie_A,13330,Robinio Vaz,2025,Sub,184,12
Serie_A,13811,Idrissa Gueye,2025,FW,83,1
Serie_A,13811,Idrissa Gueye,2025,Sub,285,18
Serie_A,13881,Noa Lang,2025,AMC,140,2
Serie_A,13881,Noa Lang,2025,FWL,340,5
Serie_A,13881,Noa Lang,2025,Sub,165,11
Serie_A,14046,Lorran,2025,Sub,95,9
Serie_A,14264,Yael Trepy,2025,Sub,68,8
Serie_A,14351,Rafiu Durosinmi,2025,FW,231,4
Serie_A,14351,Rafiu Durosinmi,2025,Sub,197,8
Serie_A,1209,Ciro Immobile,2025,FW,103,2
Serie_A,1209,Ciro Immobile,2025,Sub,82,4
Serie_A,1253,Edin Dzeko,2025,FW,109,2
Serie_A,1253,Edin Dzeko,2025,Sub,111,9
Serie_A,1264,Edoardo Goldaniga,2025,Sub,12,2
Serie_A,1432,Luca Lezzerini,2025,Sub,3,1
Serie_A,1583,Arkadiusz Milik,2025,Sub,33,2
Serie_A,1804,Álvaro Morata,2025,FW,649,9
Serie_A,1804,Álvaro Morata,2025,Sub,268,17
Serie_A,2012,Nicholas Pierini,2025,Sub,116,11
Serie_A,3856,Milan Djuric,2025,FW,211,3
Serie_A,3856,Milan Djuric,2025,Sub,200,20
Serie_A,3939,Nikita Contini,2025,Sub,8,1
Serie_A,4951,Grigoris Kastanos,2025,Sub,31,6
Serie_A,5221,Leon Bailey,2025,FW,53,1
Serie_A,5221,Leon Bailey,2025,Sub,131,6
Serie_A,5509,Hernani,2025,Sub,58,4
Serie_A,6296,Abdelhamid Sabiri,2025,Sub,24,1
Serie_A,7074,Nicolás González,2025,Sub,14,2
Serie_A,7091,Christian Kouamé,2025,Sub,16,2
Serie_A,7208,Samuel Chukwueze,2025,Sub,23,1
Serie_A,7627,Andrea Ghion,2025,Sub,7,1
Serie_A,8241,Balthazar Pierret,2025,Sub,20,3
Serie_A,8310,Mitchel Bakker,2025,Sub,7,1
Serie_A,8330,Jean Onana,2025,Sub,36,3
Serie_A,8895,Tete Morente,2025,AML,48,1
Serie_A,8895,Tete Morente,2025,AMR,235,3
Serie_A,8895,Tete Morente,2025,FWL,342,4
Serie_A,8895,Tete Morente,2025,FWR,90,1
Serie_A,8895,Tete Morente,2025,Sub,144,7
Serie_A,9134,Alessandro Di Pardo,2025,Sub,50,3
Serie_A,9895,Nicolò Cavuoti,2025,Sub,34,4
Serie_A,9919,Calvin Stengs,2025,Sub,36,4
Serie_A,10036,Jeremy Sarmiento,2025,Sub,127,7
Serie_A,10192,Gioele Zacchi,2025,Sub,5,1
Serie_A,10303,Jacopo Fazzini,2025,AMC,230,3
Serie_A,10303,Jacopo Fazzini,2025,FWL,84,1
Serie_A,10303,Jacopo Fazzini,2025,ML,69,1
Serie_A,10303,Jacopo Fazzini,2025,Sub,179,15
Serie_A,10328,Edon Zhegrova,2025,Sub,330,19
Serie_A,10380,Zito,2025,AMC,57,1
Serie_A,10380,Zito,2025,FWR,63,1
Serie_A,10380,Zito,2025,Sub,184,10
Serie_A,10532,Giuseppe Ambrosino,2025,Sub,31,3
Serie_A,10561,Jesús Santiago,2025,Sub,2,2
Serie_A,11279,Ali Dembélé,2025,Sub,15,2
Serie_A,11350,Amin Sarr,2025,AMC,67,1
Serie_A,11350,Amin Sarr,2025,FW,556,8
Serie_A,11350,Amin Sarr,2025,Sub,423,25
Serie_A,11536,David Odogu,2025,Sub,3,2
Serie_A,11752,Amir Richardson,2025,Sub,35,2
Serie_A,11897,Raffaele Di Gennaro,2025,Sub,8,1
Serie_A,11921,Filip Stojilkovic,2025,AMC,72,1
Serie_A,11921,Filip Stojilkovic,2025,FW,467,7
Serie_A,11921,Filip Stojilkovic,2025,Sub,121,5
Serie_A,12011,Seydou Fini,2025,Sub,30,1
Serie_A,12095,Tomás Suslov,2025,AMC,153,2
Serie_A,12095,Tomás Suslov,2025,FW,193,3
Serie_A,12095,Tomás Suslov,2025,Sub,95,6
Serie_A,12168,Alejandro Jiménez,2025,Sub,42,1
Serie_A,12425,Faris Moumbagna,2025,Sub,72,5
Serie_A,12639,Junior Ajayi,2025,Sub,1,1
Serie_A,12771,Gaël Lafont,2025,Sub,6,1
Serie_A,12787,Daniel Mikolajewski,2025,FW,48,1
Serie_A,12787,Daniel Mikolajewski,2025,Sub,20,2
Serie_A,12857,Daniel Mosquera,2025,FW,340,5
Serie_A,12857,Daniel Mosquera,2025,Sub,225,17
Serie_A,12891,Dominic Vavassori,2025,Sub,9,1
Serie_A,13045,Eddy Kouadio,2025,Sub,62,3
Serie_A,13099,Rui Modesto,2025,Sub,113,3
Serie_A,13340,Luka Topalovic,2025,Sub,7,1
Serie_A,13342,Alessandro Romano,2025,Sub,5,2
Serie_A,13386,Jacob Ondrejka,2025,AMC,78,1
Serie_A,13386,Jacob Ondrejka,2025,FW,61,1
Serie_A,13386,Jacob Ondrejka,2025,FWL,463,7
Serie_A,13386,Jacob Ondrejka,2025,Sub,166,7
Serie_A,13453,Santiago Giménez,2025,FW,780,11
Serie_A,13453,Santiago Giménez,2025,Sub,125,5
Serie_A,13481,Abdoulaye Camara,2025,Sub,9,1
Serie_A,13504,Matteo Cocchi,2025,Sub,14,1
Serie_A,13536,Filippo Carbone,2025,Sub,6,1
Serie_A,13537,Joi Nuredini,2025,Sub,1,1
Serie_A,13878,Olaf Gorter,2025,Sub,27,2
Serie_A,13880,Luca Moro,2025,FW,72,1
Serie_A,13880,Luca Moro,2025,Sub,109,13
Serie_A,13900,Dachi Lordkipanidze,2025,Sub,27,1
Serie_A,13932,Riccardo Braschi,2025,FW,62,1
Serie_A,13932,Riccardo Braschi,2025,Sub,43,1
Serie_A,13943,Louis Buffon,2025,Sub,24,4
Serie_A,13951,Tjas Begic,2025,Sub,1,1
Serie_A,13956,Vakoun Bayo,2025,FW,260,4
Serie_A,13956,Vakoun Bayo,2025,Sub,172,11
Serie_A,13970,Cheveyo Mul,2025,Sub,2,2
Serie_A,13989,Antonio Arena,2025,Sub,19,2
Serie_A,14005,Ioan Vermesan,2025,Sub,66,6
Serie_A,14045,Tomás Esteves,2025,Sub,11,1
Serie_A,14085,Cas Odenthal,2025,Sub,1,1
Serie_A,14104,Laurs Skjellerup,2025,Sub,8,1
Serie_A,14139,Alessandro Cardinali,2025,Sub,42,1
Serie_A,14140,Andréa Le Borgne,2025,Sub,1,1
Serie_A,14156,Mattia Mosconi,2025,Sub,24,2
Serie_A,14157,Matteo Lavelli,2025,Sub,6,1
Serie_A,14199,Christian Frangella,2025,Sub,1,1
Serie_A,14209,Brando Bettazzi,2025,Sub,12,1
Serie_A,14342,Petar Ratkov,2025,FW,104,2
Serie_A,14342,Petar Ratkov,2025,Sub,124,6
Serie_A,14348,Isaac,2025,Sub,31,3
Serie_A,14399,Agustín Albarracín,2025,Sub,23,2
Serie_A,14403,Sandro Kulenovic,2025,FW,186,3
Serie_A,14403,Sandro Kulenovic,2025,Sub,98,10
Serie_A,14442,Adrian Przyborek,2025,Sub,7,1
Serie_A,14444,Othniël Raterink,2025,Sub,4,1
Serie_A,14458,Mamedi Doucouré,2025,Sub,7,1
Serie_A,14562,Jacopo Grossi,2025,Sub,20,1
Serie_A,14563,Wedtoin Ouedraogo,2025,Sub,47,2
Serie_A,14566,Simone Lottici Tessadri,2025,Sub,1,1
Ligue_1,12850,Esteban Lepaul,2025,FW,2736,33
Ligue_1,12850,Esteban Lepaul,2025,Sub,25,1
Ligue_1,7490,Mason Greenwood,2025,AMC,681,8
Ligue_1,7490,Mason Greenwood,2025,AMR,1496,18
Ligue_1,7490,Mason Greenwood,2025,FW,68,1
Ligue_1,7490,Mason Greenwood,2025,ML,83,1
Ligue_1,7490,Mason Greenwood,2025,MR,90,1
Ligue_1,7490,Mason Greenwood,2025,Sub,85,3
Ligue_1,12413,Joaquín Panichelli,2025,AMC,90,1
Ligue_1,12413,Joaquín Panichelli,2025,FW,2018,23
Ligue_1,12413,Joaquín Panichelli,2025,Sub,94,3
Ligue_1,9690,Folarin Balogun,2025,FW,2135,26
Ligue_1,9690,Folarin Balogun,2025,Sub,146,4
Ligue_1,3697,Odsonne Edouard,2025,FW,1808,26
Ligue_1,3697,Odsonne Edouard,2025,Sub,71,3
Ligue_1,10815,Lassine Sinayoko,2025,AMC,90,1
Ligue_1,10815,Lassine Sinayoko,2025,AMR,90,1
Ligue_1,10815,Lassine Sinayoko,2025,FW,1584,18
Ligue_1,10815,Lassine Sinayoko,2025,FWL,360,4
Ligue_1,10815,Lassine Sinayoko,2025,FWR,448,5
Ligue_1,10815,Lassine Sinayoko,2025,MR,239,3
Ligue_1,3603,Corentin Tolisso,2025,AMC,1139,14
Ligue_1,3603,Corentin Tolisso,2025,DMC,443,5
Ligue_1,3603,Corentin Tolisso,2025,FW,90,1
Ligue_1,3603,Corentin Tolisso,2025,MC,538,6
Ligue_1,3603,Corentin Tolisso,2025,Sub,109,4
Ligue_1,7967,Anssumane Fati,2025,AMC,647,9
Ligue_1,7967,Anssumane Fati,2025,FWL,90,1
Ligue_1,7967,Anssumane Fati,2025,Sub,321,15
Ligue_1,10016,Bradley Barcola,2025,FW,180,2
Ligue_1,10016,Bradley Barcola,2025,FWL,1191,16
Ligue_1,10016,Bradley Barcola,2025,FWR,197,3
Ligue_1,10016,Bradley Barcola,2025,Sub,210,8
Ligue_1,318,Pierre-Emerick Aubameyang,2025,AML,72,1
Ligue_1,318,Pierre-Emerick Aubameyang,2025,FW,1813,22
Ligue_1,318,Pierre-Emerick Aubameyang,2025,Sub,189,7
Ligue_1,3226,Ousmane Dembélé,2025,FW,792,11
Ligue_1,3226,Ousmane Dembélé,2025,Sub,258,11
Ligue_1,9345,Ahmadou Bamba Dieng,2025,FW,1130,15
Ligue_1,9345,Ahmadou Bamba Dieng,2025,Sub,109,7
Ligue_1,10347,Pablo Pagis,2025,AMC,1347,18
Ligue_1,10347,Pablo Pagis,2025,FWL,243,3
Ligue_1,10347,Pablo Pagis,2025,ML,69,1
Ligue_1,10347,Pablo Pagis,2025,Sub,140,6
Ligue_1,13735,Pavel Sulc,2025,AMC,360,4
Ligue_1,13735,Pavel Sulc,2025,AMR,167,2
Ligue_1,13735,Pavel Sulc,2025,FW,782,10
Ligue_1,13735,Pavel Sulc,2025,FWR,90,1
Ligue_1,13735,Pavel Sulc,2025,Sub,163,10
Ligue_1,3721,Romain Del Castillo,2025,AMC,270,3
Ligue_1,3721,Romain Del Castillo,2025,AMR,1664,20
Ligue_1,3721,Romain Del Castillo,2025,FWR,499,6
Ligue_1,3721,Romain Del Castillo,2025,MR,253,3
Ligue_1,5356,Breel Embolo,2025,FW,1660,20
Ligue_1,5356,Breel Embolo,2025,Sub,210,11
Ligue_1,9656,Ilan Kebbal,2025,AMC,276,4
Ligue_1,9656,Ilan Kebbal,2025,AMR,179,2
Ligue_1,9656,Ilan Kebbal,2025,FWL,90,1
Ligue_1,9656,Ilan Kebbal,2025,FWR,697,8
Ligue_1,9656,Ilan Kebbal,2025,MC,90,1
Ligue_1,9656,Ilan Kebbal,2025,MR,857,10
Ligue_1,9656,Ilan Kebbal,2025,Sub,58,3
Ligue_1,5727,Gauthier Hein,2025,AMC,1770,20
Ligue_1,5727,Gauthier Hein,2025,AMR,90,1
Ligue_1,5727,Gauthier Hein,2025,FW,90,1
Ligue_1,5727,Gauthier Hein,2025,FWR,243,3
Ligue_1,5727,Gauthier Hein,2025,MC,90,1
Ligue_1,5727,Gauthier Hein,2025,Sub,72,3
Ligue_1,6401,Amine Gouiri,2025,AMC,330,4
Ligue_1,6401,Amine Gouiri,2025,FW,850,11
Ligue_1,6401,Amine Gouiri,2025,Sub,138,7
Ligue_1,6846,Sofiane Diop,2025,AMC,934,12
Ligue_1,6846,Sofiane Diop,2025,AML,210,3
Ligue_1,6846,Sofiane Diop,2025,FW,308,4
Ligue_1,6846,Sofiane Diop,2025,FWL,162,2
Ligue_1,6846,Sofiane Diop,2025,MC,64,1
Ligue_1,6846,Sofiane Diop,2025,ML,353,4
Ligue_1,6846,Sofiane Diop,2025,Sub,160,7
Ligue_1,6874,Yann Gboho,2025,AMC,1793,21
Ligue_1,6874,Yann Gboho,2025,FWL,787,9
Ligue_1,6874,Yann Gboho,2025,ML,90,1
Ligue_1,6874,Yann Gboho,2025,Sub,39,1
Ligue_1,6905,Ludovic Ajorque,2025,FW,2834,32
Ligue_1,7453,Khvicha Kvaratskhelia,2025,FW,79,1
Ligue_1,7453,Khvicha Kvaratskhelia,2025,FWL,905,13
Ligue_1,7453,Khvicha Kvaratskhelia,2025,FWR,281,4
Ligue_1,7453,Khvicha Kvaratskhelia,2025,Sub,212,10
Ligue_1,11757,Hákon Haraldsson,2025,AMC,2232,26
Ligue_1,11757,Hákon Haraldsson,2025,DMC,74,1
Ligue_1,11757,Hákon Haraldsson,2025,FWL,90,1
Ligue_1,11757,Hákon Haraldsson,2025,FWR,67,1
Ligue_1,11757,Hákon Haraldsson,2025,Sub,54,3
Ligue_1,11792,Issa Soumaré,2025,AML,450,5
Ligue_1,11792,Issa Soumaré,2025,FW,1733,20
Ligue_1,11792,Issa Soumaré,2025,FWL,270,3
Ligue_1,11792,Issa Soumaré,2025,FWR,90,1
Ligue_1,11792,Issa Soumaré,2025,ML,360,4
Ligue_1,11792,Issa Soumaré,2025,Sub,39,1
Ligue_1,13051,Matias Fernandez-Pardo,2025,AMC,90,1
Ligue_1,13051,Matias Fernandez-Pardo,2025,AML,570,7
Ligue_1,13051,Matias Fernandez-Pardo,2025,AMR,255,3
Ligue_1,13051,Matias Fernandez-Pardo,2025,FW,1252,14
Ligue_1,13051,Matias Fernandez-Pardo,2025,FWL,82,1
Ligue_1,13051,Matias Fernandez-Pardo,2025,ML,90,1
Ligue_1,13051,Matias Fernandez-Pardo,2025,Sub,69,2
Ligue_1,502,Olivier Giroud,2025,FW,1368,17
Ligue_1,502,Olivier Giroud,2025,Sub,242,13
Ligue_1,10431,Désiré Doué,2025,FW,75,1
Ligue_1,10431,Désiré Doué,2025,FWL,64,1
Ligue_1,10431,Désiré Doué,2025,FWR,787,11
Ligue_1,10431,Désiré Doué,2025,MC,240,3
Ligue_1,10431,Désiré Doué,2025,Sub,206,7
Ligue_1,14082,Emersonn,2025,FW,1379,19
Ligue_1,14082,Emersonn,2025,Sub,228,9
Ligue_1,9490,Matthis Abline,2025,AMC,270,3
Ligue_1,9490,Matthis Abline,2025,AMR,90,1
Ligue_1,9490,Matthis Abline,2025,FW,616,7
Ligue_1,9490,Matthis Abline,2025,FWL,717,8
Ligue_1,9490,Matthis Abline,2025,FWR,270,3
Ligue_1,9490,Matthis Abline,2025,ML,519,6
Ligue_1,9490,Matthis Abline,2025,Sub,109,5
Ligue_1,10058,Maghnes Akliouche,2025,AMC,1155,14
Ligue_1,10058,Maghnes Akliouche,2025,AMR,582,7
Ligue_1,10058,Maghnes Akliouche,2025,FW,262,3
Ligue_1,10058,Maghnes Akliouche,2025,FWR,90,1
Ligue_1,10058,Maghnes Akliouche,2025,MC,79,1
Ligue_1,10058,Maghnes Akliouche,2025,MR,180,2
Ligue_1,10058,Maghnes Akliouche,2025,Sub,82,3
Ligue_1,11767,Gonçalo Ramos,2025,FW,1032,13
Ligue_1,11767,Gonçalo Ramos,2025,Sub,261,17
Ligue_1,11782,Mousa Al Tamari,2025,AMR,163,2
Ligue_1,11782,Mousa Al Tamari,2025,DML,846,10
Ligue_1,11782,Mousa Al Tamari,2025,FW,152,2
Ligue_1,11782,Mousa Al Tamari,2025,FWR,312,4
Ligue_1,11782,Mousa Al Tamari,2025,ML,495,6
Ligue_1,11782,Mousa Al Tamari,2025,MR,70,1
Ligue_1,11782,Mousa Al Tamari,2025,Sub,227,8
Ligue_1,3475,Ludovic Blas,2025,DMR,144,2
Ligue_1,3475,Ludovic Blas,2025,FW,69,1
Ligue_1,3475,Ludovic Blas,2025,FWL,68,1
Ligue_1,3475,Ludovic Blas,2025,FWR,75,1
Ligue_1,3475,Ludovic Blas,2025,MC,335,4
Ligue_1,3475,Ludovic Blas,2025,ML,82,1
Ligue_1,3475,Ludovic Blas,2025,MR,428,5
Ligue_1,3475,Ludovic Blas,2025,Sub,320,17
Ligue_1,6332,Willem Geubbels,2025,FW,836,12
Ligue_1,6332,Willem Geubbels,2025,Sub,177,12
Ligue_1,7562,Eric Junior Dina Ebimbe,2025,AMC,228,3
Ligue_1,7562,Eric Junior Dina Ebimbe,2025,AML,443,7
Ligue_1,7562,Eric Junior Dina Ebimbe,2025,AMR,149,2
Ligue_1,7562,Eric Junior Dina Ebimbe,2025,DMR,90,1
Ligue_1,7562,Eric Junior Dina Ebimbe,2025,FWL,59,1
Ligue_1,7562,Eric Junior Dina Ebimbe,2025,ML,68,1
Ligue_1,7562,Eric Junior Dina Ebimbe,2025,Sub,124,12
Ligue_1,9182,Sepe Elye Wahi,2025,FW,859,11
Ligue_1,9182,Sepe Elye Wahi,2025,Sub,78,3
Ligue_1,10100,Kamory Doumbia,2025,AMC,1364,17
Ligue_1,10100,Kamory Doumbia,2025,FWL,73,1
Ligue_1,10100,Kamory Doumbia,2025,MC,332,4
Ligue_1,10100,Kamory Doumbia,2025,Sub,36,2
Ligue_1,10193,Frank Magri,2025,AMC,540,7
Ligue_1,10193,Frank Magri,2025,FW,665,8
Ligue_1,10193,Frank Magri,2025,FWR,67,1
Ligue_1,10193,Frank Magri,2025,Sub,25,1
Ligue_1,11065,Remy Labeau Lascary,2025,AML,556,8
Ligue_1,11065,Remy Labeau Lascary,2025,FW,177,2
Ligue_1,11065,Remy Labeau Lascary,2025,ML,133,2
Ligue_1,11065,Remy Labeau Lascary,2025,Sub,311,15
Ligue_1,12049,Aiyegun Tosin,2025,AMC,350,5
Ligue_1,12049,Aiyegun Tosin,2025,FW,286,4
Ligue_1,12049,Aiyegun Tosin,2025,FWR,162,2
Ligue_1,12049,Aiyegun Tosin,2025,Sub,270,16
Ligue_1,12884,Endrick,2025,AMC,90,1
Ligue_1,12884,Endrick,2025,AMR,335,4
Ligue_1,12884,Endrick,2025,FW,424,5
Ligue_1,12884,Endrick,2025,FWR,333,4
Ligue_1,12884,Endrick,2025,Sub,66,2
Ligue_1,13506,Rayan Fofana,2025,AMC,47,1
Ligue_1,13506,Rayan Fofana,2025,FW,405,6
Ligue_1,13506,Rayan Fofana,2025,Sub,307,18
Ligue_1,13604,Prosper Peter,2025,FW,1019,14
Ligue_1,13604,Prosper Peter,2025,Sub,238,15
Ligue_1,13801,Alimami Gory,2025,AMR,79,1
Ligue_1,13801,Alimami Gory,2025,DR,228,3
Ligue_1,13801,Alimami Gory,2025,FW,64,1
Ligue_1,13801,Alimami Gory,2025,ML,213,3
Ligue_1,13801,Alimami Gory,2025,MR,71,1
Ligue_1,13801,Alimami Gory,2025,Sub,304,15
Ligue_1,13976,Hamza Igamane,2025,FW,232,4
Ligue_1,13976,Hamza Igamane,2025,Sub,174,9
Ligue_1,3536,Jean-Victor Makengo,2025,AMC,1494,20
Ligue_1,3536,Jean-Victor Makengo,2025,FWR,132,2
Ligue_1,3536,Jean-Victor Makengo,2025,MR,69,1
Ligue_1,3536,Jean-Victor Makengo,2025,Sub,147,8
Ligue_1,5769,Habib Diallo,2025,FW,1818,21
Ligue_1,5769,Habib Diallo,2025,Sub,90,4
Ligue_1,7908,Marshall Munetsi,2025,AMC,229,3
Ligue_1,7908,Marshall Munetsi,2025,DMC,180,2
Ligue_1,7908,Marshall Munetsi,2025,FW,69,1
Ligue_1,7908,Marshall Munetsi,2025,MC,419,5
Ligue_1,7908,Marshall Munetsi,2025,Sub,88,4
Ligue_1,8685,Mohamed Ali-Cho,2025,AMC,68,1
Ligue_1,8685,Mohamed Ali-Cho,2025,AMR,470,6
Ligue_1,8685,Mohamed Ali-Cho,2025,FW,566,7
Ligue_1,8685,Mohamed Ali-Cho,2025,FWR,329,4
Ligue_1,8685,Mohamed Ali-Cho,2025,MR,153,2
Ligue_1,8685,Mohamed Ali-Cho,2025,Sub,131,4
Ligue_1,9961,Nuno Mendes,2025,DL,1037,12
Ligue_1,9961,Nuno Mendes,2025,FWL,79,1
Ligue_1,9961,Nuno Mendes,2025,Sub,135,7
Ligue_1,10074,Sambou Soumano,2025,FW,564,8
Ligue_1,10074,Sambou Soumano,2025,Sub,327,23
Ligue_1,10831,Mostafa Mohamed,2025,FW,1008,13
Ligue_1,10831,Mostafa Mohamed,2025,Sub,144,11
Ligue_1,11790,Rassoul Ndiaye,2025,AMC,360,4
Ligue_1,11790,Rassoul Ndiaye,2025,DMC,232,3
Ligue_1,11790,Rassoul Ndiaye,2025,FWR,90,1
Ligue_1,11790,Rassoul Ndiaye,2025,MC,1858,22
Ligue_1,11790,Rassoul Ndiaye,2025,Sub,60,3
Ligue_1,11817,Emanuel Emegha,2025,FW,321,4
Ligue_1,11817,Emanuel Emegha,2025,Sub,106,6
Ligue_1,12041,Roman Yaremchuk,2025,FW,400,5
Ligue_1,12041,Roman Yaremchuk,2025,Sub,166,6
Ligue_1,12045,Aron Dønnum,2025,AMC,691,8
Ligue_1,12045,Aron Dønnum,2025,DML,254,3
Ligue_1,12045,Aron Dønnum,2025,DMR,1223,14
Ligue_1,12045,Aron Dønnum,2025,FWR,180,2
Ligue_1,12045,Aron Dønnum,2025,MR,90,1
Ligue_1,12345,Senny Mayulu,2025,DR,360,4
Ligue_1,12345,Senny Mayulu,2025,FW,356,5
Ligue_1,12345,Senny Mayulu,2025,FWL,86,1
Ligue_1,12345,Senny Mayulu,2025,MC,776,11
Ligue_1,12345,Senny Mayulu,2025,Sub,126,5
Ligue_1,12847,Sidiki Chérif,2025,AMC,66,1
Ligue_1,12847,Sidiki Chérif,2025,AML,137,2
Ligue_1,12847,Sidiki Chérif,2025,FW,819,11
Ligue_1,12847,Sidiki Chérif,2025,Sub,165,5
Ligue_1,13330,Robinio Vaz,2025,FW,189,3
Ligue_1,13330,Robinio Vaz,2025,Sub,157,11
Ligue_1,13739,Afonso Moreira,2025,AML,708,8
Ligue_1,13739,Afonso Moreira,2025,DML,87,1
Ligue_1,13739,Afonso Moreira,2025,FW,270,3
Ligue_1,13739,Afonso Moreira,2025,FWL,358,4
Ligue_1,13739,Afonso Moreira,2025,ML,180,2
Ligue_1,13739,Afonso Moreira,2025,Sub,92,9
Ligue_1,13756,Santiago Hidalgo,2025,AMC,705,9
Ligue_1,13756,Santiago Hidalgo,2025,FW,175,2
Ligue_1,13756,Santiago Hidalgo,2025,FWR,283,4
Ligue_1,13756,Santiago Hidalgo,2025,Sub,224,14
Ligue_1,2082,Youssef El-Arabi,2025,FW,808,11
Ligue_1,2082,Youssef El-Arabi,2025,Sub,135,14
Ligue_1,5661,Jonathan Ikone,2025,AMR,391,5
Ligue_1,5661,Jonathan Ikone,2025,FW,79,1
Ligue_1,5661,Jonathan Ikone,2025,FWR,239,4
Ligue_1,5661,Jonathan Ikone,2025,ML,71,1
Ligue_1,5661,Jonathan Ikone,2025,MR,139,2
Ligue_1,5661,Jonathan Ikone,2025,Sub,188,10
Ligue_1,6238,Ignatius Ganago,2025,FW,782,10
Ligue_1,6238,Ignatius Ganago,2025,ML,90,1
Ligue_1,6238,Ignatius Ganago,2025,Sub,62,3
Ligue_1,7169,Moses Simon,2025,AML,602,7
Ligue_1,7169,Moses Simon,2025,FWL,773,10
Ligue_1,7169,Moses Simon,2025,ML,568,8
Ligue_1,7169,Moses Simon,2025,Sub,119,4
Ligue_1,7313,Lee Kang-In,2025,FW,66,1
Ligue_1,7313,Lee Kang-In,2025,FWR,576,8
Ligue_1,7313,Lee Kang-In,2025,MC,682,9
Ligue_1,7313,Lee Kang-In,2025,Sub,203,9
Ligue_1,8239,Takumi Minamino,2025,AMC,431,5
Ligue_1,8239,Takumi Minamino,2025,AML,78,1
Ligue_1,8239,Takumi Minamino,2025,FWL,74,1
Ligue_1,8239,Takumi Minamino,2025,MC,145,2
Ligue_1,8239,Takumi Minamino,2025,ML,173,2
Ligue_1,8239,Takumi Minamino,2025,Sub,75,4
Ligue_1,8684,Fodé Doucouré,2025,AMR,364,5
Ligue_1,8684,Fodé Doucouré,2025,FWR,117,2
Ligue_1,8684,Fodé Doucouré,2025,MR,582,8
Ligue_1,8684,Fodé Doucouré,2025,Sub,208,11
Ligue_1,8970,Sékou Mara,2025,FW,1041,14
Ligue_1,8970,Sékou Mara,2025,Sub,190,13
Ligue_1,11058,Julio Enciso,2025,AMC,1477,18
Ligue_1,11058,Julio Enciso,2025,FW,338,4
Ligue_1,11058,Julio Enciso,2025,Sub,103,5
Ligue_1,11318,Abner,2025,AML,90,1
Ligue_1,11318,Abner,2025,DL,1192,14
Ligue_1,11318,Abner,2025,DML,270,3
Ligue_1,11318,Abner,2025,FWL,90,1
Ligue_1,11318,Abner,2025,MC,449,5
Ligue_1,11318,Abner,2025,ML,90,1
Ligue_1,11318,Abner,2025,Sub,1,1
Ligue_1,11515,Tom Louchet,2025,AML,388,5
Ligue_1,11515,Tom Louchet,2025,AMR,90,1
Ligue_1,11515,Tom Louchet,2025,DMR,176,2
Ligue_1,11515,Tom Louchet,2025,DR,90,1
Ligue_1,11515,Tom Louchet,2025,FWR,90,1
Ligue_1,11515,Tom Louchet,2025,MC,309,4
Ligue_1,11515,Tom Louchet,2025,Sub,201,13
Ligue_1,11710,Simon Adingra,2025,AML,90,1
Ligue_1,11710,Simon Adingra,2025,DML,540,7
Ligue_1,11710,Simon Adingra,2025,FW,74,1
Ligue_1,11710,Simon Adingra,2025,ML,76,1
Ligue_1,11710,Simon Adingra,2025,Sub,91,4
Ligue_1,12066,Ethan Mbappé,2025,AMR,159,2
Ligue_1,12066,Ethan Mbappé,2025,FWR,78,1
Ligue_1,12066,Ethan Mbappé,2025,MR,89,1
Ligue_1,12066,Ethan Mbappé,2025,Sub,204,14
Ligue_1,12285,Mamadou Coulibaly,2025,AMC,90,1
Ligue_1,12285,Mamadou Coulibaly,2025,DMC,211,3
Ligue_1,12285,Mamadou Coulibaly,2025,FWR,74,1
Ligue_1,12285,Mamadou Coulibaly,2025,MC,806,10
Ligue_1,12285,Mamadou Coulibaly,2025,Sub,221,10
Ligue_1,12733,Ibrahim Mbaye,2025,FWL,180,2
Ligue_1,12733,Ibrahim Mbaye,2025,FWR,465,7
Ligue_1,12733,Ibrahim Mbaye,2025,MC,62,1
Ligue_1,12733,Ibrahim Mbaye,2025,Sub,266,14
Ligue_1,13210,Mohamed Meïté,2025,FW,323,6
Ligue_1,13210,Mohamed Meïté,2025,Sub,179,11
Ligue_1,13809,Giorgi Tsitaishvili,2025,AML,1211,14
Ligue_1,13809,Giorgi Tsitaishvili,2025,AMR,208,3
Ligue_1,13809,Giorgi Tsitaishvili,2025,DL,270,3
Ligue_1,13809,Giorgi Tsitaishvili,2025,DML,90,1
Ligue_1,13809,Giorgi Tsitaishvili,2025,DMR,90,1
Ligue_1,13809,Giorgi Tsitaishvili,2025,FWL,180,2
Ligue_1,13809,Giorgi Tsitaishvili,2025,ML,346,4
Ligue_1,13809,Giorgi Tsitaishvili,2025,Sub,80,5
Ligue_1,13888,Danny Namaso,2025,AMC,577,7
Ligue_1,13888,Danny Namaso,2025,AML,74,1
Ligue_1,13888,Danny Namaso,2025,FW,446,5
Ligue_1,13888,Danny Namaso,2025,FWL,628,7
Ligue_1,13888,Danny Namaso,2025,FWR,90,1
Ligue_1,13888,Danny Namaso,2025,ML,709,8
Ligue_1,13888,Danny Namaso,2025,Sub,20,1
Ligue_1,14131,Amine Sbaï,2025,AML,1207,16
Ligue_1,14131,Amine Sbaï,2025,FW,609,7
Ligue_1,14131,Amine Sbaï,2025,Sub,49,2
Ligue_1,1209,Ciro Immobile,2025,FW,692,9
Ligue_1,1209,Ciro Immobile,2025,Sub,44,3
Ligue_1,3390,Rémy Cabella,2025,AMC,250,3
Ligue_1,3390,Rémy Cabella,2025,AML,71,1
Ligue_1,3390,Rémy Cabella,2025,FWL,90,1
Ligue_1,3390,Rémy Cabella,2025,MC,180,2
Ligue_1,3390,Rémy Cabella,2025,Sub,60,5
Ligue_1,3544,Jeremie Boga,2025,AMC,313,4
Ligue_1,3544,Jeremie Boga,2025,FW,160,2
Ligue_1,3544,Jeremie Boga,2025,FWL,77,1
Ligue_1,3544,Jeremie Boga,2025,Sub,95,7
Ligue_1,5197,Achraf Hakimi,2025,DR,1182,14
Ligue_1,5197,Achraf Hakimi,2025,FWR,90,1
Ligue_1,5197,Achraf Hakimi,2025,Sub,110,3
Ligue_1,7747,Mama Baldé,2025,AMR,124,2
Ligue_1,7747,Mama Baldé,2025,FW,86,2
Ligue_1,7747,Mama Baldé,2025,FWL,305,4
Ligue_1,7747,Mama Baldé,2025,Sub,197,10
Ligue_1,8287,Mbwana Samatta,2025,FW,1299,17
Ligue_1,8287,Mbwana Samatta,2025,Sub,251,10
Ligue_1,8690,Jean-Phillipe Krasso,2025,FW,874,12
Ligue_1,8690,Jean-Phillipe Krasso,2025,Sub,208,13
Ligue_1,8997,Terem Igobor Moffi,2025,FW,422,6
Ligue_1,8997,Terem Igobor Moffi,2025,Sub,62,4
Ligue_1,9001,Martín Satriano,2025,FW,686,8
Ligue_1,9001,Martín Satriano,2025,Sub,10,3
Ligue_1,10349,Mika Biereth,2025,AMC,84,1
Ligue_1,10349,Mika Biereth,2025,FW,777,11
Ligue_1,10349,Mika Biereth,2025,Sub,190,20
Ligue_1,11046,Abdallah Sima,2025,AMC,303,4
Ligue_1,11046,Abdallah Sima,2025,DMR,80,1
Ligue_1,11046,Abdallah Sima,2025,FW,65,1
Ligue_1,11046,Abdallah Sima,2025,Sub,245,15
Ligue_1,11294,Lilian Raolisoa,2025,AML,151,2
Ligue_1,11294,Lilian Raolisoa,2025,AMR,418,5
Ligue_1,11294,Lilian Raolisoa,2025,DMR,505,6
Ligue_1,11294,Lilian Raolisoa,2025,DR,517,6
Ligue_1,11294,Lilian Raolisoa,2025,FWR,155,2
Ligue_1,11294,Lilian Raolisoa,2025,Sub,229,11
Ligue_1,11795,Yassine Kechta,2025,AMC,157,2
Ligue_1,11795,Yassine Kechta,2025,DMC,78,1
Ligue_1,11795,Yassine Kechta,2025,FW,77,1
Ligue_1,11795,Yassine Kechta,2025,MC,593,8
Ligue_1,11795,Yassine Kechta,2025,ML,180,2
Ligue_1,11795,Yassine Kechta,2025,Sub,258,16
Ligue_1,12804,George Ilenikhena,2025,FW,194,3
Ligue_1,12804,George Ilenikhena,2025,Sub,149,12
Ligue_1,12844,Bahereba Guirassy,2025,FWL,185,3
Ligue_1,12844,Bahereba Guirassy,2025,FWR,308,4
Ligue_1,12844,Bahereba Guirassy,2025,ML,122,2
Ligue_1,12844,Bahereba Guirassy,2025,Sub,184,11
Ligue_1,13335,Goduine Koyalipou,2025,FW,558,7
Ligue_1,13335,Goduine Koyalipou,2025,Sub,111,6
Ligue_1,13813,Giorgi Abuashvili,2025,AML,131,2
Ligue_1,13813,Giorgi Abuashvili,2025,AMR,83,1
Ligue_1,13813,Giorgi Abuashvili,2025,DML,49,1
Ligue_1,13813,Giorgi Abuashvili,2025,FWL,142,2
Ligue_1,13813,Giorgi Abuashvili,2025,Sub,250,17
Ligue_1,14407,Nathan Mbala,2025,AML,74,1
Ligue_1,14407,Nathan Mbala,2025,AMR,119,2
Ligue_1,14407,Nathan Mbala,2025,FW,73,1
Ligue_1,14407,Nathan Mbala,2025,Sub,160,9
Ligue_1,14431,Giorgi Kvilitaia,2025,FW,385,5
Ligue_1,14431,Giorgi Kvilitaia,2025,Sub,118,5
Ligue_1,1734,Sofiane Boufal,2025,AMC,386,5
Ligue_1,1734,Sofiane Boufal,2025,FW,142,2
Ligue_1,1734,Sofiane Boufal,2025,FWL,308,4
Ligue_1,1734,Sofiane Boufal,2025,MC,166,2
Ligue_1,1734,Sofiane Boufal,2025,Sub,48,4
Ligue_1,3285,Gaetan Perrin,2025,AML,75,1
Ligue_1,3285,Gaetan Perrin,2025,AMR,75,1
Ligue_1,3285,Gaetan Perrin,2025,FW,77,1
Ligue_1,3285,Gaetan Perrin,2025,Sub,87,9
Ligue_1,3348,Florian Sotoca,2025,AMC,202,3
Ligue_1,3348,Florian Sotoca,2025,FW,90,1
Ligue_1,3348,Florian Sotoca,2025,Sub,166,22
Ligue_1,5684,Arnaud Nordin,2025,AML,150,2
Ligue_1,5684,Arnaud Nordin,2025,DMR,67,1
Ligue_1,5684,Arnaud Nordin,2025,FWL,306,4
Ligue_1,5684,Arnaud Nordin,2025,Sub,63,3
Ligue_1,8187,Georges Mikautadze,2025,FW,180,2
Ligue_1,8920,Dilane Bakwa,2025,Sub,94,3
Ligue_1,9645,Jim Allevinah,2025,Sub,110,6
Ligue_1,11789,Josué Casimir,2025,AMC,90,1
Ligue_1,11789,Josué Casimir,2025,DMR,69,1
Ligue_1,11789,Josué Casimir,2025,DR,304,4
Ligue_1,11789,Josué Casimir,2025,FWR,205,3
Ligue_1,11789,Josué Casimir,2025,MR,580,7
Ligue_1,11789,Josué Casimir,2025,Sub,261,15
Ligue_1,12000,Ibou Sané,2025,AML,78,1
Ligue_1,12000,Ibou Sané,2025,FW,242,3
Ligue_1,12000,Ibou Sané,2025,MC,78,1
Ligue_1,12000,Ibou Sané,2025,Sub,122,11
Ligue_1,12383,Mohamed Bamba,2025,FW,477,7
Ligue_1,12383,Mohamed Bamba,2025,Sub,187,11
Ligue_1,12387,Dehmaine Assoumani,2025,AMC,90,1
Ligue_1,12387,Dehmaine Assoumani,2025,DML,65,1
Ligue_1,12387,Dehmaine Assoumani,2025,FWR,83,1
Ligue_1,12387,Dehmaine Assoumani,2025,MC,615,8
Ligue_1,12387,Dehmaine Assoumani,2025,MR,208,3
Ligue_1,12387,Dehmaine Assoumani,2025,Sub,200,13
Ligue_1,12426,Stanis Idumbo Muzambo,2025,Sub,129,8
Ligue_1,13612,Lanroy Machine,2025,FW,206,3
Ligue_1,13612,Lanroy Machine,2025,Sub,260,19
Ligue_1,13743,Godson Kyeremeh,2025,FW,175,2
Ligue_1,13743,Godson Kyeremeh,2025,FWR,75,1
Ligue_1,13743,Godson Kyeremeh,2025,Sub,100,10
Ligue_1,13744,Felix Mambimbi,2025,AMC,222,3
Ligue_1,13744,Felix Mambimbi,2025,FW,172,3
Ligue_1,13744,Felix Mambimbi,2025,FWL,65,1
Ligue_1,13744,Felix Mambimbi,2025,Sub,56,10
Ligue_1,13751,Isak Jansson,2025,AMC,263,4
Ligue_1,13751,Isak Jansson,2025,FW,47,1
Ligue_1,13751,Isak Jansson,2025,FWL,120,2
Ligue_1,13751,Isak Jansson,2025,Sub,193,15
Ligue_1,13795,Dermane Karim,2025,AMC,921,12
Ligue_1,13795,Dermane Karim,2025,FWL,62,1
Ligue_1,13795,Dermane Karim,2025,ML,83,1
Ligue_1,13795,Dermane Karim,2025,MR,70,1
Ligue_1,13795,Dermane Karim,2025,Sub,235,15
Ligue_1,13802,Nouha Dicko,2025,Sub,51,8
Ligue_1,13818,Kendry Páez,2025,AMC,126,2
Ligue_1,13818,Kendry Páez,2025,AMR,48,1
Ligue_1,13818,Kendry Páez,2025,FW,65,1
Ligue_1,13818,Kendry Páez,2025,Sub,172,11
Ligue_1,13906,Nordan Mukiele,2025,Sub,69,8
Ligue_1,14033,Mayckel Lahdo,2025,FWL,78,1
Ligue_1,14033,Mayckel Lahdo,2025,FWR,130,2
Ligue_1,14033,Mayckel Lahdo,2025,MR,147,2
Ligue_1,14033,Mayckel Lahdo,2025,Sub,79,3
Ligue_1,14229,Noam Obougou,2025,Sub,84,5
Ligue_1,14241,Kenny Quetant,2025,FW,306,4
Ligue_1,14241,Kenny Quetant,2025,Sub,72,5
Ligue_1,14363,Rémi Himbert,2025,FW,83,1
Ligue_1,14363,Rémi Himbert,2025,Sub,31,5
Ligue_1,14435,Jacen Russell-Rowe,2025,FW,339,5
Ligue_1,14435,Jacen Russell-Rowe,2025,Sub,122,8
Ligue_1,14532,Jahyann Pandore,2025,Sub,71,4
Ligue_1,14608,Mezian Soares,2025,Sub,10,1
Ligue_1,1461,Pol Lirola,2025,Sub,19,3
Ligue_1,1754,Joel Asoro,2025,FW,127,2
Ligue_1,1754,Joel Asoro,2025,Sub,93,6
Ligue_1,2383,André Gomes,2025,Sub,4,2
Ligue_1,3276,Rachid Ghezzal,2025,FW,68,1
Ligue_1,3276,Rachid Ghezzal,2025,MR,48,1
Ligue_1,3276,Rachid Ghezzal,2025,Sub,95,8
Ligue_1,3621,Neal Maupay,2025,Sub,1,1
Ligue_1,3786,Mathieu Cafaro,2025,FWL,62,1
Ligue_1,3786,Mathieu Cafaro,2025,Sub,71,9
Ligue_1,5762,Pierre-Yves Hamel,2025,FW,75,1
Ligue_1,5762,Pierre-Yves Hamel,2025,Sub,3,1
Ligue_1,6420,Romain Faivre,2025,AMR,337,4
Ligue_1,6420,Romain Faivre,2025,FWR,147,2
Ligue_1,6420,Romain Faivre,2025,MR,69,1
Ligue_1,6420,Romain Faivre,2025,Sub,39,3
Ligue_1,7649,Younes Namli,2025,FWR,148,2
Ligue_1,7649,Younes Namli,2025,MR,61,1
Ligue_1,7649,Younes Namli,2025,Sub,91,9
Ligue_1,8686,Cheick Tidiane Sabaly,2025,AMC,378,5
Ligue_1,8686,Cheick Tidiane Sabaly,2025,AMR,239,3
Ligue_1,8686,Cheick Tidiane Sabaly,2025,FW,75,1
Ligue_1,8686,Cheick Tidiane Sabaly,2025,FWR,90,1
Ligue_1,8686,Cheick Tidiane Sabaly,2025,MR,177,2
Ligue_1,8686,Cheick Tidiane Sabaly,2025,Sub,13,2
Ligue_1,8768,Kevin Omoruyi,2025,FW,630,9
Ligue_1,8768,Kevin Omoruyi,2025,Sub,234,14
Ligue_1,9250,Reda Khadra,2025,FWR,89,1
Ligue_1,9250,Reda Khadra,2025,Sub,119,7
Ligue_1,9655,Pablo Rosario,2025,Sub,19,1
Ligue_1,9658,Billal Brahimi,2025,Sub,1,1
Ligue_1,9826,Axel Camblan,2025,Sub,6,1
Ligue_1,10057,Felix Lemarechal,2025,AMC,275,4
Ligue_1,10057,Felix Lemarechal,2025,FW,48,1
Ligue_1,10057,Felix Lemarechal,2025,MC,168,2
Ligue_1,10057,Felix Lemarechal,2025,Sub,65,4
Ligue_1,10397,Ugo Raghouber,2025,Sub,1,1
Ligue_1,10702,Johann Lepenant,2025,DMC,180,2
Ligue_1,10702,Johann Lepenant,2025,FWR,90,1
Ligue_1,10702,Johann Lepenant,2025,MC,1858,21
Ligue_1,10702,Johann Lepenant,2025,Sub,137,4
Ligue_1,10771,Ben Seghir,2025,Sub,40,2
Ligue_1,10800,Kjetil Haug,2025,Sub,27,1
Ligue_1,10854,Souleymane Isaak Touré,2025,Sub,25,1
Ligue_1,11295,David Datro Fofana,2025,FW,159,3
Ligue_1,11295,David Datro Fofana,2025,Sub,13,2
Ligue_1,11371,Ibrahim Salah,2025,Sub,22,2
Ligue_1,11494,Justin-Noel Kalumba,2025,FWL,129,2
Ligue_1,11494,Justin-Noel Kalumba,2025,MR,90,1
Ligue_1,11494,Justin-Noel Kalumba,2025,Sub,5,1
Ligue_1,12001,Joseph N&#039;Duquidi,2025,Sub,4,1
Ligue_1,12039,Bertug Yildirim,2025,Sub,1,1
Ligue_1,12060,Ernest Nuamah,2025,Sub,16,3
Ligue_1,12255,Paris Brunner,2025,FW,50,1
Ligue_1,12255,Paris Brunner,2025,Sub,63,6
Ligue_1,12330,Noah Edjouma,2025,AMR,66,1
Ligue_1,12330,Noah Edjouma,2025,FWR,130,2
Ligue_1,12330,Noah Edjouma,2025,Sub,123,12
Ligue_1,12344,Anthony Bermont,2025,Sub,68,10
Ligue_1,12400,Rabby Nzingoula,2025,Sub,44,4
Ligue_1,12530,Mikayil Faye,2025,Sub,5,1
Ligue_1,12589,Vincent Burlet,2025,Sub,13,1
Ligue_1,12601,Darryl Bakola,2025,Sub,46,8
Ligue_1,12731,Daren Mosengo,2025,Sub,90,7
Ligue_1,12769,Derek Cornelius,2025,Sub,58,2
Ligue_1,12825,Theo Bair,2025,Sub,4,2
Ligue_1,12879,Glen Kamara,2025,Sub,47,4
Ligue_1,12962,Ibrahim Kanté,2025,Sub,6,1
Ligue_1,13010,Enzo Molébé,2025,Sub,7,1
Ligue_1,13024,Serigne Diop,2025,Sub,2,2
Ligue_1,13049,Damián Pizarro,2025,Sub,15,2
Ligue_1,13181,Samuel Nibombé,2025,Sub,1,1
Ligue_1,13211,Mathis Saka,2025,Sub,2,1
Ligue_1,13281,Bernard Nguene,2025,Sub,111,6
Ligue_1,13356,Henrick Do Marcolino,2025,Sub,1,1
Ligue_1,13388,Justin Bourgault,2025,Sub,12,1
Ligue_1,13460,Aaron Anselmino,2025,Sub,12,3
Ligue_1,13594,Noham Kamara,2025,Sub,2,2
Ligue_1,13608,Ilyas Azizi,2025,Sub,23,3
Ligue_1,13736,Khalis Merah,2025,AMC,732,10
Ligue_1,13736,Khalis Merah,2025,FW,234,3
Ligue_1,13736,Khalis Merah,2025,MC,136,2
Ligue_1,13736,Khalis Merah,2025,Sub,85,7
Ligue_1,13746,Georges Gomis,2025,Sub,1,1
Ligue_1,13753,Djibril Coulibaly,2025,Sub,6,2
Ligue_1,13754,Hamza Koutoune,2025,Sub,1,1
Ligue_1,13784,Maxima Goffi,2025,Sub,33,1
Ligue_1,13792,Ibrahim Osman,2025,AMC,90,1
Ligue_1,13792,Ibrahim Osman,2025,FWL,90,1
Ligue_1,13792,Ibrahim Osman,2025,FWR,47,1
Ligue_1,13792,Ibrahim Osman,2025,ML,232,3
Ligue_1,13792,Ibrahim Osman,2025,MR,70,1
Ligue_1,13792,Ibrahim Osman,2025,Sub,102,7
Ligue_1,13803,Julien Lopez,2025,Sub,31,5
Ligue_1,13810,Brian Madjo,2025,FW,144,2
Ligue_1,13810,Brian Madjo,2025,Sub,13,3
Ligue_1,13811,Idrissa Gueye,2025,FW,90,1
Ligue_1,13811,Idrissa Gueye,2025,Sub,36,2
Ligue_1,13827,Yassine Benhattab,2025,FWR,90,1
Ligue_1,13827,Yassine Benhattab,2025,MR,267,4
Ligue_1,13827,Yassine Benhattab,2025,Sub,122,5
Ligue_1,13828,Amady Camara,2025,FWR,51,1
Ligue_1,13828,Amady Camara,2025,Sub,80,9
Ligue_1,13902,Ismaël Guerti,2025,Sub,15,3
Ligue_1,13903,Cleo Mélières,2025,Sub,26,2
Ligue_1,14011,Martin Bley,2025,Sub,1,1
Ligue_1,14081,Ryan Rodin,2025,Sub,16,3
Ligue_1,14098,Pape Cabral,2025,Sub,53,4
Ligue_1,14101,Mathis Jangeal,2025,Sub,6,1
Ligue_1,14103,Tidiane Devernois,2025,Sub,2,2
Ligue_1,14159,Tadjidine Mmadi,2025,Sub,34,3
Ligue_1,14160,Dan Sinaté,2025,Sub,25,3
Ligue_1,14161,Lucas Rosier,2025,Sub,2,2
Ligue_1,14163,Yvan Zaddy,2025,Sub,1,1
Ligue_1,14195,Adil Hamdani,2025,Sub,20,4
Ligue_1,14201,Elias Legendre,2025,Sub,27,6
Ligue_1,14228,Mamoudou Cissokho,2025,Sub,2,2
Ligue_1,14242,Zoumana Diallo,2025,Sub,7,1
Ligue_1,14293,Ilane Touré,2025,Sub,21,2
Ligue_1,14318,Noah Nsoki,2025,Sub,4,1
Ligue_1,14320,Mohamed Benoit-Dao,2025,Sub,1,1
Ligue_1,14357,Erawan Garnier,2025,Sub,2,1
Ligue_1,14411,Tyrese Noubissie,2025,Sub,41,4
Ligue_1,14459,Yassir Zabiri,2025,Sub,29,6
Ligue_1,14469,Jean-Baptiste Bosey,2025,Sub,1,1
Ligue_1,14511,Ange Lago,2025,Sub,44,2
Ligue_1,14514,Daniel Semedo,2025,Sub,7,1
Ligue_1,14571,Bané Diatta,2025,Sub,1,1
Ligue_1,14576,Ugo El Kadmiri,2025,Sub,15,3
Ligue_1,14577,Nouhoum Kamissoko,2025,Sub,14,3
Ligue_1,14578,Hilan Slimani,2025,Sub,1,1
Ligue_1,14597,Pierre Mounguengue,2025,Sub,15,1
Ligue_1,14605,Yaya Diémé,2025,FW,154,2
Ligue_1,14605,Yaya Diémé,2025,Sub,5,1
