meeting_key,session_key,driver_number,lap_number,date_start,duration_sector_1,duration_sector_2,duration_sector_3,i1_speed,i2_speed,is_pit_out_lap,lap_duration,segments_sector_1,segments_sector_2,segments_sector_3,st_speed,full_name,name_acronym,team_name,team_colour,lap_start_utc,lap_end_est_utc,is_final_top10,is_main_pair,stint_match_count,stint_number,compound,tyre_age_start_lap_est,has_pit_lane_record,race_control_review,pace_eligible,eligibility_note
1295,11377,1,1,2026-09-26T11:03:50.711000+00:00,44.26,45.326,25.27,184.0,196.0,False,114.856,"[None, 2049, 2049, 2049, 2049, 2049, 2049, 2049]","[2049, 2049, 2049, 2049, 2049, 2051, 2049, 2049, 2049, 2049]","[2049, 2049, 2049, 2049, 2049, 2049, 2049, 2049, 2049]",328.0,Lando NORRIS,NOR,McLaren,F47600,2026-09-26 11:03:50.711000+00:00,2026-09-26 11:05:45.567000+00:00,False,False,1,1.0,MEDIUM,0.0,False,PENDING_TIME_INTERVAL_REVIEW,,Finalize after checking temporal overlap with race-control periods
1295,11377,1,2,2026-09-26T11:05:45.567000+00:00,39.575,45.259,25.368,183.0,198.0,False,110.202,"[2049, 2049, 2049, 2048, 2049, 2049, 2049, 2048]","[2049, 2048, 2049, 2049, 2049, 2049, 2049, 2049, 2048, 2048]","[2048, 2048, 2048, 2051, 2048, 2048, 2048, 2048, 2049]",323.0,Lando NORRIS,NOR,McLaren,F47600,2026-09-26 11:05:45.567000+00:00,2026-09-26 11:07:35.769000+00:00,False,False,1,1.0,MEDIUM,1.0,False,PENDING_TIME_INTERVAL_REVIEW,,Finalize after checking temporal overlap with race-control periods
1295,11377,1,3,2026-09-26T11:07:35.802000+00:00,40.277,45.17,25.472,177.0,205.0,False,110.919,"[2048, 2049, 2048, 2048, 2048, 2048, 2049, 2048]","[2048, 2048, 2049, 2048, 2048, 2048, 2048, 2049, 2049, 2049]","[2048, 2048, 2048, 2048, 2048, 2048, 2048, 2048]",325.0,Lando NORRIS,NOR,McLaren,F47600,2026-09-26 11:07:35.802000+00:00,2026-09-26 11:09:26.721000+00:00,False,False,1,1.0,MEDIUM,2.0,False,PENDING_TIME_INTERVAL_REVIEW,,Finalize after checking temporal overlap with race-control periods
1295,11377,1,4,2026-09-26T11:09:26.643000+00:00,39.242,44.847,25.388,185.0,200.0,False,109.477,"[None, 2049, 2049, 2048, 2048, 2049, 2049, 2049]","[2049, 2048, 2049, 2051, 2049, 2048, 2049, 2048, 2049, 2049]","[2048, 2048, 2048, 2048, 2048, 2049, 2049, 2049, 2049]",330.0,Lando NORRIS,NOR,McLaren,F47600,2026-09-26 11:09:26.643000+00:00,2026-09-26 11:11:16.120000+00:00,False,False,1,1.0,MEDIUM,3.0,False,PENDING_TIME_INTERVAL_REVIEW,,Finalize after checking temporal overlap with race-control periods
1295,11377,1,5,2026-09-26T11:11:16.231000+00:00,39.028,44.642,25.467,187.0,200.0,False,109.137,"[None, 2049, 2049, 2048, 2049, 2049, 2049, 2048]","[2049, 2048, 2049, 2048, 2048, 2048, 2048, 2049, 2048, 2049]","[2048, 2048, 2048, 2048, 2048, 2048, 2048, 2048, 2048]",327.0,Lando NORRIS,NOR,McLaren,F47600,2026-09-26 11:11:16.231000+00:00,2026-09-26 11:13:05.368000+00:00,False,False,1,1.0,MEDIUM,4.0,False,PENDING_TIME_INTERVAL_REVIEW,,Finalize after checking temporal overlap with race-control periods
1295,11377,1,6,2026-09-26T11:13:05.268000+00:00,38.682,44.319,25.244,194.0,202.0,False,108.245,"[2049, 2048, 2049, 2048, 2049, 2049, 2049, 2049]","[2049, 2048, 2049, 2048, 2048, 2048, 2048, 2049, 2049, 2048]","[2049, 2048, 2048, 2048, 2049, 2048, 2049, 2049, 2049]",332.0,Lando NORRIS,NOR,McLaren,F47600,2026-09-26 11:13:05.268000+00:00,2026-09-26 11:14:53.513000+00:00,False,False,1,1.0,MEDIUM,5.0,False,PENDING_TIME_INTERVAL_REVIEW,,Finalize after checking temporal overlap with race-control periods
1295,11377,1,7,2026-09-26T11:14:53.524000+00:00,38.761,44.417,25.409,,198.0,False,108.587,"[None, 2049, 2048, 2048, 2048, 2048, 2048, 2049]","[2048, 2048, 2048, 2049, 2048, 2048, 2048, 2048, 2048, 2048]","[2048, 2048, 2048, 2048, 2048, 2048, 2048, 2048, 2048]",332.0,Lando NORRIS,NOR,McLaren,F47600,2026-09-26 11:14:53.524000+00:00,2026-09-26 11:16:42.111000+00:00,False,False,1,1.0,MEDIUM,6.0,False,PENDING_TIME_INTERVAL_REVIEW,,Finalize after checking temporal overlap with race-control periods
1295,11377,1,8,2026-09-26T11:16:42.202000+00:00,38.779,44.486,25.286,197.0,200.0,False,108.551,"[2048, 2049, 2048, 2048, 2048, 2048, 2049, 2048]","[2048, 2048, 2049, 2048, 2049, 2048, 2048, 2048, 2048, 2048]","[2048, 2048, 2048, 2048, 2048, 2048, 2049, 2048, 2048]",332.0,Lando NORRIS,NOR,McLaren,F47600,2026-09-26 11:16:42.202000+00:00,2026-09-26 11:18:30.753000+00:00,False,False,1,1.0,MEDIUM,7.0,False,PENDING_TIME_INTERVAL_REVIEW,,Finalize after checking temporal overlap with race-control periods
1295,11377,1,9,2026-09-26T11:18:30.722000+00:00,38.604,45.237,25.524,200.0,196.0,False,109.365,"[2049, 2048, 2049, 2048, 2048, 2049, 2048, 2048]","[2048, 2048, 2049, 2048, 2048, 2048, 2048, 2049, 2048, 2048]","[2048, 2048, 2048, 2048, 2048, 2048, 2048, 2048, 2048]",328.0,Lando NORRIS,NOR,McLaren,F47600,2026-09-26 11:18:30.722000+00:00,2026-09-26 11:20:20.087000+00:00,False,False,1,1.0,MEDIUM,8.0,False,PENDING_TIME_INTERVAL_REVIEW,,Finalize after checking temporal overlap with race-control periods
1295,11377,1,10,2026-09-26T11:20:20.109000+00:00,38.579,44.523,25.386,202.0,198.0,False,108.488,"[2048, 2048, 2049, 2048, 2048, 2049, 2049, 2049]","[2049, 2048, 2048, 2049, 2049, 2048, 2048, 2048, 2048, 2048]","[2049, 2049, 2049, 2048, 2048, 2048, 2048, 2048, 2048]",325.0,Lando NORRIS,NOR,McLaren,F47600,2026-09-26 11:20:20.109000+00:00,2026-09-26 11:22:08.597000+00:00,False,False,1,1.0,MEDIUM,9.0,False,PENDING_TIME_INTERVAL_REVIEW,,Finalize after checking temporal overlap with race-control periods
1295,11377,1,11,2026-09-26T11:22:08.603000+00:00,38.572,44.498,25.492,196.0,203.0,False,108.562,"[None, 2048, 2048, 2048, 2049, 2049, 2048, 2048]","[2049, 2048, 2049, 2048, 2048, 2048, 2048, 2048, 2048, 2048]","[2048, 2048, 2048, 2048, 2048, 2048, 2048, 2048, 2048]",324.0,Lando NORRIS,NOR,McLaren,F47600,2026-09-26 11:22:08.603000+00:00,2026-09-26 11:23:57.165000+00:00,False,False,1,1.0,MEDIUM,10.0,False,PENDING_TIME_INTERVAL_REVIEW,,Finalize after checking temporal overlap with race-control periods
1295,11377,1,12,2026-09-26T11:23:57.077000+00:00,38.54,44.423,25.335,202.0,202.0,False,108.298,"[None, 2048, 2049, 2048, 2048, 2048, 2049, 2049]","[2048, 2048, 2049, 2049, 2048, 2048, 2048, 2049, 2049, 2048]","[2049, 2048, 2049, 2048, 2048, 2048, 2048, 2048, 2048]",327.0,Lando NORRIS,NOR,McLaren,F47600,2026-09-26 11:23:57.077000+00:00,2026-09-26 11:25:45.375000+00:00,False,False,1,1.0,MEDIUM,11.0,False,PENDING_TIME_INTERVAL_REVIEW,,Finalize after checking temporal overlap with race-control periods
1295,11377,1,13,2026-09-26T11:25:45.406000+00:00,38.49,44.538,25.419,197.0,202.0,False,108.447,"[None, 2048, 2049, 2048, 2048, 2048, 2049, 2048]","[2048, 2048, 2049, 2048, 2048, 2048, 2048, 2048, 2048, 2048]","[2048, 2048, 2048, 2048, 2048, 2048, 2048, 2048, 2048]",325.0,Lando NORRIS,NOR,McLaren,F47600,2026-09-26 11:25:45.406000+00:00,2026-09-26 11:27:33.853000+00:00,False,False,1,1.0,MEDIUM,12.0,False,PENDING_TIME_INTERVAL_REVIEW,,Finalize after checking temporal overlap with race-control periods
1295,11377,1,14,2026-09-26T11:27:33.827000+00:00,38.399,44.269,25.434,200.0,202.0,False,108.102,"[None, 2049, 2048, 2048, 2048, 2048, 2049, 2048]","[2049, 2048, 2049, 2048, 2048, 2048, 2048, 2049, 2048, 2048]","[2048, 2048, 2048, 2048, 2048, 2048, 2048, 2048, 2048]",326.0,Lando NORRIS,NOR,McLaren,F47600,2026-09-26 11:27:33.827000+00:00,2026-09-26 11:29:21.929000+00:00,False,False,1,1.0,MEDIUM,13.0,False,PENDING_TIME_INTERVAL_REVIEW,,Finalize after checking temporal overlap with race-control periods
1295,11377,1,15,2026-09-26T11:29:22.032000+00:00,38.462,44.404,25.506,197.0,200.0,False,108.372,"[None, 2048, 2048, 2048, 2048, 2048, 2048, 2048]","[2048, 2048, 2048, 2048, 2048, 2048, 2048, 2048, 2048, 2048]","[2048, 2048, 2048, 2048, 2048, 2048, 2048, 2048, 2048]",325.0,Lando NORRIS,NOR,McLaren,F47600,2026-09-26 11:29:22.032000+00:00,2026-09-26 11:31:10.404000+00:00,False,False,1,1.0,MEDIUM,14.0,False,PENDING_TIME_INTERVAL_REVIEW,,Finalize after checking temporal overlap with race-control periods
1295,11377,1,16,2026-09-26T11:31:10.396000+00:00,38.61,45.695,25.671,202.0,198.0,False,109.976,"[2049, 2048, 2048, 2048, 2048, 2048, 2048, 2048]","[2048, 2048, 2048, 2048, 2048, 2048, 2048, 2048, 2048, 2048]","[2048, 2049, 2049, 2048, 2048, 2048, 2048, 2048, 2048]",315.0,Lando NORRIS,NOR,McLaren,F47600,2026-09-26 11:31:10.396000+00:00,2026-09-26 11:33:00.372000+00:00,False,False,1,1.0,MEDIUM,15.0,False,PENDING_TIME_INTERVAL_REVIEW,,Finalize after checking temporal overlap with race-control periods
1295,11377,1,17,2026-09-26T11:33:00.272000+00:00,39.482,44.553,25.373,184.0,200.0,False,109.408,"[2048, 2048, 2048, 2048, 2048, 2048, 2048, 2048]","[2048, 2048, 2048, 2048, 2048, 2048, 2048, 2048, 2048, 2048]","[2048, 2048, 2048, 2048, 2048, 2048, 2048, 2048, 2048]",327.0,Lando NORRIS,NOR,McLaren,F47600,2026-09-26 11:33:00.272000+00:00,2026-09-26 11:34:49.680000+00:00,False,False,1,1.0,MEDIUM,16.0,False,PENDING_TIME_INTERVAL_REVIEW,,Finalize after checking temporal overlap with race-control periods
1295,11377,1,18,2026-09-26T11:34:49.698000+00:00,38.573,44.431,25.386,194.0,199.0,False,108.39,"[None, 2048, 2048, 2048, 2048, 2048, 2048, 2048]","[2048, 2048, 2048, 2048, 2048, 2048, 2048, 2048, 2048, 2048]","[2048, 2048, 2048, 2048, 2048, 2048, 2048, 2048, 2048]",327.0,Lando NORRIS,NOR,McLaren,F47600,2026-09-26 11:34:49.698000+00:00,2026-09-26 11:36:38.088000+00:00,False,False,1,1.0,MEDIUM,17.0,False,PENDING_TIME_INTERVAL_REVIEW,,Finalize after checking temporal overlap with race-control periods
1295,11377,1,19,2026-09-26T11:36:38.160000+00:00,38.609,44.53,25.402,190.0,205.0,False,108.541,"[None, 2048, 2048, 2048, 2048, 2048, 2048, 2048]","[2048, 2048, 2048, 2048, 2048, 2048, 2048, 2048, 2048, 2048]","[2048, 2048, 2048, 2048, 2048, 2048, 2048, 2048, 2048]",326.0,Lando NORRIS,NOR,McLaren,F47600,2026-09-26 11:36:38.160000+00:00,2026-09-26 11:38:26.701000+00:00,False,False,1,1.0,MEDIUM,18.0,False,PENDING_TIME_INTERVAL_REVIEW,,Finalize after checking temporal overlap with race-control periods
1295,11377,1,20,2026-09-26T11:38:26.697000+00:00,38.445,44.411,25.385,199.0,207.0,False,108.241,"[None, 2048, 2048, 2048, 2049, 2048, 2048, 2048]","[2049, 2048, 2048, 2048, 2048, 2048, 2048, 2048, 2048, 2048]","[2049, 2048, 2048, 2048, 2048, 2048, 2048, 2048, 2048]",327.0,Lando NORRIS,NOR,McLaren,F47600,2026-09-26 11:38:26.697000+00:00,2026-09-26 11:40:14.938000+00:00,False,False,1,1.0,MEDIUM,19.0,False,PENDING_TIME_INTERVAL_REVIEW,,Finalize after checking temporal overlap with race-control periods
1295,11377,1,21,2026-09-26T11:40:14.861000+00:00,38.484,44.325,25.363,198.0,205.0,False,108.172,"[None, 2048, 2048, 2048, 2048, 2048, 2048, 2048]","[2048, 2048, 2049, 2048, 2048, 2048, 2048, 2048, 2048, 2048]","[2049, 2048, 2048, 2048, 2048, 2048, 2048, 2048, 2048]",326.0,Lando NORRIS,NOR,McLaren,F47600,2026-09-26 11:40:14.861000+00:00,2026-09-26 11:42:03.033000+00:00,False,False,1,1.0,MEDIUM,20.0,False,PENDING_TIME_INTERVAL_REVIEW,,Finalize after checking temporal overlap with race-control periods
1295,11377,1,22,2026-09-26T11:42:03.045000+00:00,38.442,44.256,25.337,191.0,204.0,False,108.035,"[2049, 2048, 2049, 2048, 2048, 2048, 2048, 2048]","[2048, 2048, 2048, 2048, 2048, 2049, 2048, 2048, 2048, 2048]","[2049, 2049, 2049, 2049, 2048, 2048, 2048, 2048, 2048]",319.0,Lando NORRIS,NOR,McLaren,F47600,2026-09-26 11:42:03.045000+00:00,2026-09-26 11:43:51.080000+00:00,False,False,1,1.0,MEDIUM,21.0,False,PENDING_TIME_INTERVAL_REVIEW,,Finalize after checking temporal overlap with race-control periods
1295,11377,1,23,2026-09-26T11:43:51.156000+00:00,38.568,44.607,25.73,193.0,208.0,False,108.905,"[2048, 2048, 2048, 2048, 2048, 2048, 2048, 2048]","[2048, 2048, 2048, 2048, 2048, 2048, 2048, 2048, 2048, 2048]","[2048, 2048, 2048, 2048, 2048, 2048, 2048, 2048, 2048]",322.0,Lando NORRIS,NOR,McLaren,F47600,2026-09-26 11:43:51.156000+00:00,2026-09-26 11:45:40.061000+00:00,False,False,1,1.0,MEDIUM,22.0,False,PENDING_TIME_INTERVAL_REVIEW,,Finalize after checking temporal overlap with race-control periods
1295,11377,1,24,2026-09-26T11:45:39.999000+00:00,38.543,44.18,25.61,201.0,205.0,False,108.333,"[None, 2048, 2048, 2048, 2048, 2048, 2048, 2048]","[2048, 2048, 2048, 2049, 2048, 2049, 2048, 2048, 2048, 2048]","[2048, 2048, 2048, 2048, 2048, 2048, 2048, 2048, 2048]",321.0,Lando NORRIS,NOR,McLaren,F47600,2026-09-26 11:45:39.999000+00:00,2026-09-26 11:47:28.332000+00:00,False,False,1,1.0,MEDIUM,23.0,False,PENDING_TIME_INTERVAL_REVIEW,,Finalize after checking temporal overlap with race-control periods
1295,11377,1,25,2026-09-26T11:47:28.291000+00:00,38.351,44.1,25.591,198.0,199.0,False,108.042,"[None, 2048, 2048, 2048, 2048, 2048, 2048, 2048]","[2048, 2048, 2049, 2048, 2048, 2048, 2048, 2049, 2048, 2048]","[2048, 2049, 2049, 2048, 2048, 2048, 2048, 2048, 2048]",314.0,Lando NORRIS,NOR,McLaren,F47600,2026-09-26 11:47:28.291000+00:00,2026-09-26 11:49:16.333000+00:00,False,False,1,1.0,MEDIUM,24.0,False,PENDING_TIME_INTERVAL_REVIEW,,Finalize after checking temporal overlap with race-control periods
1295,11377,1,26,2026-09-26T11:49:16.427000+00:00,38.386,43.994,25.601,196.0,208.0,False,107.981,"[None, 2048, 2048, 2048, 2048, 2048, 2048, 2048]","[2048, 2048, 2051, 2048, 2048, 2048, 2048, 2048, 2048, 2048]","[2048, 2048, 2048, 2049, 2048, 2048, 2048, 2048, 2048]",315.0,Lando NORRIS,NOR,McLaren,F47600,2026-09-26 11:49:16.427000+00:00,2026-09-26 11:51:04.408000+00:00,False,False,1,1.0,MEDIUM,25.0,False,PENDING_TIME_INTERVAL_REVIEW,,Finalize after checking temporal overlap with race-control periods
1295,11377,1,27,2026-09-26T11:51:04.391000+00:00,38.276,44.132,25.553,202.0,208.0,False,107.961,"[None, 2048, 2048, 2048, 2048, 2048, 2049, 2049]","[2048, 2048, 2048, 2048, 2048, 2048, 2048, 2049, 2048, 2048]","[2048, 2048, 2048, 2048, 2048, 2048, 2048, 2048, 2048]",315.0,Lando NORRIS,NOR,McLaren,F47600,2026-09-26 11:51:04.391000+00:00,2026-09-26 11:52:52.352000+00:00,False,False,1,1.0,MEDIUM,26.0,False,PENDING_TIME_INTERVAL_REVIEW,,Finalize after checking temporal overlap with race-control periods
1295,11377,1,28,2026-09-26T11:52:52.338000+00:00,38.317,43.867,25.577,196.0,212.0,False,107.761,"[None, 2048, 2049, 2048, 2048, 2048, 2048, 2048]","[2049, 2048, 2051, 2049, 2049, 2048, 2048, 2048, 2048, 2048]","[2048, 2048, 2048, 2048, 2048, 2048, 2048, 2048, 2048]",316.0,Lando NORRIS,NOR,McLaren,F47600,2026-09-26 11:52:52.338000+00:00,2026-09-26 11:54:40.099000+00:00,False,False,1,1.0,MEDIUM,27.0,False,PENDING_TIME_INTERVAL_REVIEW,,Finalize after checking temporal overlap with race-control periods
1295,11377,1,29,2026-09-26T11:54:40.100000+00:00,38.404,44.053,25.631,199.0,209.0,False,108.088,"[None, 2048, 2048, 2048, 2048, 2048, 2049, 2048]","[2048, 2048, 2048, 2049, 2048, 2048, 2048, 2049, 2048, 2048]","[2048, 2048, 2048, 2048, 2048, 2048, 2048, 2048]",315.0,Lando NORRIS,NOR,McLaren,F47600,2026-09-26 11:54:40.100000+00:00,2026-09-26 11:56:28.188000+00:00,False,False,1,1.0,MEDIUM,28.0,False,PENDING_TIME_INTERVAL_REVIEW,,Finalize after checking temporal overlap with race-control periods
1295,11377,1,30,2026-09-26T11:56:28.105000+00:00,49.766,46.953,42.334,180.0,198.0,False,139.053,"[2051, 2048, 2048, 2048, 2048, 2048, 2048, 2048]","[2048, 2048, 2048, 2048, 2048, 2048, 2048, 2048, 2048, 2048]","[2048, 2048, 2048, 2048, 2048, 2048, 2048, 2064, 2064]",243.0,Lando NORRIS,NOR,McLaren,F47600,2026-09-26 11:56:28.105000+00:00,2026-09-26 11:58:47.158000+00:00,False,False,1,1.0,MEDIUM,29.0,True,PENDING_TIME_INTERVAL_REVIEW,,Finalize after checking temporal overlap with race-control periods
1295,11377,1,31,2026-09-26T11:58:47.198000+00:00,67.942,58.022,38.877,107.0,179.0,True,164.841,"[2064, 2064, 2048, 2048, 2048, 2048, 2048, 2048]","[2048, 2048, 2048, 2048, 2048, 2048, 2048, 2048, 2048, 2048]","[2048, 2048, 2048, 2048, 2048, 2048, 2048, 2048, 2048]",231.0,Lando NORRIS,NOR,McLaren,F47600,2026-09-26 11:58:47.198000+00:00,2026-09-26 12:01:32.039000+00:00,False,False,1,2.0,SOFT,0.0,False,PENDING_TIME_INTERVAL_REVIEW,,Finalize after checking temporal overlap with race-control periods
1295,11377,1,32,2026-09-26T12:01:32.116000+00:00,47.071,55.916,29.343,115.0,177.0,False,132.33,"[2048, 2048, 2048, 2048, 2048, 2048, 2048, 2048]","[2048, 2048, 2048, 2048, 2048, 2048, 2048, 2048, 2048, 2048]","[2048, 2048, 2048, 2048, 2048, 2048, 2048, 2048, 2048]",281.0,Lando NORRIS,NOR,McLaren,F47600,2026-09-26 12:01:32.116000+00:00,2026-09-26 12:03:44.446000+00:00,False,False,1,2.0,SOFT,1.0,False,PENDING_TIME_INTERVAL_REVIEW,,Finalize after checking temporal overlap with race-control periods
1295,11377,1,33,2026-09-26T12:03:44.337000+00:00,44.949,66.127,37.941,118.0,134.0,False,149.017,"[None, 2048, 2048, 2048, 2048, 2048, 2048, 2048]","[2048, 2048, 2048, 2048, 2048, 2048, 2048, 2048, 2048, 2048]","[2048, 2048, 2048, 2048, 2048, 2048, 2048, 2048, 2048]",203.0,Lando NORRIS,NOR,McLaren,F47600,2026-09-26 12:03:44.337000+00:00,2026-09-26 12:06:13.354000+00:00,False,False,1,2.0,SOFT,2.0,False,PENDING_TIME_INTERVAL_REVIEW,,Finalize after checking temporal overlap with race-control periods
1295,11377,1,34,2026-09-26T12:06:13.398000+00:00,63.746,62.299,38.412,166.0,185.0,False,164.457,"[None, 2048, 2048, 2048, 2048, 2048, 2048, 2048]","[2048, 2048, 2048, 2048, 2048, 2048, 2048, 2048, 2048, 2048]","[2048, 2048, 2048, 2048, 2048, 2048, 2048, 2048, 2048]",234.0,Lando NORRIS,NOR,McLaren,F47600,2026-09-26 12:06:13.398000+00:00,2026-09-26 12:08:57.855000+00:00,False,False,1,2.0,SOFT,3.0,False,PENDING_TIME_INTERVAL_REVIEW,,Finalize after checking temporal overlap with race-control periods
1295,11377,1,35,2026-09-26T12:08:57.837000+00:00,51.791,63.079,34.676,160.0,145.0,False,149.546,"[None, 2048, 2048, 2048, 2048, 2048, 2048, 2048]","[2048, 2048, 2048, 2048, 2048, 2048, 2048, 2048, 2048, 2048]","[2048, 2048, 2048, 2048, 2048, 2048, 2048, 2048, 2048]",233.0,Lando NORRIS,NOR,McLaren,F47600,2026-09-26 12:08:57.837000+00:00,2026-09-26 12:11:27.383000+00:00,False,False,1,2.0,SOFT,4.0,False,PENDING_TIME_INTERVAL_REVIEW,,Finalize after checking temporal overlap with race-control periods
1295,11377,1,36,2026-09-26T12:11:27.558000+00:00,,,,,,False,,"[None, 0, 0, 0, 0, 0, 0, 0]",,,,Lando NORRIS,NOR,McLaren,F47600,2026-09-26 12:11:27.558000+00:00,,False,False,0,,,,False,PENDING_TIME_INTERVAL_REVIEW,,Finalize after checking temporal overlap with race-control periods
1295,11377,3,1,2026-09-26T11:03:50.711000+00:00,46.011,45.736,24.842,181.0,197.0,False,116.589,"[None, 2049, 2049, 2049, 2049, 2049, 2049, 2049]","[2049, 2049, 2049, 2049, 2049, 2049, 2049, 2049, 2049, 2049]","[2049, 2049, 2049, 2049, 2049, 2049, 2049, 2049, 2049]",343.0,Max VERSTAPPEN,VER,Red Bull Racing,4781D7,2026-09-26 11:03:50.711000+00:00,2026-09-26 11:05:47.300000+00:00,True,True,1,1.0,MEDIUM,0.0,False,PENDING_TIME_INTERVAL_REVIEW,,Finalize after checking temporal overlap with race-control periods
1295,11377,3,2,2026-09-26T11:05:47.300000+00:00,39.463,44.774,24.999,184.0,200.0,False,109.236,"[2049, 2049, 2049, 2051, 2049, 2049, 2049, 2048]","[2049, 2048, 2049, 2049, 2049, 2049, 2049, 2049, 2051, 2049]","[2048, 2049, 2051, 2049, 2048, 2048, 2048, 2048, 2048]",339.0,Max VERSTAPPEN,VER,Red Bull Racing,4781D7,2026-09-26 11:05:47.300000+00:00,2026-09-26 11:07:36.536000+00:00,True,True,1,1.0,MEDIUM,1.0,False,PENDING_TIME_INTERVAL_REVIEW,,Finalize after checking temporal overlap with race-control periods
1295,11377,3,3,2026-09-26T11:07:36.447000+00:00,39.245,44.763,25.015,183.0,206.0,False,109.023,"[2048, 2048, 2049, 2048, 2051, 2049, 2048, 2048]","[2048, 2048, 2049, 2049, 2049, 2049, 2048, 2049, 2048, 2048]","[2049, 2048, 2049, 2049, 2048, 2048, 2048, 2048, 2048]",338.0,Max VERSTAPPEN,VER,Red Bull Racing,4781D7,2026-09-26 11:07:36.447000+00:00,2026-09-26 11:09:25.470000+00:00,True,True,1,1.0,MEDIUM,2.0,False,PENDING_TIME_INTERVAL_REVIEW,,Finalize after checking temporal overlap with race-control periods
1295,11377,3,4,2026-09-26T11:09:25.359000+00:00,39.529,45.137,24.791,,208.0,False,109.457,"[None, 2049, 2048, 2048, 2048, 2048, 2048, 2048]","[2048, 2048, 2048, 2048, 2048, 2049, 2049, 2048, 2048, 2048]","[2048, 2048, 2048, 2049, 2051, 2049, 2049, 2048, 2048]",344.0,Max VERSTAPPEN,VER,Red Bull Racing,4781D7,2026-09-26 11:09:25.359000+00:00,2026-09-26 11:11:14.816000+00:00,True,True,1,1.0,MEDIUM,3.0,False,PENDING_TIME_INTERVAL_REVIEW,,Finalize after checking temporal overlap with race-control periods
1295,11377,3,5,2026-09-26T11:11:14.909000+00:00,38.665,44.205,24.981,189.0,206.0,False,107.851,"[None, 2049, 2049, 2048, 2048, 2049, 2049, 2048]","[2049, 2048, 2049, 2049, 2049, 2049, 2048, 2049, 2049, 2049]","[2049, 2049, 2051, 2048, 2048, 2048, 2048, 2048, 2048]",334.0,Max VERSTAPPEN,VER,Red Bull Racing,4781D7,2026-09-26 11:11:14.909000+00:00,2026-09-26 11:13:02.760000+00:00,True,True,1,1.0,MEDIUM,4.0,False,PENDING_TIME_INTERVAL_REVIEW,,Finalize after checking temporal overlap with race-control periods
1295,11377,3,6,2026-09-26T11:13:02.746000+00:00,38.662,44.169,24.743,192.0,206.0,False,107.574,"[2049, 2049, 2048, 2048, 2048, 2048, 2048, 2048]","[2049, 2048, 2049, 2048, 2049, 2051, 2049, 2049, 2048, 2048]","[2048, 2049, 2051, 2049, 2048, 2048, 2048, 2049, 2049]",340.0,Max VERSTAPPEN,VER,Red Bull Racing,4781D7,2026-09-26 11:13:02.746000+00:00,2026-09-26 11:14:50.320000+00:00,True,True,1,1.0,MEDIUM,5.0,False,PENDING_TIME_INTERVAL_REVIEW,,Finalize after checking temporal overlap with race-control periods
1295,11377,3,7,2026-09-26T11:14:50.421000+00:00,38.5,44.149,25.282,188.0,208.0,False,107.931,"[None, 2048, 2049, 2048, 2048, 2048, 2049, 2048]","[2049, 2048, 2048, 2049, 2048, 2048, 2048, 2049, 2048, 2048]","[2048, 2048, 2048, 2048, 2048, 2048, 2048, 2048]",330.0,Max VERSTAPPEN,VER,Red Bull Racing,4781D7,2026-09-26 11:14:50.421000+00:00,2026-09-26 11:16:38.352000+00:00,True,True,1,1.0,MEDIUM,6.0,False,PENDING_TIME_INTERVAL_REVIEW,,Finalize after checking temporal overlap with race-control periods
1295,11377,3,8,2026-09-26T11:16:38.327000+00:00,38.523,44.307,25.089,192.0,206.0,False,107.919,"[2048, 2049, 2049, 2048, 2048, 2048, 2049, 2048]","[2048, 2048, 2048, 2049, 2048, 2048, 2048, 2048, 2048, 2048]","[2048, 2048, 2048, 2048, 2048, 2048, 2048, 2048, 2048]",331.0,Max VERSTAPPEN,VER,Red Bull Racing,4781D7,2026-09-26 11:16:38.327000+00:00,2026-09-26 11:18:26.246000+00:00,True,True,1,1.0,MEDIUM,7.0,False,PENDING_TIME_INTERVAL_REVIEW,,Finalize after checking temporal overlap with race-control periods
1295,11377,3,9,2026-09-26T11:18:26.324000+00:00,39.061,44.589,25.218,191.0,200.0,False,108.868,"[None, 2048, 2048, 2048, 2048, 2048, 2048, 2048]","[2048, 2048, 2048, 2048, 2048, 2048, 2048, 2048, 2048, 2048]","[2048, 2049, 2049, 2048, 2048, 2048, 2048, 2048, 2048]",330.0,Max VERSTAPPEN,VER,Red Bull Racing,4781D7,2026-09-26 11:18:26.324000+00:00,2026-09-26 11:20:15.192000+00:00,True,True,1,1.0,MEDIUM,8.0,False,PENDING_TIME_INTERVAL_REVIEW,,Finalize after checking temporal overlap with race-control periods
1295,11377,3,10,2026-09-26T11:20:15.071000+00:00,38.736,44.29,24.993,,209.0,False,108.019,"[None, 2048, 2048, 2048, 2048, 2048, 2049, 2048]","[2048, 2048, 2049, 2048, 2048, 2048, 2048, 2048, 2048, 2048]","[2049, 2049, 2051, 2048, 2048, 2048, 2048, 2048, 2048]",331.0,Max VERSTAPPEN,VER,Red Bull Racing,4781D7,2026-09-26 11:20:15.071000+00:00,2026-09-26 11:22:03.090000+00:00,True,True,1,1.0,MEDIUM,9.0,False,PENDING_TIME_INTERVAL_REVIEW,,Finalize after checking temporal overlap with race-control periods
1295,11377,3,11,2026-09-26T11:22:03.082000+00:00,38.906,44.542,25.109,,207.0,False,108.557,"[None, 2048, 2048, 2048, 2048, 2048, 2048, 2048]","[2048, 2048, 2049, 2048, 2048, 2048, 2048, 2048, 2048, 2048]","[2048, 2048, 2048, 2048, 2048, 2048, 2048, 2048, 2048]",330.0,Max VERSTAPPEN,VER,Red Bull Racing,4781D7,2026-09-26 11:22:03.082000+00:00,2026-09-26 11:23:51.639000+00:00,True,True,1,1.0,MEDIUM,10.0,False,PENDING_TIME_INTERVAL_REVIEW,,Finalize after checking temporal overlap with race-control periods
1295,11377,3,12,2026-09-26T11:23:51.623000+00:00,38.832,44.458,25.117,192.0,209.0,False,108.407,"[None, 2048, 2048, 2048, 2048, 2048, 2048, 2048]","[2048, 2048, 2048, 2048, 2048, 2048, 2048, 2048, 2048, 2048]","[2048, 2048, 2048, 2048, 2048, 2048, 2048, 2048, 2048]",329.0,Max VERSTAPPEN,VER,Red Bull Racing,4781D7,2026-09-26 11:23:51.623000+00:00,2026-09-26 11:25:40.030000+00:00,True,True,1,1.0,MEDIUM,11.0,False,PENDING_TIME_INTERVAL_REVIEW,,Finalize after checking temporal overlap with race-control periods
1295,11377,3,13,2026-09-26T11:25:40.007000+00:00,38.547,44.313,25.141,193.0,207.0,False,108.001,"[None, 2048, 2049, 2048, 2048, 2048, 2048, 2048]","[2048, 2048, 2049, 2048, 2048, 2048, 2048, 2048, 2048, 2048]","[2048, 2048, 2048, 2048, 2048, 2048, 2048, 2048, 2048]",329.0,Max VERSTAPPEN,VER,Red Bull Racing,4781D7,2026-09-26 11:25:40.007000+00:00,2026-09-26 11:27:28.008000+00:00,True,True,1,1.0,MEDIUM,12.0,False,PENDING_TIME_INTERVAL_REVIEW,,Finalize after checking temporal overlap with race-control periods
1295,11377,3,14,2026-09-26T11:27:28.130000+00:00,38.601,44.281,25.129,191.0,210.0,False,108.011,"[None, 2048, 2048, 2048, 2048, 2048, 2048, 2048]","[2048, 2048, 2048, 2048, 2048, 2048, 2048, 2049, 2048, 2048]","[2048, 2048, 2048, 2048, 2048, 2048, 2048, 2048, 2048]",330.0,Max VERSTAPPEN,VER,Red Bull Racing,4781D7,2026-09-26 11:27:28.130000+00:00,2026-09-26 11:29:16.141000+00:00,True,True,1,1.0,MEDIUM,13.0,False,PENDING_TIME_INTERVAL_REVIEW,,Finalize after checking temporal overlap with race-control periods
1295,11377,3,15,2026-09-26T11:29:16.090000+00:00,38.641,44.437,25.054,188.0,207.0,False,108.132,"[None, 2048, 2048, 2048, 2048, 2048, 2049, 2048]","[2048, 2048, 2048, 2048, 2048, 2048, 2048, 2049, 2048, 2048]","[2049, 2051, 2048, 2048, 2048, 2048, 2048, 2048, 2048]",330.0,Max VERSTAPPEN,VER,Red Bull Racing,4781D7,2026-09-26 11:29:16.090000+00:00,2026-09-26 11:31:04.222000+00:00,True,True,1,1.0,MEDIUM,14.0,False,PENDING_TIME_INTERVAL_REVIEW,,Finalize after checking temporal overlap with race-control periods
1295,11377,3,16,2026-09-26T11:31:04.248000+00:00,38.578,44.153,25.211,195.0,207.0,False,107.942,"[None, 2048, 2048, 2048, 2048, 2048, 2049, 2048]","[2048, 2048, 2048, 2048, 2048, 2048, 2051, 2049, 2048, 2048]","[2048, 2048, 2048, 2048, 2048, 2048, 2048, 2048, 2048]",328.0,Max VERSTAPPEN,VER,Red Bull Racing,4781D7,2026-09-26 11:31:04.248000+00:00,2026-09-26 11:32:52.190000+00:00,True,True,1,1.0,MEDIUM,15.0,False,PENDING_TIME_INTERVAL_REVIEW,,Finalize after checking temporal overlap with race-control periods
1295,11377,3,17,2026-09-26T11:32:52.186000+00:00,38.582,43.942,25.163,193.0,210.0,False,107.687,"[None, 2048, 2048, 2048, 2048, 2048, 2048, 2048]","[2048, 2048, 2048, 2049, 2048, 2048, 2048, 2049, 2049, 2048]","[2048, 2048, 2048, 2048, 2048, 2048, 2048, 2048, 2048]",330.0,Max VERSTAPPEN,VER,Red Bull Racing,4781D7,2026-09-26 11:32:52.186000+00:00,2026-09-26 11:34:39.873000+00:00,True,True,1,1.0,MEDIUM,16.0,False,PENDING_TIME_INTERVAL_REVIEW,,Finalize after checking temporal overlap with race-control periods
1295,11377,3,18,2026-09-26T11:34:39.807000+00:00,38.662,44.165,25.089,,207.0,False,107.916,"[None, 2048, 2048, 2048, 2048, 2048, 2048, 2048]","[2048, 2048, 2048, 2048, 2048, 2048, 2048, 2048, 2048, 2048]","[2048, 2048, 2048, 2048, 2048, 2048, 2048, 2048, 2048]",330.0,Max VERSTAPPEN,VER,Red Bull Racing,4781D7,2026-09-26 11:34:39.807000+00:00,2026-09-26 11:36:27.723000+00:00,True,True,1,1.0,MEDIUM,17.0,False,PENDING_TIME_INTERVAL_REVIEW,,Finalize after checking temporal overlap with race-control periods
1295,11377,3,19,2026-09-26T11:36:27.773000+00:00,38.655,44.325,25.474,197.0,211.0,False,108.454,"[None, 2048, 2048, 2048, 2048, 2048, 2048, 2048]","[2048, 2048, 2048, 2048, 2048, 2048, 2048, 2049, 2048, 2048]","[2048, 2048, 2048, 2048, 2048, 2048, 2048, 2048, 2048]",328.0,Max VERSTAPPEN,VER,Red Bull Racing,4781D7,2026-09-26 11:36:27.773000+00:00,2026-09-26 11:38:16.227000+00:00,True,True,1,1.0,MEDIUM,18.0,False,PENDING_TIME_INTERVAL_REVIEW,,Finalize after checking temporal overlap with race-control periods
1295,11377,3,20,2026-09-26T11:38:16.297000+00:00,38.553,44.217,25.068,198.0,209.0,False,107.838,"[None, 2048, 2048, 2048, 2048, 2048, 2049, 2048]","[2048, 2048, 2049, 2048, 2048, 2048, 2048, 2048, 2048, 2048]","[2048, 2048, 2048, 2048, 2048, 2048, 2048, 2048, 2048]",330.0,Max VERSTAPPEN,VER,Red Bull Racing,4781D7,2026-09-26 11:38:16.297000+00:00,2026-09-26 11:40:04.135000+00:00,True,True,1,1.0,MEDIUM,19.0,False,PENDING_TIME_INTERVAL_REVIEW,,Finalize after checking temporal overlap with race-control periods
1295,11377,3,21,2026-09-26T11:40:04.107000+00:00,38.437,44.164,25.062,196.0,211.0,False,107.663,"[None, 2049, 2048, 2048, 2049, 2048, 2048, 2048]","[2048, 2048, 2048, 2048, 2048, 2048, 2048, 2048, 2049, 2048]","[2048, 2048, 2049, 2048, 2048, 2048, 2048, 2048, 2048]",331.0,Max VERSTAPPEN,VER,Red Bull Racing,4781D7,2026-09-26 11:40:04.107000+00:00,2026-09-26 11:41:51.770000+00:00,True,True,1,1.0,MEDIUM,20.0,False,PENDING_TIME_INTERVAL_REVIEW,,Finalize after checking temporal overlap with race-control periods
1295,11377,3,22,2026-09-26T11:41:51.770000+00:00,38.399,44.178,25.078,,211.0,False,107.655,"[None, 2048, 2048, 2048, 2048, 2049, 2048, 2048]","[2048, 2048, 2048, 2048, 2048, 2048, 2048, 2048, 2048, 2048]","[2048, 2049, 2049, 2048, 2048, 2048, 2048, 2048, 2048]",330.0,Max VERSTAPPEN,VER,Red Bull Racing,4781D7,2026-09-26 11:41:51.770000+00:00,2026-09-26 11:43:39.425000+00:00,True,True,1,1.0,MEDIUM,21.0,False,PENDING_TIME_INTERVAL_REVIEW,,Finalize after checking temporal overlap with race-control periods
1295,11377,3,23,2026-09-26T11:43:39.511000+00:00,38.326,43.943,25.116,,208.0,False,107.385,"[None, 2048, 2048, 2048, 2048, 2048, 2048, 2048]","[2048, 2048, 2049, 2049, 2048, 2048, 2048, 2048, 2048, 2048]","[2048, 2048, 2048, 2048, 2048, 2048, 2048, 2048, 2048]",331.0,Max VERSTAPPEN,VER,Red Bull Racing,4781D7,2026-09-26 11:43:39.511000+00:00,2026-09-26 11:45:26.896000+00:00,True,True,1,1.0,MEDIUM,22.0,False,PENDING_TIME_INTERVAL_REVIEW,,Finalize after checking temporal overlap with race-control periods
1295,11377,3,24,2026-09-26T11:45:26.741000+00:00,38.292,44.071,25.134,198.0,211.0,False,107.497,"[None, 2048, 2048, 2048, 2048, 2048, 2048, 2048]","[2048, 2048, 2048, 2048, 2048, 2048, 2048, 2048, 2048, 2048]","[2048, 2048, 2048, 2048, 2048, 2048, 2048, 2048, 2048]",331.0,Max VERSTAPPEN,VER,Red Bull Racing,4781D7,2026-09-26 11:45:26.741000+00:00,2026-09-26 11:47:14.238000+00:00,True,True,1,1.0,MEDIUM,23.0,False,PENDING_TIME_INTERVAL_REVIEW,,Finalize after checking temporal overlap with race-control periods
1295,11377,3,25,2026-09-26T11:47:14.317000+00:00,38.08,44.14,24.987,196.0,212.0,False,107.207,"[None, 2048, 2048, 2048, 2048, 2049, 2049, 2048]","[2048, 2048, 2048, 2049, 2048, 2048, 2048, 2048, 2048, 2048]","[2048, 2048, 2051, 2048, 2048, 2048, 2048, 2048, 2048]",332.0,Max VERSTAPPEN,VER,Red Bull Racing,4781D7,2026-09-26 11:47:14.317000+00:00,2026-09-26 11:49:01.524000+00:00,True,True,1,1.0,MEDIUM,24.0,False,PENDING_TIME_INTERVAL_REVIEW,,Finalize after checking temporal overlap with race-control periods
1295,11377,3,26,2026-09-26T11:49:01.550000+00:00,38.427,44.242,25.131,197.0,204.0,False,107.8,"[None, 2048, 2048, 2048, 2049, 2048, 2048, 2048]","[2048, 2048, 2048, 2048, 2048, 2048, 2048, 2049, 2048, 2048]","[2048, 2048, 2048, 2048, 2048, 2048, 2048, 2048, 2048]",331.0,Max VERSTAPPEN,VER,Red Bull Racing,4781D7,2026-09-26 11:49:01.550000+00:00,2026-09-26 11:50:49.350000+00:00,True,True,1,1.0,MEDIUM,25.0,False,PENDING_TIME_INTERVAL_REVIEW,,Finalize after checking temporal overlap with race-control periods
1295,11377,3,27,2026-09-26T11:50:49.282000+00:00,38.251,44.147,25.082,196.0,205.0,False,107.48,"[None, 2048, 2048, 2048, 2048, 2048, 2048, 2048]","[2048, 2048, 2048, 2048, 2048, 2048, 2048, 2048, 2048, 2048]","[2048, 2048, 2048, 2049, 2048, 2048, 2048, 2048, 2048]",330.0,Max VERSTAPPEN,VER,Red Bull Racing,4781D7,2026-09-26 11:50:49.282000+00:00,2026-09-26 11:52:36.762000+00:00,True,True,1,1.0,MEDIUM,26.0,False,PENDING_TIME_INTERVAL_REVIEW,,Finalize after checking temporal overlap with race-control periods
1295,11377,3,28,2026-09-26T11:52:36.764000+00:00,38.113,44.007,25.25,,207.0,False,107.37,"[None, 2048, 2051, 2048, 2048, 2048, 2048, 2048]","[2048, 2048, 2048, 2048, 2048, 2048, 2048, 2048, 2048, 2048]","[2048, 2048, 2048, 2048, 2048, 2048, 2048, 2048, 2048]",330.0,Max VERSTAPPEN,VER,Red Bull Racing,4781D7,2026-09-26 11:52:36.764000+00:00,2026-09-26 11:54:24.134000+00:00,True,True,1,1.0,MEDIUM,27.0,False,PENDING_TIME_INTERVAL_REVIEW,,Finalize after checking temporal overlap with race-control periods
1295,11377,3,29,2026-09-26T11:54:24.184000+00:00,38.222,43.987,25.098,200.0,208.0,False,107.307,"[None, 2048, 2048, 2048, 2048, 2048, 2048, 2048]","[2048, 2048, 2048, 2048, 2048, 2048, 2048, 2048, 2049, 2048]","[2048, 2048, 2049, 2049, 2048, 2048, 2048, 2048, 2048]",330.0,Max VERSTAPPEN,VER,Red Bull Racing,4781D7,2026-09-26 11:54:24.184000+00:00,2026-09-26 11:56:11.491000+00:00,True,True,1,1.0,MEDIUM,28.0,False,PENDING_TIME_INTERVAL_REVIEW,,Finalize after checking temporal overlap with race-control periods
1295,11377,3,30,2026-09-26T11:56:11.355000+00:00,38.187,43.992,25.111,197.0,207.0,False,107.29,"[None, 2048, 2048, 2048, 2048, 2048, 2048, 2048]","[2048, 2048, 2048, 2049, 2048, 2048, 2048, 2048, 2048, 2048]","[2048, 2048, 2048, 2048, 2048, 2048, 2048, 2048, 2048]",331.0,Max VERSTAPPEN,VER,Red Bull Racing,4781D7,2026-09-26 11:56:11.355000+00:00,2026-09-26 11:57:58.645000+00:00,True,True,1,1.0,MEDIUM,29.0,False,PENDING_TIME_INTERVAL_REVIEW,,Finalize after checking temporal overlap with race-control periods
1295,11377,3,31,2026-09-26T11:57:58.755000+00:00,51.798,59.335,41.12,112.0,137.0,False,152.253,"[None, 2048, 2048, 2048, 2048, 2048, 2048, 2048]","[2048, 2048, 2048, 2048, 2048, 2048, 2048, 2048, 2048, 2048]","[2048, 2048, 2048, 2048, 2048, 2048, 2048, 2064, 2064]",196.0,Max VERSTAPPEN,VER,Red Bull Racing,4781D7,2026-09-26 11:57:58.755000+00:00,2026-09-26 12:00:31.008000+00:00,True,True,1,1.0,MEDIUM,30.0,True,PENDING_TIME_INTERVAL_REVIEW,,Finalize after checking temporal overlap with race-control periods
1295,11377,3,32,2026-09-26T12:00:30.897000+00:00,68.571,57.817,40.599,102.0,183.0,True,166.987,"[2064, 2064, 2048, 2048, 2048, 2048, 2048, 2048]","[2048, 2048, 2048, 2048, 2048, 2048, 2048, 2048, 2048, 2048]","[2048, 2048, 2048, 2048, 2048, 2048, 2048, 2048, 2048]",198.0,Max VERSTAPPEN,VER,Red Bull Racing,4781D7,2026-09-26 12:00:30.897000+00:00,2026-09-26 12:03:17.884000+00:00,True,True,1,2.0,SOFT,0.0,False,PENDING_TIME_INTERVAL_REVIEW,,Finalize after checking temporal overlap with race-control periods
1295,11377,3,33,2026-09-26T12:03:17.938000+00:00,60.588,67.57,38.058,80.0,189.0,False,166.216,"[2048, 2048, 2048, 2048, 2048, 2048, 2048, 2048]","[2048, 2048, 2048, 2048, 2048, 2048, 2048, 2048, 2048, 2048]","[2048, 2048, 2048, 2048, 2048, 2048, 2048, 2048, 2048]",213.0,Max VERSTAPPEN,VER,Red Bull Racing,4781D7,2026-09-26 12:03:17.938000+00:00,2026-09-26 12:06:04.154000+00:00,True,True,1,2.0,SOFT,1.0,False,PENDING_TIME_INTERVAL_REVIEW,,Finalize after checking temporal overlap with race-control periods
1295,11377,3,34,2026-09-26T12:06:04.215000+00:00,65.179,61.54,38.047,162.0,185.0,False,164.766,"[None, 2048, 2048, 2048, 2048, 2048, 2048, 2048]","[2048, 2048, 2048, 2048, 2048, 2048, 2048, 2048, 2048, 2048]","[2048, 2048, 2048, 2048, 2048, 2048, 2048, 2048, 2048]",227.0,Max VERSTAPPEN,VER,Red Bull Racing,4781D7,2026-09-26 12:06:04.215000+00:00,2026-09-26 12:08:48.981000+00:00,True,True,1,2.0,SOFT,2.0,False,PENDING_TIME_INTERVAL_REVIEW,,Finalize after checking temporal overlap with race-control periods
1295,11377,3,35,2026-09-26T12:08:48.876000+00:00,53.67,62.727,41.118,140.0,162.0,False,157.515,"[None, 2048, 2048, 2048, 2048, 2048, 2048, 2048]","[2048, 2048, 2048, 2048, 2048, 2048, 2048, 2048, 2048, 2048]","[2048, 2048, 2048, 2048, 2048, 2048, 2048, 2048, 2048]",182.0,Max VERSTAPPEN,VER,Red Bull Racing,4781D7,2026-09-26 12:08:48.876000+00:00,2026-09-26 12:11:26.391000+00:00,True,True,1,2.0,SOFT,3.0,False,PENDING_TIME_INTERVAL_REVIEW,,Finalize after checking temporal overlap with race-control periods
1295,11377,3,36,2026-09-26T12:11:26.567000+00:00,38.488,49.854,41.596,194.0,149.0,False,129.938,"[None, 2048, 2048, 2051, 2048, 2048, 2048, 2049]","[2048, 2048, 2048, 2048, 2049, 2049, 2051, 2048, 2048, 2048]","[2048, 2048, 2048, 2048, 2048, 2048, 2048, 2064, 2064]",116.0,Max VERSTAPPEN,VER,Red Bull Racing,4781D7,2026-09-26 12:11:26.567000+00:00,2026-09-26 12:13:36.505000+00:00,True,True,1,2.0,SOFT,4.0,True,PENDING_TIME_INTERVAL_REVIEW,,Finalize after checking temporal overlap with race-control periods
1295,11377,3,37,2026-09-26T12:13:36.281000+00:00,62.542,62.059,39.891,96.0,159.0,True,164.492,"[2064, 2064, 2048, 2048, 2048, 2048, 2048, 2048]","[2048, 2048, 2048, 2048, 2048, 2048, 2048, 2048, 2048, 2048]","[2048, 2048, 2048, 2048, 2048, 2048, 2048, 2048, 2048]",238.0,Max VERSTAPPEN,VER,Red Bull Racing,4781D7,2026-09-26 12:13:36.281000+00:00,2026-09-26 12:16:20.773000+00:00,True,True,1,3.0,SOFT,5.0,False,PENDING_TIME_INTERVAL_REVIEW,,Finalize after checking temporal overlap with race-control periods
1295,11377,3,38,2026-09-26T12:16:20.822000+00:00,58.524,62.469,39.894,130.0,166.0,False,160.887,"[2048, 2048, 2048, 2048, 2048, 2048, 2048, 2048]","[2048, 2048, 2048, 2048, 2048, 2048, 2048, 2048, 2048, 2048]","[2048, 2048, 2048, 2048, 2048, 2048, 2048, 2048, 2048]",191.0,Max VERSTAPPEN,VER,Red Bull Racing,4781D7,2026-09-26 12:16:20.822000+00:00,2026-09-26 12:19:01.709000+00:00,True,True,1,3.0,SOFT,6.0,False,PENDING_TIME_INTERVAL_REVIEW,,Finalize after checking temporal overlap with race-control periods
1295,11377,3,39,2026-09-26T12:19:01.814000+00:00,38.087,43.509,24.826,193.0,213.0,False,106.422,"[None, 2048, 2048, 2049, 2049, 2048, 2048, 2049]","[2048, 2049, 2049, 2048, 2049, 2049, 2048, 2048, 2048, 2049]","[2049, 2049, 2049, 2048, 2048, 2048, 2048, 2048, 2048]",334.0,Max VERSTAPPEN,VER,Red Bull Racing,4781D7,2026-09-26 12:19:01.814000+00:00,2026-09-26 12:20:48.236000+00:00,True,True,1,3.0,SOFT,7.0,False,PENDING_TIME_INTERVAL_REVIEW,,Finalize after checking temporal overlap with race-control periods
1295,11377,3,40,2026-09-26T12:20:48.144000+00:00,38.238,43.107,24.851,199.0,216.0,False,106.196,"[None, 2048, 2048, 2048, 2048, 2048, 2049, 2048]","[2049, 2048, 2049, 2049, 2049, 2049, 2048, 2048, 2049, 2049]","[2049, 2051, 2049, 2048, 2048, 2048, 2048, 2048, 2048]",333.0,Max VERSTAPPEN,VER,Red Bull Racing,4781D7,2026-09-26 12:20:48.144000+00:00,2026-09-26 12:22:34.340000+00:00,True,True,1,3.0,SOFT,8.0,False,PENDING_TIME_INTERVAL_REVIEW,,Finalize after checking temporal overlap with race-control periods
1295,11377,3,41,2026-09-26T12:22:34.338000+00:00,37.724,43.123,24.937,201.0,215.0,False,105.784,"[None, 2049, 2048, 2048, 2048, 2049, 2049, 2048]","[2048, 2048, 2048, 2048, 2049, 2048, 2048, 2048, 2051, 2048]","[2048, 2048, 2048, 2048, 2048, 2048, 2048, 2048, 2048]",332.0,Max VERSTAPPEN,VER,Red Bull Racing,4781D7,2026-09-26 12:22:34.338000+00:00,2026-09-26 12:24:20.122000+00:00,True,True,1,3.0,SOFT,9.0,False,PENDING_TIME_INTERVAL_REVIEW,,Finalize after checking temporal overlap with race-control periods
1295,11377,3,42,2026-09-26T12:24:20.133000+00:00,37.6,43.014,24.775,,216.0,False,105.389,"[None, 2049, 2048, 2048, 2048, 2048, 2049, 2048]","[2048, 2048, 2049, 2049, 2048, 2048, 2048, 2048, 2048, 2048]","[2049, 2049, 2049, 2049, 2048, 2048, 2048, 2048]",332.0,Max VERSTAPPEN,VER,Red Bull Racing,4781D7,2026-09-26 12:24:20.133000+00:00,2026-09-26 12:26:05.522000+00:00,True,True,1,3.0,SOFT,10.0,False,PENDING_TIME_INTERVAL_REVIEW,,Finalize after checking temporal overlap with race-control periods
1295,11377,3,43,2026-09-26T12:26:05.461000+00:00,37.62,43.109,24.845,200.0,214.0,False,105.574,"[None, 2048, 2049, 2048, 2048, 2048, 2048, 2048]","[2049, 2048, 2048, 2048, 2048, 2049, 2048, 2048, 2048, 2048]","[2048, 2048, 2048, 2048, 2048, 2048, 2048, 2048, 2048]",335.0,Max VERSTAPPEN,VER,Red Bull Racing,4781D7,2026-09-26 12:26:05.461000+00:00,2026-09-26 12:27:51.035000+00:00,True,True,1,3.0,SOFT,11.0,False,PENDING_TIME_INTERVAL_REVIEW,,Finalize after checking temporal overlap with race-control periods
1295,11377,3,44,2026-09-26T12:27:51.134000+00:00,37.449,42.998,24.688,207.0,209.0,False,105.135,"[None, 2048, 2049, 2048, 2049, 2049, 2048, 2048]","[2048, 2048, 2048, 2048, 2048, 2051, 2048, 2048, 2048, 2048]","[2049, 2048, 2049, 2048, 2048, 2048, 2048, 2048, 2048]",336.0,Max VERSTAPPEN,VER,Red Bull Racing,4781D7,2026-09-26 12:27:51.134000+00:00,2026-09-26 12:29:36.269000+00:00,True,True,1,3.0,SOFT,12.0,False,PENDING_TIME_INTERVAL_REVIEW,,Finalize after checking temporal overlap with race-control periods
1295,11377,3,45,2026-09-26T12:29:36.197000+00:00,37.532,42.851,24.687,203.0,214.0,False,105.07,"[None, 2048, 2048, 2048, 2048, 2048, 2048, 2048]","[2048, 2048, 2049, 2049, 2048, 2051, 2048, 2048, 2051, 2048]","[2049, 2048, 2049, 2049, 2048, 2048, 2048, 2048, 2048]",333.0,Max VERSTAPPEN,VER,Red Bull Racing,4781D7,2026-09-26 12:29:36.197000+00:00,2026-09-26 12:31:21.267000+00:00,True,True,1,3.0,SOFT,13.0,False,PENDING_TIME_INTERVAL_REVIEW,,Finalize after checking temporal overlap with race-control periods
1295,11377,3,46,2026-09-26T12:31:21.314000+00:00,37.411,43.154,24.706,202.0,213.0,False,105.271,"[None, 2048, 2048, 2048, 2048, 2048, 2048, 2049]","[2048, 2048, 2049, 2048, 2049, 2048, 2048, 2048, 2048, 2048]","[2048, 2048, 2048, 2048, 2048, 2048, 2048, 2048, 2048]",334.0,Max VERSTAPPEN,VER,Red Bull Racing,4781D7,2026-09-26 12:31:21.314000+00:00,2026-09-26 12:33:06.585000+00:00,True,True,1,3.0,SOFT,14.0,False,PENDING_TIME_INTERVAL_REVIEW,,Finalize after checking temporal overlap with race-control periods
1295,11377,3,47,2026-09-26T12:33:06.583000+00:00,37.376,43.098,24.662,200.0,217.0,False,105.136,"[None, 2048, 2049, 2048, 2048, 2049, 2048, 2048]","[2048, 2048, 2048, 2049, 2048, 2048, 2048, 2048, 2048, 2048]","[2051, 2049, 2048, 2048, 2048, 2048, 2048, 2048, 2048]",333.0,Max VERSTAPPEN,VER,Red Bull Racing,4781D7,2026-09-26 12:33:06.583000+00:00,2026-09-26 12:34:51.719000+00:00,True,True,1,3.0,SOFT,15.0,False,PENDING_TIME_INTERVAL_REVIEW,,Finalize after checking temporal overlap with race-control periods
1295,11377,3,48,2026-09-26T12:34:51.839000+00:00,37.222,42.999,24.772,201.0,213.0,False,104.993,"[2049, 2049, 2049, 2048, 2048, 2048, 2049, 2048]","[2048, 2048, 2048, 2048, 2049, 2048, 2048, 2048, 2048, 2048]","[2048, 2048, 2048, 2048, 2048, 2048, 2048, 2048, 2048]",332.0,Max VERSTAPPEN,VER,Red Bull Racing,4781D7,2026-09-26 12:34:51.839000+00:00,2026-09-26 12:36:36.832000+00:00,True,True,1,3.0,SOFT,16.0,False,PENDING_TIME_INTERVAL_REVIEW,,Finalize after checking temporal overlap with race-control periods
1295,11377,3,49,2026-09-26T12:36:36.907000+00:00,37.169,43.101,24.75,205.0,217.0,False,105.02,"[2048, 2048, 2049, 2048, 2048, 2049, 2051, 2049]","[2048, 2048, 2049, 2049, 2048, 2048, 2048, 2048, 2048, 2048]","[2048, 2048, 2048, 2048, 2048, 2048, 2048, 2048, 2048]",332.0,Max VERSTAPPEN,VER,Red Bull Racing,4781D7,2026-09-26 12:36:36.907000+00:00,2026-09-26 12:38:21.927000+00:00,True,True,1,3.0,SOFT,17.0,False,PENDING_TIME_INTERVAL_REVIEW,,Finalize after checking temporal overlap with race-control periods
1295,11377,3,50,2026-09-26T12:38:21.739000+00:00,37.122,43.387,24.679,,213.0,False,105.188,"[2049, 2048, 2048, 2048, 2048, 2049, 2048, 2048]","[2048, 2048, 2048, 2048, 2048, 2048, 2048, 2048, 2048, 2048]","[2051, 2051, 2049, 2048, 2048, 2048, 2048, 2048, 2048]",332.0,Max VERSTAPPEN,VER,Red Bull Racing,4781D7,2026-09-26 12:38:21.739000+00:00,2026-09-26 12:40:06.927000+00:00,True,True,1,3.0,SOFT,18.0,False,PENDING_TIME_INTERVAL_REVIEW,,Finalize after checking temporal overlap with race-control periods
1295,11377,3,51,2026-09-26T12:40:06.943000+00:00,37.171,44.237,25.112,208.0,205.0,False,106.52,"[2048, 2048, 2049, 2048, 2048, 2049, 2048, 2049]","[2048, 2048, 2048, 2048, 2048, 2048, 2048, 2048, 2048, 2049]","[2048, 2048, 2048, 2048, 2048, 2048, 2048, 2048, 2048]",330.0,Max VERSTAPPEN,VER,Red Bull Racing,4781D7,2026-09-26 12:40:06.943000+00:00,2026-09-26 12:41:53.463000+00:00,True,True,1,3.0,SOFT,19.0,False,PENDING_TIME_INTERVAL_REVIEW,,Finalize after checking temporal overlap with race-control periods
1295,11377,5,1,2026-09-26T11:03:50.711000+00:00,50.062,48.912,25.724,164.0,182.0,False,124.698,"[2049, 2049, 2049, 2049, 2049, 2049, 2049, 2049]","[2049, 2049, 2049, 2049, 2049, 2049, 2049, 2049, 2049, 2049]","[2049, 2049, 2049, 2049, 2049, 2049, 2049, 2049, 2049]",334.0,Gabriel BORTOLETO,BOR,Audi,F50537,2026-09-26 11:03:50.711000+00:00,2026-09-26 11:05:55.409000+00:00,False,False,1,1.0,MEDIUM,0.0,False,PENDING_TIME_INTERVAL_REVIEW,,Finalize after checking temporal overlap with race-control periods
1295,11377,5,2,2026-09-26T11:05:55.409000+00:00,40.27,45.833,25.719,180.0,192.0,False,111.822,"[None, 2049, 2049, 2048, 2048, 2049, 2049, 2049]","[2049, 2049, 2049, 2049, 2049, 2049, 2049, 2049, 2049, 2049]","[2049, 2049, 2048, 2048, 2048, 2048, 2048, 2048, 2048]",331.0,Gabriel BORTOLETO,BOR,Audi,F50537,2026-09-26 11:05:55.409000+00:00,2026-09-26 11:07:47.231000+00:00,False,False,1,1.0,MEDIUM,1.0,False,PENDING_TIME_INTERVAL_REVIEW,,Finalize after checking temporal overlap with race-control periods
1295,11377,5,3,2026-09-26T11:07:47.340000+00:00,39.466,45.362,25.558,,194.0,False,110.386,"[None, 2049, 2049, 2049, 2049, 2049, 2049, 2048]","[2049, 2048, 2049, 2049, 2048, 2049, 2049, 2049, 2049, 2049]","[2048, 2049, 2049, 2048, 2048, 2048, 2049, 2049, 2049]",334.0,Gabriel BORTOLETO,BOR,Audi,F50537,2026-09-26 11:07:47.340000+00:00,2026-09-26 11:09:37.726000+00:00,False,False,1,1.0,MEDIUM,2.0,False,PENDING_TIME_INTERVAL_REVIEW,,Finalize after checking temporal overlap with race-control periods
1295,11377,5,4,2026-09-26T11:09:37.663000+00:00,39.434,45.484,25.408,188.0,198.0,False,110.326,"[2048, 2049, 2049, 2049, 2049, 2048, 2049, 2049]","[2049, 2049, 2048, 2048, 2048, 2049, 2049, 2048, 2048, 2048]","[2049, 2049, 2049, 2049, 2049, 2048, 2048, 2049, 2049]",329.0,Gabriel BORTOLETO,BOR,Audi,F50537,2026-09-26 11:09:37.663000+00:00,2026-09-26 11:11:27.989000+00:00,False,False,1,1.0,MEDIUM,3.0,False,PENDING_TIME_INTERVAL_REVIEW,,Finalize after checking temporal overlap with race-control periods
1295,11377,5,5,2026-09-26T11:11:27.963000+00:00,39.518,45.678,25.356,187.0,201.0,False,110.552,"[None, 2049, 2048, 2048, 2048, 2048, 2049, 2049]","[2048, 2048, 2048, 2048, 2048, 2048, 2048, 2048, 2048, 2049]","[2049, 2049, 2049, 2049, 2048, 2048, 2048, 2048, 2048]",330.0,Gabriel BORTOLETO,BOR,Audi,F50537,2026-09-26 11:11:27.963000+00:00,2026-09-26 11:13:18.515000+00:00,False,False,1,1.0,MEDIUM,4.0,False,PENDING_TIME_INTERVAL_REVIEW,,Finalize after checking temporal overlap with race-control periods
1295,11377,5,6,2026-09-26T11:13:18.592000+00:00,39.447,45.362,25.026,188.0,200.0,False,109.835,"[None, 2048, 2049, 2048, 2048, 2048, 2049, 2048]","[2048, 2049, 2049, 2048, 2048, 2048, 2048, 2048, 2049, 2049]","[2049, 2049, 2049, 2049, 2049, 2049, 2049, 2049, 2048]",338.0,Gabriel BORTOLETO,BOR,Audi,F50537,2026-09-26 11:13:18.592000+00:00,2026-09-26 11:15:08.427000+00:00,False,False,1,1.0,MEDIUM,5.0,False,PENDING_TIME_INTERVAL_REVIEW,,Finalize after checking temporal overlap with race-control periods
1295,11377,5,7,2026-09-26T11:15:08.348000+00:00,40.038,45.406,25.296,185.0,202.0,False,110.74,"[None, 2048, 2048, 2048, 2048, 2048, 2048, 2048]","[2048, 2048, 2048, 2048, 2048, 2048, 2048, 2049, 2048, 2048]","[2048, 2048, 2048, 2048, 2048, 2048, 2048, 2048, 2048]",333.0,Gabriel BORTOLETO,BOR,Audi,F50537,2026-09-26 11:15:08.348000+00:00,2026-09-26 11:16:59.088000+00:00,False,False,1,1.0,MEDIUM,6.0,False,PENDING_TIME_INTERVAL_REVIEW,,Finalize after checking temporal overlap with race-control periods
1295,11377,5,8,2026-09-26T11:16:59.108000+00:00,39.418,45.259,25.378,189.0,204.0,False,110.055,"[None, 2048, 2048, 2048, 2048, 2048, 2049, 2049]","[2049, 2049, 2049, 2048, 2048, 2048, 2048, 2048, 2048, 2048]","[2048, 2048, 2048, 2048, 2048, 2048, 2048, 2048, 2048]",332.0,Gabriel BORTOLETO,BOR,Audi,F50537,2026-09-26 11:16:59.108000+00:00,2026-09-26 11:18:49.163000+00:00,False,False,1,1.0,MEDIUM,7.0,False,PENDING_TIME_INTERVAL_REVIEW,,Finalize after checking temporal overlap with race-control periods
1295,11377,5,9,2026-09-26T11:18:49.145000+00:00,39.366,45.696,25.122,190.0,197.0,False,110.184,"[None, 2048, 2048, 2048, 2048, 2048, 2048, 2048]","[2048, 2048, 2049, 2048, 2048, 2048, 2048, 2048, 2048, 2048]","[2048, 2048, 2048, 2048, 2048, 2049, 2049, 2049, 2049]",339.0,Gabriel BORTOLETO,BOR,Audi,F50537,2026-09-26 11:18:49.145000+00:00,2026-09-26 11:20:39.329000+00:00,False,False,1,1.0,MEDIUM,8.0,False,PENDING_TIME_INTERVAL_REVIEW,,Finalize after checking temporal overlap with race-control periods
1295,11377,5,10,2026-09-26T11:20:39.272000+00:00,39.648,45.323,25.006,186.0,198.0,False,109.977,"[None, 2048, 2048, 2048, 2048, 2048, 2048, 2048]","[2048, 2048, 2048, 2049, 2048, 2048, 2048, 2048, 2048, 2049]","[2048, 2048, 2048, 2049, 2049, 2049, 2048, 2048, 2048]",338.0,Gabriel BORTOLETO,BOR,Audi,F50537,2026-09-26 11:20:39.272000+00:00,2026-09-26 11:22:29.249000+00:00,False,False,1,1.0,MEDIUM,9.0,False,PENDING_TIME_INTERVAL_REVIEW,,Finalize after checking temporal overlap with race-control periods
1295,11377,5,11,2026-09-26T11:22:29.278000+00:00,39.582,45.341,25.244,187.0,198.0,False,110.167,"[None, 2048, 2048, 2049, 2048, 2048, 2048, 2048]","[2048, 2048, 2048, 2048, 2048, 2048, 2048, 2048, 2048, 2048]","[2048, 2048, 2048, 2048, 2048, 2048, 2048, 2048, 2048]",331.0,Gabriel BORTOLETO,BOR,Audi,F50537,2026-09-26 11:22:29.278000+00:00,2026-09-26 11:24:19.445000+00:00,False,False,1,1.0,MEDIUM,10.0,False,PENDING_TIME_INTERVAL_REVIEW,,Finalize after checking temporal overlap with race-control periods
1295,11377,5,12,2026-09-26T11:24:19.410000+00:00,39.174,45.378,24.845,189.0,203.0,False,109.397,"[None, 2048, 2048, 2048, 2049, 2049, 2049, 2049]","[2048, 2048, 2048, 2049, 2048, 2048, 2048, 2049, 2048, 2048]","[2048, 2048, 2049, 2049, 2049, 2049, 2049, 2049, 2049]",341.0,Gabriel BORTOLETO,BOR,Audi,F50537,2026-09-26 11:24:19.410000+00:00,2026-09-26 11:26:08.807000+00:00,False,False,1,1.0,MEDIUM,11.0,False,PENDING_TIME_INTERVAL_REVIEW,,Finalize after checking temporal overlap with race-control periods
1295,11377,5,13,2026-09-26T11:26:08.980000+00:00,40.511,45.39,25.159,,202.0,False,111.06,"[2049, 2048, 2048, 2048, 2048, 2048, 2048, 2048]","[2048, 2048, 2048, 2048, 2048, 2048, 2048, 2048, 2048, 2048]","[2049, 2048, 2048, 2048, 2048, 2048, 2048, 2048, 2048]",331.0,Gabriel BORTOLETO,BOR,Audi,F50537,2026-09-26 11:26:08.980000+00:00,2026-09-26 11:28:00.040000+00:00,False,False,1,1.0,MEDIUM,12.0,False,PENDING_TIME_INTERVAL_REVIEW,,Finalize after checking temporal overlap with race-control periods
1295,11377,5,14,2026-09-26T11:27:59.915000+00:00,39.289,45.18,25.316,190.0,206.0,False,109.785,"[2048, 2048, 2048, 2048, 2048, 2049, 2048, 2048]","[2048, 2048, 2049, 2049, 2048, 2048, 2048, 2048, 2049, 2048]","[2049, 2048, 2048, 2048, 2048, 2048, 2048, 2048, 2048]",333.0,Gabriel BORTOLETO,BOR,Audi,F50537,2026-09-26 11:27:59.915000+00:00,2026-09-26 11:29:49.700000+00:00,False,False,1,1.0,MEDIUM,13.0,False,PENDING_TIME_INTERVAL_REVIEW,,Finalize after checking temporal overlap with race-control periods
1295,11377,5,15,2026-09-26T11:29:49.726000+00:00,39.144,44.99,25.206,191.0,205.0,False,109.34,"[None, 2049, 2049, 2048, 2048, 2048, 2048, 2048]","[2048, 2048, 2049, 2049, 2048, 2048, 2048, 2048, 2048, 2048]","[2049, 2049, 2048, 2048, 2048, 2048, 2048, 2048, 2048]",332.0,Gabriel BORTOLETO,BOR,Audi,F50537,2026-09-26 11:29:49.726000+00:00,2026-09-26 11:31:39.066000+00:00,False,False,1,1.0,MEDIUM,14.0,False,PENDING_TIME_INTERVAL_REVIEW,,Finalize after checking temporal overlap with race-control periods
1295,11377,5,16,2026-09-26T11:31:39.006000+00:00,39.334,45.087,25.031,195.0,210.0,False,109.452,"[None, 2048, 2048, 2048, 2048, 2048, 2048, 2048]","[2048, 2049, 2048, 2048, 2048, 2048, 2048, 2049, 2048, 2049]","[2048, 2048, 2048, 2049, 2049, 2048, 2048, 2048, 2048]",333.0,Gabriel BORTOLETO,BOR,Audi,F50537,2026-09-26 11:31:39.006000+00:00,2026-09-26 11:33:28.458000+00:00,False,False,1,1.0,MEDIUM,15.0,False,PENDING_TIME_INTERVAL_REVIEW,,Finalize after checking temporal overlap with race-control periods
1295,11377,5,17,2026-09-26T11:33:28.459000+00:00,39.405,44.83,25.103,193.0,202.0,False,109.338,"[None, 2048, 2048, 2048, 2048, 2048, 2048, 2049]","[2048, 2048, 2048, 2048, 2048, 2049, 2049, 2049, 2048, 2048]","[2048, 2048, 2049, 2049, 2049, 2048, 2048, 2048, 2048]",321.0,Gabriel BORTOLETO,BOR,Audi,F50537,2026-09-26 11:33:28.459000+00:00,2026-09-26 11:35:17.797000+00:00,False,False,1,1.0,MEDIUM,16.0,False,PENDING_TIME_INTERVAL_REVIEW,,Finalize after checking temporal overlap with race-control periods
1295,11377,5,18,2026-09-26T11:35:17.973000+00:00,39.245,44.75,25.717,196.0,211.0,False,109.712,"[None, 2048, 2048, 2048, 2048, 2048, 2049, 2048]","[2049, 2048, 2049, 2048, 2048, 2048, 2048, 2048, 2049, 2048]","[2048, 2048, 2048, 2048, 2048, 2048, 2048, 2048, 2048]",323.0,Gabriel BORTOLETO,BOR,Audi,F50537,2026-09-26 11:35:17.973000+00:00,2026-09-26 11:37:07.685000+00:00,False,False,1,1.0,MEDIUM,17.0,False,PENDING_TIME_INTERVAL_REVIEW,,Finalize after checking temporal overlap with race-control periods
1295,11377,5,19,2026-09-26T11:37:07.504000+00:00,39.145,44.86,25.692,195.0,209.0,False,109.697,"[None, 2049, 2049, 2048, 2048, 2049, 2049, 2048]","[2048, 2048, 2049, 2049, 2049, 2048, 2048, 2048, 2048, 2048]","[2048, 2048, 2048, 2048, 2048, 2048, 2048, 2048, 2048]",320.0,Gabriel BORTOLETO,BOR,Audi,F50537,2026-09-26 11:37:07.504000+00:00,2026-09-26 11:38:57.201000+00:00,False,False,1,1.0,MEDIUM,18.0,False,PENDING_TIME_INTERVAL_REVIEW,,Finalize after checking temporal overlap with race-control periods
1295,11377,5,20,2026-09-26T11:38:57.297000+00:00,38.968,44.557,25.692,200.0,209.0,False,109.217,"[None, 2048, 2048, 2048, 2048, 2049, 2049, 2048]","[2049, 2048, 2048, 2048, 2048, 2048, 2048, 2048, 2049, 2048]","[2048, 2048, 2048, 2048, 2048, 2048, 2048, 2048, 2048]",326.0,Gabriel BORTOLETO,BOR,Audi,F50537,2026-09-26 11:38:57.297000+00:00,2026-09-26 11:40:46.514000+00:00,False,False,1,1.0,MEDIUM,19.0,False,PENDING_TIME_INTERVAL_REVIEW,,Finalize after checking temporal overlap with race-control periods
1295,11377,5,21,2026-09-26T11:40:46.548000+00:00,38.838,44.548,25.61,199.0,208.0,False,108.996,"[None, 2048, 2049, 2048, 2048, 2048, 2049, 2048]","[2048, 2048, 2048, 2048, 2048, 2048, 2048, 2048, 2049, 2048]","[2048, 2048, 2048, 2048, 2048, 2048, 2048, 2048, 2048]",327.0,Gabriel BORTOLETO,BOR,Audi,F50537,2026-09-26 11:40:46.548000+00:00,2026-09-26 11:42:35.544000+00:00,False,False,1,1.0,MEDIUM,20.0,False,PENDING_TIME_INTERVAL_REVIEW,,Finalize after checking temporal overlap with race-control periods
1295,11377,5,22,2026-09-26T11:42:35.474000+00:00,38.996,44.479,25.63,193.0,207.0,False,109.105,"[None, 2048, 2048, 2048, 2048, 2048, 2048, 2048]","[2048, 2048, 2048, 2048, 2049, 2048, 2048, 2049, 2049, 2048]","[2048, 2048, 2048, 2048, 2048, 2048, 2048, 2048, 2048]",326.0,Gabriel BORTOLETO,BOR,Audi,F50537,2026-09-26 11:42:35.474000+00:00,2026-09-26 11:44:24.579000+00:00,False,False,1,1.0,MEDIUM,21.0,False,PENDING_TIME_INTERVAL_REVIEW,,Finalize after checking temporal overlap with race-control periods
1295,11377,5,23,2026-09-26T11:44:24.685000+00:00,38.961,44.655,25.59,198.0,211.0,False,109.206,"[None, 2049, 2048, 2048, 2048, 2048, 2048, 2048]","[2048, 2048, 2048, 2048, 2048, 2048, 2048, 2048, 2049, 2048]","[2048, 2048, 2048, 2048, 2048, 2048, 2048, 2048, 2048]",327.0,Gabriel BORTOLETO,BOR,Audi,F50537,2026-09-26 11:44:24.685000+00:00,2026-09-26 11:46:13.891000+00:00,False,False,1,1.0,MEDIUM,22.0,False,PENDING_TIME_INTERVAL_REVIEW,,Finalize after checking temporal overlap with race-control periods
1295,11377,5,24,2026-09-26T11:46:13.811000+00:00,39.057,44.929,25.522,192.0,208.0,False,109.508,"[None, 2048, 2048, 2048, 2048, 2048, 2048, 2048]","[2048, 2048, 2048, 2048, 2048, 2048, 2048, 2048, 2048, 2048]","[2048, 2048, 2048, 2048, 2048, 2048, 2048, 2048, 2048]",327.0,Gabriel BORTOLETO,BOR,Audi,F50537,2026-09-26 11:46:13.811000+00:00,2026-09-26 11:48:03.319000+00:00,False,False,1,1.0,MEDIUM,23.0,False,PENDING_TIME_INTERVAL_REVIEW,,Finalize after checking temporal overlap with race-control periods
1295,11377,5,25,2026-09-26T11:48:03.329000+00:00,39.153,44.434,25.406,,211.0,False,108.993,"[None, 2048, 2048, 2048, 2048, 2048, 2048, 2048]","[2048, 2048, 2048, 2048, 2048, 2048, 2048, 2048, 2048, 2048]","[2048, 2048, 2048, 2048, 2048, 2048, 2048, 2048, 2048]",329.0,Gabriel BORTOLETO,BOR,Audi,F50537,2026-09-26 11:48:03.329000+00:00,2026-09-26 11:49:52.322000+00:00,False,False,1,1.0,MEDIUM,24.0,False,PENDING_TIME_INTERVAL_REVIEW,,Finalize after checking temporal overlap with race-control periods
1295,11377,5,26,2026-09-26T11:49:52.303000+00:00,39.678,44.616,25.549,194.0,209.0,False,109.843,"[None, 2048, 2048, 2048, 2048, 2048, 2048, 2048]","[2048, 2048, 2048, 2048, 2048, 2048, 2048, 2048, 2048, 2048]","[2048, 2048, 2048, 2048, 2048, 2048, 2048, 2048, 2048]",317.0,Gabriel BORTOLETO,BOR,Audi,F50537,2026-09-26 11:49:52.303000+00:00,2026-09-26 11:51:42.146000+00:00,False,False,1,1.0,MEDIUM,25.0,False,PENDING_TIME_INTERVAL_REVIEW,,Finalize after checking temporal overlap with race-control periods
1295,11377,5,27,2026-09-26T11:51:42.207000+00:00,39.023,44.285,25.959,196.0,214.0,False,109.267,"[None, 2048, 2048, 2049, 2049, 2048, 2048, 2049]","[2048, 2048, 2048, 2048, 2048, 2048, 2048, 2048, 2048, 2049]","[2048, 2049, 2048, 2048, 2048, 2048, 2048, 2048, 2048]",316.0,Gabriel BORTOLETO,BOR,Audi,F50537,2026-09-26 11:51:42.207000+00:00,2026-09-26 11:53:31.474000+00:00,False,False,1,1.0,MEDIUM,26.0,False,PENDING_TIME_INTERVAL_REVIEW,,Finalize after checking temporal overlap with race-control periods
1295,11377,5,28,2026-09-26T11:53:31.327000+00:00,38.989,44.258,25.925,200.0,212.0,False,109.172,"[None, 2048, 2048, 2048, 2048, 2048, 2049, 2048]","[2048, 2048, 2049, 2048, 2049, 2048, 2048, 2049, 2049, 2048]","[2048, 2048, 2048, 2048, 2048, 2048, 2048, 2048, 2048]",321.0,Gabriel BORTOLETO,BOR,Audi,F50537,2026-09-26 11:53:31.327000+00:00,2026-09-26 11:55:20.499000+00:00,False,False,1,1.0,MEDIUM,27.0,False,PENDING_TIME_INTERVAL_REVIEW,,Finalize after checking temporal overlap with race-control periods
1295,11377,5,29,2026-09-26T11:55:20.577000+00:00,38.929,44.207,25.773,198.0,211.0,False,108.909,"[None, 2049, 2049, 2048, 2048, 2048, 2049, 2048]","[2048, 2048, 2048, 2049, 2048, 2048, 2048, 2048, 2048, 2048]","[2049, 2049, 2048, 2048, 2048, 2048, 2048, 2048, 2048]",320.0,Gabriel BORTOLETO,BOR,Audi,F50537,2026-09-26 11:55:20.577000+00:00,2026-09-26 11:57:09.486000+00:00,False,False,1,1.0,MEDIUM,28.0,False,PENDING_TIME_INTERVAL_REVIEW,,Finalize after checking temporal overlap with race-control periods
1295,11377,5,30,2026-09-26T11:57:09.555000+00:00,39.082,55.828,41.517,180.0,168.0,False,136.427,"[None, 2049, 2048, 2048, 2048, 2048, 2048, 2048]","[2048, 2048, 2048, 2048, 2048, 2048, 2048, 2048, 2048, 2048]","[2048, 2048, 2048, 2048, 2048, 2048, 2048, 2064, 2064]",198.0,Gabriel BORTOLETO,BOR,Audi,F50537,2026-09-26 11:57:09.555000+00:00,2026-09-26 11:59:25.982000+00:00,False,False,1,1.0,MEDIUM,29.0,True,PENDING_TIME_INTERVAL_REVIEW,,Finalize after checking temporal overlap with race-control periods
1295,11377,5,31,2026-09-26T11:59:25.890000+00:00,67.353,59.516,38.299,152.0,145.0,True,165.168,"[2064, 2064, 2048, 2048, 2048, 2048, 2048, 2048]","[2048, 2048, 2048, 2048, 2048, 2048, 2048, 2048, 2048, 2048]","[2048, 2048, 2048, 2048, 2048, 2048, 2048, 2048, 2048]",185.0,Gabriel BORTOLETO,BOR,Audi,F50537,2026-09-26 11:59:25.890000+00:00,2026-09-26 12:02:11.058000+00:00,False,False,1,2.0,SOFT,0.0,False,PENDING_TIME_INTERVAL_REVIEW,,Finalize after checking temporal overlap with race-control periods
1295,11377,5,32,2026-09-26T12:02:11.041000+00:00,48.397,53.974,28.457,123.0,197.0,False,130.828,"[2048, 2048, 2048, 2048, 2048, 2048, 2048, 2048]","[2048, 2048, 2048, 2048, 2048, 2048, 2048, 2048, 2048, 2048]","[2048, 2048, 2048, 2048, 2048, 2048, 2048, 2048, 2048]",279.0,Gabriel BORTOLETO,BOR,Audi,F50537,2026-09-26 12:02:11.041000+00:00,2026-09-26 12:04:21.869000+00:00,False,False,1,2.0,SOFT,1.0,False,PENDING_TIME_INTERVAL_REVIEW,,Finalize after checking temporal overlap with race-control periods
1295,11377,5,33,2026-09-26T12:04:21.902000+00:00,43.197,48.804,29.664,116.0,206.0,False,121.665,"[None, 2048, 2048, 2048, 2048, 2048, 2048, 2048]","[2048, 2048, 2048, 2048, 2048, 2048, 2048, 2048, 2048, 2048]","[2048, 2048, 2048, 2048, 2048, 2048, 2048, 2048, 2048]",291.0,Gabriel BORTOLETO,BOR,Audi,F50537,2026-09-26 12:04:21.902000+00:00,2026-09-26 12:06:23.567000+00:00,False,False,1,2.0,SOFT,2.0,False,PENDING_TIME_INTERVAL_REVIEW,,Finalize after checking temporal overlap with race-control periods
1295,11377,5,34,2026-09-26T12:06:23.612000+00:00,62.09,62.905,37.703,139.0,155.0,False,162.698,"[None, 2048, 2048, 2048, 2048, 2048, 2048, 2048]","[2048, 2048, 2048, 2048, 2048, 2048, 2048, 2048, 2048, 2048]","[2048, 2048, 2048, 2048, 2048, 2048, 2048, 2048, 2048]",209.0,Gabriel BORTOLETO,BOR,Audi,F50537,2026-09-26 12:06:23.612000+00:00,2026-09-26 12:09:06.310000+00:00,False,False,1,2.0,SOFT,3.0,False,PENDING_TIME_INTERVAL_REVIEW,,Finalize after checking temporal overlap with race-control periods
1295,11377,5,35,2026-09-26T12:09:06.332000+00:00,53.418,58.652,30.71,174.0,164.0,False,142.78,"[None, 2048, 2048, 2048, 2048, 2048, 2048, 2048]","[2048, 2048, 2048, 2048, 2048, 2048, 2048, 2048, 2048, 2048]","[2048, 2048, 2048, 2048, 2048, 2048, 2048, 2048, 2048]",293.0,Gabriel BORTOLETO,BOR,Audi,F50537,2026-09-26 12:09:06.332000+00:00,2026-09-26 12:11:29.112000+00:00,False,False,1,2.0,SOFT,4.0,False,PENDING_TIME_INTERVAL_REVIEW,,Finalize after checking temporal overlap with race-control periods
1295,11377,5,36,2026-09-26T12:11:29.122000+00:00,44.963,58.063,43.347,167.0,141.0,False,146.373,"[None, 2048, 2048, 2048, 2048, 2048, 2048, 2048]","[2048, 2048, 2048, 2048, 2048, 2048, 2048, 2048, 2048, 2048]","[2048, 2048, 2048, 2048, 2048, 2048, 2048, 2064, 2064]",197.0,Gabriel BORTOLETO,BOR,Audi,F50537,2026-09-26 12:11:29.122000+00:00,2026-09-26 12:13:55.495000+00:00,False,False,1,2.0,SOFT,5.0,True,PENDING_TIME_INTERVAL_REVIEW,,Finalize after checking temporal overlap with race-control periods
1295,11377,5,37,2026-09-26T12:13:55.392000+00:00,60.851,61.26,38.501,135.0,157.0,True,160.612,"[2064, 2064, 2048, 2048, 2048, 2048, 2048, 2048]","[2048, 2048, 2048, 2048, 2048, 2048, 2048, 2048, 2048, 2048]","[2048, 2048, 2048, 2048, 2048, 2048, 2048, 2048, 2048]",188.0,Gabriel BORTOLETO,BOR,Audi,F50537,2026-09-26 12:13:55.392000+00:00,2026-09-26 12:16:36.004000+00:00,False,False,1,3.0,SOFT,6.0,False,PENDING_TIME_INTERVAL_REVIEW,,Finalize after checking temporal overlap with race-control periods
1295,11377,5,38,2026-09-26T12:16:36.018000+00:00,55.873,61.652,31.484,172.0,103.0,False,149.009,"[2048, 2048, 2048, 2048, 2048, 2048, 2048, 2048]","[2048, 2048, 2048, 2048, 2048, 2048, 2048, 2048, 2048, 2048]","[2048, 2048, 2048, 2048, 2048, 2048, 2048, 2048, 2048]",307.0,Gabriel BORTOLETO,BOR,Audi,F50537,2026-09-26 12:16:36.018000+00:00,2026-09-26 12:19:05.027000+00:00,False,False,1,3.0,SOFT,7.0,False,PENDING_TIME_INTERVAL_REVIEW,,Finalize after checking temporal overlap with race-control periods
1295,11377,5,39,2026-09-26T12:19:05.144000+00:00,42.074,45.672,25.451,191.0,205.0,False,113.197,"[None, 2048, 2048, 2049, 2048, 2048, 2048, 2048]","[2048, 2048, 2048, 2048, 2048, 2048, 2048, 2048, 2048, 2048]","[2048, 2049, 2049, 2048, 2048, 2048, 2048, 2048, 2048]",316.0,Gabriel BORTOLETO,BOR,Audi,F50537,2026-09-26 12:19:05.144000+00:00,2026-09-26 12:20:58.341000+00:00,False,False,1,3.0,SOFT,8.0,False,PENDING_TIME_INTERVAL_REVIEW,,Finalize after checking temporal overlap with race-control periods
1295,11377,5,40,2026-09-26T12:20:58.215000+00:00,39.447,44.501,25.151,192.0,199.0,False,109.099,"[None, 2048, 2048, 2048, 2048, 2048, 2048, 2048]","[2048, 2049, 2048, 2048, 2048, 2049, 2048, 2048, 2048, 2048]","[2048, 2049, 2048, 2048, 2048, 2048, 2048, 2048, 2048]",328.0,Gabriel BORTOLETO,BOR,Audi,F50537,2026-09-26 12:20:58.215000+00:00,2026-09-26 12:22:47.314000+00:00,False,False,1,3.0,SOFT,9.0,False,PENDING_TIME_INTERVAL_REVIEW,,Finalize after checking temporal overlap with race-control periods
1295,11377,5,41,2026-09-26T12:22:47.278000+00:00,38.306,44.178,25.516,198.0,215.0,False,108.0,"[None, 2049, 2048, 2048, 2048, 2049, 2048, 2049]","[2048, 2049, 2048, 2048, 2048, 2049, 2049, 2048, 2048, 2049]","[2048, 2048, 2048, 2048, 2048, 2048, 2048, 2048, 2048]",330.0,Gabriel BORTOLETO,BOR,Audi,F50537,2026-09-26 12:22:47.278000+00:00,2026-09-26 12:24:35.278000+00:00,False,False,1,3.0,SOFT,10.0,False,PENDING_TIME_INTERVAL_REVIEW,,Finalize after checking temporal overlap with race-control periods
1295,11377,5,42,2026-09-26T12:24:35.328000+00:00,38.333,43.763,24.829,195.0,210.0,False,106.925,"[None, 2048, 2048, 2048, 2048, 2048, 2048, 2048]","[2048, 2049, 2049, 2049, 2049, 2049, 2048, 2048, 2048, 2048]","[2049, 2049, 2049, 2049, 2049, 2048, 2048, 2048, 2048]",326.0,Gabriel BORTOLETO,BOR,Audi,F50537,2026-09-26 12:24:35.328000+00:00,2026-09-26 12:26:22.253000+00:00,False,False,1,3.0,SOFT,11.0,False,PENDING_TIME_INTERVAL_REVIEW,,Finalize after checking temporal overlap with race-control periods
1295,11377,5,43,2026-09-26T12:26:22.264000+00:00,38.317,44.089,24.486,198.0,213.0,False,106.892,"[None, 2048, 2048, 2048, 2048, 2049, 2049, 2049]","[2048, 2048, 2048, 2048, 2048, 2048, 2048, 2049, 2048, 2048]","[2048, 2048, 2048, 2049, 2049, 2048, 2048, 2048, 2048]",335.0,Gabriel BORTOLETO,BOR,Audi,F50537,2026-09-26 12:26:22.264000+00:00,2026-09-26 12:28:09.156000+00:00,False,False,1,3.0,SOFT,12.0,False,PENDING_TIME_INTERVAL_REVIEW,,Finalize after checking temporal overlap with race-control periods
1295,11377,5,44,2026-09-26T12:28:09.258000+00:00,39.014,44.192,24.639,193.0,212.0,False,107.845,"[2049, 2048, 2048, 2048, 2048, 2048, 2049, 2048]","[2048, 2048, 2048, 2048, 2048, 2048, 2049, 2048, 2048, 2048]","[2048, 2048, 2048, 2049, 2048, 2048, 2048, 2048, 2048]",338.0,Gabriel BORTOLETO,BOR,Audi,F50537,2026-09-26 12:28:09.258000+00:00,2026-09-26 12:29:57.103000+00:00,False,False,1,3.0,SOFT,13.0,False,PENDING_TIME_INTERVAL_REVIEW,,Finalize after checking temporal overlap with race-control periods
1295,11377,5,45,2026-09-26T12:29:57.216000+00:00,38.221,43.378,25.173,203.0,209.0,False,106.772,"[2048, 2048, 2049, 2048, 2049, 2049, 2049, 2049]","[2049, 2048, 2049, 2049, 2049, 2049, 2049, 2049, 2048, 2049]","[2048, 2048, 2048, 2048, 2048, 2048, 2048, 2048, 2048]",330.0,Gabriel BORTOLETO,BOR,Audi,F50537,2026-09-26 12:29:57.216000+00:00,2026-09-26 12:31:43.988000+00:00,False,False,1,3.0,SOFT,14.0,False,PENDING_TIME_INTERVAL_REVIEW,,Finalize after checking temporal overlap with race-control periods
1295,11377,5,46,2026-09-26T12:31:43.806000+00:00,38.054,43.53,24.752,202.0,212.0,False,106.336,"[None, 2049, 2049, 2048, 2048, 2049, 2048, 2049]","[2049, 2048, 2048, 2049, 2048, 2048, 2048, 2048, 2048, 2048]","[2048, 2048, 2048, 2048, 2048, 2048, 2048, 2048, 2048]",330.0,Gabriel BORTOLETO,BOR,Audi,F50537,2026-09-26 12:31:43.806000+00:00,2026-09-26 12:33:30.142000+00:00,False,False,1,3.0,SOFT,15.0,False,PENDING_TIME_INTERVAL_REVIEW,,Finalize after checking temporal overlap with race-control periods
1295,11377,5,47,2026-09-26T12:33:30.109000+00:00,37.988,44.226,24.76,197.0,209.0,False,106.974,"[None, 2049, 2048, 2049, 2049, 2048, 2048, 2048]","[2048, 2049, 2048, 2048, 2048, 2048, 2048, 2048, 2048, 2048]","[2048, 2048, 2048, 2048, 2048, 2048, 2048, 2048, 2048]",330.0,Gabriel BORTOLETO,BOR,Audi,F50537,2026-09-26 12:33:30.109000+00:00,2026-09-26 12:35:17.083000+00:00,False,False,1,3.0,SOFT,16.0,False,PENDING_TIME_INTERVAL_REVIEW,,Finalize after checking temporal overlap with race-control periods
1295,11377,5,48,2026-09-26T12:35:17.054000+00:00,38.238,44.456,25.07,183.0,211.0,False,107.764,"[None, 2048, 2048, 2048, 2049, 2048, 2048, 2048]","[2048, 2048, 2048, 2048, 2048, 2048, 2048, 2048, 2048, 2048]","[2048, 2048, 2048, 2048, 2048, 2048, 2048, 2048, 2048]",339.0,Gabriel BORTOLETO,BOR,Audi,F50537,2026-09-26 12:35:17.054000+00:00,2026-09-26 12:37:04.818000+00:00,False,False,1,3.0,SOFT,17.0,False,PENDING_TIME_INTERVAL_REVIEW,,Finalize after checking temporal overlap with race-control periods
1295,11377,5,49,2026-09-26T12:37:04.881000+00:00,38.244,44.262,24.733,189.0,213.0,False,107.239,"[None, 2048, 2048, 2049, 2048, 2048, 2048, 2048]","[2048, 2048, 2048, 2048, 2048, 2048, 2049, 2048, 2048, 2048]","[2048, 2048, 2048, 2048, 2048, 2048, 2048, 2048, 2048]",332.0,Gabriel BORTOLETO,BOR,Audi,F50537,2026-09-26 12:37:04.881000+00:00,2026-09-26 12:38:52.120000+00:00,False,False,1,3.0,SOFT,18.0,False,PENDING_TIME_INTERVAL_REVIEW,,Finalize after checking temporal overlap with race-control periods
1295,11377,5,50,2026-09-26T12:38:52.059000+00:00,38.305,44.576,24.92,182.0,205.0,False,107.801,"[None, 2048, 2048, 2049, 2049, 2048, 2048, 2048]","[2048, 2048, 2048, 2048, 2048, 2049, 2049, 2048, 2048, 2048]","[2048, 2048, 2049, 2048, 2048, 2048, 2048, 2048, 2048]",326.0,Gabriel BORTOLETO,BOR,Audi,F50537,2026-09-26 12:38:52.059000+00:00,2026-09-26 12:40:39.860000+00:00,False,False,1,3.0,SOFT,19.0,False,PENDING_TIME_INTERVAL_REVIEW,,Finalize after checking temporal overlap with race-control periods
1295,11377,5,51,2026-09-26T12:40:39.866000+00:00,38.352,44.592,24.661,189.0,190.0,False,107.605,"[None, 2048, 2048, 2048, 2048, 2048, 2048, 2048]","[2048, 2049, 2048, 2048, 2048, 2048, 2048, 2048, 2049, 2048]","[2048, 2048, 2049, 2048, 2048, 2048, 2048, 2048, 2048]",334.0,Gabriel BORTOLETO,BOR,Audi,F50537,2026-09-26 12:40:39.866000+00:00,2026-09-26 12:42:27.471000+00:00,False,False,1,3.0,SOFT,20.0,False,PENDING_TIME_INTERVAL_REVIEW,,Finalize after checking temporal overlap with race-control periods
1295,11377,6,1,2026-09-26T11:03:50.711000+00:00,44.742,45.404,24.907,182.0,193.0,False,115.053,"[2048, 2049, 2049, 2049, 2049, 2049, 2049, 2049]","[2049, 2049, 2049, 2049, 2049, 2049, 2049, 2049, 2051, 2049]","[2049, 2049, 2051, 2049, 2049, 2049, 2049, 2051, 2051]",341.0,Isack HADJAR,HAD,Red Bull Racing,4781D7,2026-09-26 11:03:50.711000+00:00,2026-09-26 11:05:45.764000+00:00,True,False,1,1.0,SOFT,0.0,False,PENDING_TIME_INTERVAL_REVIEW,,Finalize after checking temporal overlap with race-control periods
1295,11377,6,2,2026-09-26T11:05:45.764000+00:00,39.999,45.047,24.93,186.0,198.0,False,109.976,"[2049, 2048, 2049, 2049, 2049, 2049, 2049, 2048]","[2049, 2048, 2049, 2048, 2049, 2051, 2049, 2049, 2048, 2049]","[2048, 2048, 2048, 2049, 2049, 2049, 2049, 2048, 2048]",342.0,Isack HADJAR,HAD,Red Bull Racing,4781D7,2026-09-26 11:05:45.764000+00:00,2026-09-26 11:07:35.740000+00:00,True,False,1,1.0,SOFT,1.0,False,PENDING_TIME_INTERVAL_REVIEW,,Finalize after checking temporal overlap with race-control periods
1295,11377,6,3,2026-09-26T11:07:35.605000+00:00,39.269,44.692,24.872,193.0,209.0,False,108.833,"[None, 2049, 2049, 2049, 2048, 2049, 2049, 2048]","[2049, 2048, 2049, 2049, 2049, 2048, 2049, 2049, 2048, 2048]","[2049, 2049, 2051, 2049, 2048, 2048, 2048, 2048]",340.0,Isack HADJAR,HAD,Red Bull Racing,4781D7,2026-09-26 11:07:35.605000+00:00,2026-09-26 11:09:24.438000+00:00,True,False,1,1.0,SOFT,2.0,False,PENDING_TIME_INTERVAL_REVIEW,,Finalize after checking temporal overlap with race-control periods
1295,11377,6,4,2026-09-26T11:09:24.409000+00:00,39.631,44.324,25.367,189.0,205.0,False,109.322,"[2051, 2048, 2048, 2049, 2051, 2049, 2049, 2048]","[2049, 2048, 2049, 2049, 2049, 2048, 2049, 2051, 2048, 2048]","[2049, 2049, 2048, 2048, 2048, 2048, 2048, 2048, 2048]",327.0,Isack HADJAR,HAD,Red Bull Racing,4781D7,2026-09-26 11:09:24.409000+00:00,2026-09-26 11:11:13.731000+00:00,True,False,1,1.0,SOFT,3.0,False,PENDING_TIME_INTERVAL_REVIEW,,Finalize after checking temporal overlap with race-control periods
1295,11377,6,5,2026-09-26T11:11:13.746000+00:00,38.722,44.244,25.481,196.0,204.0,False,108.447,"[2048, 2049, 2049, 2048, 2048, 2049, 2049, 2048]","[2049, 2048, 2049, 2049, 2049, 2048, 2048, 2048, 2049, 2048]","[2048, 2049, 2048, 2048, 2048, 2048, 2048, 2048, 2048]",322.0,Isack HADJAR,HAD,Red Bull Racing,4781D7,2026-09-26 11:11:13.746000+00:00,2026-09-26 11:13:02.193000+00:00,True,False,1,1.0,SOFT,4.0,False,PENDING_TIME_INTERVAL_REVIEW,,Finalize after checking temporal overlap with race-control periods
1295,11377,6,6,2026-09-26T11:13:02.294000+00:00,38.518,44.164,25.312,197.0,215.0,False,107.994,"[None, 2048, 2049, 2048, 2048, 2048, 2049, 2048]","[2049, 2048, 2049, 2049, 2049, 2048, 2048, 2049, 2048, 2048]","[2049, 2048, 2048, 2048, 2048, 2048, 2048, 2048, 2048]",326.0,Isack HADJAR,HAD,Red Bull Racing,4781D7,2026-09-26 11:13:02.294000+00:00,2026-09-26 11:14:50.288000+00:00,True,False,1,1.0,SOFT,5.0,False,PENDING_TIME_INTERVAL_REVIEW,,Finalize after checking temporal overlap with race-control periods
1295,11377,6,7,2026-09-26T11:14:50.326000+00:00,39.116,44.73,25.187,194.0,208.0,False,109.033,"[None, 2048, 2048, 2048, 2048, 2048, 2048, 2048]","[2048, 2048, 2048, 2048, 2048, 2048, 2048, 2048, 2048, 2048]","[2048, 2048, 2048, 2048, 2048, 2048, 2048, 2048, 2048]",332.0,Isack HADJAR,HAD,Red Bull Racing,4781D7,2026-09-26 11:14:50.326000+00:00,2026-09-26 11:16:39.359000+00:00,True,False,1,1.0,SOFT,6.0,False,PENDING_TIME_INTERVAL_REVIEW,,Finalize after checking temporal overlap with race-control periods
1295,11377,6,8,2026-09-26T11:16:39.302000+00:00,38.39,44.412,25.133,198.0,209.0,False,107.935,"[None, 2049, 2049, 2048, 2048, 2049, 2048, 2048]","[2048, 2048, 2048, 2048, 2048, 2048, 2048, 2048, 2048, 2048]","[2048, 2048, 2048, 2048, 2048, 2048, 2048, 2048, 2048]",333.0,Isack HADJAR,HAD,Red Bull Racing,4781D7,2026-09-26 11:16:39.302000+00:00,2026-09-26 11:18:27.237000+00:00,True,False,1,1.0,SOFT,7.0,False,PENDING_TIME_INTERVAL_REVIEW,,Finalize after checking temporal overlap with race-control periods
1295,11377,6,9,2026-09-26T11:18:27.201000+00:00,38.504,44.716,25.028,194.0,202.0,False,108.248,"[None, 2048, 2048, 2048, 2048, 2048, 2048, 2048]","[2048, 2048, 2048, 2048, 2048, 2048, 2048, 2048, 2048, 2048]","[2048, 2048, 2048, 2048, 2048, 2048, 2048, 2048, 2048]",338.0,Isack HADJAR,HAD,Red Bull Racing,4781D7,2026-09-26 11:18:27.201000+00:00,2026-09-26 11:20:15.449000+00:00,True,False,1,1.0,SOFT,8.0,False,PENDING_TIME_INTERVAL_REVIEW,,Finalize after checking temporal overlap with race-control periods
1295,11377,6,10,2026-09-26T11:20:15.740000+00:00,38.85,44.679,25.114,189.0,204.0,False,108.643,"[None, 2048, 2048, 2048, 2051, 2048, 2048, 2048]","[2048, 2048, 2048, 2048, 2048, 2049, 2049, 2048, 2048, 2048]","[2048, 2049, 2049, 2049, 2048, 2048, 2048, 2048, 2048]",332.0,Isack HADJAR,HAD,Red Bull Racing,4781D7,2026-09-26 11:20:15.740000+00:00,2026-09-26 11:22:04.383000+00:00,True,False,1,1.0,SOFT,9.0,False,PENDING_TIME_INTERVAL_REVIEW,,Finalize after checking temporal overlap with race-control periods
1295,11377,6,11,2026-09-26T11:22:04.288000+00:00,38.568,44.746,25.052,188.0,204.0,False,108.366,"[None, 2048, 2048, 2048, 2051, 2048, 2048, 2048]","[2048, 2048, 2048, 2048, 2048, 2048, 2048, 2048, 2048, 2048]","[2048, 2048, 2048, 2048, 2048, 2048, 2048, 2048, 2048]",334.0,Isack HADJAR,HAD,Red Bull Racing,4781D7,2026-09-26 11:22:04.288000+00:00,2026-09-26 11:23:52.654000+00:00,True,False,1,1.0,SOFT,10.0,False,PENDING_TIME_INTERVAL_REVIEW,,Finalize after checking temporal overlap with race-control periods
1295,11377,6,12,2026-09-26T11:23:52.438000+00:00,38.53,44.671,24.942,193.0,209.0,False,108.143,"[None, 2048, 2048, 2049, 2051, 2048, 2048, 2048]","[2048, 2048, 2048, 2048, 2048, 2048, 2049, 2048, 2048, 2049]","[2048, 2049, 2049, 2049, 2048, 2048, 2048, 2048, 2048]",336.0,Isack HADJAR,HAD,Red Bull Racing,4781D7,2026-09-26 11:23:52.438000+00:00,2026-09-26 11:25:40.581000+00:00,True,False,1,1.0,SOFT,11.0,False,PENDING_TIME_INTERVAL_REVIEW,,Finalize after checking temporal overlap with race-control periods
1295,11377,6,13,2026-09-26T11:25:40.704000+00:00,38.567,44.524,25.039,185.0,206.0,False,108.13,"[None, 2048, 2048, 2051, 2048, 2048, 2048, 2048]","[2048, 2048, 2049, 2048, 2048, 2048, 2049, 2048, 2048, 2048]","[2048, 2048, 2048, 2048, 2048, 2048, 2048, 2048, 2048]",334.0,Isack HADJAR,HAD,Red Bull Racing,4781D7,2026-09-26 11:25:40.704000+00:00,2026-09-26 11:27:28.834000+00:00,True,False,1,1.0,SOFT,12.0,False,PENDING_TIME_INTERVAL_REVIEW,,Finalize after checking temporal overlap with race-control periods
1295,11377,6,14,2026-09-26T11:27:28.806000+00:00,38.484,44.467,25.06,194.0,200.0,False,108.011,"[None, 2048, 2048, 2048, 2048, 2048, 2048, 2048]","[2048, 2048, 2048, 2048, 2048, 2048, 2049, 2048, 2048, 2048]","[2048, 2048, 2048, 2049, 2048, 2048, 2048, 2048, 2048]",335.0,Isack HADJAR,HAD,Red Bull Racing,4781D7,2026-09-26 11:27:28.806000+00:00,2026-09-26 11:29:16.817000+00:00,True,False,1,1.0,SOFT,13.0,False,PENDING_TIME_INTERVAL_REVIEW,,Finalize after checking temporal overlap with race-control periods
1295,11377,6,15,2026-09-26T11:29:16.772000+00:00,38.592,44.609,24.979,196.0,206.0,False,108.18,"[None, 2048, 2048, 2048, 2048, 2048, 2048, 2048]","[2048, 2048, 2048, 2048, 2048, 2048, 2048, 2048, 2048, 2048]","[2048, 2049, 2049, 2049, 2048, 2048, 2048, 2048, 2048]",336.0,Isack HADJAR,HAD,Red Bull Racing,4781D7,2026-09-26 11:29:16.772000+00:00,2026-09-26 11:31:04.952000+00:00,True,False,1,1.0,SOFT,14.0,False,PENDING_TIME_INTERVAL_REVIEW,,Finalize after checking temporal overlap with race-control periods
1295,11377,6,16,2026-09-26T11:31:05.031000+00:00,38.513,44.394,24.976,199.0,210.0,False,107.883,"[None, 2048, 2048, 2048, 2051, 2048, 2048, 2048]","[2048, 2048, 2048, 2048, 2048, 2051, 2048, 2048, 2048, 2048]","[2048, 2049, 2048, 2048, 2048, 2048, 2048, 2048, 2048]",334.0,Isack HADJAR,HAD,Red Bull Racing,4781D7,2026-09-26 11:31:05.031000+00:00,2026-09-26 11:32:52.914000+00:00,True,False,1,1.0,SOFT,15.0,False,PENDING_TIME_INTERVAL_REVIEW,,Finalize after checking temporal overlap with race-control periods
1295,11377,6,17,2026-09-26T11:32:52.916000+00:00,38.455,44.406,25.048,195.0,206.0,False,107.909,"[None, 2048, 2048, 2048, 2051, 2048, 2048, 2048]","[2048, 2048, 2048, 2048, 2048, 2048, 2048, 2048, 2048, 2048]","[2048, 2048, 2048, 2049, 2048, 2048, 2048, 2048, 2048]",333.0,Isack HADJAR,HAD,Red Bull Racing,4781D7,2026-09-26 11:32:52.916000+00:00,2026-09-26 11:34:40.825000+00:00,True,False,1,1.0,SOFT,16.0,False,PENDING_TIME_INTERVAL_REVIEW,,Finalize after checking temporal overlap with race-control periods
1295,11377,6,18,2026-09-26T11:34:40.826000+00:00,38.517,44.448,25.056,197.0,208.0,False,108.021,"[None, 2048, 2048, 2048, 2048, 2048, 2048, 2048]","[2048, 2048, 2048, 2048, 2048, 2048, 2048, 2048, 2048, 2048]","[2048, 2048, 2048, 2049, 2048, 2048, 2048, 2048, 2048]",332.0,Isack HADJAR,HAD,Red Bull Racing,4781D7,2026-09-26 11:34:40.826000+00:00,2026-09-26 11:36:28.847000+00:00,True,False,1,1.0,SOFT,17.0,False,PENDING_TIME_INTERVAL_REVIEW,,Finalize after checking temporal overlap with race-control periods
1295,11377,6,19,2026-09-26T11:36:28.732000+00:00,38.413,44.413,24.772,199.0,209.0,False,107.598,"[None, 2048, 2049, 2048, 2048, 2048, 2048, 2048]","[2048, 2048, 2049, 2048, 2048, 2048, 2048, 2049, 2048, 2048]","[2048, 2049, 2051, 2048, 2048, 2048, 2048, 2048, 2048]",338.0,Isack HADJAR,HAD,Red Bull Racing,4781D7,2026-09-26 11:36:28.732000+00:00,2026-09-26 11:38:16.330000+00:00,True,False,1,1.0,SOFT,18.0,False,PENDING_TIME_INTERVAL_REVIEW,,Finalize after checking temporal overlap with race-control periods
1295,11377,6,20,2026-09-26T11:38:16.508000+00:00,38.955,44.413,24.953,,206.0,False,108.321,"[None, 2048, 2048, 2048, 2048, 2048, 2048, 2048]","[2048, 2048, 2048, 2048, 2048, 2048, 2048, 2048, 2048, 2048]","[2048, 2048, 2048, 2049, 2049, 2048, 2048, 2048, 2048]",337.0,Isack HADJAR,HAD,Red Bull Racing,4781D7,2026-09-26 11:38:16.508000+00:00,2026-09-26 11:40:04.829000+00:00,True,False,1,1.0,SOFT,19.0,False,PENDING_TIME_INTERVAL_REVIEW,,Finalize after checking temporal overlap with race-control periods
1295,11377,6,21,2026-09-26T11:40:04.723000+00:00,38.336,44.382,24.829,,207.0,False,107.547,"[None, 2048, 2048, 2048, 2051, 2048, 2048, 2048]","[2048, 2048, 2048, 2048, 2048, 2048, 2049, 2048, 2048, 2048]","[2048, 2049, 2051, 2048, 2048, 2048, 2048, 2048, 2048]",338.0,Isack HADJAR,HAD,Red Bull Racing,4781D7,2026-09-26 11:40:04.723000+00:00,2026-09-26 11:41:52.270000+00:00,True,False,1,1.0,SOFT,20.0,False,PENDING_TIME_INTERVAL_REVIEW,,Finalize after checking temporal overlap with race-control periods
1295,11377,6,22,2026-09-26T11:41:52.330000+00:00,38.437,44.431,24.938,,209.0,False,107.806,"[None, 2048, 2048, 2048, 2048, 2048, 2048, 2048]","[2048, 2048, 2048, 2048, 2048, 2048, 2048, 2048, 2048, 2049]","[2048, 2048, 2048, 2048, 2048, 2048, 2048, 2048, 2048]",336.0,Isack HADJAR,HAD,Red Bull Racing,4781D7,2026-09-26 11:41:52.330000+00:00,2026-09-26 11:43:40.136000+00:00,True,False,1,1.0,SOFT,21.0,False,PENDING_TIME_INTERVAL_REVIEW,,Finalize after checking temporal overlap with race-control periods
1295,11377,6,23,2026-09-26T11:43:40.125000+00:00,38.385,44.137,24.922,198.0,211.0,False,107.444,"[None, 2048, 2048, 2048, 2048, 2048, 2048, 2048]","[2048, 2048, 2048, 2048, 2048, 2048, 2049, 2049, 2048, 2048]","[2048, 2048, 2048, 2048, 2048, 2048, 2048, 2048, 2048]",337.0,Isack HADJAR,HAD,Red Bull Racing,4781D7,2026-09-26 11:43:40.125000+00:00,2026-09-26 11:45:27.569000+00:00,True,False,1,1.0,SOFT,22.0,False,PENDING_TIME_INTERVAL_REVIEW,,Finalize after checking temporal overlap with race-control periods
1295,11377,6,24,2026-09-26T11:45:27.471000+00:00,38.249,44.093,24.907,203.0,209.0,False,107.249,"[None, 2048, 2048, 2048, 2048, 2048, 2048, 2048]","[2048, 2048, 2049, 2048, 2048, 2048, 2049, 2048, 2048, 2048]","[2048, 2048, 2048, 2049, 2049, 2048, 2048, 2048, 2048]",339.0,Isack HADJAR,HAD,Red Bull Racing,4781D7,2026-09-26 11:45:27.471000+00:00,2026-09-26 11:47:14.720000+00:00,True,False,1,1.0,SOFT,23.0,False,PENDING_TIME_INTERVAL_REVIEW,,Finalize after checking temporal overlap with race-control periods
1295,11377,6,25,2026-09-26T11:47:14.822000+00:00,38.289,44.299,24.894,207.0,209.0,False,107.482,"[None, 2048, 2048, 2051, 2048, 2048, 2048, 2048]","[2048, 2048, 2048, 2048, 2048, 2049, 2048, 2048, 2048, 2048]","[2048, 2048, 2049, 2048, 2048, 2048, 2048, 2048, 2048]",338.0,Isack HADJAR,HAD,Red Bull Racing,4781D7,2026-09-26 11:47:14.822000+00:00,2026-09-26 11:49:02.304000+00:00,True,False,1,1.0,SOFT,24.0,False,PENDING_TIME_INTERVAL_REVIEW,,Finalize after checking temporal overlap with race-control periods
1295,11377,6,26,2026-09-26T11:49:02.222000+00:00,38.247,44.206,24.719,197.0,210.0,False,107.172,"[None, 2048, 2048, 2048, 2051, 2048, 2048, 2048]","[2048, 2048, 2049, 2048, 2048, 2049, 2049, 2048, 2048, 2048]","[2048, 2048, 2048, 2049, 2049, 2049, 2048, 2048, 2048]",342.0,Isack HADJAR,HAD,Red Bull Racing,4781D7,2026-09-26 11:49:02.222000+00:00,2026-09-26 11:50:49.394000+00:00,True,False,1,1.0,SOFT,25.0,False,PENDING_TIME_INTERVAL_REVIEW,,Finalize after checking temporal overlap with race-control periods
1295,11377,6,27,2026-09-26T11:50:49.734000+00:00,38.672,44.494,24.826,199.0,208.0,False,107.992,"[None, 2048, 2048, 2051, 2048, 2048, 2048, 2048]","[2048, 2048, 2048, 2048, 2048, 2048, 2048, 2048, 2048, 2048]","[2048, 2048, 2051, 2048, 2048, 2048, 2048, 2048, 2048]",339.0,Isack HADJAR,HAD,Red Bull Racing,4781D7,2026-09-26 11:50:49.734000+00:00,2026-09-26 11:52:37.726000+00:00,True,False,1,1.0,SOFT,26.0,False,PENDING_TIME_INTERVAL_REVIEW,,Finalize after checking temporal overlap with race-control periods
1295,11377,6,28,2026-09-26T11:52:37.418000+00:00,38.191,44.128,24.93,201.0,208.0,False,107.249,"[None, 2049, 2048, 2051, 2048, 2048, 2048, 2048]","[2048, 2048, 2048, 2048, 2048, 2049, 2048, 2048, 2049, 2048]","[2048, 2048, 2048, 2048, 2048, 2048, 2048, 2048, 2048]",338.0,Isack HADJAR,HAD,Red Bull Racing,4781D7,2026-09-26 11:52:37.418000+00:00,2026-09-26 11:54:24.667000+00:00,True,False,1,1.0,SOFT,27.0,False,PENDING_TIME_INTERVAL_REVIEW,,Finalize after checking temporal overlap with race-control periods
1295,11377,6,29,2026-09-26T11:54:24.592000+00:00,38.233,44.246,24.858,203.0,207.0,False,107.337,"[None, 2049, 2048, 2051, 2048, 2048, 2048, 2048]","[2048, 2048, 2048, 2048, 2048, 2048, 2049, 2048, 2048, 2048]","[2048, 2048, 2048, 2048, 2049, 2048, 2048, 2048, 2048]",338.0,Isack HADJAR,HAD,Red Bull Racing,4781D7,2026-09-26 11:54:24.592000+00:00,2026-09-26 11:56:11.929000+00:00,True,False,1,1.0,SOFT,28.0,False,PENDING_TIME_INTERVAL_REVIEW,,Finalize after checking temporal overlap with race-control periods
1295,11377,6,30,2026-09-26T11:56:12.070000+00:00,38.267,44.209,24.898,200.0,207.0,False,107.374,"[None, 2048, 2048, 2048, 2048, 2048, 2048, 2048]","[2048, 2048, 2048, 2048, 2048, 2049, 2048, 2048, 2048, 2048]","[2048, 2048, 2048, 2048, 2048, 2048, 2048, 2048, 2048]",338.0,Isack HADJAR,HAD,Red Bull Racing,4781D7,2026-09-26 11:56:12.070000+00:00,2026-09-26 11:57:59.444000+00:00,True,False,1,1.0,SOFT,29.0,False,PENDING_TIME_INTERVAL_REVIEW,,Finalize after checking temporal overlap with race-control periods
1295,11377,6,31,2026-09-26T11:57:59.381000+00:00,52.051,60.43,45.013,112.0,144.0,False,157.494,"[None, 2048, 2048, 2048, 2048, 2048, 2048, 2048]","[2048, 2048, 2048, 2048, 2048, 2048, 2048, 2048, 2048, 2048]","[2048, 2048, 2048, 2048, 2048, 2048, 2048, 2064, 2064]",146.0,Isack HADJAR,HAD,Red Bull Racing,4781D7,2026-09-26 11:57:59.381000+00:00,2026-09-26 12:00:36.875000+00:00,True,False,1,1.0,SOFT,30.0,True,PENDING_TIME_INTERVAL_REVIEW,,Finalize after checking temporal overlap with race-control periods
1295,11377,6,32,2026-09-26T12:00:36.909000+00:00,64.113,59.23,39.332,120.0,168.0,True,162.675,"[2064, 2064, 2048, 2048, 2048, 2048, 2048, 2048]","[2048, 2048, 2048, 2048, 2048, 2048, 2048, 2048, 2048, 2048]","[2048, 2048, 2048, 2048, 2048, 2048, 2048, 2048, 2048]",190.0,Isack HADJAR,HAD,Red Bull Racing,4781D7,2026-09-26 12:00:36.909000+00:00,2026-09-26 12:03:19.584000+00:00,True,False,1,2.0,MEDIUM,0.0,False,PENDING_TIME_INTERVAL_REVIEW,,Finalize after checking temporal overlap with race-control periods
1295,11377,6,33,2026-09-26T12:03:19.539000+00:00,60.706,67.638,37.198,73.0,176.0,False,165.542,"[2048, 2048, 2048, 2048, 2048, 2048, 2048, 2048]","[2048, 2048, 2048, 2048, 2048, 2048, 2048, 2048, 2048, 2048]","[2048, 2048, 2048, 2048, 2048, 2048, 2048, 2048, 2048]",190.0,Isack HADJAR,HAD,Red Bull Racing,4781D7,2026-09-26 12:03:19.539000+00:00,2026-09-26 12:06:05.081000+00:00,True,False,1,2.0,MEDIUM,1.0,False,PENDING_TIME_INTERVAL_REVIEW,,Finalize after checking temporal overlap with race-control periods
1295,11377,6,34,2026-09-26T12:06:05.117000+00:00,65.416,61.696,38.711,123.0,173.0,False,165.823,"[None, 2048, 2048, 2048, 2048, 2048, 2048, 2048]","[2048, 2048, 2048, 2048, 2048, 2048, 2048, 2048, 2048, 2048]","[2048, 2048, 2048, 2048, 2048, 2048, 2048, 2048, 2048]",225.0,Isack HADJAR,HAD,Red Bull Racing,4781D7,2026-09-26 12:06:05.117000+00:00,2026-09-26 12:08:50.940000+00:00,True,False,1,2.0,MEDIUM,2.0,False,PENDING_TIME_INTERVAL_REVIEW,,Finalize after checking temporal overlap with race-control periods
1295,11377,6,35,2026-09-26T12:08:50.995000+00:00,52.814,62.689,40.461,141.0,147.0,False,155.964,"[None, 2048, 2048, 2048, 2048, 2048, 2048, 2048]","[2048, 2048, 2048, 2048, 2048, 2048, 2048, 2048, 2048, 2048]","[2048, 2048, 2048, 2048, 2048, 2048, 2048, 2048, 2048]",193.0,Isack HADJAR,HAD,Red Bull Racing,4781D7,2026-09-26 12:08:50.995000+00:00,2026-09-26 12:11:26.959000+00:00,True,False,1,2.0,MEDIUM,3.0,False,PENDING_TIME_INTERVAL_REVIEW,,Finalize after checking temporal overlap with race-control periods
1295,11377,6,36,2026-09-26T12:11:26.907000+00:00,39.453,53.521,43.289,184.0,121.0,False,136.263,"[None, 2048, 2048, 2049, 2048, 2048, 2048, 2049]","[2048, 2051, 2048, 2048, 2048, 2048, 2049, 2048, 2048, 2048]","[2048, 2048, 2048, 2048, 2048, 2048, 2048, 2064, 2064]",215.0,Isack HADJAR,HAD,Red Bull Racing,4781D7,2026-09-26 12:11:26.907000+00:00,2026-09-26 12:13:43.170000+00:00,True,False,1,2.0,MEDIUM,4.0,True,PENDING_TIME_INTERVAL_REVIEW,,Finalize after checking temporal overlap with race-control periods
1295,11377,6,37,2026-09-26T12:13:43.052000+00:00,58.844,62.113,40.046,130.0,185.0,True,161.003,"[2064, 2064, 2048, 2048, 2048, 2048, 2048, 2048]","[2048, 2048, 2048, 2048, 2048, 2048, 2048, 2048, 2048, 2048]","[2048, 2048, 2048, 2048, 2048, 2048, 2048, 2048, 2048]",151.0,Isack HADJAR,HAD,Red Bull Racing,4781D7,2026-09-26 12:13:43.052000+00:00,2026-09-26 12:16:24.055000+00:00,True,False,1,3.0,MEDIUM,5.0,False,PENDING_TIME_INTERVAL_REVIEW,,Finalize after checking temporal overlap with race-control periods
1295,11377,6,38,2026-09-26T12:16:24.163000+00:00,57.337,62.951,37.67,123.0,105.0,False,157.958,"[2048, 2048, 2048, 2048, 2048, 2048, 2048, 2048]","[2048, 2048, 2048, 2048, 2048, 2048, 2048, 2048, 2048, 2048]","[2048, 2048, 2048, 2048, 2048, 2048, 2048, 2048, 2048]",203.0,Isack HADJAR,HAD,Red Bull Racing,4781D7,2026-09-26 12:16:24.163000+00:00,2026-09-26 12:19:02.121000+00:00,True,False,1,3.0,MEDIUM,6.0,False,PENDING_TIME_INTERVAL_REVIEW,,Finalize after checking temporal overlap with race-control periods
1295,11377,6,39,2026-09-26T12:19:02.465000+00:00,39.364,44.017,24.872,192.0,209.0,False,108.253,"[None, 2048, 2048, 2049, 2048, 2048, 2048, 2048]","[2048, 2051, 2048, 2048, 2048, 2049, 2048, 2049, 2048, 2048]","[2048, 2049, 2049, 2048, 2048, 2048, 2048, 2048, 2048]",335.0,Isack HADJAR,HAD,Red Bull Racing,4781D7,2026-09-26 12:19:02.465000+00:00,2026-09-26 12:20:50.718000+00:00,True,False,1,3.0,MEDIUM,7.0,False,PENDING_TIME_INTERVAL_REVIEW,,Finalize after checking temporal overlap with race-control periods
1295,11377,6,40,2026-09-26T12:20:50.385000+00:00,38.347,43.193,25.088,204.0,219.0,False,106.628,"[None, 2048, 2048, 2048, 2048, 2049, 2049, 2048]","[2049, 2048, 2049, 2048, 2049, 2049, 2048, 2049, 2049, 2049]","[2049, 2049, 2049, 2048, 2048, 2048, 2048, 2048, 2048]",329.0,Isack HADJAR,HAD,Red Bull Racing,4781D7,2026-09-26 12:20:50.385000+00:00,2026-09-26 12:22:37.013000+00:00,True,False,1,3.0,MEDIUM,8.0,False,PENDING_TIME_INTERVAL_REVIEW,,Finalize after checking temporal overlap with race-control periods
1295,11377,6,41,2026-09-26T12:22:36.979000+00:00,37.718,43.444,25.089,205.0,218.0,False,106.251,"[None, 2049, 2049, 2048, 2048, 2049, 2049, 2048]","[2048, 2048, 2048, 2049, 2048, 2048, 2048, 2048, 2048, 2048]","[2049, 2049, 2049, 2048, 2048, 2048, 2048, 2048, 2048]",328.0,Isack HADJAR,HAD,Red Bull Racing,4781D7,2026-09-26 12:22:36.979000+00:00,2026-09-26 12:24:23.230000+00:00,True,False,1,3.0,MEDIUM,9.0,False,PENDING_TIME_INTERVAL_REVIEW,,Finalize after checking temporal overlap with race-control periods
1295,11377,6,42,2026-09-26T12:24:23.135000+00:00,37.846,43.246,25.063,204.0,213.0,False,106.155,"[None, 2048, 2048, 2048, 2048, 2049, 2048, 2048]","[2049, 2048, 2049, 2049, 2048, 2048, 2048, 2048, 2049, 2048]","[2048, 2049, 2049, 2048, 2048, 2048, 2048, 2048, 2048]",327.0,Isack HADJAR,HAD,Red Bull Racing,4781D7,2026-09-26 12:24:23.135000+00:00,2026-09-26 12:26:09.290000+00:00,True,False,1,3.0,MEDIUM,10.0,False,PENDING_TIME_INTERVAL_REVIEW,,Finalize after checking temporal overlap with race-control periods
1295,11377,6,43,2026-09-26T12:26:09.378000+00:00,37.718,43.36,25.089,,216.0,False,106.167,"[None, 2048, 2048, 2048, 2048, 2049, 2048, 2048]","[2048, 2048, 2048, 2048, 2048, 2048, 2048, 2048, 2049, 2048]","[2048, 2048, 2048, 2049, 2048, 2048, 2048, 2048, 2048]",327.0,Isack HADJAR,HAD,Red Bull Racing,4781D7,2026-09-26 12:26:09.378000+00:00,2026-09-26 12:27:55.545000+00:00,True,False,1,3.0,MEDIUM,11.0,False,PENDING_TIME_INTERVAL_REVIEW,,Finalize after checking temporal overlap with race-control periods
1295,11377,6,44,2026-09-26T12:27:55.632000+00:00,37.534,43.254,25.058,209.0,218.0,False,105.846,"[None, 2048, 2049, 2048, 2048, 2049, 2049, 2048]","[2048, 2048, 2048, 2049, 2048, 2048, 2048, 2048, 2049, 2048]","[2049, 2049, 2049, 2048, 2048, 2048, 2048, 2048, 2048]",326.0,Isack HADJAR,HAD,Red Bull Racing,4781D7,2026-09-26 12:27:55.632000+00:00,2026-09-26 12:29:41.478000+00:00,True,False,1,3.0,MEDIUM,12.0,False,PENDING_TIME_INTERVAL_REVIEW,,Finalize after checking temporal overlap with race-control periods
1295,11377,6,45,2026-09-26T12:29:41.440000+00:00,37.478,43.085,25.17,207.0,214.0,False,105.733,"[None, 2048, 2048, 2048, 2048, 2048, 2049, 2048]","[2049, 2048, 2049, 2049, 2048, 2049, 2048, 2048, 2048, 2048]","[2048, 2049, 2049, 2048, 2048, 2048, 2048, 2048, 2048]",326.0,Isack HADJAR,HAD,Red Bull Racing,4781D7,2026-09-26 12:29:41.440000+00:00,2026-09-26 12:31:27.173000+00:00,True,False,1,3.0,MEDIUM,13.0,False,PENDING_TIME_INTERVAL_REVIEW,,Finalize after checking temporal overlap with race-control periods
1295,11377,6,46,2026-09-26T12:31:27.130000+00:00,37.517,43.11,25.229,210.0,214.0,False,105.856,"[None, 2049, 2049, 2048, 2048, 2048, 2048, 2048]","[2048, 2048, 2048, 2048, 2049, 2049, 2048, 2049, 2048, 2048]","[2048, 2048, 2048, 2048, 2048, 2048, 2048, 2048, 2048]",325.0,Isack HADJAR,HAD,Red Bull Racing,4781D7,2026-09-26 12:31:27.130000+00:00,2026-09-26 12:33:12.986000+00:00,True,False,1,3.0,MEDIUM,14.0,False,PENDING_TIME_INTERVAL_REVIEW,,Finalize after checking temporal overlap with race-control periods
1295,11377,6,47,2026-09-26T12:33:12.959000+00:00,37.512,43.204,25.128,207.0,220.0,False,105.844,"[None, 2048, 2048, 2048, 2048, 2049, 2048, 2048]","[2048, 2048, 2049, 2048, 2049, 2048, 2048, 2051, 2048, 2048]","[2049, 2048, 2048, 2048, 2048, 2048, 2048, 2048, 2048]",325.0,Isack HADJAR,HAD,Red Bull Racing,4781D7,2026-09-26 12:33:12.959000+00:00,2026-09-26 12:34:58.803000+00:00,True,False,1,3.0,MEDIUM,15.0,False,PENDING_TIME_INTERVAL_REVIEW,,Finalize after checking temporal overlap with race-control periods
1295,11377,6,48,2026-09-26T12:34:58.867000+00:00,37.544,43.119,25.129,206.0,219.0,False,105.792,"[None, 2049, 2048, 2048, 2048, 2048, 2048, 2048]","[2049, 2048, 2048, 2048, 2048, 2048, 2048, 2048, 2048, 2048]","[2048, 2048, 2048, 2048, 2048, 2048, 2048, 2048, 2048]",326.0,Isack HADJAR,HAD,Red Bull Racing,4781D7,2026-09-26 12:34:58.867000+00:00,2026-09-26 12:36:44.659000+00:00,True,False,1,3.0,MEDIUM,16.0,False,PENDING_TIME_INTERVAL_REVIEW,,Finalize after checking temporal overlap with race-control periods
1295,11377,6,49,2026-09-26T12:36:44.581000+00:00,37.426,43.145,25.047,207.0,219.0,False,105.618,"[None, 2049, 2049, 2048, 2048, 2048, 2049, 2048]","[2048, 2048, 2048, 2049, 2048, 2048, 2048, 2048, 2048, 2048]","[2048, 2048, 2049, 2048, 2048, 2048, 2048, 2048, 2048]",326.0,Isack HADJAR,HAD,Red Bull Racing,4781D7,2026-09-26 12:36:44.581000+00:00,2026-09-26 12:38:30.199000+00:00,True,False,1,3.0,MEDIUM,17.0,False,PENDING_TIME_INTERVAL_REVIEW,,Finalize after checking temporal overlap with race-control periods
1295,11377,6,50,2026-09-26T12:38:30.163000+00:00,37.485,43.338,25.109,212.0,211.0,False,105.932,"[None, 2048, 2049, 2048, 2048, 2049, 2048, 2048]","[2048, 2048, 2049, 2048, 2048, 2048, 2048, 2048, 2048, 2048]","[2048, 2049, 2049, 2048, 2048, 2048, 2048, 2048, 2048]",326.0,Isack HADJAR,HAD,Red Bull Racing,4781D7,2026-09-26 12:38:30.163000+00:00,2026-09-26 12:40:16.095000+00:00,True,False,1,3.0,MEDIUM,18.0,False,PENDING_TIME_INTERVAL_REVIEW,,Finalize after checking temporal overlap with race-control periods
1295,11377,6,51,2026-09-26T12:40:16.245000+00:00,37.534,44.792,25.479,205.0,207.0,False,107.805,"[None, 2048, 2048, 2048, 2048, 2048, 2048, 2048]","[2048, 2048, 2048, 2048, 2048, 2049, 2048, 2048, 2048, 2048]","[2048, 2048, 2048, 2048, 2048, 2048, 2048, 2048, 2048]",325.0,Isack HADJAR,HAD,Red Bull Racing,4781D7,2026-09-26 12:40:16.245000+00:00,2026-09-26 12:42:04.050000+00:00,True,False,1,3.0,MEDIUM,19.0,False,PENDING_TIME_INTERVAL_REVIEW,,Finalize after checking temporal overlap with race-control periods
1295,11377,10,1,2026-09-26T11:03:50.711000+00:00,46.623,46.044,25.213,167.0,190.0,False,117.88,"[2048, 2049, 2049, 2049, 2049, 2049, 2049, 2049]","[2049, 2049, 2049, 2049, 2049, 2049, 2049, 2049, 2049, 2049]","[2049, 2049, 2049, 2049, 2049, 2049, 2049, 2049, 2049]",335.0,Pierre GASLY,GAS,Alpine,00A1E8,2026-09-26 11:03:50.711000+00:00,2026-09-26 11:05:48.591000+00:00,False,False,1,1.0,MEDIUM,0.0,False,PENDING_TIME_INTERVAL_REVIEW,,Finalize after checking temporal overlap with race-control periods
1295,11377,10,2,2026-09-26T11:05:48.591000+00:00,39.864,45.212,25.191,185.0,201.0,False,110.267,"[2049, 2049, 2049, 2049, 2049, 2049, 2049, 2049]","[2049, 2048, 2049, 2049, 2049, 2048, 2049, 2049, 2049, 2049]","[2049, 2049, 2049, 2048, 2048, 2048, 2048, 2048, 2048]",332.0,Pierre GASLY,GAS,Alpine,00A1E8,2026-09-26 11:05:48.591000+00:00,2026-09-26 11:07:38.858000+00:00,False,False,1,1.0,MEDIUM,1.0,False,PENDING_TIME_INTERVAL_REVIEW,,Finalize after checking temporal overlap with race-control periods
1295,11377,10,3,2026-09-26T11:07:38.901000+00:00,39.291,44.842,25.124,184.0,202.0,False,109.257,"[None, 2049, 2049, 2048, 2049, 2049, 2049, 2049]","[2048, 2048, 2049, 2049, 2049, 2049, 2049, 2049, 2049, 2048]","[2049, 2048, 2048, 2049, 2048, 2048, 2048, 2049, 2049]",332.0,Pierre GASLY,GAS,Alpine,00A1E8,2026-09-26 11:07:38.901000+00:00,2026-09-26 11:09:28.158000+00:00,False,False,1,1.0,MEDIUM,2.0,False,PENDING_TIME_INTERVAL_REVIEW,,Finalize after checking temporal overlap with race-control periods
1295,11377,10,4,2026-09-26T11:09:28.143000+00:00,39.302,45.126,24.952,190.0,201.0,False,109.38,"[None, 2048, 2049, 2048, 2049, 2048, 2048, 2049]","[2048, 2049, 2048, 2048, 2048, 2049, 2049, 2048, 2048, 2048]","[2048, 2048, 2048, 2049, 2049, 2049, 2049, 2049, 2049]",337.0,Pierre GASLY,GAS,Alpine,00A1E8,2026-09-26 11:09:28.143000+00:00,2026-09-26 11:11:17.523000+00:00,False,False,1,1.0,MEDIUM,3.0,False,PENDING_TIME_INTERVAL_REVIEW,,Finalize after checking temporal overlap with race-control periods
1295,11377,10,5,2026-09-26T11:11:17.577000+00:00,39.326,44.861,25.156,188.0,206.0,False,109.343,"[2048, 2048, 2048, 2048, 2049, 2048, 2048, 2048]","[2048, 2048, 2048, 2048, 2048, 2048, 2048, 2048, 2048, 2049]","[2048, 2048, 2048, 2048, 2048, 2048, 2048, 2048, 2048]",335.0,Pierre GASLY,GAS,Alpine,00A1E8,2026-09-26 11:11:17.577000+00:00,2026-09-26 11:13:06.920000+00:00,False,False,1,1.0,MEDIUM,4.0,False,PENDING_TIME_INTERVAL_REVIEW,,Finalize after checking temporal overlap with race-control periods
1295,11377,10,6,2026-09-26T11:13:06.843000+00:00,39.254,44.73,25.22,186.0,197.0,False,109.204,"[2049, 2048, 2049, 2048, 2049, 2048, 2048, 2048]","[2049, 2048, 2049, 2049, 2048, 2049, 2048, 2048, 2048, 2048]","[2048, 2048, 2048, 2048, 2048, 2048, 2048, 2048, 2048]",330.0,Pierre GASLY,GAS,Alpine,00A1E8,2026-09-26 11:13:06.843000+00:00,2026-09-26 11:14:56.047000+00:00,False,False,1,1.0,MEDIUM,5.0,False,PENDING_TIME_INTERVAL_REVIEW,,Finalize after checking temporal overlap with race-control periods
1295,11377,10,7,2026-09-26T11:14:56.080000+00:00,39.006,44.925,25.302,192.0,196.0,False,109.233,"[2048, 2048, 2048, 2048, 2049, 2049, 2049, 2048]","[2049, 2048, 2048, 2049, 2048, 2048, 2048, 2048, 2048, 2048]","[2048, 2048, 2049, 2051, 2048, 2048, 2048, 2048, 2048]",324.0,Pierre GASLY,GAS,Alpine,00A1E8,2026-09-26 11:14:56.080000+00:00,2026-09-26 11:16:45.313000+00:00,False,False,1,1.0,MEDIUM,6.0,False,PENDING_TIME_INTERVAL_REVIEW,,Finalize after checking temporal overlap with race-control periods
1295,11377,10,8,2026-09-26T11:16:45.273000+00:00,38.923,44.667,25.331,189.0,199.0,False,108.921,"[None, 2049, 2049, 2048, 2048, 2049, 2048, 2048]","[2049, 2048, 2049, 2049, 2048, 2048, 2048, 2048, 2048, 2048]","[2048, 2048, 2049, 2051, 2048, 2048, 2048, 2048, 2048]",321.0,Pierre GASLY,GAS,Alpine,00A1E8,2026-09-26 11:16:45.273000+00:00,2026-09-26 11:18:34.194000+00:00,False,False,1,1.0,MEDIUM,7.0,False,PENDING_TIME_INTERVAL_REVIEW,,Finalize after checking temporal overlap with race-control periods
1295,11377,10,9,2026-09-26T11:18:34.205000+00:00,38.77,44.775,25.257,193.0,199.0,False,108.802,"[None, 2048, 2049, 2048, 2048, 2049, 2049, 2048]","[2048, 2048, 2048, 2048, 2048, 2049, 2048, 2048, 2048, 2049]","[2048, 2049, 2051, 2048, 2048, 2048, 2048, 2048, 2048]",324.0,Pierre GASLY,GAS,Alpine,00A1E8,2026-09-26 11:18:34.205000+00:00,2026-09-26 11:20:23.007000+00:00,False,False,1,1.0,MEDIUM,8.0,False,PENDING_TIME_INTERVAL_REVIEW,,Finalize after checking temporal overlap with race-control periods
1295,11377,10,10,2026-09-26T11:20:23.050000+00:00,38.979,44.677,25.27,190.0,196.0,False,108.926,"[None, 2048, 2048, 2048, 2049, 2048, 2048, 2048]","[2048, 2048, 2048, 2048, 2048, 2049, 2048, 2049, 2049, 2048]","[2049, 2049, 2049, 2051, 2048, 2048, 2048, 2048, 2048]",319.0,Pierre GASLY,GAS,Alpine,00A1E8,2026-09-26 11:20:23.050000+00:00,2026-09-26 11:22:11.976000+00:00,False,False,1,1.0,MEDIUM,9.0,False,PENDING_TIME_INTERVAL_REVIEW,,Finalize after checking temporal overlap with race-control periods
1295,11377,10,11,2026-09-26T11:22:12.084000+00:00,38.879,44.769,25.345,194.0,204.0,False,108.993,"[None, 2048, 2048, 2048, 2048, 2048, 2048, 2048]","[2048, 2048, 2048, 2048, 2048, 2048, 2048, 2048, 2048, 2048]","[2048, 2048, 2048, 2048, 2048, 2048, 2048, 2048, 2048]",322.0,Pierre GASLY,GAS,Alpine,00A1E8,2026-09-26 11:22:12.084000+00:00,2026-09-26 11:24:01.077000+00:00,False,False,1,1.0,MEDIUM,10.0,False,PENDING_TIME_INTERVAL_REVIEW,,Finalize after checking temporal overlap with race-control periods
1295,11377,10,12,2026-09-26T11:24:00.930000+00:00,38.75,44.604,25.282,191.0,203.0,False,108.636,"[None, 2049, 2049, 2048, 2048, 2048, 2049, 2048]","[2048, 2048, 2048, 2049, 2048, 2048, 2048, 2048, 2048, 2049]","[2048, 2049, 2049, 2048, 2048, 2048, 2048, 2048, 2048]",320.0,Pierre GASLY,GAS,Alpine,00A1E8,2026-09-26 11:24:00.930000+00:00,2026-09-26 11:25:49.566000+00:00,False,False,1,1.0,MEDIUM,11.0,False,PENDING_TIME_INTERVAL_REVIEW,,Finalize after checking temporal overlap with race-control periods
1295,11377,10,13,2026-09-26T11:25:49.560000+00:00,38.607,44.52,25.457,195.0,205.0,False,108.584,"[None, 2048, 2049, 2048, 2049, 2048, 2049, 2048]","[2048, 2048, 2048, 2049, 2048, 2048, 2048, 2049, 2048, 2049]","[2048, 2048, 2048, 2048, 2048, 2048, 2048, 2048, 2048]",317.0,Pierre GASLY,GAS,Alpine,00A1E8,2026-09-26 11:25:49.560000+00:00,2026-09-26 11:27:38.144000+00:00,False,False,1,1.0,MEDIUM,12.0,False,PENDING_TIME_INTERVAL_REVIEW,,Finalize after checking temporal overlap with race-control periods
1295,11377,10,14,2026-09-26T11:27:38.127000+00:00,38.597,44.569,25.376,193.0,202.0,False,108.542,"[None, 2049, 2048, 2048, 2049, 2048, 2048, 2048]","[2048, 2048, 2048, 2048, 2048, 2048, 2049, 2048, 2048, 2048]","[2048, 2048, 2048, 2048, 2048, 2048, 2048, 2048, 2048]",319.0,Pierre GASLY,GAS,Alpine,00A1E8,2026-09-26 11:27:38.127000+00:00,2026-09-26 11:29:26.669000+00:00,False,False,1,1.0,MEDIUM,13.0,False,PENDING_TIME_INTERVAL_REVIEW,,Finalize after checking temporal overlap with race-control periods
1295,11377,10,15,2026-09-26T11:29:26.690000+00:00,38.958,44.528,25.403,194.0,204.0,False,108.889,"[None, 2048, 2048, 2048, 2048, 2048, 2048, 2048]","[2048, 2048, 2049, 2048, 2048, 2048, 2048, 2048, 2048, 2048]","[2048, 2048, 2048, 2048, 2048, 2048, 2048, 2048, 2048]",320.0,Pierre GASLY,GAS,Alpine,00A1E8,2026-09-26 11:29:26.690000+00:00,2026-09-26 11:31:15.579000+00:00,False,False,1,1.0,MEDIUM,14.0,False,PENDING_TIME_INTERVAL_REVIEW,,Finalize after checking temporal overlap with race-control periods
1295,11377,10,16,2026-09-26T11:31:15.647000+00:00,38.768,44.212,25.466,193.0,201.0,False,108.446,"[None, 2048, 2048, 2048, 2048, 2049, 2048, 2048]","[2048, 2048, 2049, 2049, 2048, 2049, 2049, 2049, 2049, 2048]","[2048, 2048, 2048, 2048, 2048, 2048, 2048, 2048, 2048]",319.0,Pierre GASLY,GAS,Alpine,00A1E8,2026-09-26 11:31:15.647000+00:00,2026-09-26 11:33:04.093000+00:00,False,False,1,1.0,MEDIUM,15.0,False,PENDING_TIME_INTERVAL_REVIEW,,Finalize after checking temporal overlap with race-control periods
1295,11377,10,17,2026-09-26T11:33:04.016000+00:00,38.825,44.341,25.385,190.0,203.0,False,108.551,"[None, 2048, 2048, 2048, 2048, 2048, 2048, 2048]","[2048, 2048, 2048, 2048, 2048, 2048, 2049, 2048, 2048, 2048]","[2048, 2048, 2048, 2048, 2048, 2048, 2048, 2048, 2048]",318.0,Pierre GASLY,GAS,Alpine,00A1E8,2026-09-26 11:33:04.016000+00:00,2026-09-26 11:34:52.567000+00:00,False,False,1,1.0,MEDIUM,16.0,False,PENDING_TIME_INTERVAL_REVIEW,,Finalize after checking temporal overlap with race-control periods
1295,11377,10,18,2026-09-26T11:34:52.545000+00:00,38.602,44.356,25.343,195.0,205.0,False,108.301,"[None, 2048, 2048, 2048, 2048, 2048, 2048, 2048]","[2048, 2048, 2048, 2048, 2048, 2049, 2048, 2048, 2049, 2048]","[2048, 2048, 2048, 2051, 2048, 2048, 2048, 2048, 2048]",319.0,Pierre GASLY,GAS,Alpine,00A1E8,2026-09-26 11:34:52.545000+00:00,2026-09-26 11:36:40.846000+00:00,False,False,1,1.0,MEDIUM,17.0,False,PENDING_TIME_INTERVAL_REVIEW,,Finalize after checking temporal overlap with race-control periods
1295,11377,10,19,2026-09-26T11:36:40.918000+00:00,38.77,44.394,25.354,191.0,204.0,False,108.518,"[None, 2048, 2048, 2048, 2049, 2048, 2048, 2048]","[2049, 2048, 2048, 2048, 2048, 2048, 2048, 2048, 2048, 2048]","[2048, 2048, 2049, 2048, 2048, 2048, 2048, 2048, 2048]",319.0,Pierre GASLY,GAS,Alpine,00A1E8,2026-09-26 11:36:40.918000+00:00,2026-09-26 11:38:29.436000+00:00,False,False,1,1.0,MEDIUM,18.0,False,PENDING_TIME_INTERVAL_REVIEW,,Finalize after checking temporal overlap with race-control periods
1295,11377,10,20,2026-09-26T11:38:29.460000+00:00,38.688,44.162,25.294,196.0,212.0,False,108.144,"[None, 2048, 2049, 2048, 2048, 2048, 2048, 2048]","[2049, 2048, 2049, 2048, 2048, 2048, 2048, 2048, 2048, 2049]","[2049, 2048, 2048, 2048, 2048, 2048, 2048, 2048, 2048]",320.0,Pierre GASLY,GAS,Alpine,00A1E8,2026-09-26 11:38:29.460000+00:00,2026-09-26 11:40:17.604000+00:00,False,False,1,1.0,MEDIUM,19.0,False,PENDING_TIME_INTERVAL_REVIEW,,Finalize after checking temporal overlap with race-control periods
1295,11377,10,21,2026-09-26T11:40:17.550000+00:00,38.64,44.298,25.291,198.0,209.0,False,108.229,"[None, 2048, 2048, 2049, 2048, 2048, 2048, 2048]","[2048, 2048, 2048, 2048, 2048, 2048, 2048, 2048, 2048, 2048]","[2049, 2048, 2049, 2048, 2048, 2048, 2048, 2048, 2048]",320.0,Pierre GASLY,GAS,Alpine,00A1E8,2026-09-26 11:40:17.550000+00:00,2026-09-26 11:42:05.779000+00:00,False,False,1,1.0,MEDIUM,20.0,False,PENDING_TIME_INTERVAL_REVIEW,,Finalize after checking temporal overlap with race-control periods
1295,11377,10,22,2026-09-26T11:42:05.814000+00:00,38.641,44.299,25.253,193.0,208.0,False,108.193,"[None, 2048, 2048, 2048, 2049, 2048, 2048, 2048]","[2048, 2048, 2048, 2049, 2048, 2048, 2048, 2048, 2048, 2048]","[2049, 2048, 2049, 2048, 2048, 2048, 2048, 2048, 2048]",320.0,Pierre GASLY,GAS,Alpine,00A1E8,2026-09-26 11:42:05.814000+00:00,2026-09-26 11:43:54.007000+00:00,False,False,1,1.0,MEDIUM,21.0,False,PENDING_TIME_INTERVAL_REVIEW,,Finalize after checking temporal overlap with race-control periods
1295,11377,10,23,2026-09-26T11:43:53.998000+00:00,38.656,44.178,25.449,196.0,205.0,False,108.283,"[None, 2048, 2048, 2048, 2048, 2048, 2048, 2049]","[2048, 2048, 2048, 2048, 2048, 2048, 2048, 2048, 2048, 2048]","[2048, 2048, 2048, 2048, 2048, 2048, 2048, 2048, 2048]",322.0,Pierre GASLY,GAS,Alpine,00A1E8,2026-09-26 11:43:53.998000+00:00,2026-09-26 11:45:42.281000+00:00,False,False,1,1.0,MEDIUM,22.0,False,PENDING_TIME_INTERVAL_REVIEW,,Finalize after checking temporal overlap with race-control periods
1295,11377,10,24,2026-09-26T11:45:42.209000+00:00,38.729,44.304,25.496,197.0,203.0,False,108.529,"[None, 2048, 2048, 2048, 2048, 2048, 2048, 2048]","[2048, 2048, 2048, 2048, 2048, 2048, 2048, 2048, 2048, 2048]","[2048, 2048, 2048, 2048, 2048, 2048, 2048, 2048, 2048]",319.0,Pierre GASLY,GAS,Alpine,00A1E8,2026-09-26 11:45:42.209000+00:00,2026-09-26 11:47:30.738000+00:00,False,False,1,1.0,MEDIUM,23.0,False,PENDING_TIME_INTERVAL_REVIEW,,Finalize after checking temporal overlap with race-control periods
1295,11377,10,25,2026-09-26T11:47:30.827000+00:00,38.609,44.27,25.34,192.0,204.0,False,108.219,"[None, 2048, 2048, 2048, 2048, 2048, 2048, 2048]","[2048, 2048, 2048, 2048, 2048, 2048, 2049, 2048, 2048, 2048]","[2048, 2049, 2049, 2048, 2048, 2048, 2048, 2048, 2048]",319.0,Pierre GASLY,GAS,Alpine,00A1E8,2026-09-26 11:47:30.827000+00:00,2026-09-26 11:49:19.046000+00:00,False,False,1,1.0,MEDIUM,24.0,False,PENDING_TIME_INTERVAL_REVIEW,,Finalize after checking temporal overlap with race-control periods
1295,11377,10,26,2026-09-26T11:49:18.980000+00:00,38.452,44.065,25.47,198.0,208.0,False,107.987,"[None, 2049, 2048, 2048, 2048, 2048, 2048, 2048]","[2048, 2048, 2049, 2049, 2049, 2048, 2048, 2048, 2048, 2048]","[2048, 2048, 2048, 2049, 2048, 2048, 2048, 2048, 2048]",317.0,Pierre GASLY,GAS,Alpine,00A1E8,2026-09-26 11:49:18.980000+00:00,2026-09-26 11:51:06.967000+00:00,False,False,1,1.0,MEDIUM,25.0,False,PENDING_TIME_INTERVAL_REVIEW,,Finalize after checking temporal overlap with race-control periods
1295,11377,10,27,2026-09-26T11:51:07.053000+00:00,38.468,44.235,25.34,195.0,208.0,False,108.043,"[None, 2048, 2049, 2049, 2048, 2048, 2048, 2049]","[2048, 2048, 2048, 2048, 2049, 2049, 2049, 2048, 2048, 2048]","[2048, 2048, 2048, 2048, 2048, 2048, 2048, 2048, 2048]",320.0,Pierre GASLY,GAS,Alpine,00A1E8,2026-09-26 11:51:07.053000+00:00,2026-09-26 11:52:55.096000+00:00,False,False,1,1.0,MEDIUM,26.0,False,PENDING_TIME_INTERVAL_REVIEW,,Finalize after checking temporal overlap with race-control periods
1295,11377,10,28,2026-09-26T11:52:54.952000+00:00,38.476,44.04,25.306,199.0,210.0,False,107.822,"[None, 2048, 2048, 2049, 2049, 2048, 2048, 2048]","[2048, 2048, 2048, 2048, 2049, 2049, 2048, 2048, 2049, 2048]","[2048, 2048, 2048, 2049, 2048, 2048, 2048, 2048, 2048]",319.0,Pierre GASLY,GAS,Alpine,00A1E8,2026-09-26 11:52:54.952000+00:00,2026-09-26 11:54:42.774000+00:00,False,False,1,1.0,MEDIUM,27.0,False,PENDING_TIME_INTERVAL_REVIEW,,Finalize after checking temporal overlap with race-control periods
1295,11377,10,29,2026-09-26T11:54:42.838000+00:00,38.465,44.144,25.39,201.0,210.0,False,107.999,"[None, 2048, 2048, 2048, 2048, 2048, 2049, 2048]","[2049, 2048, 2048, 2048, 2048, 2048, 2048, 2048, 2048, 2048]","[2048, 2048, 2048, 2048, 2048, 2048, 2048, 2048, 2048]",319.0,Pierre GASLY,GAS,Alpine,00A1E8,2026-09-26 11:54:42.838000+00:00,2026-09-26 11:56:30.837000+00:00,False,False,1,1.0,MEDIUM,28.0,False,PENDING_TIME_INTERVAL_REVIEW,,Finalize after checking temporal overlap with race-control periods
1295,11377,10,30,2026-09-26T11:56:30.876000+00:00,39.176,44.319,36.876,196.0,201.0,False,120.371,"[None, 2048, 2048, 2048, 2048, 2048, 2048, 2048]","[2048, 2048, 2048, 2048, 2049, 2048, 2048, 2048, 2048, 2048]","[2048, 2048, 2048, 2048, 2048, 2048, 2048, 2064, 2064]",133.0,Pierre GASLY,GAS,Alpine,00A1E8,2026-09-26 11:56:30.876000+00:00,2026-09-26 11:58:31.247000+00:00,False,False,1,1.0,MEDIUM,29.0,True,PENDING_TIME_INTERVAL_REVIEW,,Finalize after checking temporal overlap with race-control periods
1295,11377,10,31,2026-09-26T11:58:31.178000+00:00,66.023,59.072,38.897,97.0,185.0,True,163.992,"[2064, 2064, 2048, 2048, 2048, 2048, 2048, 2048]","[2048, 2048, 2048, 2048, 2048, 2048, 2048, 2048, 2048, 2048]","[2048, 2048, 2048, 2048, 2048, 2048, 2048, 2048, 2048]",134.0,Pierre GASLY,GAS,Alpine,00A1E8,2026-09-26 11:58:31.178000+00:00,2026-09-26 12:01:15.170000+00:00,False,False,1,2.0,SOFT,0.0,False,PENDING_TIME_INTERVAL_REVIEW,,Finalize after checking temporal overlap with race-control periods
1295,11377,10,32,2026-09-26T12:01:15.211000+00:00,46.322,55.475,34.662,127.0,189.0,False,136.459,"[2048, 2048, 2048, 2048, 2048, 2048, 2048, 2048]","[2048, 2048, 2048, 2048, 2048, 2048, 2048, 2048, 2048, 2048]","[2048, 2048, 2048, 2048, 2048, 2048, 2048, 2048, 2048]",246.0,Pierre GASLY,GAS,Alpine,00A1E8,2026-09-26 12:01:15.211000+00:00,2026-09-26 12:03:31.670000+00:00,False,False,1,2.0,SOFT,1.0,False,PENDING_TIME_INTERVAL_REVIEW,,Finalize after checking temporal overlap with race-control periods
1295,11377,10,33,2026-09-26T12:03:31.673000+00:00,53.33,67.999,36.892,84.0,182.0,False,158.221,"[None, 2048, 2048, 2048, 2048, 2048, 2048, 2048]","[2048, 2048, 2048, 2048, 2048, 2048, 2048, 2048, 2048, 2048]","[2048, 2048, 2048, 2048, 2048, 2048, 2048, 2048, 2048]",190.0,Pierre GASLY,GAS,Alpine,00A1E8,2026-09-26 12:03:31.673000+00:00,2026-09-26 12:06:09.894000+00:00,False,False,1,2.0,SOFT,2.0,False,PENDING_TIME_INTERVAL_REVIEW,,Finalize after checking temporal overlap with race-control periods
1295,11377,10,34,2026-09-26T12:06:09.907000+00:00,64.044,63.127,37.831,152.0,179.0,False,165.002,"[None, 2048, 2048, 2048, 2048, 2048, 2048, 2048]","[2048, 2048, 2048, 2048, 2048, 2048, 2048, 2048, 2048, 2048]","[2048, 2048, 2048, 2048, 2048, 2048, 2048, 2048, 2048]",221.0,Pierre GASLY,GAS,Alpine,00A1E8,2026-09-26 12:06:09.907000+00:00,2026-09-26 12:08:54.909000+00:00,False,False,1,2.0,SOFT,3.0,False,PENDING_TIME_INTERVAL_REVIEW,,Finalize after checking temporal overlap with race-control periods
1295,11377,10,35,2026-09-26T12:08:54.892000+00:00,52.892,63.188,36.188,165.0,172.0,False,152.268,"[None, 2048, 2048, 2048, 2048, 2048, 2048, 2048]","[2048, 2048, 2048, 2048, 2048, 2048, 2048, 2048, 2048, 2048]","[2048, 2048, 2048, 2048, 2048, 2048, 2048, 2048, 2048]",238.0,Pierre GASLY,GAS,Alpine,00A1E8,2026-09-26 12:08:54.892000+00:00,2026-09-26 12:11:27.160000+00:00,False,False,1,2.0,SOFT,4.0,False,PENDING_TIME_INTERVAL_REVIEW,,Finalize after checking temporal overlap with race-control periods
1295,11377,10,36,2026-09-26T12:11:27.361000+00:00,,,,,,False,,"[None, 0, 0, 0, 0, 0, 0, 0]",,,,Pierre GASLY,GAS,Alpine,00A1E8,2026-09-26 12:11:27.361000+00:00,,False,False,0,,,,False,PENDING_TIME_INTERVAL_REVIEW,,Finalize after checking temporal overlap with race-control periods
1295,11377,11,1,2026-09-26T11:03:50.711000+00:00,50.609,49.82,25.262,154.0,180.0,False,125.691,"[2049, 2049, 2049, 2049, 2049, 2049, 2049, 2049]","[2049, 2049, 2049, 2049, 2049, 2049, 2049, 2049, 2049, 2049]","[2049, 2049, 2049, 2049, 2049, 2049, 2049, 2049, 2049]",340.0,Sergio PEREZ,PER,Cadillac,909090,2026-09-26 11:03:50.711000+00:00,2026-09-26 11:05:56.402000+00:00,False,False,1,1.0,MEDIUM,0.0,False,PENDING_TIME_INTERVAL_REVIEW,,Finalize after checking temporal overlap with race-control periods
1295,11377,11,2,2026-09-26T11:05:56.402000+00:00,40.058,45.847,25.226,178.0,184.0,False,111.131,"[None, 2049, 2049, 2049, 2049, 2049, 2049, 2049]","[2049, 2049, 2049, 2049, 2049, 2048, 2049, 2049, 2049, 2049]","[2049, 2049, 2048, 2048, 2048, 2048, 2048, 2048, 2049]",338.0,Sergio PEREZ,PER,Cadillac,909090,2026-09-26 11:05:56.402000+00:00,2026-09-26 11:07:47.533000+00:00,False,False,1,1.0,MEDIUM,1.0,False,PENDING_TIME_INTERVAL_REVIEW,,Finalize after checking temporal overlap with race-control periods
1295,11377,11,3,2026-09-26T11:07:47.548000+00:00,40.101,45.502,25.388,173.0,192.0,False,110.991,"[2048, 2048, 2049, 2049, 2049, 2049, 2049, 2048]","[2048, 2049, 2049, 2049, 2049, 2049, 2048, 2049, 2049, 2049]","[2048, 2048, 2049, 2049, 2048, 2048, 2048, 2048, 2048]",331.0,Sergio PEREZ,PER,Cadillac,909090,2026-09-26 11:07:47.548000+00:00,2026-09-26 11:09:38.539000+00:00,False,False,1,1.0,MEDIUM,2.0,False,PENDING_TIME_INTERVAL_REVIEW,,Finalize after checking temporal overlap with race-control periods
1295,11377,11,4,2026-09-26T11:09:38.516000+00:00,39.648,45.153,25.279,178.0,195.0,False,110.08,"[None, 2049, 2049, 2048, 2049, 2049, 2049, 2048]","[2049, 2048, 2049, 2049, 2049, 2048, 2048, 2048, 2048, 2049]","[2048, 2049, 2049, 2049, 2048, 2048, 2048, 2048, 2048]",335.0,Sergio PEREZ,PER,Cadillac,909090,2026-09-26 11:09:38.516000+00:00,2026-09-26 11:11:28.596000+00:00,False,False,1,1.0,MEDIUM,3.0,False,PENDING_TIME_INTERVAL_REVIEW,,Finalize after checking temporal overlap with race-control periods
1295,11377,11,5,2026-09-26T11:11:28.655000+00:00,39.721,45.401,25.259,187.0,189.0,False,110.381,"[None, 2049, 2048, 2048, 2049, 2048, 2048, 2049]","[2048, 2049, 2048, 2048, 2048, 2049, 2049, 2048, 2048, 2048]","[2048, 2049, 2048, 2048, 2048, 2048, 2048, 2048, 2048]",336.0,Sergio PEREZ,PER,Cadillac,909090,2026-09-26 11:11:28.655000+00:00,2026-09-26 11:13:19.036000+00:00,False,False,1,1.0,MEDIUM,4.0,False,PENDING_TIME_INTERVAL_REVIEW,,Finalize after checking temporal overlap with race-control periods
1295,11377,11,6,2026-09-26T11:13:19.041000+00:00,39.723,45.399,25.384,181.0,193.0,False,110.506,"[None, 2049, 2048, 2048, 2048, 2048, 2048, 2048]","[2048, 2048, 2048, 2048, 2048, 2048, 2048, 2048, 2048, 2049]","[2049, 2048, 2048, 2048, 2048, 2048, 2048, 2048, 2048]",333.0,Sergio PEREZ,PER,Cadillac,909090,2026-09-26 11:13:19.041000+00:00,2026-09-26 11:15:09.547000+00:00,False,False,1,1.0,MEDIUM,5.0,False,PENDING_TIME_INTERVAL_REVIEW,,Finalize after checking temporal overlap with race-control periods
1295,11377,11,7,2026-09-26T11:15:09.466000+00:00,39.613,45.463,25.333,184.0,191.0,False,110.409,"[None, 2048, 2048, 2048, 2048, 2048, 2048, 2048]","[2048, 2048, 2048, 2048, 2048, 2048, 2048, 2048, 2048, 2048]","[2048, 2048, 2048, 2048, 2048, 2048, 2048, 2048, 2048]",336.0,Sergio PEREZ,PER,Cadillac,909090,2026-09-26 11:15:09.466000+00:00,2026-09-26 11:16:59.875000+00:00,False,False,1,1.0,MEDIUM,6.0,False,PENDING_TIME_INTERVAL_REVIEW,,Finalize after checking temporal overlap with race-control periods
1295,11377,11,8,2026-09-26T11:16:59.914000+00:00,39.48,45.117,25.329,186.0,197.0,False,109.926,"[None, 2048, 2049, 2048, 2048, 2049, 2048, 2049]","[2048, 2048, 2048, 2049, 2048, 2048, 2048, 2048, 2049, 2049]","[2048, 2048, 2048, 2049, 2048, 2048, 2048, 2048]",335.0,Sergio PEREZ,PER,Cadillac,909090,2026-09-26 11:16:59.914000+00:00,2026-09-26 11:18:49.840000+00:00,False,False,1,1.0,MEDIUM,7.0,False,PENDING_TIME_INTERVAL_REVIEW,,Finalize after checking temporal overlap with race-control periods
1295,11377,11,9,2026-09-26T11:18:49.883000+00:00,39.382,45.425,25.254,179.0,183.0,False,110.061,"[None, 2049, 2048, 2048, 2049, 2048, 2048, 2048]","[2048, 2048, 2048, 2048, 2048, 2049, 2049, 2048, 2048, 2048]","[2048, 2048, 2049, 2048, 2048, 2048, 2048, 2048, 2048]",338.0,Sergio PEREZ,PER,Cadillac,909090,2026-09-26 11:18:49.883000+00:00,2026-09-26 11:20:39.944000+00:00,False,False,1,1.0,MEDIUM,8.0,False,PENDING_TIME_INTERVAL_REVIEW,,Finalize after checking temporal overlap with race-control periods
1295,11377,11,10,2026-09-26T11:20:39.915000+00:00,39.761,45.375,25.315,183.0,191.0,False,110.451,"[None, 2048, 2048, 2048, 2048, 2048, 2048, 2048]","[2048, 2049, 2048, 2048, 2048, 2048, 2048, 2048, 2048, 2048]","[2048, 2049, 2049, 2049, 2048, 2048, 2048, 2048, 2048]",334.0,Sergio PEREZ,PER,Cadillac,909090,2026-09-26 11:20:39.915000+00:00,2026-09-26 11:22:30.366000+00:00,False,False,1,1.0,MEDIUM,9.0,False,PENDING_TIME_INTERVAL_REVIEW,,Finalize after checking temporal overlap with race-control periods
1295,11377,11,11,2026-09-26T11:22:30.293000+00:00,39.453,45.217,25.412,178.0,191.0,False,110.082,"[None, 2048, 2048, 2048, 2049, 2049, 2048, 2048]","[2048, 2048, 2048, 2049, 2048, 2048, 2048, 2048, 2048, 2048]","[2049, 2048, 2048, 2048, 2048, 2048, 2048, 2048, 2048]",332.0,Sergio PEREZ,PER,Cadillac,909090,2026-09-26 11:22:30.293000+00:00,2026-09-26 11:24:20.375000+00:00,False,False,1,1.0,MEDIUM,10.0,False,PENDING_TIME_INTERVAL_REVIEW,,Finalize after checking temporal overlap with race-control periods
1295,11377,11,12,2026-09-26T11:24:20.390000+00:00,39.191,45.129,25.291,185.0,194.0,False,109.611,"[None, 2049, 2048, 2048, 2048, 2049, 2048, 2049]","[2048, 2048, 2049, 2049, 2048, 2048, 2048, 2048, 2048, 2048]","[2049, 2048, 2048, 2048, 2048, 2048, 2048, 2048, 2048]",336.0,Sergio PEREZ,PER,Cadillac,909090,2026-09-26 11:24:20.390000+00:00,2026-09-26 11:26:10.001000+00:00,False,False,1,1.0,MEDIUM,11.0,False,PENDING_TIME_INTERVAL_REVIEW,,Finalize after checking temporal overlap with race-control periods
1295,11377,11,13,2026-09-26T11:26:10.007000+00:00,39.996,45.417,25.347,180.0,193.0,False,110.76,"[None, 2049, 2048, 2048, 2048, 2048, 2048, 2048]","[2048, 2048, 2048, 2048, 2048, 2048, 2048, 2048, 2048, 2048]","[2048, 2048, 2048, 2048, 2048, 2048, 2048, 2048, 2048]",335.0,Sergio PEREZ,PER,Cadillac,909090,2026-09-26 11:26:10.007000+00:00,2026-09-26 11:28:00.767000+00:00,False,False,1,1.0,MEDIUM,12.0,False,PENDING_TIME_INTERVAL_REVIEW,,Finalize after checking temporal overlap with race-control periods
1295,11377,11,14,2026-09-26T11:28:00.735000+00:00,39.291,45.11,25.303,182.0,201.0,False,109.704,"[None, 2048, 2049, 2048, 2049, 2048, 2048, 2048]","[2048, 2048, 2049, 2048, 2048, 2048, 2048, 2048, 2049, 2049]","[2049, 2048, 2048, 2048, 2048, 2048, 2048, 2048, 2048]",335.0,Sergio PEREZ,PER,Cadillac,909090,2026-09-26 11:28:00.735000+00:00,2026-09-26 11:29:50.439000+00:00,False,False,1,1.0,MEDIUM,13.0,False,PENDING_TIME_INTERVAL_REVIEW,,Finalize after checking temporal overlap with race-control periods
1295,11377,11,15,2026-09-26T11:29:50.519000+00:00,39.15,45.118,25.442,,196.0,False,109.71,"[2049, 2048, 2049, 2048, 2049, 2048, 2048, 2048]","[2048, 2048, 2048, 2049, 2048, 2048, 2048, 2048, 2048, 2048]","[2048, 2048, 2048, 2048, 2048, 2048, 2048, 2048, 2048]",331.0,Sergio PEREZ,PER,Cadillac,909090,2026-09-26 11:29:50.519000+00:00,2026-09-26 11:31:40.229000+00:00,False,False,1,1.0,MEDIUM,14.0,False,PENDING_TIME_INTERVAL_REVIEW,,Finalize after checking temporal overlap with race-control periods
1295,11377,11,16,2026-09-26T11:31:40.225000+00:00,39.64,44.983,25.547,191.0,196.0,False,110.17,"[None, 2048, 2048, 2048, 2048, 2048, 2048, 2048]","[2048, 2048, 2049, 2048, 2048, 2048, 2048, 2048, 2049, 2048]","[2048, 2048, 2048, 2048, 2048, 2048, 2048, 2048, 2048]",328.0,Sergio PEREZ,PER,Cadillac,909090,2026-09-26 11:31:40.225000+00:00,2026-09-26 11:33:30.395000+00:00,False,False,1,1.0,MEDIUM,15.0,False,PENDING_TIME_INTERVAL_REVIEW,,Finalize after checking temporal overlap with race-control periods
1295,11377,11,17,2026-09-26T11:33:30.403000+00:00,39.31,44.905,25.642,,197.0,False,109.857,"[2048, 2048, 2049, 2048, 2048, 2049, 2049, 2049]","[2048, 2048, 2049, 2049, 2048, 2048, 2048, 2049, 2049, 2048]","[2049, 2049, 2048, 2048, 2048, 2048, 2048, 2048, 2048]",324.0,Sergio PEREZ,PER,Cadillac,909090,2026-09-26 11:33:30.403000+00:00,2026-09-26 11:35:20.260000+00:00,False,False,1,1.0,MEDIUM,16.0,False,PENDING_TIME_INTERVAL_REVIEW,,Finalize after checking temporal overlap with race-control periods
1295,11377,11,18,2026-09-26T11:35:20.173000+00:00,39.315,45.189,25.515,189.0,195.0,False,110.019,"[None, 2048, 2049, 2048, 2048, 2048, 2049, 2048]","[2048, 2048, 2048, 2048, 2048, 2048, 2048, 2048, 2048, 2048]","[2048, 2048, 2048, 2048, 2048, 2048, 2048, 2048, 2048]",328.0,Sergio PEREZ,PER,Cadillac,909090,2026-09-26 11:35:20.173000+00:00,2026-09-26 11:37:10.192000+00:00,False,False,1,1.0,MEDIUM,17.0,False,PENDING_TIME_INTERVAL_REVIEW,,Finalize after checking temporal overlap with race-control periods
1295,11377,11,19,2026-09-26T11:37:10.247000+00:00,39.035,45.265,25.395,187.0,193.0,False,109.695,"[2049, 2049, 2048, 2048, 2048, 2049, 2048, 2049]","[2048, 2048, 2048, 2048, 2048, 2048, 2048, 2048, 2048, 2048]","[2048, 2048, 2049, 2048, 2048, 2048, 2048, 2048, 2048]",331.0,Sergio PEREZ,PER,Cadillac,909090,2026-09-26 11:37:10.247000+00:00,2026-09-26 11:38:59.942000+00:00,False,False,1,1.0,MEDIUM,18.0,False,PENDING_TIME_INTERVAL_REVIEW,,Finalize after checking temporal overlap with race-control periods
1295,11377,11,20,2026-09-26T11:38:59.946000+00:00,39.334,45.114,25.348,186.0,195.0,False,109.796,"[2048, 2048, 2049, 2048, 2048, 2048, 2048, 2049]","[2048, 2048, 2048, 2048, 2048, 2049, 2048, 2048, 2048, 2048]","[2048, 2049, 2049, 2048, 2048, 2048, 2048, 2048, 2048]",336.0,Sergio PEREZ,PER,Cadillac,909090,2026-09-26 11:38:59.946000+00:00,2026-09-26 11:40:49.742000+00:00,False,False,1,1.0,MEDIUM,19.0,False,PENDING_TIME_INTERVAL_REVIEW,,Finalize after checking temporal overlap with race-control periods
1295,11377,11,21,2026-09-26T11:40:49.674000+00:00,39.258,44.592,25.644,191.0,196.0,False,109.494,"[None, 2049, 2048, 2048, 2048, 2048, 2048, 2049]","[2049, 2049, 2049, 2049, 2048, 2049, 2049, 2048, 2048, 2048]","[2049, 2049, 2049, 2048, 2048, 2048, 2048, 2048, 2048]",325.0,Sergio PEREZ,PER,Cadillac,909090,2026-09-26 11:40:49.674000+00:00,2026-09-26 11:42:39.168000+00:00,False,False,1,1.0,MEDIUM,20.0,False,PENDING_TIME_INTERVAL_REVIEW,,Finalize after checking temporal overlap with race-control periods
1295,11377,11,22,2026-09-26T11:42:39.307000+00:00,39.063,45.104,25.726,,197.0,False,109.893,"[None, 2049, 2049, 2048, 2048, 2049, 2048, 2048]","[2048, 2048, 2048, 2048, 2048, 2048, 2048, 2049, 2048, 2048]","[2048, 2048, 2049, 2048, 2048, 2048, 2048, 2048, 2048]",324.0,Sergio PEREZ,PER,Cadillac,909090,2026-09-26 11:42:39.307000+00:00,2026-09-26 11:44:29.200000+00:00,False,False,1,1.0,MEDIUM,21.0,False,PENDING_TIME_INTERVAL_REVIEW,,Finalize after checking temporal overlap with race-control periods
1295,11377,11,23,2026-09-26T11:44:29.170000+00:00,39.15,45.186,25.873,186.0,202.0,False,110.209,"[None, 2048, 2048, 2048, 2048, 2049, 2048, 2048]","[2048, 2048, 2048, 2048, 2048, 2048, 2048, 2048, 2048, 2048]","[2048, 2048, 2048, 2048, 2048, 2048, 2048, 2048, 2048]",322.0,Sergio PEREZ,PER,Cadillac,909090,2026-09-26 11:44:29.170000+00:00,2026-09-26 11:46:19.379000+00:00,False,False,1,1.0,MEDIUM,22.0,False,PENDING_TIME_INTERVAL_REVIEW,,Finalize after checking temporal overlap with race-control periods
1295,11377,11,24,2026-09-26T11:46:19.298000+00:00,39.3,44.972,25.825,193.0,201.0,False,110.097,"[None, 2048, 2048, 2048, 2048, 2048, 2048, 2049]","[2048, 2048, 2048, 2048, 2048, 2048, 2048, 2048, 2048, 2048]","[2048, 2048, 2048, 2048, 2048, 2048, 2048, 2048, 2048]",322.0,Sergio PEREZ,PER,Cadillac,909090,2026-09-26 11:46:19.298000+00:00,2026-09-26 11:48:09.395000+00:00,False,False,1,1.0,MEDIUM,23.0,False,PENDING_TIME_INTERVAL_REVIEW,,Finalize after checking temporal overlap with race-control periods
1295,11377,11,25,2026-09-26T11:48:09.387000+00:00,39.051,44.71,25.824,186.0,199.0,False,109.585,"[None, 2048, 2049, 2048, 2048, 2049, 2048, 2048]","[2048, 2048, 2048, 2048, 2049, 2048, 2048, 2048, 2049, 2049]","[2048, 2048, 2048, 2048, 2048, 2048, 2048, 2048, 2048]",323.0,Sergio PEREZ,PER,Cadillac,909090,2026-09-26 11:48:09.387000+00:00,2026-09-26 11:49:58.972000+00:00,False,False,1,1.0,MEDIUM,24.0,False,PENDING_TIME_INTERVAL_REVIEW,,Finalize after checking temporal overlap with race-control periods
1295,11377,11,26,2026-09-26T11:49:59.005000+00:00,39.111,44.8,25.776,197.0,198.0,False,109.687,"[None, 2048, 2048, 2048, 2048, 2048, 2048, 2049]","[2048, 2048, 2048, 2048, 2049, 2048, 2048, 2049, 2049, 2048]","[2048, 2048, 2048, 2048, 2048, 2048, 2048, 2048, 2048]",324.0,Sergio PEREZ,PER,Cadillac,909090,2026-09-26 11:49:59.005000+00:00,2026-09-26 11:51:48.692000+00:00,False,False,1,1.0,MEDIUM,25.0,False,PENDING_TIME_INTERVAL_REVIEW,,Finalize after checking temporal overlap with race-control periods
1295,11377,11,27,2026-09-26T11:51:48.667000+00:00,39.033,44.678,25.804,198.0,205.0,False,109.515,"[None, 2049, 2048, 2048, 2048, 2048, 2048, 2049]","[2048, 2048, 2049, 2048, 2048, 2048, 2048, 2049, 2048, 2048]","[2048, 2048, 2049, 2048, 2048, 2048, 2048, 2048, 2048]",322.0,Sergio PEREZ,PER,Cadillac,909090,2026-09-26 11:51:48.667000+00:00,2026-09-26 11:53:38.182000+00:00,False,False,1,1.0,MEDIUM,26.0,False,PENDING_TIME_INTERVAL_REVIEW,,Finalize after checking temporal overlap with race-control periods
1295,11377,11,28,2026-09-26T11:53:38.275000+00:00,39.12,44.65,25.789,189.0,201.0,False,109.559,"[None, 2048, 2048, 2048, 2048, 2048, 2048, 2048]","[2048, 2048, 2049, 2048, 2048, 2048, 2048, 2048, 2049, 2048]","[2048, 2048, 2048, 2048, 2048, 2048, 2048, 2048, 2048]",324.0,Sergio PEREZ,PER,Cadillac,909090,2026-09-26 11:53:38.275000+00:00,2026-09-26 11:55:27.834000+00:00,False,False,1,1.0,MEDIUM,27.0,False,PENDING_TIME_INTERVAL_REVIEW,,Finalize after checking temporal overlap with race-control periods
1295,11377,11,29,2026-09-26T11:55:27.773000+00:00,39.139,44.502,25.762,,198.0,False,109.403,"[None, 2048, 2048, 2048, 2048, 2048, 2048, 2048]","[2049, 2048, 2048, 2048, 2049, 2049, 2048, 2049, 2048, 2048]","[2048, 2049, 2049, 2048, 2048, 2048, 2048, 2048, 2048]",323.0,Sergio PEREZ,PER,Cadillac,909090,2026-09-26 11:55:27.773000+00:00,2026-09-26 11:57:17.176000+00:00,False,False,1,1.0,MEDIUM,28.0,False,PENDING_TIME_INTERVAL_REVIEW,,Finalize after checking temporal overlap with race-control periods
1295,11377,11,30,2026-09-26T11:57:17.224000+00:00,39.374,58.135,42.987,174.0,143.0,False,140.496,"[None, 2049, 2048, 2048, 2048, 2048, 2048, 2048]","[2048, 2048, 2048, 2048, 2048, 2048, 2048, 2048, 2048, 2048]","[2048, 2048, 2048, 2048, 2048, 2048, 2048, 2064, 2064]",195.0,Sergio PEREZ,PER,Cadillac,909090,2026-09-26 11:57:17.224000+00:00,2026-09-26 11:59:37.720000+00:00,False,False,1,1.0,MEDIUM,29.0,True,PENDING_TIME_INTERVAL_REVIEW,,Finalize after checking temporal overlap with race-control periods
1295,11377,11,31,2026-09-26T11:59:37.673000+00:00,68.812,59.956,38.948,137.0,166.0,True,167.716,"[2064, 2064, 2048, 2048, 2048, 2048, 2048, 2048]","[2048, 2048, 2048, 2048, 2048, 2048, 2048, 2048, 2048, 2048]","[2048, 2048, 2048, 2048, 2048, 2048, 2048, 2048, 2048]",220.0,Sergio PEREZ,PER,Cadillac,909090,2026-09-26 11:59:37.673000+00:00,2026-09-26 12:02:25.389000+00:00,False,False,1,2.0,SOFT,0.0,False,PENDING_TIME_INTERVAL_REVIEW,,Finalize after checking temporal overlap with race-control periods
1295,11377,11,32,2026-09-26T12:02:25.333000+00:00,44.267,55.507,26.076,125.0,193.0,False,125.85,"[2048, 2048, 2048, 2048, 2048, 2048, 2048, 2048]","[2048, 2048, 2048, 2048, 2048, 2048, 2048, 2048, 2048, 2048]","[2048, 2048, 2048, 2048, 2048, 2048, 2048, 2048, 2048]",320.0,Sergio PEREZ,PER,Cadillac,909090,2026-09-26 12:02:25.333000+00:00,2026-09-26 12:04:31.183000+00:00,False,False,1,2.0,SOFT,1.0,False,PENDING_TIME_INTERVAL_REVIEW,,Finalize after checking temporal overlap with race-control periods
1295,11377,11,33,2026-09-26T12:04:31.279000+00:00,44.469,49.624,25.927,103.0,190.0,False,120.02,"[None, 2048, 2048, 2048, 2048, 2048, 2048, 2048]","[2048, 2048, 2048, 2048, 2048, 2049, 2048, 2048, 2048, 2048]","[2048, 2048, 2048, 2048, 2048, 2048, 2048, 2048, 2048]",322.0,Sergio PEREZ,PER,Cadillac,909090,2026-09-26 12:04:31.279000+00:00,2026-09-26 12:06:31.299000+00:00,False,False,1,2.0,SOFT,2.0,False,PENDING_TIME_INTERVAL_REVIEW,,Finalize after checking temporal overlap with race-control periods
1295,11377,11,34,2026-09-26T12:06:31.216000+00:00,55.436,63.412,36.738,113.0,149.0,False,155.586,"[None, 2048, 2048, 2048, 2048, 2048, 2048, 2048]","[2048, 2048, 2048, 2048, 2048, 2048, 2048, 2048, 2048, 2048]","[2048, 2048, 2048, 2048, 2048, 2048, 2048, 2048, 2048]",198.0,Sergio PEREZ,PER,Cadillac,909090,2026-09-26 12:06:31.216000+00:00,2026-09-26 12:09:06.802000+00:00,False,False,1,2.0,SOFT,3.0,False,PENDING_TIME_INTERVAL_REVIEW,,Finalize after checking temporal overlap with race-control periods
1295,11377,11,35,2026-09-26T12:09:06.866000+00:00,53.99,58.634,29.685,164.0,158.0,False,142.309,"[None, 2048, 2048, 2048, 2048, 2048, 2048, 2048]","[2048, 2048, 2048, 2048, 2048, 2048, 2048, 2048, 2048, 2048]","[2048, 2048, 2048, 2048, 2048, 2048, 2048, 2048, 2048]",295.0,Sergio PEREZ,PER,Cadillac,909090,2026-09-26 12:09:06.866000+00:00,2026-09-26 12:11:29.175000+00:00,False,False,1,2.0,SOFT,4.0,False,PENDING_TIME_INTERVAL_REVIEW,,Finalize after checking temporal overlap with race-control periods
1295,11377,11,36,2026-09-26T12:11:29.273000+00:00,44.137,59.78,43.77,143.0,138.0,False,147.687,"[None, 2048, 2048, 2048, 2048, 2048, 2048, 2048]","[2048, 2048, 2048, 2048, 2048, 2048, 2048, 2048, 2048, 2048]","[2048, 2048, 2048, 2048, 2048, 2048, 2048, 2064, 2064]",193.0,Sergio PEREZ,PER,Cadillac,909090,2026-09-26 12:11:29.273000+00:00,2026-09-26 12:13:56.960000+00:00,False,False,1,2.0,SOFT,5.0,True,PENDING_TIME_INTERVAL_REVIEW,,Finalize after checking temporal overlap with race-control periods
1295,11377,11,37,2026-09-26T12:13:56.670000+00:00,60.452,61.155,38.455,118.0,136.0,True,160.062,"[2064, 2064, 2048, 2048, 2048, 2048, 2048, 2048]","[2048, 2048, 2048, 2048, 2048, 2048, 2048, 2048, 2048, 2048]","[2048, 2048, 2048, 2048, 2048, 2048, 2048, 2048, 2048]",196.0,Sergio PEREZ,PER,Cadillac,909090,2026-09-26 12:13:56.670000+00:00,2026-09-26 12:16:36.732000+00:00,False,False,1,3.0,SOFT,6.0,False,PENDING_TIME_INTERVAL_REVIEW,,Finalize after checking temporal overlap with race-control periods
1295,11377,11,38,2026-09-26T12:16:36.870000+00:00,56.172,61.24,31.198,165.0,113.0,False,148.61,"[2048, 2048, 2048, 2048, 2048, 2048, 2048, 2048]","[2048, 2048, 2048, 2048, 2048, 2048, 2048, 2048, 2048, 2048]","[2048, 2048, 2048, 2048, 2048, 2048, 2048, 2048, 2049]",302.0,Sergio PEREZ,PER,Cadillac,909090,2026-09-26 12:16:36.870000+00:00,2026-09-26 12:19:05.480000+00:00,False,False,1,3.0,SOFT,7.0,False,PENDING_TIME_INTERVAL_REVIEW,,Finalize after checking temporal overlap with race-control periods
1295,11377,11,39,2026-09-26T12:19:05.876000+00:00,40.771,45.326,25.067,174.0,198.0,False,111.164,"[None, 2048, 2048, 2049, 2049, 2048, 2048, 2048]","[2048, 2048, 2048, 2048, 2048, 2048, 2048, 2048, 2048, 2049]","[2048, 2049, 2049, 2049, 2049, 2048, 2048, 2048, 2048]",335.0,Sergio PEREZ,PER,Cadillac,909090,2026-09-26 12:19:05.876000+00:00,2026-09-26 12:20:57.040000+00:00,False,False,1,3.0,SOFT,8.0,False,PENDING_TIME_INTERVAL_REVIEW,,Finalize after checking temporal overlap with race-control periods
1295,11377,11,40,2026-09-26T12:20:56.653000+00:00,40.231,44.689,25.033,192.0,197.0,False,109.953,"[None, 2048, 2048, 2048, 2048, 2048, 2048, 2049]","[2048, 2048, 2048, 2048, 2049, 2048, 2048, 2048, 2048, 2049]","[2049, 2048, 2048, 2048, 2049, 2048, 2048, 2048, 2048]",337.0,Sergio PEREZ,PER,Cadillac,909090,2026-09-26 12:20:56.653000+00:00,2026-09-26 12:22:46.606000+00:00,False,False,1,3.0,SOFT,9.0,False,PENDING_TIME_INTERVAL_REVIEW,,Finalize after checking temporal overlap with race-control periods
1295,11377,11,41,2026-09-26T12:22:46.562000+00:00,38.517,44.184,24.891,191.0,201.0,False,107.592,"[None, 2048, 2048, 2048, 2048, 2049, 2049, 2048]","[2048, 2049, 2048, 2048, 2048, 2049, 2049, 2048, 2048, 2048]","[2049, 2048, 2048, 2049, 2049, 2049, 2048, 2048, 2048]",339.0,Sergio PEREZ,PER,Cadillac,909090,2026-09-26 12:22:46.562000+00:00,2026-09-26 12:24:34.154000+00:00,False,False,1,3.0,SOFT,10.0,False,PENDING_TIME_INTERVAL_REVIEW,,Finalize after checking temporal overlap with race-control periods
1295,11377,11,42,2026-09-26T12:24:34.270000+00:00,38.479,44.093,24.939,183.0,199.0,False,107.511,"[None, 2048, 2048, 2048, 2049, 2048, 2048, 2048]","[2048, 2048, 2048, 2049, 2049, 2048, 2049, 2048, 2049, 2048]","[2049, 2048, 2049, 2048, 2048, 2048, 2048, 2048, 2048]",338.0,Sergio PEREZ,PER,Cadillac,909090,2026-09-26 12:24:34.270000+00:00,2026-09-26 12:26:21.781000+00:00,False,False,1,3.0,SOFT,11.0,False,PENDING_TIME_INTERVAL_REVIEW,,Finalize after checking temporal overlap with race-control periods
1295,11377,11,43,2026-09-26T12:26:21.753000+00:00,38.295,44.144,24.924,187.0,209.0,False,107.363,"[None, 2049, 2048, 2048, 2049, 2049, 2049, 2048]","[2048, 2048, 2048, 2048, 2048, 2048, 2048, 2048, 2048, 2048]","[2049, 2048, 2048, 2049, 2048, 2048, 2048, 2048, 2048]",338.0,Sergio PEREZ,PER,Cadillac,909090,2026-09-26 12:26:21.753000+00:00,2026-09-26 12:28:09.116000+00:00,False,False,1,3.0,SOFT,12.0,False,PENDING_TIME_INTERVAL_REVIEW,,Finalize after checking temporal overlap with race-control periods
1295,11377,11,44,2026-09-26T12:28:09.113000+00:00,38.609,44.194,25.099,188.0,204.0,False,107.902,"[2049, 2048, 2048, 2048, 2048, 2048, 2049, 2048]","[2049, 2048, 2048, 2048, 2049, 2048, 2048, 2048, 2048, 2049]","[2049, 2048, 2049, 2048, 2048, 2048, 2048, 2048, 2048]",332.0,Sergio PEREZ,PER,Cadillac,909090,2026-09-26 12:28:09.113000+00:00,2026-09-26 12:29:57.015000+00:00,False,False,1,3.0,SOFT,13.0,False,PENDING_TIME_INTERVAL_REVIEW,,Finalize after checking temporal overlap with race-control periods
1295,11377,11,45,2026-09-26T12:29:56.972000+00:00,39.021,44.306,25.189,190.0,199.0,False,108.516,"[2048, 2048, 2048, 2048, 2048, 2048, 2048, 2048]","[2048, 2048, 2048, 2048, 2049, 2048, 2048, 2048, 2048, 2048]","[2048, 2048, 2048, 2048, 2048, 2048, 2048, 2048, 2048]",332.0,Sergio PEREZ,PER,Cadillac,909090,2026-09-26 12:29:56.972000+00:00,2026-09-26 12:31:45.488000+00:00,False,False,1,3.0,SOFT,14.0,False,PENDING_TIME_INTERVAL_REVIEW,,Finalize after checking temporal overlap with race-control periods
1295,11377,11,46,2026-09-26T12:31:45.539000+00:00,38.511,44.036,25.205,192.0,201.0,False,107.752,"[None, 2048, 2049, 2048, 2048, 2048, 2048, 2049]","[2049, 2048, 2049, 2048, 2049, 2048, 2048, 2049, 2049, 2048]","[2049, 2049, 2049, 2048, 2048, 2048, 2048, 2048, 2048]",328.0,Sergio PEREZ,PER,Cadillac,909090,2026-09-26 12:31:45.539000+00:00,2026-09-26 12:33:33.291000+00:00,False,False,1,3.0,SOFT,15.0,False,PENDING_TIME_INTERVAL_REVIEW,,Finalize after checking temporal overlap with race-control periods
1295,11377,11,47,2026-09-26T12:33:33.340000+00:00,39.253,44.329,25.367,185.0,210.0,False,108.949,"[None, 2048, 2048, 2048, 2048, 2048, 2048, 2048]","[2048, 2048, 2048, 2048, 2048, 2048, 2048, 2048, 2048, 2049]","[2048, 2048, 2048, 2048, 2048, 2048, 2048, 2048, 2048]",327.0,Sergio PEREZ,PER,Cadillac,909090,2026-09-26 12:33:33.340000+00:00,2026-09-26 12:35:22.289000+00:00,False,False,1,3.0,SOFT,16.0,False,PENDING_TIME_INTERVAL_REVIEW,,Finalize after checking temporal overlap with race-control periods
1295,11377,11,48,2026-09-26T12:35:22.184000+00:00,38.497,43.985,25.415,187.0,211.0,False,107.897,"[None, 2048, 2048, 2048, 2048, 2048, 2049, 2048]","[2049, 2048, 2048, 2048, 2049, 2048, 2048, 2048, 2049, 2048]","[2048, 2048, 2048, 2048, 2048, 2048, 2048, 2048, 2048]",327.0,Sergio PEREZ,PER,Cadillac,909090,2026-09-26 12:35:22.184000+00:00,2026-09-26 12:37:10.081000+00:00,False,False,1,3.0,SOFT,17.0,False,PENDING_TIME_INTERVAL_REVIEW,,Finalize after checking temporal overlap with race-control periods
1295,11377,11,49,2026-09-26T12:37:10.201000+00:00,38.992,43.866,25.524,196.0,212.0,False,108.382,"[None, 2048, 2048, 2048, 2048, 2048, 2048, 2049]","[2049, 2048, 2049, 2049, 2048, 2048, 2048, 2048, 2048, 2048]","[2048, 2048, 2048, 2048, 2048, 2048, 2048, 2048, 2048]",324.0,Sergio PEREZ,PER,Cadillac,909090,2026-09-26 12:37:10.201000+00:00,2026-09-26 12:38:58.583000+00:00,False,False,1,3.0,SOFT,18.0,False,PENDING_TIME_INTERVAL_REVIEW,,Finalize after checking temporal overlap with race-control periods
1295,11377,11,50,2026-09-26T12:38:58.480000+00:00,38.428,43.756,25.32,192.0,209.0,False,107.504,"[None, 2049, 2049, 2048, 2048, 2048, 2048, 2048]","[2049, 2048, 2049, 2048, 2048, 2048, 2048, 2049, 2048, 2048]","[2049, 2048, 2048, 2048, 2048, 2048, 2048, 2048, 2048]",326.0,Sergio PEREZ,PER,Cadillac,909090,2026-09-26 12:38:58.480000+00:00,2026-09-26 12:40:45.984000+00:00,False,False,1,3.0,SOFT,19.0,False,PENDING_TIME_INTERVAL_REVIEW,,Finalize after checking temporal overlap with race-control periods
1295,11377,11,51,2026-09-26T12:40:45.946000+00:00,38.403,44.676,25.587,191.0,193.0,False,108.666,"[None, 2048, 2048, 2048, 2048, 2049, 2048, 2048]","[2048, 2048, 2048, 2048, 2049, 2048, 2048, 2048, 2049, 2048]","[2048, 2048, 2048, 2048, 2048, 2048, 2048, 2048, 2048]",326.0,Sergio PEREZ,PER,Cadillac,909090,2026-09-26 12:40:45.946000+00:00,2026-09-26 12:42:34.612000+00:00,False,False,1,3.0,SOFT,20.0,False,PENDING_TIME_INTERVAL_REVIEW,,Finalize after checking temporal overlap with race-control periods
1295,11377,12,1,2026-09-26T11:03:50.711000+00:00,49.801,48.908,24.882,163.0,183.0,False,123.591,"[2049, 2049, 2049, 2049, 2049, 2049, 2049, 2049]","[2049, 2049, 2049, 2049, 2049, 2049, 2049, 2049, 2049, 2049]","[2049, 2049, 2049, 2049, 2051, 2049, 2049, 2049, 2051]",345.0,Kimi ANTONELLI,ANT,Mercedes,00D7B6,2026-09-26 11:03:50.711000+00:00,2026-09-26 11:05:54.302000+00:00,True,False,1,1.0,MEDIUM,2.0,False,PENDING_TIME_INTERVAL_REVIEW,,Finalize after checking temporal overlap with race-control periods
1295,11377,12,2,2026-09-26T11:05:54.302000+00:00,40.823,45.943,24.871,172.0,192.0,False,111.637,"[None, 2049, 2049, 2049, 2048, 2049, 2049, 2049]","[2049, 2048, 2049, 2049, 2049, 2049, 2049, 2049, 2049, 2049]","[2049, 2048, 2048, 2049, 2048, 2048, 2048, 2048, 2048]",342.0,Kimi ANTONELLI,ANT,Mercedes,00D7B6,2026-09-26 11:05:54.302000+00:00,2026-09-26 11:07:45.939000+00:00,True,False,1,1.0,MEDIUM,3.0,False,PENDING_TIME_INTERVAL_REVIEW,,Finalize after checking temporal overlap with race-control periods
1295,11377,12,3,2026-09-26T11:07:45.972000+00:00,40.197,45.511,25.036,173.0,189.0,False,110.744,"[None, 2049, 2049, 2049, 2049, 2049, 2049, 2048]","[2049, 2048, 2049, 2049, 2048, 2049, 2049, 2048, 2049, 2048]","[2048, 2048, 2048, 2048, 2048, 2049, 2048, 2048]",344.0,Kimi ANTONELLI,ANT,Mercedes,00D7B6,2026-09-26 11:07:45.972000+00:00,2026-09-26 11:09:36.716000+00:00,True,False,1,1.0,MEDIUM,4.0,False,PENDING_TIME_INTERVAL_REVIEW,,Finalize after checking temporal overlap with race-control periods
1295,11377,12,4,2026-09-26T11:09:36.529000+00:00,39.372,45.537,25.042,187.0,190.0,False,109.951,"[None, 2049, 2049, 2049, 2049, 2049, 2049, 2049]","[2048, 2049, 2048, 2049, 2048, 2048, 2048, 2049, 2048, 2049]","[2048, 2048, 2048, 2048, 2048, 2048, 2048, 2048, 2048]",339.0,Kimi ANTONELLI,ANT,Mercedes,00D7B6,2026-09-26 11:09:36.529000+00:00,2026-09-26 11:11:26.480000+00:00,True,False,1,1.0,MEDIUM,5.0,False,PENDING_TIME_INTERVAL_REVIEW,,Finalize after checking temporal overlap with race-control periods
1295,11377,12,5,2026-09-26T11:11:26.556000+00:00,39.214,44.711,24.988,191.0,195.0,False,108.913,"[2048, 2048, 2048, 2048, 2049, 2049, 2049, 2049]","[2049, 2049, 2049, 2049, 2048, 2048, 2049, 2049, 2049, 2049]","[2048, 2049, 2049, 2048, 2048, 2048, 2048, 2048, 2048]",338.0,Kimi ANTONELLI,ANT,Mercedes,00D7B6,2026-09-26 11:11:26.556000+00:00,2026-09-26 11:13:15.469000+00:00,True,False,1,1.0,MEDIUM,6.0,False,PENDING_TIME_INTERVAL_REVIEW,,Finalize after checking temporal overlap with race-control periods
1295,11377,12,6,2026-09-26T11:13:15.526000+00:00,39.094,44.275,24.876,194.0,194.0,False,108.245,"[None, 2048, 2049, 2048, 2048, 2048, 2048, 2049]","[2049, 2049, 2049, 2048, 2049, 2049, 2049, 2049, 2049, 2048]","[2049, 2049, 2049, 2049, 2048, 2048, 2048, 2048, 2048]",339.0,Kimi ANTONELLI,ANT,Mercedes,00D7B6,2026-09-26 11:13:15.526000+00:00,2026-09-26 11:15:03.771000+00:00,True,False,1,1.0,MEDIUM,7.0,False,PENDING_TIME_INTERVAL_REVIEW,,Finalize after checking temporal overlap with race-control periods
1295,11377,12,7,2026-09-26T11:15:03.727000+00:00,39.291,45.208,24.934,187.0,193.0,False,109.433,"[None, 2048, 2048, 2048, 2048, 2048, 2048, 2048]","[2048, 2048, 2048, 2048, 2048, 2048, 2048, 2048, 2048, 2048]","[2048, 2048, 2048, 2048, 2048, 2048, 2048, 2048, 2048]",340.0,Kimi ANTONELLI,ANT,Mercedes,00D7B6,2026-09-26 11:15:03.727000+00:00,2026-09-26 11:16:53.160000+00:00,True,False,1,1.0,MEDIUM,8.0,False,PENDING_TIME_INTERVAL_REVIEW,,Finalize after checking temporal overlap with race-control periods
1295,11377,12,8,2026-09-26T11:16:53.169000+00:00,39.549,45.08,24.847,180.0,195.0,False,109.476,"[None, 2049, 2048, 2049, 2048, 2048, 2048, 2048]","[2048, 2048, 2048, 2048, 2048, 2048, 2048, 2048, 2048, 2048]","[2049, 2049, 2049, 2048, 2048, 2048, 2048, 2048, 2048]",339.0,Kimi ANTONELLI,ANT,Mercedes,00D7B6,2026-09-26 11:16:53.169000+00:00,2026-09-26 11:18:42.645000+00:00,True,False,1,1.0,MEDIUM,9.0,False,PENDING_TIME_INTERVAL_REVIEW,,Finalize after checking temporal overlap with race-control periods
1295,11377,12,9,2026-09-26T11:18:42.666000+00:00,39.408,45.612,24.851,183.0,191.0,False,109.871,"[None, 2049, 2048, 2049, 2048, 2048, 2048, 2048]","[2048, 2048, 2048, 2048, 2048, 2048, 2049, 2048, 2048, 2048]","[2048, 2049, 2049, 2048, 2048, 2048, 2048, 2048, 2048]",341.0,Kimi ANTONELLI,ANT,Mercedes,00D7B6,2026-09-26 11:18:42.666000+00:00,2026-09-26 11:20:32.537000+00:00,True,False,1,1.0,MEDIUM,10.0,False,PENDING_TIME_INTERVAL_REVIEW,,Finalize after checking temporal overlap with race-control periods
1295,11377,12,10,2026-09-26T11:20:32.492000+00:00,39.056,44.507,24.555,193.0,196.0,False,108.118,"[2049, 2048, 2049, 2048, 2049, 2048, 2048, 2049]","[2048, 2048, 2048, 2048, 2048, 2048, 2048, 2049, 2049, 2048]","[2049, 2049, 2049, 2049, 2051, 2048, 2048, 2048, 2048]",345.0,Kimi ANTONELLI,ANT,Mercedes,00D7B6,2026-09-26 11:20:32.492000+00:00,2026-09-26 11:22:20.610000+00:00,True,False,1,1.0,MEDIUM,11.0,False,PENDING_TIME_INTERVAL_REVIEW,,Finalize after checking temporal overlap with race-control periods
1295,11377,12,11,2026-09-26T11:22:20.535000+00:00,40.393,45.241,24.678,182.0,196.0,False,110.312,"[2048, 2048, 2048, 2048, 2048, 2048, 2048, 2048]","[2048, 2048, 2048, 2048, 2048, 2048, 2049, 2048, 2048, 2048]","[2048, 2048, 2048, 2048, 2048, 2048, 2048, 2048, 2048]",344.0,Kimi ANTONELLI,ANT,Mercedes,00D7B6,2026-09-26 11:22:20.535000+00:00,2026-09-26 11:24:10.847000+00:00,True,False,1,1.0,MEDIUM,12.0,False,PENDING_TIME_INTERVAL_REVIEW,,Finalize after checking temporal overlap with race-control periods
1295,11377,12,12,2026-09-26T11:24:10.913000+00:00,39.575,44.723,24.938,185.0,200.0,False,109.236,"[None, 2048, 2048, 2048, 2049, 2048, 2048, 2048]","[2048, 2048, 2048, 2049, 2048, 2048, 2048, 2048, 2048, 2048]","[2048, 2048, 2048, 2048, 2048, 2048, 2048, 2048]",338.0,Kimi ANTONELLI,ANT,Mercedes,00D7B6,2026-09-26 11:24:10.913000+00:00,2026-09-26 11:26:00.149000+00:00,True,False,1,1.0,MEDIUM,13.0,False,PENDING_TIME_INTERVAL_REVIEW,,Finalize after checking temporal overlap with race-control periods
1295,11377,12,13,2026-09-26T11:26:00.104000+00:00,38.766,44.14,25.229,196.0,201.0,False,108.135,"[None, 2048, 2049, 2048, 2048, 2048, 2049, 2049]","[2049, 2048, 2048, 2049, 2048, 2048, 2048, 2051, 2049, 2048]","[2049, 2048, 2048, 2048, 2048, 2048, 2048, 2048, 2048]",330.0,Kimi ANTONELLI,ANT,Mercedes,00D7B6,2026-09-26 11:26:00.104000+00:00,2026-09-26 11:27:48.239000+00:00,True,False,1,1.0,MEDIUM,14.0,False,PENDING_TIME_INTERVAL_REVIEW,,Finalize after checking temporal overlap with race-control periods
1295,11377,12,14,2026-09-26T11:27:48.268000+00:00,38.799,44.122,25.145,197.0,205.0,False,108.066,"[None, 2049, 2048, 2048, 2048, 2048, 2048, 2048]","[2048, 2048, 2049, 2049, 2049, 2048, 2048, 2048, 2049, 2049]","[2049, 2049, 2048, 2048, 2048, 2048, 2048, 2048, 2048]",331.0,Kimi ANTONELLI,ANT,Mercedes,00D7B6,2026-09-26 11:27:48.268000+00:00,2026-09-26 11:29:36.334000+00:00,True,False,1,1.0,MEDIUM,15.0,False,PENDING_TIME_INTERVAL_REVIEW,,Finalize after checking temporal overlap with race-control periods
1295,11377,12,15,2026-09-26T11:29:36.350000+00:00,38.628,44.372,25.062,195.0,205.0,False,108.062,"[None, 2048, 2049, 2048, 2048, 2049, 2048, 2048]","[2048, 2048, 2048, 2048, 2048, 2048, 2048, 2048, 2049, 2048]","[2048, 2048, 2048, 2048, 2048, 2048, 2048, 2048, 2048]",334.0,Kimi ANTONELLI,ANT,Mercedes,00D7B6,2026-09-26 11:29:36.350000+00:00,2026-09-26 11:31:24.412000+00:00,True,False,1,1.0,MEDIUM,16.0,False,PENDING_TIME_INTERVAL_REVIEW,,Finalize after checking temporal overlap with race-control periods
1295,11377,12,16,2026-09-26T11:31:24.472000+00:00,38.902,44.598,24.972,192.0,202.0,False,108.472,"[None, 2048, 2048, 2048, 2048, 2048, 2048, 2048]","[2048, 2048, 2048, 2048, 2048, 2048, 2048, 2048, 2048, 2049]","[2048, 2048, 2048, 2048, 2048, 2048, 2048, 2048, 2048]",336.0,Kimi ANTONELLI,ANT,Mercedes,00D7B6,2026-09-26 11:31:24.472000+00:00,2026-09-26 11:33:12.944000+00:00,True,False,1,1.0,MEDIUM,17.0,False,PENDING_TIME_INTERVAL_REVIEW,,Finalize after checking temporal overlap with race-control periods
1295,11377,12,17,2026-09-26T11:33:12.940000+00:00,38.731,43.767,25.354,198.0,203.0,False,107.852,"[None, 2048, 2048, 2048, 2048, 2048, 2048, 2049]","[2049, 2049, 2049, 2049, 2049, 2049, 2048, 2048, 2048, 2049]","[2049, 2049, 2048, 2048, 2048, 2048, 2048, 2048]",324.0,Kimi ANTONELLI,ANT,Mercedes,00D7B6,2026-09-26 11:33:12.940000+00:00,2026-09-26 11:35:00.792000+00:00,True,False,1,1.0,MEDIUM,18.0,False,PENDING_TIME_INTERVAL_REVIEW,,Finalize after checking temporal overlap with race-control periods
1295,11377,12,18,2026-09-26T11:35:00.808000+00:00,38.63,44.079,25.344,200.0,207.0,False,108.053,"[None, 2049, 2049, 2048, 2048, 2048, 2048, 2048]","[2048, 2048, 2048, 2048, 2048, 2048, 2048, 2048, 2048, 2048]","[2048, 2048, 2048, 2048, 2048, 2048, 2048, 2048, 2048]",326.0,Kimi ANTONELLI,ANT,Mercedes,00D7B6,2026-09-26 11:35:00.808000+00:00,2026-09-26 11:36:48.861000+00:00,True,False,1,1.0,MEDIUM,19.0,False,PENDING_TIME_INTERVAL_REVIEW,,Finalize after checking temporal overlap with race-control periods
1295,11377,12,19,2026-09-26T11:36:48.897000+00:00,38.519,44.038,25.303,,204.0,False,107.86,"[None, 2049, 2048, 2048, 2048, 2049, 2048, 2048]","[2049, 2048, 2048, 2049, 2048, 2048, 2048, 2048, 2048, 2048]","[2048, 2049, 2049, 2048, 2048, 2048, 2048, 2048]",326.0,Kimi ANTONELLI,ANT,Mercedes,00D7B6,2026-09-26 11:36:48.897000+00:00,2026-09-26 11:38:36.757000+00:00,True,False,1,1.0,MEDIUM,20.0,False,PENDING_TIME_INTERVAL_REVIEW,,Finalize after checking temporal overlap with race-control periods
1295,11377,12,20,2026-09-26T11:38:36.680000+00:00,38.524,44.213,25.272,196.0,205.0,False,108.009,"[None, 2048, 2048, 2048, 2048, 2049, 2048, 2048]","[2048, 2048, 2048, 2048, 2048, 2048, 2048, 2048, 2048, 2049]","[2048, 2048, 2048, 2048, 2048, 2048, 2048, 2048, 2048]",329.0,Kimi ANTONELLI,ANT,Mercedes,00D7B6,2026-09-26 11:38:36.680000+00:00,2026-09-26 11:40:24.689000+00:00,True,False,1,1.0,MEDIUM,21.0,False,PENDING_TIME_INTERVAL_REVIEW,,Finalize after checking temporal overlap with race-control periods
1295,11377,12,21,2026-09-26T11:40:24.689000+00:00,38.341,44.336,25.055,199.0,204.0,False,107.732,"[None, 2048, 2049, 2048, 2048, 2048, 2048, 2048]","[2048, 2048, 2048, 2048, 2048, 2048, 2048, 2048, 2048, 2049]","[2048, 2048, 2049, 2048, 2048, 2048, 2048, 2048, 2048]",331.0,Kimi ANTONELLI,ANT,Mercedes,00D7B6,2026-09-26 11:40:24.689000+00:00,2026-09-26 11:42:12.421000+00:00,True,False,1,1.0,MEDIUM,22.0,False,PENDING_TIME_INTERVAL_REVIEW,,Finalize after checking temporal overlap with race-control periods
1295,11377,12,22,2026-09-26T11:42:12.449000+00:00,39.109,44.488,24.734,188.0,205.0,False,108.331,"[None, 2048, 2048, 2048, 2048, 2048, 2048, 2048]","[2048, 2049, 2048, 2048, 2048, 2048, 2048, 2048, 2048, 2048]","[2048, 2048, 2049, 2051, 2048, 2048, 2048, 2048, 2048]",334.0,Kimi ANTONELLI,ANT,Mercedes,00D7B6,2026-09-26 11:42:12.449000+00:00,2026-09-26 11:44:00.780000+00:00,True,False,1,1.0,MEDIUM,23.0,False,PENDING_TIME_INTERVAL_REVIEW,,Finalize after checking temporal overlap with race-control periods
1295,11377,12,23,2026-09-26T11:44:00.756000+00:00,38.701,43.737,25.463,203.0,208.0,False,107.901,"[None, 2048, 2048, 2048, 2048, 2048, 2048, 2051]","[2049, 2048, 2049, 2048, 2048, 2049, 2048, 2049, 2049, 2049]","[2048, 2048, 2048, 2048, 2048, 2048, 2048, 2048, 2048]",327.0,Kimi ANTONELLI,ANT,Mercedes,00D7B6,2026-09-26 11:44:00.756000+00:00,2026-09-26 11:45:48.657000+00:00,True,False,1,1.0,MEDIUM,24.0,False,PENDING_TIME_INTERVAL_REVIEW,,Finalize after checking temporal overlap with race-control periods
1295,11377,12,24,2026-09-26T11:45:48.656000+00:00,38.3,43.889,25.329,199.0,208.0,False,107.518,"[None, 2049, 2049, 2048, 2048, 2048, 2048, 2048]","[2048, 2048, 2048, 2048, 2049, 2048, 2048, 2048, 2048, 2048]","[2048, 2048, 2048, 2048, 2048, 2048, 2048, 2048, 2048]",329.0,Kimi ANTONELLI,ANT,Mercedes,00D7B6,2026-09-26 11:45:48.656000+00:00,2026-09-26 11:47:36.174000+00:00,True,False,1,1.0,MEDIUM,25.0,False,PENDING_TIME_INTERVAL_REVIEW,,Finalize after checking temporal overlap with race-control periods
1295,11377,12,25,2026-09-26T11:47:36.207000+00:00,38.459,44.144,25.296,201.0,207.0,False,107.899,"[None, 2048, 2048, 2048, 2048, 2048, 2048, 2048]","[2048, 2048, 2048, 2048, 2048, 2048, 2048, 2048, 2048, 2049]","[2048, 2049, 2048, 2048, 2048, 2048, 2048, 2048, 2048]",326.0,Kimi ANTONELLI,ANT,Mercedes,00D7B6,2026-09-26 11:47:36.207000+00:00,2026-09-26 11:49:24.106000+00:00,True,False,1,1.0,MEDIUM,26.0,False,PENDING_TIME_INTERVAL_REVIEW,,Finalize after checking temporal overlap with race-control periods
1295,11377,12,26,2026-09-26T11:49:24.025000+00:00,38.276,43.929,25.377,204.0,207.0,False,107.582,"[None, 2048, 2049, 2048, 2048, 2048, 2048, 2048]","[2049, 2048, 2048, 2048, 2048, 2048, 2048, 2048, 2048, 2048]","[2048, 2048, 2048, 2048, 2048, 2048, 2048, 2048, 2048]",325.0,Kimi ANTONELLI,ANT,Mercedes,00D7B6,2026-09-26 11:49:24.025000+00:00,2026-09-26 11:51:11.607000+00:00,True,False,1,1.0,MEDIUM,27.0,False,PENDING_TIME_INTERVAL_REVIEW,,Finalize after checking temporal overlap with race-control periods
1295,11377,12,27,2026-09-26T11:51:11.640000+00:00,38.083,44.157,25.314,205.0,211.0,False,107.554,"[None, 2049, 2049, 2048, 2048, 2048, 2048, 2048]","[2048, 2048, 2048, 2048, 2048, 2048, 2048, 2048, 2048, 2049]","[2048, 2048, 2048, 2048, 2048, 2048, 2048, 2048, 2048]",326.0,Kimi ANTONELLI,ANT,Mercedes,00D7B6,2026-09-26 11:51:11.640000+00:00,2026-09-26 11:52:59.194000+00:00,True,False,1,1.0,MEDIUM,28.0,False,PENDING_TIME_INTERVAL_REVIEW,,Finalize after checking temporal overlap with race-control periods
1295,11377,12,28,2026-09-26T11:52:59.255000+00:00,38.121,43.827,25.341,204.0,207.0,False,107.289,"[None, 2048, 2048, 2048, 2048, 2049, 2048, 2048]","[2049, 2048, 2048, 2048, 2048, 2049, 2048, 2048, 2048, 2048]","[2048, 2048, 2048, 2048, 2048, 2048, 2048, 2048, 2048]",327.0,Kimi ANTONELLI,ANT,Mercedes,00D7B6,2026-09-26 11:52:59.255000+00:00,2026-09-26 11:54:46.544000+00:00,True,False,1,1.0,MEDIUM,29.0,False,PENDING_TIME_INTERVAL_REVIEW,,Finalize after checking temporal overlap with race-control periods
1295,11377,12,29,2026-09-26T11:54:46.517000+00:00,38.248,43.878,25.326,200.0,209.0,False,107.452,"[None, 2049, 2048, 2048, 2048, 2048, 2048, 2048]","[2048, 2048, 2048, 2048, 2048, 2048, 2048, 2048, 2048, 2048]","[2048, 2048, 2048, 2048, 2048, 2048, 2048, 2048, 2048]",326.0,Kimi ANTONELLI,ANT,Mercedes,00D7B6,2026-09-26 11:54:46.517000+00:00,2026-09-26 11:56:33.969000+00:00,True,False,1,1.0,MEDIUM,30.0,False,PENDING_TIME_INTERVAL_REVIEW,,Finalize after checking temporal overlap with race-control periods
1295,11377,12,30,2026-09-26T11:56:34.010000+00:00,38.703,44.177,39.589,197.0,201.0,False,122.469,"[None, 2048, 2048, 2048, 2048, 2048, 2048, 2048]","[2048, 2048, 2048, 2048, 2048, 2048, 2048, 2048, 2048, 2048]","[2048, 2048, 2048, 2048, 2048, 2048, 2048, 2064, 2064]",122.0,Kimi ANTONELLI,ANT,Mercedes,00D7B6,2026-09-26 11:56:34.010000+00:00,2026-09-26 11:58:36.479000+00:00,True,False,1,1.0,MEDIUM,31.0,True,PENDING_TIME_INTERVAL_REVIEW,,Finalize after checking temporal overlap with race-control periods
1295,11377,12,31,2026-09-26T11:58:36.297000+00:00,65.511,60.375,37.517,102.0,169.0,True,163.403,"[2064, 2064, 2048, 2048, 2048, 2048, 2048, 2048]","[2048, 2048, 2048, 2048, 2048, 2048, 2048, 2048, 2048, 2048]","[2048, 2048, 2048, 2048, 2048, 2048, 2048, 2048, 2048]",169.0,Kimi ANTONELLI,ANT,Mercedes,00D7B6,2026-09-26 11:58:36.297000+00:00,2026-09-26 12:01:19.700000+00:00,True,False,1,2.0,SOFT,0.0,False,PENDING_TIME_INTERVAL_REVIEW,,Finalize after checking temporal overlap with race-control periods
1295,11377,12,32,2026-09-26T12:01:19.843000+00:00,46.082,54.015,32.448,113.0,184.0,False,132.545,"[2048, 2048, 2048, 2048, 2048, 2048, 2048, 2048]","[2048, 2048, 2048, 2048, 2048, 2048, 2048, 2048, 2048, 2048]","[2048, 2048, 2048, 2048, 2048, 2048, 2048, 2048, 2048]",209.0,Kimi ANTONELLI,ANT,Mercedes,00D7B6,2026-09-26 12:01:19.843000+00:00,2026-09-26 12:03:32.388000+00:00,True,False,1,2.0,SOFT,1.0,False,PENDING_TIME_INTERVAL_REVIEW,,Finalize after checking temporal overlap with race-control periods
1295,11377,12,33,2026-09-26T12:03:32.476000+00:00,53.456,68.357,37.78,79.0,166.0,False,159.593,"[None, 2048, 2048, 2048, 2048, 2048, 2048, 2048]","[2048, 2048, 2048, 2048, 2048, 2048, 2048, 2048, 2048, 2048]","[2048, 2048, 2048, 2048, 2048, 2048, 2048, 2048, 2048]",178.0,Kimi ANTONELLI,ANT,Mercedes,00D7B6,2026-09-26 12:03:32.476000+00:00,2026-09-26 12:06:12.069000+00:00,True,False,1,2.0,SOFT,2.0,False,PENDING_TIME_INTERVAL_REVIEW,,Finalize after checking temporal overlap with race-control periods
1295,11377,12,34,2026-09-26T12:06:11.962000+00:00,63.354,62.653,38.071,150.0,170.0,False,164.078,"[None, 2048, 2048, 2048, 2048, 2048, 2048, 2048]","[2048, 2048, 2048, 2048, 2048, 2048, 2048, 2048, 2048, 2048]","[2048, 2048, 2048, 2048, 2048, 2048, 2048, 2048, 2048]",217.0,Kimi ANTONELLI,ANT,Mercedes,00D7B6,2026-09-26 12:06:11.962000+00:00,2026-09-26 12:08:56.040000+00:00,True,False,1,2.0,SOFT,3.0,False,PENDING_TIME_INTERVAL_REVIEW,,Finalize after checking temporal overlap with race-control periods
1295,11377,12,35,2026-09-26T12:08:55.988000+00:00,52.904,62.765,35.615,154.0,154.0,False,151.284,"[None, 2048, 2048, 2048, 2048, 2048, 2048, 2048]","[2048, 2048, 2048, 2048, 2048, 2048, 2048, 2048, 2048, 2048]","[2048, 2048, 2048, 2048, 2048, 2048, 2048, 2048, 2048]",228.0,Kimi ANTONELLI,ANT,Mercedes,00D7B6,2026-09-26 12:08:55.988000+00:00,2026-09-26 12:11:27.272000+00:00,True,False,1,2.0,SOFT,4.0,False,PENDING_TIME_INTERVAL_REVIEW,,Finalize after checking temporal overlap with race-control periods
1295,11377,12,36,2026-09-26T12:11:27.520000+00:00,41.282,55.663,43.566,187.0,145.0,False,140.511,"[None, 2048, 2048, 2048, 2048, 2048, 2048, 2048]","[2048, 2049, 2048, 2048, 2048, 2048, 2048, 2048, 2048, 2048]","[2048, 2048, 2048, 2048, 2048, 2048, 2048, 2064, 2064]",212.0,Kimi ANTONELLI,ANT,Mercedes,00D7B6,2026-09-26 12:11:27.520000+00:00,2026-09-26 12:13:48.031000+00:00,True,False,1,2.0,SOFT,5.0,True,PENDING_TIME_INTERVAL_REVIEW,,Finalize after checking temporal overlap with race-control periods
1295,11377,12,37,2026-09-26T12:13:47.777000+00:00,60.692,61.332,39.932,151.0,160.0,True,161.956,"[2064, 2064, 2048, 2048, 2048, 2048, 2048, 2048]","[2048, 2048, 2048, 2048, 2048, 2048, 2048, 2048, 2048, 2048]","[2048, 2048, 2048, 2048, 2048, 2048, 2048, 2048, 2048]",199.0,Kimi ANTONELLI,ANT,Mercedes,00D7B6,2026-09-26 12:13:47.777000+00:00,2026-09-26 12:16:29.733000+00:00,True,False,1,3.0,SOFT,6.0,False,PENDING_TIME_INTERVAL_REVIEW,,Finalize after checking temporal overlap with race-control periods
1295,11377,12,38,2026-09-26T12:16:29.775000+00:00,55.019,64.406,33.546,153.0,157.0,False,152.971,"[2048, 2048, 2048, 2048, 2048, 2048, 2048, 2048]","[2048, 2048, 2048, 2048, 2048, 2048, 2048, 2048, 2048, 2048]","[2048, 2048, 2048, 2048, 2048, 2048, 2048, 2048, 2048]",245.0,Kimi ANTONELLI,ANT,Mercedes,00D7B6,2026-09-26 12:16:29.775000+00:00,2026-09-26 12:19:02.746000+00:00,True,False,1,3.0,SOFT,7.0,False,PENDING_TIME_INTERVAL_REVIEW,,Finalize after checking temporal overlap with race-control periods
1295,11377,12,39,2026-09-26T12:19:02.863000+00:00,40.061,44.569,24.705,186.0,205.0,False,109.335,"[None, 2048, 2048, 2051, 2048, 2048, 2048, 2049]","[2048, 2049, 2048, 2048, 2048, 2049, 2049, 2048, 2048, 2049]","[2048, 2048, 2048, 2048, 2048, 2048, 2048, 2048, 2048]",342.0,Kimi ANTONELLI,ANT,Mercedes,00D7B6,2026-09-26 12:19:02.863000+00:00,2026-09-26 12:20:52.198000+00:00,True,False,1,3.0,SOFT,8.0,False,PENDING_TIME_INTERVAL_REVIEW,,Finalize after checking temporal overlap with race-control periods
1295,11377,12,40,2026-09-26T12:20:52.223000+00:00,38.821,43.901,24.527,198.0,201.0,False,107.249,"[None, 2048, 2048, 2048, 2048, 2048, 2048, 2048]","[2048, 2048, 2048, 2048, 2049, 2049, 2049, 2048, 2048, 2049]","[2048, 2049, 2049, 2048, 2048, 2048, 2048, 2048, 2048]",343.0,Kimi ANTONELLI,ANT,Mercedes,00D7B6,2026-09-26 12:20:52.223000+00:00,2026-09-26 12:22:39.472000+00:00,True,False,1,3.0,SOFT,9.0,False,PENDING_TIME_INTERVAL_REVIEW,,Finalize after checking temporal overlap with race-control periods
1295,11377,12,41,2026-09-26T12:22:39.362000+00:00,38.505,44.081,24.48,194.0,205.0,False,107.066,"[None, 2048, 2048, 2048, 2048, 2048, 2048, 2048]","[2048, 2048, 2048, 2048, 2048, 2048, 2048, 2048, 2048, 2049]","[2048, 2048, 2049, 2048, 2048, 2048, 2048, 2048, 2048]",343.0,Kimi ANTONELLI,ANT,Mercedes,00D7B6,2026-09-26 12:22:39.362000+00:00,2026-09-26 12:24:26.428000+00:00,True,False,1,3.0,SOFT,10.0,False,PENDING_TIME_INTERVAL_REVIEW,,Finalize after checking temporal overlap with race-control periods
1295,11377,12,42,2026-09-26T12:24:26.693000+00:00,39.062,43.875,24.473,193.0,207.0,False,107.41,"[None, 2048, 2048, 2048, 2048, 2048, 2048, 2048]","[2048, 2048, 2048, 2048, 2048, 2048, 2048, 2048, 2048, 2048]","[2049, 2048, 2049, 2051, 2051, 2048, 2048, 2048, 2048]",343.0,Kimi ANTONELLI,ANT,Mercedes,00D7B6,2026-09-26 12:24:26.693000+00:00,2026-09-26 12:26:14.103000+00:00,True,False,1,3.0,SOFT,11.0,False,PENDING_TIME_INTERVAL_REVIEW,,Finalize after checking temporal overlap with race-control periods
1295,11377,12,43,2026-09-26T12:26:13.860000+00:00,37.759,43.372,24.925,205.0,210.0,False,106.056,"[None, 2048, 2049, 2048, 2048, 2049, 2049, 2049]","[2049, 2048, 2048, 2048, 2048, 2048, 2048, 2049, 2049, 2048]","[2049, 2048, 2048, 2048, 2048, 2048, 2048, 2048, 2048]",332.0,Kimi ANTONELLI,ANT,Mercedes,00D7B6,2026-09-26 12:26:13.860000+00:00,2026-09-26 12:27:59.916000+00:00,True,False,1,3.0,SOFT,12.0,False,PENDING_TIME_INTERVAL_REVIEW,,Finalize after checking temporal overlap with race-control periods
1295,11377,12,44,2026-09-26T12:27:59.866000+00:00,37.946,43.273,24.99,204.0,212.0,False,106.209,"[None, 2049, 2048, 2048, 2048, 2049, 2048, 2048]","[2049, 2048, 2049, 2048, 2049, 2048, 2048, 2048, 2048, 2049]","[2049, 2049, 2048, 2048, 2048, 2048, 2048, 2048, 2048]",329.0,Kimi ANTONELLI,ANT,Mercedes,00D7B6,2026-09-26 12:27:59.866000+00:00,2026-09-26 12:29:46.075000+00:00,True,False,1,3.0,SOFT,13.0,False,PENDING_TIME_INTERVAL_REVIEW,,Finalize after checking temporal overlap with race-control periods
1295,11377,12,45,2026-09-26T12:29:46.096000+00:00,37.602,43.072,24.964,203.0,213.0,False,105.638,"[None, 2049, 2048, 2048, 2048, 2049, 2048, 2048]","[2048, 2048, 2049, 2048, 2049, 2048, 2048, 2049, 2049, 2048]","[2049, 2049, 2048, 2048, 2048, 2048, 2048, 2048, 2048]",329.0,Kimi ANTONELLI,ANT,Mercedes,00D7B6,2026-09-26 12:29:46.096000+00:00,2026-09-26 12:31:31.734000+00:00,True,False,1,3.0,SOFT,14.0,False,PENDING_TIME_INTERVAL_REVIEW,,Finalize after checking temporal overlap with race-control periods
1295,11377,12,46,2026-09-26T12:31:31.770000+00:00,37.551,42.992,25.008,205.0,212.0,False,105.551,"[None, 2048, 2049, 2048, 2048, 2048, 2048, 2048]","[2048, 2048, 2049, 2049, 2048, 2048, 2048, 2049, 2048, 2049]","[2048, 2048, 2048, 2048, 2048, 2048, 2048, 2048, 2048]",329.0,Kimi ANTONELLI,ANT,Mercedes,00D7B6,2026-09-26 12:31:31.770000+00:00,2026-09-26 12:33:17.321000+00:00,True,False,1,3.0,SOFT,15.0,False,PENDING_TIME_INTERVAL_REVIEW,,Finalize after checking temporal overlap with race-control periods
1295,11377,12,47,2026-09-26T12:33:17.237000+00:00,37.664,43.168,24.971,203.0,212.0,False,105.803,"[None, 2048, 2048, 2048, 2048, 2048, 2048, 2048]","[2048, 2048, 2048, 2048, 2048, 2048, 2048, 2048, 2048, 2048]","[2048, 2048, 2048, 2048, 2048, 2048, 2048, 2048, 2048]",328.0,Kimi ANTONELLI,ANT,Mercedes,00D7B6,2026-09-26 12:33:17.237000+00:00,2026-09-26 12:35:03.040000+00:00,True,False,1,3.0,SOFT,16.0,False,PENDING_TIME_INTERVAL_REVIEW,,Finalize after checking temporal overlap with race-control periods
1295,11377,12,48,2026-09-26T12:35:03.130000+00:00,37.704,43.044,24.968,,211.0,False,105.716,"[None, 2048, 2048, 2048, 2048, 2048, 2048, 2048]","[2048, 2048, 2048, 2049, 2049, 2048, 2048, 2049, 2048, 2049]","[2048, 2048, 2048, 2048, 2048, 2048, 2048, 2048, 2048]",331.0,Kimi ANTONELLI,ANT,Mercedes,00D7B6,2026-09-26 12:35:03.130000+00:00,2026-09-26 12:36:48.846000+00:00,True,False,1,3.0,SOFT,17.0,False,PENDING_TIME_INTERVAL_REVIEW,,Finalize after checking temporal overlap with race-control periods
1295,11377,12,49,2026-09-26T12:36:48.852000+00:00,37.548,43.127,24.858,207.0,208.0,False,105.533,"[None, 2048, 2048, 2048, 2048, 2048, 2049, 2048]","[2048, 2048, 2048, 2048, 2048, 2048, 2048, 2048, 2048, 2049]","[2048, 2049, 2048, 2048, 2048, 2048, 2048, 2048, 2048]",334.0,Kimi ANTONELLI,ANT,Mercedes,00D7B6,2026-09-26 12:36:48.852000+00:00,2026-09-26 12:38:34.385000+00:00,True,False,1,3.0,SOFT,18.0,False,PENDING_TIME_INTERVAL_REVIEW,,Finalize after checking temporal overlap with race-control periods
1295,11377,12,50,2026-09-26T12:38:34.381000+00:00,37.588,43.077,24.748,203.0,206.0,False,105.413,"[None, 2048, 2048, 2048, 2048, 2048, 2048, 2048]","[2048, 2048, 2048, 2048, 2048, 2048, 2048, 2049, 2048, 2048]","[2048, 2049, 2048, 2048, 2048, 2048, 2048, 2048, 2048]",335.0,Kimi ANTONELLI,ANT,Mercedes,00D7B6,2026-09-26 12:38:34.381000+00:00,2026-09-26 12:40:19.794000+00:00,True,False,1,3.0,SOFT,19.0,False,PENDING_TIME_INTERVAL_REVIEW,,Finalize after checking temporal overlap with race-control periods
1295,11377,12,51,2026-09-26T12:40:19.726000+00:00,37.558,45.801,24.673,206.0,204.0,False,108.032,"[None, 2048, 2048, 2048, 2048, 2048, 2048, 2048]","[2048, 2048, 2048, 2048, 2048, 2049, 2048, 2048, 2048, 2048]","[2048, 2048, 2049, 2048, 2048, 2048, 2048, 2048, 2048]",331.0,Kimi ANTONELLI,ANT,Mercedes,00D7B6,2026-09-26 12:40:19.726000+00:00,2026-09-26 12:42:07.758000+00:00,True,False,1,3.0,SOFT,20.0,False,PENDING_TIME_INTERVAL_REVIEW,,Finalize after checking temporal overlap with race-control periods
1295,11377,14,1,2026-09-26T11:03:50.711000+00:00,50.3,49.542,25.947,156.0,187.0,False,125.789,"[2049, 2049, 2049, 2049, 2049, 2049, 2049, 2049]","[2049, 2049, 2049, 2049, 2049, 2049, 2049, 2049, 2049, 2049]","[2049, 2049, 2049, 2049, 2049, 2049, 2049, 2049, 2049]",316.0,Fernando ALONSO,ALO,Aston Martin,229971,2026-09-26 11:03:50.711000+00:00,2026-09-26 11:05:56.500000+00:00,False,False,1,1.0,SOFT,0.0,False,PENDING_TIME_INTERVAL_REVIEW,,Finalize after checking temporal overlap with race-control periods
1295,11377,14,2,2026-09-26T11:05:56.500000+00:00,40.623,46.29,25.897,172.0,197.0,False,112.81,"[None, 2049, 2049, 2048, 2049, 2049, 2049, 2049]","[2049, 2049, 2049, 2049, 2049, 2049, 2049, 2049, 2049, 2049]","[2049, 2048, 2048, 2048, 2049, 2049, 2049, 2048, 2048]",321.0,Fernando ALONSO,ALO,Aston Martin,229971,2026-09-26 11:05:56.500000+00:00,2026-09-26 11:07:49.310000+00:00,False,False,1,1.0,SOFT,1.0,False,PENDING_TIME_INTERVAL_REVIEW,,Finalize after checking temporal overlap with race-control periods
1295,11377,14,3,2026-09-26T11:07:49.393000+00:00,40.288,46.204,26.341,185.0,186.0,False,112.833,"[None, 2049, 2049, 2048, 2048, 2049, 2049, 2049]","[2049, 2048, 2049, 2048, 2049, 2049, 2048, 2048, 2048, 2048]","[2048, 2048, 2048, 2049, 2048, 2048, 2048, 2048, 2048]",310.0,Fernando ALONSO,ALO,Aston Martin,229971,2026-09-26 11:07:49.393000+00:00,2026-09-26 11:09:42.226000+00:00,False,False,1,1.0,SOFT,2.0,False,PENDING_TIME_INTERVAL_REVIEW,,Finalize after checking temporal overlap with race-control periods
1295,11377,14,4,2026-09-26T11:09:42.189000+00:00,40.929,45.843,26.026,174.0,190.0,False,112.798,"[2048, 2048, 2048, 2048, 2048, 2048, 2048, 2048]","[2048, 2049, 2049, 2049, 2049, 2049, 2049, 2048, 2049, 2048]","[2048, 2048, 2048, 2049, 2048, 2048, 2048, 2048, 2048]",314.0,Fernando ALONSO,ALO,Aston Martin,229971,2026-09-26 11:09:42.189000+00:00,2026-09-26 11:11:34.987000+00:00,False,False,1,1.0,SOFT,3.0,False,PENDING_TIME_INTERVAL_REVIEW,,Finalize after checking temporal overlap with race-control periods
1295,11377,14,5,2026-09-26T11:11:34.996000+00:00,40.198,45.94,26.108,182.0,193.0,False,112.246,"[2049, 2048, 2049, 2048, 2048, 2049, 2049, 2048]","[2048, 2048, 2048, 2049, 2048, 2048, 2048, 2048, 2049, 2048]","[2049, 2048, 2048, 2049, 2048, 2048, 2048, 2048, 2048]",308.0,Fernando ALONSO,ALO,Aston Martin,229971,2026-09-26 11:11:34.996000+00:00,2026-09-26 11:13:27.242000+00:00,False,False,1,1.0,SOFT,4.0,False,PENDING_TIME_INTERVAL_REVIEW,,Finalize after checking temporal overlap with race-control periods
1295,11377,14,6,2026-09-26T11:13:27.256000+00:00,39.97,45.626,26.102,186.0,207.0,False,111.698,"[2048, 2049, 2049, 2048, 2048, 2048, 2049, 2049]","[2049, 2048, 2048, 2048, 2048, 2049, 2049, 2049, 2048, 2049]","[2049, 2048, 2049, 2048, 2048, 2048, 2048, 2048, 2048]",306.0,Fernando ALONSO,ALO,Aston Martin,229971,2026-09-26 11:13:27.256000+00:00,2026-09-26 11:15:18.954000+00:00,False,False,1,1.0,SOFT,5.0,False,PENDING_TIME_INTERVAL_REVIEW,,Finalize after checking temporal overlap with race-control periods
1295,11377,14,7,2026-09-26T11:15:18.983000+00:00,39.694,45.722,25.998,188.0,201.0,False,111.414,"[None, 2049, 2049, 2048, 2049, 2049, 2048, 2048]","[2048, 2048, 2048, 2049, 2048, 2049, 2049, 2048, 2048, 2048]","[2048, 2048, 2048, 2049, 2048, 2048, 2048, 2048, 2048]",312.0,Fernando ALONSO,ALO,Aston Martin,229971,2026-09-26 11:15:18.983000+00:00,2026-09-26 11:17:10.397000+00:00,False,False,1,1.0,SOFT,6.0,False,PENDING_TIME_INTERVAL_REVIEW,,Finalize after checking temporal overlap with race-control periods
1295,11377,14,8,2026-09-26T11:17:10.320000+00:00,40.064,45.983,26.097,185.0,198.0,False,112.144,"[None, 2048, 2048, 2048, 2048, 2048, 2048, 2048]","[2048, 2048, 2048, 2048, 2048, 2048, 2048, 2048, 2048, 2048]","[2048, 2048, 2048, 2048, 2048, 2048, 2048, 2048, 2048]",309.0,Fernando ALONSO,ALO,Aston Martin,229971,2026-09-26 11:17:10.320000+00:00,2026-09-26 11:19:02.464000+00:00,False,False,1,1.0,SOFT,7.0,False,PENDING_TIME_INTERVAL_REVIEW,,Finalize after checking temporal overlap with race-control periods
1295,11377,14,9,2026-09-26T11:19:02.459000+00:00,39.783,46.223,26.338,177.0,191.0,False,112.344,"[None, 2049, 2049, 2048, 2048, 2048, 2048, 2048]","[2049, 2048, 2049, 2048, 2048, 2049, 2048, 2048, 2048, 2048]","[2048, 2048, 2049, 2048, 2048, 2048, 2048, 2048, 2048]",303.0,Fernando ALONSO,ALO,Aston Martin,229971,2026-09-26 11:19:02.459000+00:00,2026-09-26 11:20:54.803000+00:00,False,False,1,1.0,SOFT,8.0,False,PENDING_TIME_INTERVAL_REVIEW,,Finalize after checking temporal overlap with race-control periods
1295,11377,14,10,2026-09-26T11:20:54.726000+00:00,39.808,45.504,26.003,185.0,198.0,False,111.315,"[2049, 2048, 2048, 2048, 2048, 2049, 2048, 2048]","[2049, 2048, 2049, 2049, 2048, 2048, 2048, 2048, 2049, 2048]","[2048, 2048, 2049, 2048, 2048, 2048, 2048, 2048, 2048]",310.0,Fernando ALONSO,ALO,Aston Martin,229971,2026-09-26 11:20:54.726000+00:00,2026-09-26 11:22:46.041000+00:00,False,False,1,1.0,SOFT,9.0,False,PENDING_TIME_INTERVAL_REVIEW,,Finalize after checking temporal overlap with race-control periods
1295,11377,14,11,2026-09-26T11:22:46.105000+00:00,40.852,45.889,25.8,181.0,197.0,False,112.541,"[None, 2049, 2048, 2049, 2048, 2048, 2048, 2048]","[2048, 2048, 2048, 2048, 2048, 2048, 2048, 2048, 2049, 2048]","[2048, 2048, 2048, 2049, 2049, 2048, 2048, 2048, 2049]",313.0,Fernando ALONSO,ALO,Aston Martin,229971,2026-09-26 11:22:46.105000+00:00,2026-09-26 11:24:38.646000+00:00,False,False,1,1.0,SOFT,10.0,False,PENDING_TIME_INTERVAL_REVIEW,,Finalize after checking temporal overlap with race-control periods
1295,11377,14,12,2026-09-26T11:24:38.711000+00:00,40.387,46.041,25.959,183.0,200.0,False,112.387,"[2048, 2048, 2048, 2048, 2048, 2048, 2048, 2048]","[2048, 2048, 2048, 2048, 2048, 2048, 2048, 2048, 2048, 2048]","[2049, 2049, 2049, 2048, 2048, 2048, 2048, 2048, 2048]",307.0,Fernando ALONSO,ALO,Aston Martin,229971,2026-09-26 11:24:38.711000+00:00,2026-09-26 11:26:31.098000+00:00,False,False,1,1.0,SOFT,11.0,False,PENDING_TIME_INTERVAL_REVIEW,,Finalize after checking temporal overlap with race-control periods
1295,11377,14,13,2026-09-26T11:26:31.065000+00:00,39.175,45.634,26.491,189.0,190.0,False,111.3,"[None, 2049, 2048, 2049, 2049, 2048, 2049, 2049]","[2049, 2048, 2049, 2048, 2048, 2049, 2048, 2048, 2048, 2048]","[2048, 2048, 2048, 2048, 2048, 2048, 2048, 2048, 2048]",301.0,Fernando ALONSO,ALO,Aston Martin,229971,2026-09-26 11:26:31.065000+00:00,2026-09-26 11:28:22.365000+00:00,False,False,1,1.0,SOFT,12.0,False,PENDING_TIME_INTERVAL_REVIEW,,Finalize after checking temporal overlap with race-control periods
1295,11377,14,14,2026-09-26T11:28:22.363000+00:00,40.817,46.111,26.287,186.0,195.0,False,113.215,"[None, 2048, 2048, 2048, 2048, 2048, 2048, 2048]","[2048, 2048, 2048, 2048, 2048, 2048, 2048, 2048, 2048, 2048]","[2049, 2048, 2048, 2048, 2048, 2048, 2048, 2048]",302.0,Fernando ALONSO,ALO,Aston Martin,229971,2026-09-26 11:28:22.363000+00:00,2026-09-26 11:30:15.578000+00:00,False,False,1,1.0,SOFT,13.0,False,PENDING_TIME_INTERVAL_REVIEW,,Finalize after checking temporal overlap with race-control periods
1295,11377,14,15,2026-09-26T11:30:15.473000+00:00,39.391,45.363,26.214,192.0,200.0,False,110.968,"[None, 2048, 2048, 2048, 2048, 2049, 2049, 2048]","[2048, 2048, 2049, 2049, 2048, 2048, 2048, 2049, 2049, 2048]","[2049, 2049, 2048, 2048, 2048, 2048, 2048, 2048, 2048]",303.0,Fernando ALONSO,ALO,Aston Martin,229971,2026-09-26 11:30:15.473000+00:00,2026-09-26 11:32:06.441000+00:00,False,False,1,1.0,SOFT,14.0,False,PENDING_TIME_INTERVAL_REVIEW,,Finalize after checking temporal overlap with race-control periods
1295,11377,14,16,2026-09-26T11:32:06.579000+00:00,40.116,45.639,26.105,187.0,194.0,False,111.86,"[None, 2048, 2048, 2048, 2048, 2048, 2048, 2048]","[2048, 2048, 2048, 2048, 2048, 2048, 2048, 2048, 2048, 2048]","[2048, 2048, 2048, 2048, 2048, 2048, 2048, 2048, 2048]",306.0,Fernando ALONSO,ALO,Aston Martin,229971,2026-09-26 11:32:06.579000+00:00,2026-09-26 11:33:58.439000+00:00,False,False,1,1.0,SOFT,15.0,False,PENDING_TIME_INTERVAL_REVIEW,,Finalize after checking temporal overlap with race-control periods
1295,11377,14,17,2026-09-26T11:33:58.370000+00:00,39.015,45.985,26.374,184.0,190.0,False,111.374,"[None, 2049, 2048, 2049, 2049, 2049, 2048, 2048]","[2048, 2049, 2048, 2048, 2049, 2049, 2048, 2048, 2048, 2048]","[2048, 2049, 2048, 2048, 2048, 2048, 2048, 2048, 2048]",301.0,Fernando ALONSO,ALO,Aston Martin,229971,2026-09-26 11:33:58.370000+00:00,2026-09-26 11:35:49.744000+00:00,False,False,1,1.0,SOFT,16.0,False,PENDING_TIME_INTERVAL_REVIEW,,Finalize after checking temporal overlap with race-control periods
1295,11377,14,18,2026-09-26T11:35:49.822000+00:00,40.419,45.676,26.02,186.0,200.0,False,112.115,"[None, 2048, 2048, 2048, 2048, 2048, 2048, 2048]","[2048, 2048, 2048, 2048, 2048, 2048, 2048, 2048, 2049, 2048]","[2048, 2048, 2048, 2048, 2048, 2048, 2048, 2048, 2048]",308.0,Fernando ALONSO,ALO,Aston Martin,229971,2026-09-26 11:35:49.822000+00:00,2026-09-26 11:37:41.937000+00:00,False,False,1,1.0,SOFT,17.0,False,PENDING_TIME_INTERVAL_REVIEW,,Finalize after checking temporal overlap with race-control periods
1295,11377,14,19,2026-09-26T11:37:41.796000+00:00,39.531,45.723,26.783,185.0,190.0,False,112.037,"[None, 2048, 2048, 2048, 2048, 2048, 2048, 2048]","[2048, 2048, 2048, 2048, 2048, 2049, 2049, 2048, 2048, 2048]","[2048, 2048, 2048, 2048, 2048, 2048, 2048, 2048, 2048]",293.0,Fernando ALONSO,ALO,Aston Martin,229971,2026-09-26 11:37:41.796000+00:00,2026-09-26 11:39:33.833000+00:00,False,False,1,1.0,SOFT,18.0,False,PENDING_TIME_INTERVAL_REVIEW,,Finalize after checking temporal overlap with race-control periods
1295,11377,14,20,2026-09-26T11:39:33.847000+00:00,39.747,46.42,31.76,184.0,185.0,False,117.927,"[None, 2048, 2048, 2049, 2048, 2048, 2048, 2048]","[2048, 2049, 2048, 2048, 2048, 2048, 2048, 2048, 2048, 2048]","[2048, 2048, 2048, 2048, 2048, 2048, 2048, 2064, 2064]",290.0,Fernando ALONSO,ALO,Aston Martin,229971,2026-09-26 11:39:33.847000+00:00,2026-09-26 11:41:31.774000+00:00,False,False,1,1.0,SOFT,19.0,False,PENDING_TIME_INTERVAL_REVIEW,,Finalize after checking temporal overlap with race-control periods
1295,11377,14,21,2026-09-26T11:41:31.916000+00:00,,,,,,False,,,,,,Fernando ALONSO,ALO,Aston Martin,229971,2026-09-26 11:41:31.916000+00:00,,False,False,0,,,,False,PENDING_TIME_INTERVAL_REVIEW,,Finalize after checking temporal overlap with race-control periods
1295,11377,16,1,2026-09-26T11:03:50.711000+00:00,43.869,45.031,25.243,181.0,195.0,False,114.143,"[2048, 2049, 2049, 2049, 2049, 2049, 2051, 2049]","[2049, 2049, 2049, 2049, 2049, 2049, 2049, 2049, 2049, 2049]","[2049, 2049, 2049, 2049, 2049, 2049, 2049, 2051, 2051]",336.0,Charles LECLERC,LEC,Ferrari,ED1131,2026-09-26 11:03:50.711000+00:00,2026-09-26 11:05:44.854000+00:00,True,False,1,1.0,SOFT,0.0,False,PENDING_TIME_INTERVAL_REVIEW,,Finalize after checking temporal overlap with race-control periods
1295,11377,16,2,2026-09-26T11:05:44.854000+00:00,39.909,45.123,25.351,183.0,208.0,False,110.383,"[2049, 2049, 2049, 2049, 2048, 2049, 2049, 2048]","[2049, 2048, 2049, 2049, 2049, 2048, 2048, 2048, 2048, 2049]","[2049, 2049, 2048, 2048, 2048, 2048, 2048, 2048, 2048]",330.0,Charles LECLERC,LEC,Ferrari,ED1131,2026-09-26 11:05:44.854000+00:00,2026-09-26 11:07:35.237000+00:00,True,False,1,1.0,SOFT,1.0,False,PENDING_TIME_INTERVAL_REVIEW,,Finalize after checking temporal overlap with race-control periods
1295,11377,16,3,2026-09-26T11:07:35.169000+00:00,39.246,44.631,25.397,193.0,211.0,False,109.274,"[None, 2049, 2049, 2048, 2048, 2049, 2051, 2048]","[2049, 2048, 2049, 2048, 2049, 2048, 2048, 2049, 2049, 2051]","[2048, 2048, 2049, 2049, 2048, 2048, 2048, 2048, 2048]",329.0,Charles LECLERC,LEC,Ferrari,ED1131,2026-09-26 11:07:35.169000+00:00,2026-09-26 11:09:24.443000+00:00,True,False,1,1.0,SOFT,2.0,False,PENDING_TIME_INTERVAL_REVIEW,,Finalize after checking temporal overlap with race-control periods
1295,11377,16,4,2026-09-26T11:09:24.409000+00:00,40.234,44.959,25.394,185.0,204.0,False,110.587,"[2048, 2048, 2048, 2048, 2048, 2048, 2048, 2048]","[2048, 2048, 2048, 2048, 2048, 2048, 2048, 2048, 2049, 2048]","[2048, 2048, 2048, 2048, 2048, 2048, 2048, 2048, 2048]",329.0,Charles LECLERC,LEC,Ferrari,ED1131,2026-09-26 11:09:24.409000+00:00,2026-09-26 11:11:14.996000+00:00,True,False,1,1.0,SOFT,3.0,False,PENDING_TIME_INTERVAL_REVIEW,,Finalize after checking temporal overlap with race-control periods
1295,11377,16,5,2026-09-26T11:11:15.034000+00:00,39.402,44.562,25.199,190.0,205.0,False,109.163,"[None, 2048, 2049, 2048, 2048, 2049, 2048, 2048]","[2048, 2048, 2048, 2049, 2048, 2048, 2048, 2049, 2049, 2048]","[2049, 2049, 2049, 2049, 2048, 2048, 2048, 2048, 2048]",328.0,Charles LECLERC,LEC,Ferrari,ED1131,2026-09-26 11:11:15.034000+00:00,2026-09-26 11:13:04.197000+00:00,True,False,1,1.0,SOFT,4.0,False,PENDING_TIME_INTERVAL_REVIEW,,Finalize after checking temporal overlap with race-control periods
1295,11377,16,6,2026-09-26T11:13:04.251000+00:00,38.859,44.501,25.249,194.0,209.0,False,108.609,"[2049, 2049, 2049, 2048, 2048, 2048, 2049, 2049]","[2048, 2048, 2049, 2048, 2049, 2048, 2048, 2048, 2049, 2051]","[2051, 2049, 2048, 2048, 2048, 2048, 2048, 2048, 2048]",330.0,Charles LECLERC,LEC,Ferrari,ED1131,2026-09-26 11:13:04.251000+00:00,2026-09-26 11:14:52.860000+00:00,True,False,1,1.0,SOFT,5.0,False,PENDING_TIME_INTERVAL_REVIEW,,Finalize after checking temporal overlap with race-control periods
1295,11377,16,7,2026-09-26T11:14:52.900000+00:00,38.731,44.302,25.347,197.0,205.0,False,108.38,"[2048, 2048, 2049, 2048, 2048, 2049, 2051, 2049]","[2049, 2048, 2049, 2049, 2049, 2048, 2048, 2049, 2049, 2048]","[2048, 2048, 2048, 2048, 2048, 2048, 2048, 2048, 2048]",330.0,Charles LECLERC,LEC,Ferrari,ED1131,2026-09-26 11:14:52.900000+00:00,2026-09-26 11:16:41.280000+00:00,True,False,1,1.0,SOFT,6.0,False,PENDING_TIME_INTERVAL_REVIEW,,Finalize after checking temporal overlap with race-control periods
1295,11377,16,8,2026-09-26T11:16:41.206000+00:00,38.709,44.529,25.382,199.0,210.0,False,108.62,"[2049, 2049, 2048, 2048, 2048, 2049, 2051, 2048]","[2048, 2048, 2048, 2048, 2048, 2048, 2048, 2048, 2048, 2048]","[2048, 2048, 2048, 2048, 2048, 2048, 2048, 2048, 2048]",330.0,Charles LECLERC,LEC,Ferrari,ED1131,2026-09-26 11:16:41.206000+00:00,2026-09-26 11:18:29.826000+00:00,True,False,1,1.0,SOFT,7.0,False,PENDING_TIME_INTERVAL_REVIEW,,Finalize after checking temporal overlap with race-control periods
1295,11377,16,9,2026-09-26T11:18:29.848000+00:00,38.671,44.814,25.44,197.0,203.0,False,108.925,"[2048, 2049, 2049, 2048, 2048, 2048, 2048, 2048]","[2048, 2048, 2049, 2049, 2048, 2048, 2048, 2048, 2048, 2048]","[2048, 2048, 2048, 2048, 2048, 2048, 2048, 2048, 2048]",328.0,Charles LECLERC,LEC,Ferrari,ED1131,2026-09-26 11:18:29.848000+00:00,2026-09-26 11:20:18.773000+00:00,True,False,1,1.0,SOFT,8.0,False,PENDING_TIME_INTERVAL_REVIEW,,Finalize after checking temporal overlap with race-control periods
1295,11377,16,10,2026-09-26T11:20:18.671000+00:00,38.751,44.338,25.322,198.0,205.0,False,108.411,"[None, 2049, 2048, 2048, 2048, 2048, 2051, 2049]","[2048, 2048, 2048, 2048, 2048, 2049, 2048, 2048, 2048, 2048]","[2048, 2049, 2048, 2048, 2048, 2048, 2048, 2048, 2048]",327.0,Charles LECLERC,LEC,Ferrari,ED1131,2026-09-26 11:20:18.671000+00:00,2026-09-26 11:22:07.082000+00:00,True,False,1,1.0,SOFT,9.0,False,PENDING_TIME_INTERVAL_REVIEW,,Finalize after checking temporal overlap with race-control periods
1295,11377,16,11,2026-09-26T11:22:07.105000+00:00,38.637,44.362,25.423,201.0,206.0,False,108.422,"[None, 2049, 2049, 2048, 2048, 2048, 2048, 2049]","[2048, 2048, 2049, 2048, 2048, 2048, 2048, 2049, 2048, 2048]","[2048, 2048, 2048, 2048, 2048, 2048, 2048, 2048, 2048]",326.0,Charles LECLERC,LEC,Ferrari,ED1131,2026-09-26 11:22:07.105000+00:00,2026-09-26 11:23:55.527000+00:00,True,False,1,1.0,SOFT,10.0,False,PENDING_TIME_INTERVAL_REVIEW,,Finalize after checking temporal overlap with race-control periods
1295,11377,16,12,2026-09-26T11:23:55.471000+00:00,38.689,44.123,25.295,198.0,208.0,False,108.107,"[2049, 2048, 2048, 2048, 2048, 2049, 2048, 2048]","[2048, 2048, 2049, 2048, 2049, 2048, 2048, 2049, 2049, 2048]","[2048, 2048, 2048, 2048, 2048, 2048, 2048, 2048, 2048]",329.0,Charles LECLERC,LEC,Ferrari,ED1131,2026-09-26 11:23:55.471000+00:00,2026-09-26 11:25:43.578000+00:00,True,False,1,1.0,SOFT,11.0,False,PENDING_TIME_INTERVAL_REVIEW,,Finalize after checking temporal overlap with race-control periods
1295,11377,16,13,2026-09-26T11:25:43.722000+00:00,38.618,44.193,25.261,,213.0,False,108.072,"[2048, 2048, 2049, 2048, 2048, 2048, 2049, 2048]","[2048, 2048, 2049, 2049, 2048, 2048, 2048, 2048, 2048, 2048]","[2051, 2048, 2048, 2048, 2048, 2048, 2048, 2048, 2048]",328.0,Charles LECLERC,LEC,Ferrari,ED1131,2026-09-26 11:25:43.722000+00:00,2026-09-26 11:27:31.794000+00:00,True,False,1,1.0,SOFT,12.0,False,PENDING_TIME_INTERVAL_REVIEW,,Finalize after checking temporal overlap with race-control periods
1295,11377,16,14,2026-09-26T11:27:31.803000+00:00,38.516,44.256,25.336,200.0,208.0,False,108.108,"[2049, 2048, 2048, 2048, 2048, 2048, 2051, 2048]","[2048, 2048, 2048, 2048, 2048, 2048, 2048, 2049, 2048, 2048]","[2048, 2048, 2048, 2048, 2048, 2048, 2048, 2048, 2048]",328.0,Charles LECLERC,LEC,Ferrari,ED1131,2026-09-26 11:27:31.803000+00:00,2026-09-26 11:29:19.911000+00:00,True,False,1,1.0,SOFT,13.0,False,PENDING_TIME_INTERVAL_REVIEW,,Finalize after checking temporal overlap with race-control periods
1295,11377,16,15,2026-09-26T11:29:19.821000+00:00,38.522,44.106,25.182,199.0,210.0,False,107.81,"[2048, 2049, 2049, 2048, 2048, 2048, 2048, 2048]","[2048, 2048, 2049, 2048, 2048, 2048, 2048, 2049, 2048, 2048]","[2049, 2049, 2049, 2048, 2048, 2048, 2048, 2048, 2048]",331.0,Charles LECLERC,LEC,Ferrari,ED1131,2026-09-26 11:29:19.821000+00:00,2026-09-26 11:31:07.631000+00:00,True,False,1,1.0,SOFT,14.0,False,PENDING_TIME_INTERVAL_REVIEW,,Finalize after checking temporal overlap with race-control periods
1295,11377,16,16,2026-09-26T11:31:07.714000+00:00,38.861,44.013,25.343,198.0,210.0,False,108.217,"[None, 2048, 2048, 2048, 2048, 2048, 2048, 2048]","[2048, 2048, 2048, 2049, 2049, 2049, 2048, 2049, 2048, 2048]","[2048, 2048, 2048, 2048, 2048, 2048, 2048, 2048, 2048]",328.0,Charles LECLERC,LEC,Ferrari,ED1131,2026-09-26 11:31:07.714000+00:00,2026-09-26 11:32:55.931000+00:00,True,False,1,1.0,SOFT,15.0,False,PENDING_TIME_INTERVAL_REVIEW,,Finalize after checking temporal overlap with race-control periods
1295,11377,16,17,2026-09-26T11:32:55.929000+00:00,38.706,44.048,25.328,,212.0,False,108.082,"[None, 2048, 2048, 2048, 2048, 2048, 2048, 2048]","[2048, 2048, 2048, 2048, 2048, 2048, 2048, 2048, 2049, 2048]","[2048, 2048, 2048, 2048, 2048, 2048, 2048, 2048, 2048]",327.0,Charles LECLERC,LEC,Ferrari,ED1131,2026-09-26 11:32:55.929000+00:00,2026-09-26 11:34:44.011000+00:00,True,False,1,1.0,SOFT,16.0,False,PENDING_TIME_INTERVAL_REVIEW,,Finalize after checking temporal overlap with race-control periods
1295,11377,16,18,2026-09-26T11:34:44.035000+00:00,38.559,44.101,25.393,199.0,212.0,False,108.053,"[2049, 2049, 2048, 2048, 2048, 2049, 2048, 2048]","[2048, 2048, 2048, 2049, 2048, 2049, 2048, 2048, 2048, 2048]","[2048, 2048, 2048, 2048, 2048, 2048, 2048, 2048, 2048]",327.0,Charles LECLERC,LEC,Ferrari,ED1131,2026-09-26 11:34:44.035000+00:00,2026-09-26 11:36:32.088000+00:00,True,False,1,1.0,SOFT,17.0,False,PENDING_TIME_INTERVAL_REVIEW,,Finalize after checking temporal overlap with race-control periods
1295,11377,16,19,2026-09-26T11:36:32.070000+00:00,38.557,44.061,25.305,201.0,212.0,False,107.923,"[2048, 2048, 2048, 2048, 2048, 2048, 2051, 2048]","[2048, 2048, 2048, 2048, 2049, 2048, 2048, 2048, 2048, 2048]","[2048, 2048, 2048, 2048, 2048, 2048, 2048, 2048, 2048]",328.0,Charles LECLERC,LEC,Ferrari,ED1131,2026-09-26 11:36:32.070000+00:00,2026-09-26 11:38:19.993000+00:00,True,False,1,1.0,SOFT,18.0,False,PENDING_TIME_INTERVAL_REVIEW,,Finalize after checking temporal overlap with race-control periods
1295,11377,16,20,2026-09-26T11:38:20.014000+00:00,38.781,44.079,25.264,198.0,214.0,False,108.124,"[None, 2048, 2048, 2048, 2048, 2048, 2048, 2048]","[2048, 2048, 2048, 2049, 2048, 2048, 2048, 2048, 2048, 2048]","[2048, 2048, 2048, 2048, 2048, 2048, 2048, 2048, 2048]",330.0,Charles LECLERC,LEC,Ferrari,ED1131,2026-09-26 11:38:20.014000+00:00,2026-09-26 11:40:08.138000+00:00,True,False,1,1.0,SOFT,19.0,False,PENDING_TIME_INTERVAL_REVIEW,,Finalize after checking temporal overlap with race-control periods
1295,11377,16,21,2026-09-26T11:40:08.010000+00:00,38.46,44.118,25.202,200.0,211.0,False,107.78,"[None, 2048, 2048, 2048, 2048, 2048, 2051, 2048]","[2048, 2048, 2048, 2048, 2048, 2048, 2048, 2048, 2048, 2048]","[2049, 2049, 2049, 2048, 2048, 2048, 2048, 2048, 2048]",329.0,Charles LECLERC,LEC,Ferrari,ED1131,2026-09-26 11:40:08.010000+00:00,2026-09-26 11:41:55.790000+00:00,True,False,1,1.0,SOFT,20.0,False,PENDING_TIME_INTERVAL_REVIEW,,Finalize after checking temporal overlap with race-control periods
1295,11377,16,22,2026-09-26T11:41:55.774000+00:00,38.519,43.988,25.312,205.0,208.0,False,107.819,"[None, 2048, 2048, 2048, 2048, 2048, 2048, 2048]","[2048, 2048, 2048, 2048, 2048, 2049, 2048, 2049, 2048, 2048]","[2048, 2048, 2048, 2048, 2048, 2048, 2048, 2048, 2048]",328.0,Charles LECLERC,LEC,Ferrari,ED1131,2026-09-26 11:41:55.774000+00:00,2026-09-26 11:43:43.593000+00:00,True,False,1,1.0,SOFT,21.0,False,PENDING_TIME_INTERVAL_REVIEW,,Finalize after checking temporal overlap with race-control periods
1295,11377,16,23,2026-09-26T11:43:43.631000+00:00,38.435,43.829,25.305,202.0,213.0,False,107.569,"[2049, 2049, 2048, 2048, 2048, 2048, 2048, 2048]","[2049, 2048, 2048, 2048, 2048, 2049, 2048, 2049, 2049, 2048]","[2048, 2048, 2048, 2048, 2048, 2048, 2048, 2048, 2048]",330.0,Charles LECLERC,LEC,Ferrari,ED1131,2026-09-26 11:43:43.631000+00:00,2026-09-26 11:45:31.200000+00:00,True,False,1,1.0,SOFT,22.0,False,PENDING_TIME_INTERVAL_REVIEW,,Finalize after checking temporal overlap with race-control periods
1295,11377,16,24,2026-09-26T11:45:31.291000+00:00,38.441,43.869,25.363,204.0,211.0,False,107.673,"[None, 2048, 2049, 2048, 2048, 2048, 2048, 2048]","[2048, 2048, 2049, 2049, 2049, 2048, 2048, 2048, 2048, 2048]","[2048, 2048, 2048, 2048, 2048, 2048, 2048, 2048, 2048]",329.0,Charles LECLERC,LEC,Ferrari,ED1131,2026-09-26 11:45:31.291000+00:00,2026-09-26 11:47:18.964000+00:00,True,False,1,1.0,SOFT,23.0,False,PENDING_TIME_INTERVAL_REVIEW,,Finalize after checking temporal overlap with race-control periods
1295,11377,16,25,2026-09-26T11:47:18.893000+00:00,38.414,44.003,25.282,206.0,206.0,False,107.699,"[2048, 2048, 2048, 2048, 2048, 2049, 2048, 2049]","[2048, 2048, 2048, 2048, 2048, 2049, 2048, 2048, 2048, 2048]","[2048, 2048, 2049, 2048, 2048, 2048, 2048, 2048, 2048]",330.0,Charles LECLERC,LEC,Ferrari,ED1131,2026-09-26 11:47:18.893000+00:00,2026-09-26 11:49:06.592000+00:00,True,False,1,1.0,SOFT,24.0,False,PENDING_TIME_INTERVAL_REVIEW,,Finalize after checking temporal overlap with race-control periods
1295,11377,16,26,2026-09-26T11:49:06.590000+00:00,38.498,43.943,25.288,201.0,212.0,False,107.729,"[None, 2049, 2048, 2048, 2048, 2048, 2048, 2048]","[2048, 2048, 2048, 2048, 2048, 2048, 2048, 2048, 2048, 2048]","[2048, 2048, 2048, 2048, 2048, 2048, 2048, 2048, 2048]",330.0,Charles LECLERC,LEC,Ferrari,ED1131,2026-09-26 11:49:06.590000+00:00,2026-09-26 11:50:54.319000+00:00,True,False,1,1.0,SOFT,25.0,False,PENDING_TIME_INTERVAL_REVIEW,,Finalize after checking temporal overlap with race-control periods
1295,11377,16,27,2026-09-26T11:50:54.342000+00:00,38.504,44.071,25.146,204.0,206.0,False,107.721,"[None, 2048, 2048, 2048, 2048, 2048, 2048, 2048]","[2048, 2048, 2048, 2048, 2048, 2049, 2049, 2048, 2048, 2048]","[2048, 2048, 2048, 2048, 2049, 2048, 2048, 2048, 2048]",333.0,Charles LECLERC,LEC,Ferrari,ED1131,2026-09-26 11:50:54.342000+00:00,2026-09-26 11:52:42.063000+00:00,True,False,1,1.0,SOFT,26.0,False,PENDING_TIME_INTERVAL_REVIEW,,Finalize after checking temporal overlap with race-control periods
1295,11377,16,28,2026-09-26T11:52:42.113000+00:00,38.453,43.966,25.329,,211.0,False,107.748,"[None, 2048, 2048, 2048, 2048, 2048, 2048, 2048]","[2048, 2048, 2048, 2048, 2048, 2048, 2048, 2048, 2048, 2048]","[2048, 2048, 2048, 2048, 2048, 2048, 2048, 2048, 2048]",329.0,Charles LECLERC,LEC,Ferrari,ED1131,2026-09-26 11:52:42.113000+00:00,2026-09-26 11:54:29.861000+00:00,True,False,1,1.0,SOFT,27.0,False,PENDING_TIME_INTERVAL_REVIEW,,Finalize after checking temporal overlap with race-control periods
1295,11377,16,29,2026-09-26T11:54:29.801000+00:00,38.276,43.686,25.246,203.0,209.0,False,107.208,"[2049, 2048, 2049, 2048, 2048, 2048, 2051, 2048]","[2049, 2048, 2049, 2049, 2048, 2048, 2048, 2049, 2048, 2048]","[2048, 2048, 2048, 2048, 2048, 2048, 2048, 2048, 2048]",329.0,Charles LECLERC,LEC,Ferrari,ED1131,2026-09-26 11:54:29.801000+00:00,2026-09-26 11:56:17.009000+00:00,True,False,1,1.0,SOFT,28.0,False,PENDING_TIME_INTERVAL_REVIEW,,Finalize after checking temporal overlap with race-control periods
1295,11377,16,30,2026-09-26T11:56:16.972000+00:00,38.252,43.809,25.355,206.0,208.0,False,107.416,"[2048, 2049, 2049, 2048, 2048, 2048, 2051, 2049]","[2048, 2048, 2048, 2048, 2048, 2049, 2048, 2048, 2048, 2048]","[2048, 2048, 2048, 2048, 2048, 2048, 2048, 2048, 2048]",330.0,Charles LECLERC,LEC,Ferrari,ED1131,2026-09-26 11:56:16.972000+00:00,2026-09-26 11:58:04.388000+00:00,True,False,1,1.0,SOFT,29.0,False,PENDING_TIME_INTERVAL_REVIEW,,Finalize after checking temporal overlap with race-control periods
1295,11377,16,31,2026-09-26T11:58:04.694000+00:00,54.019,59.314,41.607,124.0,135.0,False,154.94,"[None, 2048, 2048, 2048, 2048, 2048, 2048, 2048]","[2048, 2048, 2048, 2048, 2048, 2048, 2048, 2048, 2048, 2048]","[2048, 2048, 2048, 2048, 2048, 2048, 2048, 2064, 2064]",194.0,Charles LECLERC,LEC,Ferrari,ED1131,2026-09-26 11:58:04.694000+00:00,2026-09-26 12:00:39.634000+00:00,True,False,1,1.0,SOFT,30.0,True,PENDING_TIME_INTERVAL_REVIEW,,Finalize after checking temporal overlap with race-control periods
1295,11377,16,32,2026-09-26T12:00:39.314000+00:00,68.772,59.982,38.311,114.0,175.0,True,167.065,"[2064, 2064, 2048, 2048, 2048, 2048, 2048, 2048]","[2048, 2048, 2048, 2048, 2048, 2048, 2048, 2048, 2048, 2048]","[2048, 2048, 2048, 2048, 2048, 2048, 2048, 2048, 2048]",198.0,Charles LECLERC,LEC,Ferrari,ED1131,2026-09-26 12:00:39.314000+00:00,2026-09-26 12:03:26.379000+00:00,True,False,1,2.0,MEDIUM,0.0,False,PENDING_TIME_INTERVAL_REVIEW,,Finalize after checking temporal overlap with race-control periods
1295,11377,16,33,2026-09-26T12:03:26.467000+00:00,55.177,68.576,36.391,81.0,163.0,False,160.144,"[2048, 2048, 2048, 2048, 2048, 2048, 2048, 2048]","[2048, 2048, 2048, 2048, 2048, 2048, 2048, 2048, 2048, 2048]","[2048, 2048, 2048, 2048, 2048, 2048, 2048, 2048, 2048]",206.0,Charles LECLERC,LEC,Ferrari,ED1131,2026-09-26 12:03:26.467000+00:00,2026-09-26 12:06:06.611000+00:00,True,False,1,2.0,MEDIUM,1.0,False,PENDING_TIME_INTERVAL_REVIEW,,Finalize after checking temporal overlap with race-control periods
1295,11377,16,34,2026-09-26T12:06:06.638000+00:00,65.111,63.424,37.368,98.0,170.0,False,165.903,"[None, 2048, 2048, 2048, 2048, 2048, 2048, 2048]","[2048, 2048, 2048, 2048, 2048, 2048, 2048, 2048, 2048, 2048]","[2048, 2048, 2048, 2048, 2048, 2048, 2048, 2048, 2048]",215.0,Charles LECLERC,LEC,Ferrari,ED1131,2026-09-26 12:06:06.638000+00:00,2026-09-26 12:08:52.541000+00:00,True,False,1,2.0,MEDIUM,2.0,False,PENDING_TIME_INTERVAL_REVIEW,,Finalize after checking temporal overlap with race-control periods
1295,11377,16,35,2026-09-26T12:08:52.518000+00:00,52.728,62.796,38.937,166.0,145.0,False,154.461,"[None, 2048, 2048, 2048, 2048, 2048, 2048, 2048]","[2048, 2048, 2048, 2048, 2048, 2048, 2048, 2048, 2048, 2048]","[2048, 2048, 2048, 2048, 2048, 2048, 2048, 2048, 2048]",205.0,Charles LECLERC,LEC,Ferrari,ED1131,2026-09-26 12:08:52.518000+00:00,2026-09-26 12:11:26.979000+00:00,True,False,1,2.0,MEDIUM,3.0,False,PENDING_TIME_INTERVAL_REVIEW,,Finalize after checking temporal overlap with race-control periods
1295,11377,16,36,2026-09-26T12:11:27.079000+00:00,40.376,54.147,44.173,185.0,124.0,False,138.696,"[None, 2048, 2048, 2049, 2049, 2048, 2048, 2048]","[2048, 2048, 2048, 2048, 2048, 2048, 2048, 2048, 2048, 2048]","[2048, 2048, 2048, 2048, 2048, 2048, 2048, 2064, 2064]",253.0,Charles LECLERC,LEC,Ferrari,ED1131,2026-09-26 12:11:27.079000+00:00,2026-09-26 12:13:45.775000+00:00,True,False,1,2.0,MEDIUM,4.0,True,PENDING_TIME_INTERVAL_REVIEW,,Finalize after checking temporal overlap with race-control periods
1295,11377,16,37,2026-09-26T12:13:45.538000+00:00,60.25,60.979,38.956,127.0,182.0,True,160.185,"[2064, 2064, 2048, 2048, 2048, 2048, 2048, 2048]","[2048, 2048, 2048, 2048, 2048, 2048, 2048, 2048, 2048, 2048]","[2048, 2048, 2048, 2048, 2048, 2048, 2048, 2048, 2048]",182.0,Charles LECLERC,LEC,Ferrari,ED1131,2026-09-26 12:13:45.538000+00:00,2026-09-26 12:16:25.723000+00:00,True,False,1,3.0,MEDIUM,5.0,False,PENDING_TIME_INTERVAL_REVIEW,,Finalize after checking temporal overlap with race-control periods
1295,11377,16,38,2026-09-26T12:16:25.859000+00:00,56.678,63.886,35.895,139.0,140.0,False,156.459,"[2048, 2048, 2048, 2048, 2048, 2048, 2048, 2048]","[2048, 2048, 2048, 2048, 2048, 2048, 2048, 2048, 2048, 2048]","[2048, 2048, 2048, 2048, 2048, 2048, 2048, 2049, 2049]",213.0,Charles LECLERC,LEC,Ferrari,ED1131,2026-09-26 12:16:25.859000+00:00,2026-09-26 12:19:02.318000+00:00,True,False,1,3.0,MEDIUM,6.0,False,PENDING_TIME_INTERVAL_REVIEW,,Finalize after checking temporal overlap with race-control periods
1295,11377,16,39,2026-09-26T12:19:02.268000+00:00,39.688,44.162,24.753,185.0,206.0,False,108.603,"[None, 2048, 2048, 2049, 2048, 2048, 2048, 2049]","[2048, 2049, 2048, 2048, 2048, 2051, 2049, 2048, 2048, 2048]","[2048, 2049, 2049, 2048, 2049, 2049, 2049, 2049, 2048]",339.0,Charles LECLERC,LEC,Ferrari,ED1131,2026-09-26 12:19:02.268000+00:00,2026-09-26 12:20:50.871000+00:00,True,False,1,3.0,MEDIUM,7.0,False,PENDING_TIME_INTERVAL_REVIEW,,Finalize after checking temporal overlap with race-control periods
1295,11377,16,40,2026-09-26T12:20:50.926000+00:00,38.708,43.457,24.878,201.0,210.0,False,107.043,"[None, 2048, 2048, 2048, 2048, 2048, 2048, 2048]","[2049, 2048, 2048, 2048, 2049, 2048, 2048, 2048, 2048, 2048]","[2048, 2049, 2049, 2049, 2049, 2048, 2048, 2048, 2048]",332.0,Charles LECLERC,LEC,Ferrari,ED1131,2026-09-26 12:20:50.926000+00:00,2026-09-26 12:22:37.969000+00:00,True,False,1,3.0,MEDIUM,8.0,False,PENDING_TIME_INTERVAL_REVIEW,,Finalize after checking temporal overlap with race-control periods
1295,11377,16,41,2026-09-26T12:22:37.873000+00:00,37.979,43.503,24.87,202.0,213.0,False,106.352,"[None, 2049, 2049, 2048, 2048, 2048, 2049, 2048]","[2048, 2048, 2048, 2048, 2049, 2048, 2048, 2048, 2048, 2049]","[2048, 2049, 2049, 2049, 2049, 2048, 2048, 2048, 2048]",330.0,Charles LECLERC,LEC,Ferrari,ED1131,2026-09-26 12:22:37.873000+00:00,2026-09-26 12:24:24.225000+00:00,True,False,1,3.0,MEDIUM,9.0,False,PENDING_TIME_INTERVAL_REVIEW,,Finalize after checking temporal overlap with race-control periods
1295,11377,16,42,2026-09-26T12:24:24.263000+00:00,38.044,43.223,24.754,204.0,212.0,False,106.021,"[None, 2049, 2048, 2048, 2048, 2048, 2048, 2048]","[2049, 2048, 2049, 2049, 2048, 2048, 2048, 2049, 2049, 2048]","[2049, 2048, 2048, 2049, 2049, 2048, 2048, 2048, 2048]",333.0,Charles LECLERC,LEC,Ferrari,ED1131,2026-09-26 12:24:24.263000+00:00,2026-09-26 12:26:10.284000+00:00,True,False,1,3.0,MEDIUM,10.0,False,PENDING_TIME_INTERVAL_REVIEW,,Finalize after checking temporal overlap with race-control periods
1295,11377,16,43,2026-09-26T12:26:10.318000+00:00,37.893,43.447,24.862,201.0,215.0,False,106.202,"[None, 2048, 2048, 2048, 2048, 2049, 2048, 2048]","[2048, 2048, 2048, 2048, 2048, 2048, 2048, 2048, 2049, 2049]","[2048, 2048, 2048, 2048, 2048, 2048, 2048, 2048, 2048]",331.0,Charles LECLERC,LEC,Ferrari,ED1131,2026-09-26 12:26:10.318000+00:00,2026-09-26 12:27:56.520000+00:00,True,False,1,3.0,MEDIUM,11.0,False,PENDING_TIME_INTERVAL_REVIEW,,Finalize after checking temporal overlap with race-control periods
1295,11377,16,44,2026-09-26T12:27:56.482000+00:00,37.787,43.185,24.812,205.0,213.0,False,105.784,"[None, 2048, 2049, 2048, 2048, 2049, 2049, 2049]","[2048, 2048, 2049, 2048, 2048, 2048, 2048, 2049, 2049, 2048]","[2049, 2049, 2049, 2048, 2048, 2048, 2048, 2048, 2048]",329.0,Charles LECLERC,LEC,Ferrari,ED1131,2026-09-26 12:27:56.482000+00:00,2026-09-26 12:29:42.266000+00:00,True,False,1,3.0,MEDIUM,12.0,False,PENDING_TIME_INTERVAL_REVIEW,,Finalize after checking temporal overlap with race-control periods
1295,11377,16,45,2026-09-26T12:29:42.560000+00:00,37.821,43.263,24.848,204.0,209.0,False,105.932,"[None, 2049, 2048, 2048, 2048, 2048, 2048, 2049]","[2048, 2048, 2048, 2048, 2048, 2048, 2048, 2048, 2048, 2048]","[2048, 2048, 2048, 2048, 2048, 2048, 2048, 2048, 2048]",331.0,Charles LECLERC,LEC,Ferrari,ED1131,2026-09-26 12:29:42.560000+00:00,2026-09-26 12:31:28.492000+00:00,True,False,1,3.0,MEDIUM,13.0,False,PENDING_TIME_INTERVAL_REVIEW,,Finalize after checking temporal overlap with race-control periods
1295,11377,16,46,2026-09-26T12:31:28.192000+00:00,37.848,43.255,24.934,,213.0,False,106.037,"[None, 2048, 2048, 2048, 2048, 2049, 2048, 2048]","[2048, 2048, 2048, 2048, 2048, 2048, 2048, 2048, 2048, 2048]","[2048, 2048, 2048, 2048, 2048, 2048, 2048, 2048, 2048]",330.0,Charles LECLERC,LEC,Ferrari,ED1131,2026-09-26 12:31:28.192000+00:00,2026-09-26 12:33:14.229000+00:00,True,False,1,3.0,MEDIUM,14.0,False,PENDING_TIME_INTERVAL_REVIEW,,Finalize after checking temporal overlap with race-control periods
1295,11377,16,47,2026-09-26T12:33:14.207000+00:00,37.804,43.27,24.898,203.0,212.0,False,105.972,"[None, 2048, 2048, 2048, 2048, 2049, 2048, 2048]","[2048, 2048, 2048, 2049, 2049, 2048, 2048, 2048, 2048, 2048]","[2048, 2048, 2048, 2049, 2048, 2048, 2048, 2048, 2048]",329.0,Charles LECLERC,LEC,Ferrari,ED1131,2026-09-26 12:33:14.207000+00:00,2026-09-26 12:35:00.179000+00:00,True,False,1,3.0,MEDIUM,15.0,False,PENDING_TIME_INTERVAL_REVIEW,,Finalize after checking temporal overlap with race-control periods
1295,11377,16,48,2026-09-26T12:35:00.341000+00:00,37.901,43.201,24.973,207.0,210.0,False,106.075,"[None, 2048, 2048, 2048, 2048, 2048, 2048, 2049]","[2048, 2048, 2049, 2048, 2048, 2049, 2048, 2048, 2048, 2048]","[2048, 2048, 2048, 2048, 2048, 2048, 2048, 2048, 2048]",329.0,Charles LECLERC,LEC,Ferrari,ED1131,2026-09-26 12:35:00.341000+00:00,2026-09-26 12:36:46.416000+00:00,True,False,1,3.0,MEDIUM,16.0,False,PENDING_TIME_INTERVAL_REVIEW,,Finalize after checking temporal overlap with race-control periods
1295,11377,16,49,2026-09-26T12:36:46.286000+00:00,37.851,43.36,24.912,202.0,213.0,False,106.123,"[None, 2049, 2048, 2048, 2048, 2048, 2048, 2048]","[2048, 2048, 2048, 2048, 2048, 2048, 2048, 2049, 2048, 2048]","[2048, 2048, 2048, 2048, 2048, 2048, 2048, 2048, 2048]",330.0,Charles LECLERC,LEC,Ferrari,ED1131,2026-09-26 12:36:46.286000+00:00,2026-09-26 12:38:32.409000+00:00,True,False,1,3.0,MEDIUM,17.0,False,PENDING_TIME_INTERVAL_REVIEW,,Finalize after checking temporal overlap with race-control periods
1295,11377,16,50,2026-09-26T12:38:32.411000+00:00,38.036,43.289,24.959,206.0,210.0,False,106.284,"[None, 2048, 2048, 2048, 2048, 2048, 2048, 2049]","[2048, 2048, 2048, 2048, 2048, 2048, 2048, 2048, 2048, 2048]","[2049, 2049, 2049, 2048, 2048, 2048, 2048, 2048, 2048]",325.0,Charles LECLERC,LEC,Ferrari,ED1131,2026-09-26 12:38:32.411000+00:00,2026-09-26 12:40:18.695000+00:00,True,False,1,3.0,MEDIUM,18.0,False,PENDING_TIME_INTERVAL_REVIEW,,Finalize after checking temporal overlap with race-control periods
1295,11377,16,51,2026-09-26T12:40:18.680000+00:00,37.93,45.487,25.282,205.0,206.0,False,108.699,"[None, 2048, 2048, 2048, 2048, 2048, 2048, 2048]","[2048, 2048, 2048, 2048, 2048, 2049, 2048, 2048, 2048, 2048]","[2048, 2048, 2048, 2048, 2048, 2048, 2048, 2048, 2048]",323.0,Charles LECLERC,LEC,Ferrari,ED1131,2026-09-26 12:40:18.680000+00:00,2026-09-26 12:42:07.379000+00:00,True,False,1,3.0,MEDIUM,19.0,False,PENDING_TIME_INTERVAL_REVIEW,,Finalize after checking temporal overlap with race-control periods
1295,11377,18,1,2026-09-26T11:03:50.711000+00:00,51.052,51.109,26.149,160.0,188.0,False,128.31,"[2049, 2049, 2049, 2049, 2049, 2049, 2049, 2049]","[2049, 2049, 2049, 2049, 2049, 2049, 2049, 2049, 2049, 2049]","[2049, 2049, 2049, 2049, 2049, 2049, 2049, 2049, 2049]",314.0,Lance STROLL,STR,Aston Martin,229971,2026-09-26 11:03:50.711000+00:00,2026-09-26 11:05:59.021000+00:00,False,False,1,1.0,SOFT,0.0,False,PENDING_TIME_INTERVAL_REVIEW,,Finalize after checking temporal overlap with race-control periods
1295,11377,18,2,2026-09-26T11:05:59.021000+00:00,40.512,45.788,25.853,179.0,201.0,False,112.153,"[None, 2049, 2049, 2049, 2049, 2049, 2049, 2049]","[2049, 2049, 2049, 2049, 2049, 2049, 2049, 2049, 2049, 2049]","[2049, 2049, 2049, 2049, 2049, 2049, 2049, 2049, 2049]",321.0,Lance STROLL,STR,Aston Martin,229971,2026-09-26 11:05:59.021000+00:00,2026-09-26 11:07:51.174000+00:00,False,False,1,1.0,SOFT,1.0,False,PENDING_TIME_INTERVAL_REVIEW,,Finalize after checking temporal overlap with race-control periods
1295,11377,18,3,2026-09-26T11:07:51.154000+00:00,40.333,45.942,25.807,182.0,201.0,False,112.082,"[2048, 2049, 2049, 2048, 2048, 2049, 2049, 2049]","[2049, 2049, 2049, 2048, 2048, 2048, 2048, 2048, 2048, 2048]","[2049, 2049, 2049, 2049, 2049, 2048, 2048, 2048, 2049]",318.0,Lance STROLL,STR,Aston Martin,229971,2026-09-26 11:07:51.154000+00:00,2026-09-26 11:09:43.236000+00:00,False,False,1,1.0,SOFT,2.0,False,PENDING_TIME_INTERVAL_REVIEW,,Finalize after checking temporal overlap with race-control periods
1295,11377,18,4,2026-09-26T11:09:43.257000+00:00,40.603,46.03,25.725,180.0,194.0,False,112.358,"[None, 2049, 2048, 2049, 2048, 2048, 2048, 2048]","[2048, 2048, 2048, 2048, 2048, 2049, 2049, 2048, 2048, 2048]","[2048, 2048, 2049, 2049, 2049, 2049, 2049, 2049, 2049]",321.0,Lance STROLL,STR,Aston Martin,229971,2026-09-26 11:09:43.257000+00:00,2026-09-26 11:11:35.615000+00:00,False,False,1,1.0,SOFT,3.0,False,PENDING_TIME_INTERVAL_REVIEW,,Finalize after checking temporal overlap with race-control periods
1295,11377,18,5,2026-09-26T11:11:35.606000+00:00,40.187,46.243,25.922,184.0,192.0,False,112.352,"[None, 2049, 2048, 2049, 2049, 2048, 2049, 2048]","[2048, 2049, 2048, 2048, 2048, 2048, 2048, 2048, 2049, 2048]","[2048, 2048, 2048, 2048, 2048, 2048, 2048, 2048, 2048]",318.0,Lance STROLL,STR,Aston Martin,229971,2026-09-26 11:11:35.606000+00:00,2026-09-26 11:13:27.958000+00:00,False,False,1,1.0,SOFT,4.0,False,PENDING_TIME_INTERVAL_REVIEW,,Finalize after checking temporal overlap with race-control periods
1295,11377,18,6,2026-09-26T11:13:27.992000+00:00,40.228,45.909,25.737,183.0,200.0,False,111.874,"[None, 2049, 2049, 2048, 2049, 2048, 2048, 2048]","[2048, 2048, 2048, 2048, 2048, 2049, 2048, 2048, 2049, 2048]","[2049, 2049, 2048, 2048, 2048, 2048, 2048, 2048, 2048]",320.0,Lance STROLL,STR,Aston Martin,229971,2026-09-26 11:13:27.992000+00:00,2026-09-26 11:15:19.866000+00:00,False,False,1,1.0,SOFT,5.0,False,PENDING_TIME_INTERVAL_REVIEW,,Finalize after checking temporal overlap with race-control periods
1295,11377,18,7,2026-09-26T11:15:19.802000+00:00,39.886,45.937,25.9,190.0,197.0,False,111.723,"[None, 2049, 2049, 2048, 2048, 2049, 2049, 2049]","[2048, 2048, 2049, 2048, 2048, 2048, 2048, 2048, 2048, 2048]","[2048, 2048, 2048, 2048, 2048, 2048, 2048, 2048, 2048]",317.0,Lance STROLL,STR,Aston Martin,229971,2026-09-26 11:15:19.802000+00:00,2026-09-26 11:17:11.525000+00:00,False,False,1,1.0,SOFT,6.0,False,PENDING_TIME_INTERVAL_REVIEW,,Finalize after checking temporal overlap with race-control periods
1295,11377,18,8,2026-09-26T11:17:11.605000+00:00,39.781,,,195.0,,False,,"[None, 2049, 2049, 2048, 2048, 2048, 2049, 2049]",[2048],,,Lance STROLL,STR,Aston Martin,229971,2026-09-26 11:17:11.605000+00:00,,False,False,0,,,,False,PENDING_TIME_INTERVAL_REVIEW,,Finalize after checking temporal overlap with race-control periods
1295,11377,23,1,2026-09-26T11:03:50.711000+00:00,48.005,46.756,25.119,166.0,188.0,False,119.88,"[2048, 2049, 2049, 2049, 2049, 2049, 2049, 2049]","[2049, 2049, 2049, 2049, 2049, 2049, 2049, 2049, 2049, 2049]","[2049, 2049, 2049, 2049, 2049, 2049, 2049, 2049, 2049]",342.0,Alexander ALBON,ALB,Williams,1868DB,2026-09-26 11:03:50.711000+00:00,2026-09-26 11:05:50.591000+00:00,False,False,1,1.0,SOFT,0.0,False,PENDING_TIME_INTERVAL_REVIEW,,Finalize after checking temporal overlap with race-control periods
1295,11377,23,2,2026-09-26T11:05:50.591000+00:00,41.062,45.45,25.289,171.0,195.0,False,111.801,"[2049, 2049, 2049, 2048, 2049, 2049, 2049, 2049]","[2049, 2049, 2049, 2049, 2049, 2049, 2049, 2048, 2049, 2049]","[2049, 2049, 2048, 2048, 2048, 2048, 2049, 2049, 2049]",336.0,Alexander ALBON,ALB,Williams,1868DB,2026-09-26 11:05:50.591000+00:00,2026-09-26 11:07:42.392000+00:00,False,False,1,1.0,SOFT,1.0,False,PENDING_TIME_INTERVAL_REVIEW,,Finalize after checking temporal overlap with race-control periods
1295,11377,23,3,2026-09-26T11:07:42.363000+00:00,39.788,45.391,25.209,179.0,190.0,False,110.388,"[2048, 2049, 2049, 2048, 2048, 2049, 2049, 2049]","[2049, 2048, 2049, 2048, 2048, 2048, 2048, 2049, 2049, 2048]","[2048, 2049, 2049, 2049, 2048, 2048, 2048, 2048, 2048]",334.0,Alexander ALBON,ALB,Williams,1868DB,2026-09-26 11:07:42.363000+00:00,2026-09-26 11:09:32.751000+00:00,False,False,1,1.0,SOFT,2.0,False,PENDING_TIME_INTERVAL_REVIEW,,Finalize after checking temporal overlap with race-control periods
1295,11377,23,4,2026-09-26T11:09:32.784000+00:00,39.449,45.308,25.305,187.0,194.0,False,110.062,"[None, 2048, 2049, 2048, 2049, 2049, 2049, 2048]","[2049, 2048, 2048, 2048, 2049, 2048, 2049, 2049, 2048, 2048]","[2048, 2048, 2048, 2049, 2048, 2048, 2048, 2048, 2048]",334.0,Alexander ALBON,ALB,Williams,1868DB,2026-09-26 11:09:32.784000+00:00,2026-09-26 11:11:22.846000+00:00,False,False,1,1.0,SOFT,3.0,False,PENDING_TIME_INTERVAL_REVIEW,,Finalize after checking temporal overlap with race-control periods
1295,11377,23,5,2026-09-26T11:11:22.821000+00:00,39.285,44.947,25.319,188.0,201.0,False,109.551,"[None, 2049, 2049, 2048, 2049, 2048, 2049, 2048]","[2049, 2048, 2049, 2049, 2048, 2048, 2049, 2051, 2049, 2049]","[2048, 2048, 2048, 2048, 2048, 2048, 2048, 2048, 2048]",333.0,Alexander ALBON,ALB,Williams,1868DB,2026-09-26 11:11:22.821000+00:00,2026-09-26 11:13:12.372000+00:00,False,False,1,1.0,SOFT,4.0,False,PENDING_TIME_INTERVAL_REVIEW,,Finalize after checking temporal overlap with race-control periods
1295,11377,23,6,2026-09-26T11:13:12.408000+00:00,39.458,45.361,25.013,184.0,193.0,False,109.832,"[2049, 2048, 2049, 2048, 2048, 2048, 2048, 2048]","[2048, 2048, 2048, 2049, 2048, 2049, 2048, 2048, 2048, 2048]","[2048, 2048, 2049, 2049, 2049, 2048, 2048, 2048, 2048]",335.0,Alexander ALBON,ALB,Williams,1868DB,2026-09-26 11:13:12.408000+00:00,2026-09-26 11:15:02.240000+00:00,False,False,1,1.0,SOFT,5.0,False,PENDING_TIME_INTERVAL_REVIEW,,Finalize after checking temporal overlap with race-control periods
1295,11377,23,7,2026-09-26T11:15:02.268000+00:00,39.469,45.089,25.142,193.0,193.0,False,109.7,"[2048, 2048, 2048, 2048, 2049, 2048, 2048, 2049]","[2048, 2048, 2048, 2049, 2048, 2049, 2049, 2051, 2048, 2048]","[2048, 2048, 2048, 2048, 2048, 2048, 2049, 2048, 2048]",343.0,Alexander ALBON,ALB,Williams,1868DB,2026-09-26 11:15:02.268000+00:00,2026-09-26 11:16:51.968000+00:00,False,False,1,1.0,SOFT,6.0,False,PENDING_TIME_INTERVAL_REVIEW,,Finalize after checking temporal overlap with race-control periods
1295,11377,23,8,2026-09-26T11:16:51.936000+00:00,39.443,45.135,24.941,190.0,188.0,False,109.519,"[None, 2048, 2048, 2048, 2049, 2048, 2048, 2048]","[2048, 2048, 2048, 2049, 2048, 2048, 2048, 2048, 2049, 2048]","[2048, 2048, 2048, 2048, 2051, 2048, 2048, 2048, 2049]",340.0,Alexander ALBON,ALB,Williams,1868DB,2026-09-26 11:16:51.936000+00:00,2026-09-26 11:18:41.455000+00:00,False,False,1,1.0,SOFT,7.0,False,PENDING_TIME_INTERVAL_REVIEW,,Finalize after checking temporal overlap with race-control periods
1295,11377,23,9,2026-09-26T11:18:41.457000+00:00,39.53,45.02,25.117,195.0,191.0,False,109.667,"[None, 2048, 2048, 2049, 2048, 2048, 2048, 2048]","[2048, 2048, 2048, 2049, 2048, 2049, 2049, 2048, 2048, 2048]","[2048, 2048, 2048, 2048, 2048, 2048, 2048, 2048, 2048]",340.0,Alexander ALBON,ALB,Williams,1868DB,2026-09-26 11:18:41.457000+00:00,2026-09-26 11:20:31.124000+00:00,False,False,1,1.0,SOFT,8.0,False,PENDING_TIME_INTERVAL_REVIEW,,Finalize after checking temporal overlap with race-control periods
1295,11377,23,10,2026-09-26T11:20:31.088000+00:00,39.354,44.934,24.961,191.0,198.0,False,109.249,"[None, 2048, 2048, 2048, 2048, 2048, 2048, 2048]","[2048, 2048, 2048, 2048, 2048, 2048, 2048, 2048, 2048, 2048]","[2048, 2048, 2048, 2049, 2048, 2048, 2048, 2048, 2048]",337.0,Alexander ALBON,ALB,Williams,1868DB,2026-09-26 11:20:31.088000+00:00,2026-09-26 11:22:20.337000+00:00,False,False,1,1.0,SOFT,9.0,False,PENDING_TIME_INTERVAL_REVIEW,,Finalize after checking temporal overlap with race-control periods
1295,11377,23,11,2026-09-26T11:22:20.350000+00:00,40.252,45.114,24.966,186.0,191.0,False,110.332,"[2051, 2048, 2048, 2048, 2048, 2048, 2048, 2048]","[2048, 2048, 2048, 2048, 2048, 2048, 2049, 2048, 2048, 2048]","[2048, 2049, 2049, 2048, 2048, 2048, 2048, 2048, 2048]",337.0,Alexander ALBON,ALB,Williams,1868DB,2026-09-26 11:22:20.350000+00:00,2026-09-26 11:24:10.682000+00:00,False,False,1,1.0,SOFT,10.0,False,PENDING_TIME_INTERVAL_REVIEW,,Finalize after checking temporal overlap with race-control periods
1295,11377,23,12,2026-09-26T11:24:10.636000+00:00,40.311,45.148,24.982,178.0,188.0,False,110.441,"[2048, 2048, 2048, 2048, 2048, 2048, 2048, 2048]","[2048, 2048, 2048, 2048, 2048, 2048, 2048, 2048, 2048, 2048]","[2048, 2048, 2049, 2049, 2048, 2048, 2048, 2048, 2048]",336.0,Alexander ALBON,ALB,Williams,1868DB,2026-09-26 11:24:10.636000+00:00,2026-09-26 11:26:01.077000+00:00,False,False,1,1.0,SOFT,11.0,False,PENDING_TIME_INTERVAL_REVIEW,,Finalize after checking temporal overlap with race-control periods
1295,11377,23,13,2026-09-26T11:26:01.179000+00:00,39.635,44.984,24.966,181.0,198.0,False,109.585,"[None, 2048, 2048, 2049, 2048, 2048, 2048, 2048]","[2048, 2048, 2048, 2048, 2048, 2048, 2048, 2048, 2048, 2049]","[2048, 2048, 2049, 2049, 2048, 2048, 2048, 2048, 2048]",335.0,Alexander ALBON,ALB,Williams,1868DB,2026-09-26 11:26:01.179000+00:00,2026-09-26 11:27:50.764000+00:00,False,False,1,1.0,SOFT,12.0,False,PENDING_TIME_INTERVAL_REVIEW,,Finalize after checking temporal overlap with race-control periods
1295,11377,23,14,2026-09-26T11:27:50.679000+00:00,39.501,44.77,24.935,194.0,196.0,False,109.206,"[None, 2048, 2048, 2048, 2049, 2048, 2048, 2048]","[2049, 2048, 2048, 2049, 2048, 2048, 2049, 2051, 2048, 2048]","[2049, 2048, 2048, 2049, 2049, 2048, 2048, 2048, 2048]",335.0,Alexander ALBON,ALB,Williams,1868DB,2026-09-26 11:27:50.679000+00:00,2026-09-26 11:29:39.885000+00:00,False,False,1,1.0,SOFT,13.0,False,PENDING_TIME_INTERVAL_REVIEW,,Finalize after checking temporal overlap with race-control periods
1295,11377,23,15,2026-09-26T11:29:39.930000+00:00,39.4,44.583,25.04,193.0,196.0,False,109.023,"[None, 2048, 2048, 2048, 2048, 2048, 2048, 2049]","[2048, 2048, 2049, 2049, 2049, 2049, 2049, 2051, 2048, 2048]","[2048, 2048, 2048, 2048, 2048, 2048, 2048, 2048, 2048]",335.0,Alexander ALBON,ALB,Williams,1868DB,2026-09-26 11:29:39.930000+00:00,2026-09-26 11:31:28.953000+00:00,False,False,1,1.0,SOFT,14.0,False,PENDING_TIME_INTERVAL_REVIEW,,Finalize after checking temporal overlap with race-control periods
1295,11377,23,16,2026-09-26T11:31:28.988000+00:00,39.27,44.922,25.289,195.0,193.0,False,109.481,"[None, 2049, 2048, 2048, 2048, 2049, 2048, 2048]","[2049, 2048, 2048, 2048, 2048, 2048, 2048, 2051, 2048, 2048]","[2048, 2048, 2048, 2048, 2048, 2048, 2048, 2048, 2048]",332.0,Alexander ALBON,ALB,Williams,1868DB,2026-09-26 11:31:28.988000+00:00,2026-09-26 11:33:18.469000+00:00,False,False,1,1.0,SOFT,15.0,False,PENDING_TIME_INTERVAL_REVIEW,,Finalize after checking temporal overlap with race-control periods
1295,11377,23,17,2026-09-26T11:33:18.477000+00:00,39.048,44.503,25.164,192.0,200.0,False,108.715,"[None, 2049, 2049, 2048, 2048, 2048, 2049, 2048]","[2049, 2048, 2048, 2049, 2049, 2048, 2048, 2048, 2049, 2048]","[2049, 2048, 2048, 2048, 2048, 2048, 2048, 2048, 2048]",328.0,Alexander ALBON,ALB,Williams,1868DB,2026-09-26 11:33:18.477000+00:00,2026-09-26 11:35:07.192000+00:00,False,False,1,1.0,SOFT,16.0,False,PENDING_TIME_INTERVAL_REVIEW,,Finalize after checking temporal overlap with race-control periods
1295,11377,23,18,2026-09-26T11:35:07.157000+00:00,39.066,44.829,25.312,188.0,196.0,False,109.207,"[None, 2049, 2048, 2048, 2049, 2048, 2049, 2048]","[2048, 2048, 2048, 2048, 2048, 2048, 2048, 2048, 2048, 2048]","[2048, 2048, 2048, 2048, 2048, 2048, 2048, 2048, 2048]",325.0,Alexander ALBON,ALB,Williams,1868DB,2026-09-26 11:35:07.157000+00:00,2026-09-26 11:36:56.364000+00:00,False,False,1,1.0,SOFT,17.0,False,PENDING_TIME_INTERVAL_REVIEW,,Finalize after checking temporal overlap with race-control periods
1295,11377,23,19,2026-09-26T11:36:56.360000+00:00,38.981,44.738,25.274,191.0,206.0,False,108.993,"[None, 2049, 2048, 2048, 2048, 2049, 2048, 2048]","[2048, 2048, 2048, 2048, 2048, 2048, 2048, 2048, 2048, 2049]","[2049, 2049, 2048, 2048, 2048, 2048, 2048, 2048, 2048]",329.0,Alexander ALBON,ALB,Williams,1868DB,2026-09-26 11:36:56.360000+00:00,2026-09-26 11:38:45.353000+00:00,False,False,1,1.0,SOFT,18.0,False,PENDING_TIME_INTERVAL_REVIEW,,Finalize after checking temporal overlap with race-control periods
1295,11377,23,20,2026-09-26T11:38:45.325000+00:00,38.968,44.725,25.17,194.0,204.0,False,108.863,"[None, 2049, 2048, 2048, 2048, 2049, 2048, 2048]","[2048, 2048, 2048, 2048, 2048, 2048, 2048, 2048, 2048, 2049]","[2048, 2049, 2048, 2048, 2048, 2048, 2048, 2048, 2048]",329.0,Alexander ALBON,ALB,Williams,1868DB,2026-09-26 11:38:45.325000+00:00,2026-09-26 11:40:34.188000+00:00,False,False,1,1.0,SOFT,19.0,False,PENDING_TIME_INTERVAL_REVIEW,,Finalize after checking temporal overlap with race-control periods
1295,11377,23,21,2026-09-26T11:40:34.269000+00:00,38.878,44.748,25.175,191.0,201.0,False,108.801,"[None, 2048, 2049, 2048, 2048, 2048, 2048, 2048]","[2048, 2048, 2048, 2048, 2048, 2048, 2048, 2048, 2048, 2049]","[2048, 2048, 2048, 2048, 2048, 2048, 2048, 2048, 2048]",328.0,Alexander ALBON,ALB,Williams,1868DB,2026-09-26 11:40:34.269000+00:00,2026-09-26 11:42:23.070000+00:00,False,False,1,1.0,SOFT,20.0,False,PENDING_TIME_INTERVAL_REVIEW,,Finalize after checking temporal overlap with race-control periods
1295,11377,23,22,2026-09-26T11:42:22.994000+00:00,39.043,44.768,25.28,194.0,202.0,False,109.091,"[None, 2048, 2048, 2048, 2048, 2048, 2048, 2048]","[2048, 2048, 2048, 2048, 2048, 2048, 2048, 2048, 2048, 2048]","[2048, 2049, 2049, 2048, 2048, 2048, 2048, 2048, 2048]",325.0,Alexander ALBON,ALB,Williams,1868DB,2026-09-26 11:42:22.994000+00:00,2026-09-26 11:44:12.085000+00:00,False,False,1,1.0,SOFT,21.0,False,PENDING_TIME_INTERVAL_REVIEW,,Finalize after checking temporal overlap with race-control periods
1295,11377,23,23,2026-09-26T11:44:12.129000+00:00,38.876,44.747,25.282,192.0,198.0,False,108.905,"[None, 2048, 2048, 2048, 2048, 2048, 2048, 2048]","[2048, 2048, 2048, 2048, 2048, 2048, 2048, 2051, 2048, 2048]","[2048, 2048, 2048, 2048, 2048, 2048, 2048, 2048, 2048]",326.0,Alexander ALBON,ALB,Williams,1868DB,2026-09-26 11:44:12.129000+00:00,2026-09-26 11:46:01.034000+00:00,False,False,1,1.0,SOFT,22.0,False,PENDING_TIME_INTERVAL_REVIEW,,Finalize after checking temporal overlap with race-control periods
1295,11377,23,24,2026-09-26T11:46:00.987000+00:00,39.193,44.712,25.414,191.0,201.0,False,109.319,"[None, 2048, 2048, 2048, 2049, 2048, 2048, 2048]","[2048, 2048, 2048, 2048, 2048, 2048, 2048, 2048, 2048, 2048]","[2048, 2048, 2048, 2048, 2048, 2048, 2048, 2048, 2048]",326.0,Alexander ALBON,ALB,Williams,1868DB,2026-09-26 11:46:00.987000+00:00,2026-09-26 11:47:50.306000+00:00,False,False,1,1.0,SOFT,23.0,False,PENDING_TIME_INTERVAL_REVIEW,,Finalize after checking temporal overlap with race-control periods
1295,11377,23,25,2026-09-26T11:47:50.332000+00:00,38.926,44.666,25.142,,204.0,False,108.734,"[None, 2048, 2048, 2048, 2048, 2048, 2048, 2048]","[2048, 2048, 2049, 2048, 2048, 2048, 2048, 2048, 2048, 2048]","[2048, 2049, 2049, 2048, 2048, 2048, 2048, 2048, 2048]",329.0,Alexander ALBON,ALB,Williams,1868DB,2026-09-26 11:47:50.332000+00:00,2026-09-26 11:49:39.066000+00:00,False,False,1,1.0,SOFT,24.0,False,PENDING_TIME_INTERVAL_REVIEW,,Finalize after checking temporal overlap with race-control periods
1295,11377,23,26,2026-09-26T11:49:39.108000+00:00,38.873,44.517,25.243,196.0,200.0,False,108.633,"[None, 2048, 2049, 2049, 2048, 2048, 2048, 2049]","[2048, 2048, 2049, 2048, 2048, 2048, 2048, 2048, 2048, 2048]","[2048, 2048, 2048, 2048, 2048, 2048, 2048, 2048, 2048]",330.0,Alexander ALBON,ALB,Williams,1868DB,2026-09-26 11:49:39.108000+00:00,2026-09-26 11:51:27.741000+00:00,False,False,1,1.0,SOFT,25.0,False,PENDING_TIME_INTERVAL_REVIEW,,Finalize after checking temporal overlap with race-control periods
1295,11377,23,27,2026-09-26T11:51:27.722000+00:00,38.891,44.51,25.161,198.0,203.0,False,108.562,"[None, 2048, 2048, 2048, 2048, 2048, 2048, 2049]","[2049, 2048, 2049, 2048, 2048, 2048, 2048, 2048, 2048, 2048]","[2048, 2048, 2049, 2048, 2048, 2048, 2048, 2048, 2048]",328.0,Alexander ALBON,ALB,Williams,1868DB,2026-09-26 11:51:27.722000+00:00,2026-09-26 11:53:16.284000+00:00,False,False,1,1.0,SOFT,26.0,False,PENDING_TIME_INTERVAL_REVIEW,,Finalize after checking temporal overlap with race-control periods
1295,11377,23,28,2026-09-26T11:53:16.312000+00:00,40.37,44.579,25.357,182.0,206.0,False,110.306,"[None, 2048, 2048, 2048, 2048, 2048, 2048, 2048]","[2048, 2048, 2048, 2048, 2048, 2049, 2048, 2048, 2048, 2049]","[2048, 2048, 2048, 2048, 2048, 2048, 2048, 2048, 2048]",328.0,Alexander ALBON,ALB,Williams,1868DB,2026-09-26 11:53:16.312000+00:00,2026-09-26 11:55:06.618000+00:00,False,False,1,1.0,SOFT,27.0,False,PENDING_TIME_INTERVAL_REVIEW,,Finalize after checking temporal overlap with race-control periods
1295,11377,23,29,2026-09-26T11:55:06.618000+00:00,39.003,44.292,25.148,198.0,208.0,False,108.443,"[None, 2049, 2048, 2048, 2048, 2048, 2048, 2048]","[2048, 2048, 2049, 2049, 2048, 2049, 2048, 2048, 2048, 2048]","[2049, 2049, 2048, 2048, 2048, 2048, 2048, 2048, 2048]",331.0,Alexander ALBON,ALB,Williams,1868DB,2026-09-26 11:55:06.618000+00:00,2026-09-26 11:56:55.061000+00:00,False,False,1,1.0,SOFT,28.0,False,PENDING_TIME_INTERVAL_REVIEW,,Finalize after checking temporal overlap with race-control periods
1295,11377,23,30,2026-09-26T11:56:55.023000+00:00,38.887,,,207.0,,False,,"[None, 2048, 2048, 2048, 2048, 2048, 2048, 2049]",[2052],,,Alexander ALBON,ALB,Williams,1868DB,2026-09-26 11:56:55.023000+00:00,,False,False,0,,,,False,PENDING_TIME_INTERVAL_REVIEW,,Finalize after checking temporal overlap with race-control periods
1295,11377,27,1,2026-09-26T11:03:50.711000+00:00,49.434,48.117,25.947,163.0,190.0,False,123.498,"[2049, 2049, 2049, 2049, 2049, 2049, 2049, 2049]","[2049, 2049, 2049, 2049, 2049, 2049, 2049, 2049, 2049, 2049]","[2049, 2049, 2049, 2049, 2049, 2049, 2049, 2049, 2049]",329.0,Nico HULKENBERG,HUL,Audi,F50537,2026-09-26 11:03:50.711000+00:00,2026-09-26 11:05:54.209000+00:00,False,False,1,1.0,MEDIUM,0.0,False,PENDING_TIME_INTERVAL_REVIEW,,Finalize after checking temporal overlap with race-control periods
1295,11377,27,2,2026-09-26T11:05:54.209000+00:00,40.105,45.582,25.794,180.0,193.0,False,111.481,"[None, 2049, 2049, 2048, 2049, 2049, 2049, 2049]","[2049, 2049, 2049, 2049, 2049, 2049, 2049, 2049, 2049, 2049]","[2049, 2049, 2049, 2049, 2049, 2048, 2048, 2048, 2048]",320.0,Nico HULKENBERG,HUL,Audi,F50537,2026-09-26 11:05:54.209000+00:00,2026-09-26 11:07:45.690000+00:00,False,False,1,1.0,MEDIUM,1.0,False,PENDING_TIME_INTERVAL_REVIEW,,Finalize after checking temporal overlap with race-control periods
1295,11377,27,3,2026-09-26T11:07:45.411000+00:00,40.218,45.466,25.727,190.0,178.0,False,111.411,"[2048, 2049, 2048, 2049, 2049, 2048, 2048, 2049]","[2049, 2048, 2049, 2049, 2048, 2048, 2048, 2049, 2049, 2048]","[2048, 2049, 2048, 2048, 2049, 2048, 2048, 2049, 2049]",325.0,Nico HULKENBERG,HUL,Audi,F50537,2026-09-26 11:07:45.411000+00:00,2026-09-26 11:09:36.822000+00:00,False,False,1,1.0,MEDIUM,2.0,False,PENDING_TIME_INTERVAL_REVIEW,,Finalize after checking temporal overlap with race-control periods
1295,11377,27,4,2026-09-26T11:09:36.847000+00:00,39.637,45.522,25.539,188.0,196.0,False,110.698,"[None, 2049, 2049, 2049, 2049, 2049, 2049, 2048]","[2048, 2048, 2048, 2048, 2048, 2048, 2048, 2049, 2049, 2049]","[2048, 2048, 2049, 2049, 2049, 2049, 2049, 2048, 2048]",330.0,Nico HULKENBERG,HUL,Audi,F50537,2026-09-26 11:09:36.847000+00:00,2026-09-26 11:11:27.545000+00:00,False,False,1,1.0,MEDIUM,3.0,False,PENDING_TIME_INTERVAL_REVIEW,,Finalize after checking temporal overlap with race-control periods
1295,11377,27,5,2026-09-26T11:11:27.570000+00:00,39.532,45.613,25.26,187.0,199.0,False,110.405,"[2049, 2049, 2049, 2048, 2048, 2048, 2048, 2049]","[2048, 2048, 2048, 2049, 2049, 2048, 2048, 2049, 2049, 2049]","[2049, 2049, 2049, 2049, 2049, 2049, 2049, 2049, 2048]",331.0,Nico HULKENBERG,HUL,Audi,F50537,2026-09-26 11:11:27.570000+00:00,2026-09-26 11:13:17.975000+00:00,False,False,1,1.0,MEDIUM,4.0,False,PENDING_TIME_INTERVAL_REVIEW,,Finalize after checking temporal overlap with race-control periods
1295,11377,27,6,2026-09-26T11:13:17.943000+00:00,39.544,45.384,24.879,190.0,199.0,False,109.807,"[None, 2049, 2048, 2048, 2048, 2048, 2048, 2048]","[2048, 2048, 2049, 2049, 2048, 2048, 2048, 2049, 2048, 2049]","[2049, 2049, 2049, 2049, 2049, 2049, 2049, 2049, 2049]",343.0,Nico HULKENBERG,HUL,Audi,F50537,2026-09-26 11:13:17.943000+00:00,2026-09-26 11:15:07.750000+00:00,False,False,1,1.0,MEDIUM,5.0,False,PENDING_TIME_INTERVAL_REVIEW,,Finalize after checking temporal overlap with race-control periods
1295,11377,27,7,2026-09-26T11:15:07.675000+00:00,40.268,45.31,25.13,195.0,204.0,False,110.708,"[2048, 2048, 2048, 2048, 2048, 2048, 2048, 2048]","[2049, 2048, 2049, 2048, 2048, 2048, 2048, 2048, 2048, 2049]","[2048, 2048, 2048, 2049, 2048, 2048, 2048, 2049, 2048]",333.0,Nico HULKENBERG,HUL,Audi,F50537,2026-09-26 11:15:07.675000+00:00,2026-09-26 11:16:58.383000+00:00,False,False,1,1.0,MEDIUM,6.0,False,PENDING_TIME_INTERVAL_REVIEW,,Finalize after checking temporal overlap with race-control periods
1295,11377,27,8,2026-09-26T11:16:58.377000+00:00,39.49,45.179,24.981,191.0,196.0,False,109.65,"[None, 2048, 2048, 2048, 2049, 2048, 2049, 2048]","[2048, 2049, 2049, 2048, 2048, 2048, 2048, 2048, 2048, 2048]","[2048, 2048, 2049, 2049, 2049, 2048, 2048, 2049, 2049]",336.0,Nico HULKENBERG,HUL,Audi,F50537,2026-09-26 11:16:58.377000+00:00,2026-09-26 11:18:48.027000+00:00,False,False,1,1.0,MEDIUM,7.0,False,PENDING_TIME_INTERVAL_REVIEW,,Finalize after checking temporal overlap with race-control periods
1295,11377,27,9,2026-09-26T11:18:48.109000+00:00,39.01,44.771,25.54,196.0,209.0,False,109.321,"[2049, 2048, 2049, 2048, 2048, 2049, 2049, 2048]","[2049, 2048, 2049, 2049, 2048, 2048, 2048, 2049, 2048, 2049]","[2048, 2048, 2048, 2048, 2048, 2048, 2048, 2048, 2048]",328.0,Nico HULKENBERG,HUL,Audi,F50537,2026-09-26 11:18:48.109000+00:00,2026-09-26 11:20:37.430000+00:00,False,False,1,1.0,MEDIUM,8.0,False,PENDING_TIME_INTERVAL_REVIEW,,Finalize after checking temporal overlap with race-control periods
1295,11377,27,10,2026-09-26T11:20:37.370000+00:00,39.309,45.289,25.701,193.0,195.0,False,110.299,"[2048, 2048, 2048, 2048, 2048, 2048, 2048, 2048]","[2048, 2048, 2048, 2048, 2049, 2048, 2048, 2048, 2048, 2048]","[2048, 2048, 2048, 2048, 2048, 2048, 2048, 2048, 2048]",323.0,Nico HULKENBERG,HUL,Audi,F50537,2026-09-26 11:20:37.370000+00:00,2026-09-26 11:22:27.669000+00:00,False,False,1,1.0,MEDIUM,9.0,False,PENDING_TIME_INTERVAL_REVIEW,,Finalize after checking temporal overlap with race-control periods
1295,11377,27,11,2026-09-26T11:22:27.657000+00:00,39.213,44.9,25.729,199.0,203.0,False,109.842,"[None, 2048, 2049, 2048, 2048, 2049, 2048, 2048]","[2048, 2048, 2049, 2048, 2048, 2048, 2048, 2049, 2049, 2048]","[2048, 2048, 2048, 2048, 2048, 2048, 2048, 2048, 2048]",322.0,Nico HULKENBERG,HUL,Audi,F50537,2026-09-26 11:22:27.657000+00:00,2026-09-26 11:24:17.499000+00:00,False,False,1,1.0,MEDIUM,10.0,False,PENDING_TIME_INTERVAL_REVIEW,,Finalize after checking temporal overlap with race-control periods
1295,11377,27,12,2026-09-26T11:24:17.589000+00:00,39.249,44.737,25.684,189.0,208.0,False,109.67,"[None, 2049, 2048, 2048, 2048, 2048, 2048, 2048]","[2048, 2048, 2049, 2048, 2049, 2048, 2048, 2048, 2048, 2048]","[2049, 2048, 2048, 2048, 2048, 2048, 2048, 2048, 2048]",326.0,Nico HULKENBERG,HUL,Audi,F50537,2026-09-26 11:24:17.589000+00:00,2026-09-26 11:26:07.259000+00:00,False,False,1,1.0,MEDIUM,11.0,False,PENDING_TIME_INTERVAL_REVIEW,,Finalize after checking temporal overlap with race-control periods
1295,11377,27,13,2026-09-26T11:26:07.150000+00:00,38.964,44.79,25.736,199.0,200.0,False,109.49,"[None, 2048, 2048, 2048, 2048, 2048, 2049, 2048]","[2048, 2048, 2049, 2048, 2048, 2048, 2048, 2048, 2048, 2048]","[2048, 2048, 2048, 2048, 2048, 2048, 2048, 2048, 2048]",325.0,Nico HULKENBERG,HUL,Audi,F50537,2026-09-26 11:26:07.150000+00:00,2026-09-26 11:27:56.640000+00:00,False,False,1,1.0,MEDIUM,12.0,False,PENDING_TIME_INTERVAL_REVIEW,,Finalize after checking temporal overlap with race-control periods
1295,11377,27,14,2026-09-26T11:27:56.704000+00:00,39.091,44.676,25.667,202.0,205.0,False,109.434,"[None, 2049, 2048, 2048, 2048, 2049, 2048, 2048]","[2048, 2048, 2048, 2048, 2048, 2048, 2048, 2048, 2049, 2048]","[2049, 2048, 2048, 2048, 2048, 2048, 2048, 2048, 2048]",327.0,Nico HULKENBERG,HUL,Audi,F50537,2026-09-26 11:27:56.704000+00:00,2026-09-26 11:29:46.138000+00:00,False,False,1,1.0,MEDIUM,13.0,False,PENDING_TIME_INTERVAL_REVIEW,,Finalize after checking temporal overlap with race-control periods
1295,11377,27,15,2026-09-26T11:29:46.116000+00:00,39.282,44.676,25.696,199.0,206.0,False,109.654,"[None, 2048, 2048, 2048, 2048, 2048, 2048, 2048]","[2048, 2048, 2048, 2048, 2048, 2048, 2048, 2048, 2048, 2048]","[2049, 2049, 2048, 2048, 2048, 2048, 2048, 2048, 2048]",326.0,Nico HULKENBERG,HUL,Audi,F50537,2026-09-26 11:29:46.116000+00:00,2026-09-26 11:31:35.770000+00:00,False,False,1,1.0,MEDIUM,14.0,False,PENDING_TIME_INTERVAL_REVIEW,,Finalize after checking temporal overlap with race-control periods
1295,11377,27,16,2026-09-26T11:31:35.732000+00:00,39.207,44.558,25.765,196.0,206.0,False,109.53,"[None, 2048, 2048, 2048, 2048, 2049, 2048, 2048]","[2048, 2048, 2048, 2048, 2048, 2048, 2048, 2049, 2049, 2048]","[2048, 2048, 2048, 2048, 2048, 2048, 2048, 2048, 2048]",325.0,Nico HULKENBERG,HUL,Audi,F50537,2026-09-26 11:31:35.732000+00:00,2026-09-26 11:33:25.262000+00:00,False,False,1,1.0,MEDIUM,15.0,False,PENDING_TIME_INTERVAL_REVIEW,,Finalize after checking temporal overlap with race-control periods
1295,11377,27,17,2026-09-26T11:33:25.322000+00:00,39.146,44.656,25.78,197.0,198.0,False,109.582,"[None, 2048, 2048, 2048, 2048, 2048, 2048, 2048]","[2048, 2048, 2048, 2048, 2049, 2048, 2048, 2048, 2048, 2048]","[2048, 2049, 2048, 2048, 2048, 2048, 2048, 2048, 2048]",324.0,Nico HULKENBERG,HUL,Audi,F50537,2026-09-26 11:33:25.322000+00:00,2026-09-26 11:35:14.904000+00:00,False,False,1,1.0,MEDIUM,16.0,False,PENDING_TIME_INTERVAL_REVIEW,,Finalize after checking temporal overlap with race-control periods
1295,11377,27,18,2026-09-26T11:35:15.023000+00:00,39.175,44.792,25.865,198.0,200.0,False,109.832,"[None, 2048, 2048, 2048, 2048, 2048, 2048, 2048]","[2048, 2048, 2048, 2048, 2048, 2048, 2048, 2048, 2048, 2048]","[2048, 2048, 2048, 2048, 2048, 2048, 2048, 2048, 2048]",322.0,Nico HULKENBERG,HUL,Audi,F50537,2026-09-26 11:35:15.023000+00:00,2026-09-26 11:37:04.855000+00:00,False,False,1,1.0,MEDIUM,17.0,False,PENDING_TIME_INTERVAL_REVIEW,,Finalize after checking temporal overlap with race-control periods
1295,11377,27,19,2026-09-26T11:37:04.698000+00:00,39.068,44.6,25.785,194.0,206.0,False,109.453,"[None, 2048, 2049, 2048, 2048, 2048, 2048, 2048]","[2048, 2048, 2048, 2048, 2048, 2048, 2048, 2048, 2048, 2048]","[2048, 2049, 2048, 2048, 2048, 2048, 2048, 2048, 2048]",321.0,Nico HULKENBERG,HUL,Audi,F50537,2026-09-26 11:37:04.698000+00:00,2026-09-26 11:38:54.151000+00:00,False,False,1,1.0,MEDIUM,18.0,False,PENDING_TIME_INTERVAL_REVIEW,,Finalize after checking temporal overlap with race-control periods
1295,11377,27,20,2026-09-26T11:38:54.224000+00:00,39.093,44.695,25.678,202.0,204.0,False,109.466,"[None, 2048, 2048, 2048, 2048, 2048, 2048, 2048]","[2048, 2048, 2048, 2048, 2048, 2048, 2048, 2048, 2048, 2048]","[2048, 2049, 2048, 2048, 2048, 2048, 2048, 2048, 2048]",324.0,Nico HULKENBERG,HUL,Audi,F50537,2026-09-26 11:38:54.224000+00:00,2026-09-26 11:40:43.690000+00:00,False,False,1,1.0,MEDIUM,19.0,False,PENDING_TIME_INTERVAL_REVIEW,,Finalize after checking temporal overlap with race-control periods
1295,11377,27,21,2026-09-26T11:40:43.608000+00:00,39.276,44.611,25.743,195.0,205.0,False,109.63,"[None, 2048, 2048, 2048, 2049, 2048, 2048, 2048]","[2048, 2048, 2048, 2048, 2048, 2048, 2048, 2048, 2048, 2048]","[2048, 2048, 2048, 2048, 2048, 2048, 2048, 2048, 2048]",323.0,Nico HULKENBERG,HUL,Audi,F50537,2026-09-26 11:40:43.608000+00:00,2026-09-26 11:42:33.238000+00:00,False,False,1,1.0,MEDIUM,20.0,False,PENDING_TIME_INTERVAL_REVIEW,,Finalize after checking temporal overlap with race-control periods
1295,11377,27,22,2026-09-26T11:42:33.210000+00:00,39.435,44.559,25.848,196.0,203.0,False,109.842,"[None, 2048, 2048, 2048, 2048, 2048, 2048, 2048]","[2048, 2048, 2049, 2048, 2048, 2048, 2048, 2048, 2048, 2048]","[2048, 2048, 2048, 2048, 2048, 2048, 2048, 2048, 2048]",320.0,Nico HULKENBERG,HUL,Audi,F50537,2026-09-26 11:42:33.210000+00:00,2026-09-26 11:44:23.052000+00:00,False,False,1,1.0,MEDIUM,21.0,False,PENDING_TIME_INTERVAL_REVIEW,,Finalize after checking temporal overlap with race-control periods
1295,11377,27,23,2026-09-26T11:44:23.122000+00:00,39.162,44.608,25.976,197.0,205.0,False,109.746,"[None, 2048, 2048, 2048, 2048, 2048, 2048, 2048]","[2048, 2048, 2048, 2048, 2049, 2048, 2048, 2048, 2048, 2048]","[2048, 2048, 2048, 2048, 2048, 2048, 2048, 2048, 2048]",320.0,Nico HULKENBERG,HUL,Audi,F50537,2026-09-26 11:44:23.122000+00:00,2026-09-26 11:46:12.868000+00:00,False,False,1,1.0,MEDIUM,22.0,False,PENDING_TIME_INTERVAL_REVIEW,,Finalize after checking temporal overlap with race-control periods
1295,11377,27,24,2026-09-26T11:46:12.855000+00:00,39.276,44.659,25.91,,199.0,False,109.845,"[None, 2048, 2048, 2048, 2048, 2048, 2048, 2048]","[2048, 2048, 2048, 2048, 2048, 2048, 2048, 2048, 2048, 2048]","[2048, 2048, 2048, 2048, 2048, 2048, 2048, 2048, 2048]",320.0,Nico HULKENBERG,HUL,Audi,F50537,2026-09-26 11:46:12.855000+00:00,2026-09-26 11:48:02.700000+00:00,False,False,1,1.0,MEDIUM,23.0,False,PENDING_TIME_INTERVAL_REVIEW,,Finalize after checking temporal overlap with race-control periods
1295,11377,27,25,2026-09-26T11:48:02.752000+00:00,39.111,44.427,25.808,198.0,205.0,False,109.346,"[None, 2048, 2048, 2048, 2048, 2048, 2048, 2048]","[2048, 2048, 2048, 2048, 2048, 2048, 2048, 2048, 2048, 2048]","[2048, 2049, 2049, 2048, 2048, 2048, 2048, 2048, 2048]",315.0,Nico HULKENBERG,HUL,Audi,F50537,2026-09-26 11:48:02.752000+00:00,2026-09-26 11:49:52.098000+00:00,False,False,1,1.0,MEDIUM,24.0,False,PENDING_TIME_INTERVAL_REVIEW,,Finalize after checking temporal overlap with race-control periods
1295,11377,27,26,2026-09-26T11:49:52.081000+00:00,39.335,44.463,25.888,197.0,205.0,False,109.686,"[None, 2048, 2048, 2048, 2048, 2048, 2048, 2048]","[2048, 2048, 2048, 2048, 2048, 2048, 2048, 2048, 2048, 2048]","[2048, 2048, 2048, 2048, 2048, 2048, 2048, 2048, 2048]",315.0,Nico HULKENBERG,HUL,Audi,F50537,2026-09-26 11:49:52.081000+00:00,2026-09-26 11:51:41.767000+00:00,False,False,1,1.0,MEDIUM,25.0,False,PENDING_TIME_INTERVAL_REVIEW,,Finalize after checking temporal overlap with race-control periods
1295,11377,27,27,2026-09-26T11:51:41.754000+00:00,40.162,44.641,25.594,191.0,203.0,False,110.397,"[None, 2048, 2048, 2048, 2048, 2048, 2048, 2048]","[2048, 2048, 2048, 2048, 2048, 2048, 2048, 2048, 2048, 2049]","[2048, 2048, 2048, 2048, 2048, 2048, 2048, 2048, 2048]",323.0,Nico HULKENBERG,HUL,Audi,F50537,2026-09-26 11:51:41.754000+00:00,2026-09-26 11:53:32.151000+00:00,False,False,1,1.0,MEDIUM,26.0,False,PENDING_TIME_INTERVAL_REVIEW,,Finalize after checking temporal overlap with race-control periods
1295,11377,27,28,2026-09-26T11:53:32.142000+00:00,39.001,44.498,25.515,194.0,205.0,False,109.014,"[None, 2048, 2048, 2048, 2048, 2048, 2048, 2048]","[2048, 2048, 2048, 2048, 2048, 2048, 2048, 2049, 2049, 2048]","[2048, 2048, 2048, 2048, 2048, 2048, 2048, 2048, 2048]",329.0,Nico HULKENBERG,HUL,Audi,F50537,2026-09-26 11:53:32.142000+00:00,2026-09-26 11:55:21.156000+00:00,False,False,1,1.0,MEDIUM,27.0,False,PENDING_TIME_INTERVAL_REVIEW,,Finalize after checking temporal overlap with race-control periods
1295,11377,27,29,2026-09-26T11:55:21.113000+00:00,39.044,44.552,25.485,198.0,197.0,False,109.081,"[None, 2048, 2048, 2048, 2048, 2048, 2048, 2048]","[2048, 2048, 2048, 2048, 2048, 2048, 2048, 2048, 2048, 2048]","[2048, 2048, 2048, 2048, 2048, 2048, 2048, 2048, 2048]",328.0,Nico HULKENBERG,HUL,Audi,F50537,2026-09-26 11:55:21.113000+00:00,2026-09-26 11:57:10.194000+00:00,False,False,1,1.0,MEDIUM,28.0,False,PENDING_TIME_INTERVAL_REVIEW,,Finalize after checking temporal overlap with race-control periods
1295,11377,27,30,2026-09-26T11:57:10.240000+00:00,39.254,55.857,39.231,161.0,146.0,False,134.342,"[None, 2048, 2048, 2048, 2048, 2048, 2048, 2048]","[2048, 2048, 2048, 2048, 2048, 2048, 2048, 2048, 2048, 2048]","[2048, 2048, 2048, 2048, 2048, 2048, 2048, 2048, 2048]",176.0,Nico HULKENBERG,HUL,Audi,F50537,2026-09-26 11:57:10.240000+00:00,2026-09-26 11:59:24.582000+00:00,False,False,1,1.0,MEDIUM,29.0,False,PENDING_TIME_INTERVAL_REVIEW,,Finalize after checking temporal overlap with race-control periods
1295,11377,27,31,2026-09-26T11:59:24.540000+00:00,56.131,59.821,37.258,93.0,151.0,False,153.21,"[None, 2048, 2048, 2048, 2048, 2048, 2048, 2048]","[2048, 2048, 2048, 2048, 2048, 2048, 2048, 2048, 2048, 2048]","[2048, 2048, 2048, 2048, 2048, 2048, 2048, 2048, 2048]",183.0,Nico HULKENBERG,HUL,Audi,F50537,2026-09-26 11:59:24.540000+00:00,2026-09-26 12:01:57.750000+00:00,False,False,1,1.0,MEDIUM,30.0,False,PENDING_TIME_INTERVAL_REVIEW,,Finalize after checking temporal overlap with race-control periods
1295,11377,27,32,2026-09-26T12:01:57.704000+00:00,44.356,51.0,32.27,87.0,168.0,False,127.626,"[None, 2048, 2048, 2048, 2048, 2048, 2048, 2048]","[2048, 2048, 2048, 2048, 2048, 2048, 2048, 2048, 2048, 2048]","[2048, 2048, 2048, 2048, 2048, 2048, 2048, 2064, 2064]",271.0,Nico HULKENBERG,HUL,Audi,F50537,2026-09-26 12:01:57.704000+00:00,2026-09-26 12:04:05.330000+00:00,False,False,1,1.0,MEDIUM,31.0,True,PENDING_TIME_INTERVAL_REVIEW,,Finalize after checking temporal overlap with race-control periods
1295,11377,27,33,2026-09-26T12:04:05.406000+00:00,58.008,47.482,30.454,95.0,200.0,True,135.944,"[2064, 2064, 2048, 2048, 2048, 2048, 2048, 2048]","[2048, 2048, 2048, 2048, 2048, 2048, 2048, 2048, 2048, 2048]","[2048, 2048, 2048, 2048, 2048, 2048, 2048, 2048, 2048]",189.0,Nico HULKENBERG,HUL,Audi,F50537,2026-09-26 12:04:05.406000+00:00,2026-09-26 12:06:21.350000+00:00,False,False,1,2.0,SOFT,0.0,False,PENDING_TIME_INTERVAL_REVIEW,,Finalize after checking temporal overlap with race-control periods
1295,11377,27,34,2026-09-26T12:06:21.323000+00:00,62.704,63.453,37.637,156.0,123.0,False,163.794,"[2048, 2048, 2048, 2048, 2048, 2048, 2048, 2048]","[2048, 2048, 2048, 2048, 2048, 2048, 2048, 2048, 2048, 2048]","[2048, 2048, 2048, 2048, 2048, 2048, 2048, 2048, 2048]",203.0,Nico HULKENBERG,HUL,Audi,F50537,2026-09-26 12:06:21.323000+00:00,2026-09-26 12:09:05.117000+00:00,False,False,1,2.0,SOFT,1.0,False,PENDING_TIME_INTERVAL_REVIEW,,Finalize after checking temporal overlap with race-control periods
1295,11377,27,35,2026-09-26T12:09:05.114000+00:00,52.662,59.631,31.076,186.0,154.0,False,143.369,"[None, 2048, 2048, 2048, 2048, 2048, 2048, 2048]","[2048, 2048, 2048, 2048, 2048, 2048, 2048, 2048, 2048, 2048]","[2048, 2048, 2048, 2048, 2048, 2048, 2048, 2048, 2048]",284.0,Nico HULKENBERG,HUL,Audi,F50537,2026-09-26 12:09:05.114000+00:00,2026-09-26 12:11:28.483000+00:00,False,False,1,2.0,SOFT,2.0,False,PENDING_TIME_INTERVAL_REVIEW,,Finalize after checking temporal overlap with race-control periods
1295,11377,27,36,2026-09-26T12:11:28.706000+00:00,43.396,57.491,43.659,154.0,151.0,False,144.546,"[None, 2048, 2048, 2048, 2048, 2048, 2048, 2048]","[2048, 2048, 2048, 2048, 2048, 2048, 2048, 2048, 2048, 2048]","[2048, 2048, 2048, 2048, 2048, 2048, 2048, 2064, 2064]",233.0,Nico HULKENBERG,HUL,Audi,F50537,2026-09-26 12:11:28.706000+00:00,2026-09-26 12:13:53.252000+00:00,False,False,1,2.0,SOFT,3.0,True,PENDING_TIME_INTERVAL_REVIEW,,Finalize after checking temporal overlap with race-control periods
1295,11377,27,37,2026-09-26T12:13:52.971000+00:00,60.955,61.123,39.653,114.0,180.0,True,161.731,"[2064, 2064, 2048, 2048, 2048, 2048, 2048, 2048]","[2048, 2048, 2048, 2048, 2048, 2048, 2048, 2048, 2048, 2048]","[2048, 2048, 2048, 2048, 2048, 2048, 2048, 2048, 2048]",200.0,Nico HULKENBERG,HUL,Audi,F50537,2026-09-26 12:13:52.971000+00:00,2026-09-26 12:16:34.702000+00:00,False,False,1,3.0,SOFT,4.0,False,PENDING_TIME_INTERVAL_REVIEW,,Finalize after checking temporal overlap with race-control periods
1295,11377,27,38,2026-09-26T12:16:34.826000+00:00,54.46,63.339,32.071,178.0,103.0,False,149.87,"[2048, 2048, 2048, 2048, 2048, 2048, 2048, 2048]","[2048, 2048, 2048, 2048, 2048, 2048, 2048, 2048, 2048, 2048]","[2048, 2048, 2048, 2048, 2048, 2048, 2048, 2048, 2048]",255.0,Nico HULKENBERG,HUL,Audi,F50537,2026-09-26 12:16:34.826000+00:00,2026-09-26 12:19:04.696000+00:00,False,False,1,3.0,SOFT,5.0,False,PENDING_TIME_INTERVAL_REVIEW,,Finalize after checking temporal overlap with race-control periods
1295,11377,27,39,2026-09-26T12:19:04.786000+00:00,40.287,44.977,25.439,179.0,201.0,False,110.703,"[None, 2048, 2048, 2049, 2048, 2048, 2048, 2048]","[2048, 2049, 2048, 2048, 2048, 2048, 2048, 2048, 2048, 2048]","[2048, 2049, 2049, 2048, 2048, 2048, 2048, 2048]",326.0,Nico HULKENBERG,HUL,Audi,F50537,2026-09-26 12:19:04.786000+00:00,2026-09-26 12:20:55.489000+00:00,False,False,1,3.0,SOFT,6.0,False,PENDING_TIME_INTERVAL_REVIEW,,Finalize after checking temporal overlap with race-control periods
1295,11377,27,40,2026-09-26T12:20:55.514000+00:00,39.027,44.028,25.198,194.0,204.0,False,108.253,"[None, 2048, 2048, 2048, 2048, 2048, 2048, 2049]","[2049, 2049, 2048, 2048, 2049, 2049, 2049, 2048, 2048, 2049]","[2048, 2049, 2049, 2048, 2048, 2048, 2048, 2048, 2048]",337.0,Nico HULKENBERG,HUL,Audi,F50537,2026-09-26 12:20:55.514000+00:00,2026-09-26 12:22:43.767000+00:00,False,False,1,3.0,SOFT,7.0,False,PENDING_TIME_INTERVAL_REVIEW,,Finalize after checking temporal overlap with race-control periods
1295,11377,27,41,2026-09-26T12:22:43.580000+00:00,38.301,44.35,24.824,201.0,201.0,False,107.475,"[None, 2049, 2049, 2048, 2049, 2049, 2049, 2049]","[2048, 2049, 2048, 2048, 2048, 2049, 2048, 2048, 2048, 2048]","[2048, 2051, 2051, 2051, 2049, 2048, 2048, 2048, 2048]",330.0,Nico HULKENBERG,HUL,Audi,F50537,2026-09-26 12:22:43.580000+00:00,2026-09-26 12:24:31.055000+00:00,False,False,1,3.0,SOFT,8.0,False,PENDING_TIME_INTERVAL_REVIEW,,Finalize after checking temporal overlap with race-control periods
1295,11377,27,42,2026-09-26T12:24:31.130000+00:00,38.414,44.217,24.899,196.0,212.0,False,107.53,"[None, 2048, 2048, 2048, 2049, 2049, 2048, 2048]","[2048, 2049, 2048, 2048, 2048, 2049, 2049, 2048, 2048, 2049]","[2049, 2048, 2048, 2048, 2048, 2048, 2048, 2048, 2048]",327.0,Nico HULKENBERG,HUL,Audi,F50537,2026-09-26 12:24:31.130000+00:00,2026-09-26 12:26:18.660000+00:00,False,False,1,3.0,SOFT,9.0,False,PENDING_TIME_INTERVAL_REVIEW,,Finalize after checking temporal overlap with race-control periods
1295,11377,27,43,2026-09-26T12:26:18.655000+00:00,38.259,44.316,24.713,202.0,206.0,False,107.288,"[None, 2049, 2048, 2048, 2049, 2049, 2048, 2049]","[2048, 2048, 2048, 2048, 2048, 2049, 2048, 2048, 2048, 2048]","[2048, 2049, 2051, 2049, 2049, 2048, 2048, 2048, 2048]",331.0,Nico HULKENBERG,HUL,Audi,F50537,2026-09-26 12:26:18.655000+00:00,2026-09-26 12:28:05.943000+00:00,False,False,1,3.0,SOFT,10.0,False,PENDING_TIME_INTERVAL_REVIEW,,Finalize after checking temporal overlap with race-control periods
1295,11377,27,44,2026-09-26T12:28:05.861000+00:00,38.217,44.091,24.735,198.0,208.0,False,107.043,"[None, 2048, 2048, 2048, 2049, 2049, 2049, 2048]","[2048, 2048, 2048, 2048, 2048, 2049, 2048, 2049, 2048, 2048]","[2049, 2048, 2048, 2048, 2048, 2048, 2048, 2048, 2048]",332.0,Nico HULKENBERG,HUL,Audi,F50537,2026-09-26 12:28:05.861000+00:00,2026-09-26 12:29:52.904000+00:00,False,False,1,3.0,SOFT,11.0,False,PENDING_TIME_INTERVAL_REVIEW,,Finalize after checking temporal overlap with race-control periods
1295,11377,27,45,2026-09-26T12:29:53.277000+00:00,38.085,44.246,24.519,201.0,208.0,False,106.85,"[None, 2048, 2048, 2048, 2049, 2049, 2048, 2048]","[2048, 2048, 2048, 2048, 2049, 2048, 2049, 2048, 2048, 2048]","[2049, 2051, 2051, 2048, 2049, 2048, 2048, 2048, 2048]",337.0,Nico HULKENBERG,HUL,Audi,F50537,2026-09-26 12:29:53.277000+00:00,2026-09-26 12:31:40.127000+00:00,False,False,1,3.0,SOFT,12.0,False,PENDING_TIME_INTERVAL_REVIEW,,Finalize after checking temporal overlap with race-control periods
1295,11377,27,46,2026-09-26T12:31:39.809000+00:00,38.348,44.252,24.667,200.0,207.0,False,107.267,"[None, 2048, 2048, 2048, 2048, 2048, 2048, 2048]","[2048, 2048, 2048, 2048, 2048, 2048, 2049, 2048, 2048, 2049]","[2048, 2048, 2048, 2048, 2048, 2048, 2048, 2048, 2048]",333.0,Nico HULKENBERG,HUL,Audi,F50537,2026-09-26 12:31:39.809000+00:00,2026-09-26 12:33:27.076000+00:00,False,False,1,3.0,SOFT,13.0,False,PENDING_TIME_INTERVAL_REVIEW,,Finalize after checking temporal overlap with race-control periods
1295,11377,27,47,2026-09-26T12:33:27.093000+00:00,38.424,44.46,24.542,192.0,208.0,False,107.426,"[None, 2048, 2048, 2048, 2049, 2048, 2048, 2048]","[2048, 2048, 2048, 2048, 2049, 2048, 2049, 2048, 2048, 2048]","[2048, 2048, 2048, 2048, 2049, 2048, 2048, 2048, 2048]",335.0,Nico HULKENBERG,HUL,Audi,F50537,2026-09-26 12:33:27.093000+00:00,2026-09-26 12:35:14.519000+00:00,False,False,1,3.0,SOFT,14.0,False,PENDING_TIME_INTERVAL_REVIEW,,Finalize after checking temporal overlap with race-control periods
1295,11377,27,48,2026-09-26T12:35:14.517000+00:00,38.86,44.448,25.484,198.0,212.0,False,108.792,"[None, 2048, 2048, 2048, 2049, 2048, 2048, 2049]","[2048, 2048, 2048, 2048, 2048, 2048, 2049, 2048, 2048, 2049]","[2048, 2048, 2048, 2048, 2048, 2048, 2048, 2048, 2048]",321.0,Nico HULKENBERG,HUL,Audi,F50537,2026-09-26 12:35:14.517000+00:00,2026-09-26 12:37:03.309000+00:00,False,False,1,3.0,SOFT,15.0,False,PENDING_TIME_INTERVAL_REVIEW,,Finalize after checking temporal overlap with race-control periods
1295,11377,27,49,2026-09-26T12:37:03.333000+00:00,38.833,43.871,24.623,193.0,204.0,False,107.327,"[None, 2048, 2048, 2048, 2049, 2048, 2048, 2048]","[2048, 2048, 2049, 2048, 2048, 2048, 2048, 2049, 2048, 2048]","[2048, 2048, 2048, 2049, 2049, 2048, 2048, 2048, 2048]",333.0,Nico HULKENBERG,HUL,Audi,F50537,2026-09-26 12:37:03.333000+00:00,2026-09-26 12:38:50.660000+00:00,False,False,1,3.0,SOFT,16.0,False,PENDING_TIME_INTERVAL_REVIEW,,Finalize after checking temporal overlap with race-control periods
1295,11377,27,50,2026-09-26T12:38:50.650000+00:00,38.477,44.172,24.975,196.0,201.0,False,107.624,"[None, 2048, 2048, 2048, 2048, 2048, 2048, 2048]","[2048, 2048, 2048, 2048, 2048, 2048, 2048, 2048, 2048, 2048]","[2048, 2048, 2048, 2048, 2048, 2048, 2048, 2048, 2048]",330.0,Nico HULKENBERG,HUL,Audi,F50537,2026-09-26 12:38:50.650000+00:00,2026-09-26 12:40:38.274000+00:00,False,False,1,3.0,SOFT,17.0,False,PENDING_TIME_INTERVAL_REVIEW,,Finalize after checking temporal overlap with race-control periods
1295,11377,27,51,2026-09-26T12:40:38.218000+00:00,38.395,44.726,25.144,200.0,188.0,False,108.265,"[None, 2048, 2048, 2048, 2048, 2048, 2048, 2048]","[2048, 2049, 2048, 2048, 2048, 2048, 2048, 2048, 2049, 2048]","[2048, 2048, 2048, 2048, 2048, 2048, 2048, 2048, 2048]",334.0,Nico HULKENBERG,HUL,Audi,F50537,2026-09-26 12:40:38.218000+00:00,2026-09-26 12:42:26.483000+00:00,False,False,1,3.0,SOFT,18.0,False,PENDING_TIME_INTERVAL_REVIEW,,Finalize after checking temporal overlap with race-control periods
1295,11377,30,1,2026-09-26T11:03:50.711000+00:00,47.72,46.34,24.896,155.0,192.0,False,118.956,"[2048, 2049, 2049, 2049, 2049, 2049, 2049, 2049]","[2049, 2049, 2049, 2049, 2049, 2049, 2049, 2049, 2049, 2049]","[2049, 2049, 2049, 2049, 2049, 2049, 2049, 2049, 2049]",341.0,Liam LAWSON,LAW,Racing Bulls,6C98FF,2026-09-26 11:03:50.711000+00:00,2026-09-26 11:05:49.667000+00:00,False,False,1,1.0,SOFT,0.0,False,PENDING_TIME_INTERVAL_REVIEW,,Finalize after checking temporal overlap with race-control periods
1295,11377,30,2,2026-09-26T11:05:49.667000+00:00,40.469,45.556,25.261,173.0,189.0,False,111.286,"[2049, 2049, 2049, 2049, 2049, 2049, 2049, 2048]","[2049, 2048, 2049, 2049, 2049, 2049, 2049, 2048, 2049, 2048]","[2049, 2051, 2049, 2048, 2048, 2048, 2048, 2048, 2048]",332.0,Liam LAWSON,LAW,Racing Bulls,6C98FF,2026-09-26 11:05:49.667000+00:00,2026-09-26 11:07:40.953000+00:00,False,False,1,1.0,SOFT,1.0,False,PENDING_TIME_INTERVAL_REVIEW,,Finalize after checking temporal overlap with race-control periods
1295,11377,30,3,2026-09-26T11:07:40.954000+00:00,39.819,45.233,25.351,177.0,197.0,False,110.403,"[None, 2049, 2049, 2048, 2049, 2049, 2049, 2049]","[2049, 2048, 2049, 2049, 2049, 2049, 2048, 2049, 2049, 2048]","[2049, 2048, 2048, 2049, 2048, 2048, 2048, 2048, 2048]",328.0,Liam LAWSON,LAW,Racing Bulls,6C98FF,2026-09-26 11:07:40.954000+00:00,2026-09-26 11:09:31.357000+00:00,False,False,1,1.0,SOFT,2.0,False,PENDING_TIME_INTERVAL_REVIEW,,Finalize after checking temporal overlap with race-control periods
1295,11377,30,4,2026-09-26T11:09:31.273000+00:00,39.473,45.069,25.407,182.0,189.0,False,109.949,"[None, 2049, 2049, 2048, 2049, 2049, 2049, 2049]","[2049, 2048, 2049, 2049, 2049, 2049, 2048, 2049, 2049, 2048]","[2048, 2048, 2048, 2049, 2048, 2048, 2048, 2048, 2048]",328.0,Liam LAWSON,LAW,Racing Bulls,6C98FF,2026-09-26 11:09:31.273000+00:00,2026-09-26 11:11:21.222000+00:00,False,False,1,1.0,SOFT,3.0,False,PENDING_TIME_INTERVAL_REVIEW,,Finalize after checking temporal overlap with race-control periods
1295,11377,30,5,2026-09-26T11:11:21.270000+00:00,39.314,44.822,25.442,187.0,201.0,False,109.578,"[2048, 2049, 2049, 2048, 2049, 2048, 2049, 2049]","[2049, 2048, 2049, 2049, 2048, 2048, 2048, 2049, 2049, 2048]","[2048, 2048, 2048, 2048, 2048, 2048, 2048, 2048, 2048]",325.0,Liam LAWSON,LAW,Racing Bulls,6C98FF,2026-09-26 11:11:21.270000+00:00,2026-09-26 11:13:10.848000+00:00,False,False,1,1.0,SOFT,4.0,False,PENDING_TIME_INTERVAL_REVIEW,,Finalize after checking temporal overlap with race-control periods
1295,11377,30,6,2026-09-26T11:13:10.870000+00:00,40.438,45.219,25.11,178.0,197.0,False,110.767,"[2049, 2048, 2048, 2048, 2049, 2048, 2048, 2048]","[2048, 2048, 2048, 2048, 2048, 2048, 2048, 2048, 2048, 2048]","[2049, 2048, 2048, 2049, 2048, 2048, 2048, 2048, 2048]",332.0,Liam LAWSON,LAW,Racing Bulls,6C98FF,2026-09-26 11:13:10.870000+00:00,2026-09-26 11:15:01.637000+00:00,False,False,1,1.0,SOFT,5.0,False,PENDING_TIME_INTERVAL_REVIEW,,Finalize after checking temporal overlap with race-control periods
1295,11377,30,7,2026-09-26T11:15:01.575000+00:00,39.447,45.013,25.373,186.0,194.0,False,109.833,"[2048, 2048, 2048, 2048, 2049, 2048, 2048, 2048]","[2048, 2048, 2048, 2048, 2048, 2048, 2048, 2048, 2048, 2048]","[2048, 2048, 2048, 2048, 2048, 2048, 2048, 2048, 2048]",332.0,Liam LAWSON,LAW,Racing Bulls,6C98FF,2026-09-26 11:15:01.575000+00:00,2026-09-26 11:16:51.408000+00:00,False,False,1,1.0,SOFT,6.0,False,PENDING_TIME_INTERVAL_REVIEW,,Finalize after checking temporal overlap with race-control periods
1295,11377,30,8,2026-09-26T11:16:51.382000+00:00,39.262,45.039,25.42,188.0,192.0,False,109.721,"[None, 2048, 2048, 2048, 2048, 2049, 2048, 2049]","[2048, 2048, 2048, 2049, 2048, 2049, 2048, 2048, 2048, 2048]","[2048, 2048, 2048, 2048, 2048, 2048, 2048, 2048, 2048]",329.0,Liam LAWSON,LAW,Racing Bulls,6C98FF,2026-09-26 11:16:51.382000+00:00,2026-09-26 11:18:41.103000+00:00,False,False,1,1.0,SOFT,7.0,False,PENDING_TIME_INTERVAL_REVIEW,,Finalize after checking temporal overlap with race-control periods
1295,11377,30,9,2026-09-26T11:18:41.202000+00:00,39.108,44.828,25.353,196.0,194.0,False,109.289,"[None, 2048, 2049, 2048, 2048, 2048, 2049, 2049]","[2049, 2048, 2048, 2049, 2048, 2048, 2048, 2049, 2048, 2048]","[2048, 2048, 2048, 2048, 2048, 2048, 2048, 2048, 2048]",329.0,Liam LAWSON,LAW,Racing Bulls,6C98FF,2026-09-26 11:18:41.202000+00:00,2026-09-26 11:20:30.491000+00:00,False,False,1,1.0,SOFT,8.0,False,PENDING_TIME_INTERVAL_REVIEW,,Finalize after checking temporal overlap with race-control periods
1295,11377,30,10,2026-09-26T11:20:30.414000+00:00,39.242,45.025,25.356,194.0,198.0,False,109.623,"[None, 2048, 2048, 2048, 2048, 2048, 2048, 2049]","[2048, 2048, 2048, 2048, 2048, 2049, 2048, 2048, 2048, 2048]","[2048, 2048, 2048, 2048, 2048, 2048, 2048, 2048, 2048]",328.0,Liam LAWSON,LAW,Racing Bulls,6C98FF,2026-09-26 11:20:30.414000+00:00,2026-09-26 11:22:20.037000+00:00,False,False,1,1.0,SOFT,9.0,False,PENDING_TIME_INTERVAL_REVIEW,,Finalize after checking temporal overlap with race-control periods
1295,11377,30,11,2026-09-26T11:22:20.065000+00:00,39.976,44.941,25.501,185.0,196.0,False,110.418,"[None, 2048, 2048, 2048, 2048, 2048, 2048, 2048]","[2048, 2048, 2048, 2048, 2048, 2048, 2048, 2048, 2049, 2048]","[2048, 2048, 2048, 2048, 2048, 2048, 2048, 2048, 2048]",326.0,Liam LAWSON,LAW,Racing Bulls,6C98FF,2026-09-26 11:22:20.065000+00:00,2026-09-26 11:24:10.483000+00:00,False,False,1,1.0,SOFT,10.0,False,PENDING_TIME_INTERVAL_REVIEW,,Finalize after checking temporal overlap with race-control periods
1295,11377,30,12,2026-09-26T11:24:10.429000+00:00,39.396,44.907,25.421,186.0,195.0,False,109.724,"[None, 2048, 2048, 2048, 2048, 2048, 2048, 2048]","[2048, 2048, 2048, 2048, 2048, 2048, 2048, 2048, 2048, 2048]","[2049, 2049, 2049, 2048, 2048, 2048, 2048, 2048, 2048]",326.0,Liam LAWSON,LAW,Racing Bulls,6C98FF,2026-09-26 11:24:10.429000+00:00,2026-09-26 11:26:00.153000+00:00,False,False,1,1.0,SOFT,11.0,False,PENDING_TIME_INTERVAL_REVIEW,,Finalize after checking temporal overlap with race-control periods
1295,11377,30,13,2026-09-26T11:26:00.329000+00:00,39.973,44.887,25.406,190.0,200.0,False,110.266,"[None, 2048, 2048, 2048, 2048, 2048, 2048, 2048]","[2048, 2048, 2048, 2048, 2048, 2049, 2048, 2048, 2049, 2048]","[2048, 2048, 2048, 2048, 2048, 2048, 2048, 2048, 2048]",326.0,Liam LAWSON,LAW,Racing Bulls,6C98FF,2026-09-26 11:26:00.329000+00:00,2026-09-26 11:27:50.595000+00:00,False,False,1,1.0,SOFT,12.0,False,PENDING_TIME_INTERVAL_REVIEW,,Finalize after checking temporal overlap with race-control periods
1295,11377,30,14,2026-09-26T11:27:50.506000+00:00,38.982,44.676,25.391,197.0,196.0,False,109.049,"[None, 2048, 2049, 2048, 2049, 2049, 2049, 2048]","[2048, 2048, 2048, 2048, 2048, 2048, 2048, 2049, 2049, 2048]","[2048, 2049, 2048, 2048, 2048, 2048, 2048, 2048, 2048]",326.0,Liam LAWSON,LAW,Racing Bulls,6C98FF,2026-09-26 11:27:50.506000+00:00,2026-09-26 11:29:39.555000+00:00,False,False,1,1.0,SOFT,13.0,False,PENDING_TIME_INTERVAL_REVIEW,,Finalize after checking temporal overlap with race-control periods
1295,11377,30,15,2026-09-26T11:29:39.559000+00:00,38.837,44.561,25.336,192.0,197.0,False,108.734,"[2049, 2048, 2049, 2048, 2049, 2049, 2048, 2048]","[2048, 2048, 2049, 2049, 2049, 2049, 2048, 2049, 2048, 2048]","[2049, 2049, 2049, 2048, 2048, 2048, 2048, 2048, 2048]",328.0,Liam LAWSON,LAW,Racing Bulls,6C98FF,2026-09-26 11:29:39.559000+00:00,2026-09-26 11:31:28.293000+00:00,False,False,1,1.0,SOFT,14.0,False,PENDING_TIME_INTERVAL_REVIEW,,Finalize after checking temporal overlap with race-control periods
1295,11377,30,16,2026-09-26T11:31:28.276000+00:00,38.973,44.599,25.486,194.0,196.0,False,109.058,"[2048, 2048, 2049, 2048, 2048, 2048, 2048, 2048]","[2048, 2048, 2048, 2049, 2048, 2048, 2048, 2049, 2048, 2048]","[2048, 2048, 2048, 2048, 2048, 2048, 2048, 2048, 2048]",325.0,Liam LAWSON,LAW,Racing Bulls,6C98FF,2026-09-26 11:31:28.276000+00:00,2026-09-26 11:33:17.334000+00:00,False,False,1,1.0,SOFT,15.0,False,PENDING_TIME_INTERVAL_REVIEW,,Finalize after checking temporal overlap with race-control periods
1295,11377,30,17,2026-09-26T11:33:17.340000+00:00,38.897,44.617,25.504,195.0,196.0,False,109.018,"[2049, 2048, 2048, 2048, 2048, 2048, 2048, 2048]","[2048, 2048, 2048, 2048, 2049, 2048, 2048, 2048, 2048, 2048]","[2048, 2048, 2048, 2048, 2048, 2048, 2048, 2048, 2048]",325.0,Liam LAWSON,LAW,Racing Bulls,6C98FF,2026-09-26 11:33:17.340000+00:00,2026-09-26 11:35:06.358000+00:00,False,False,1,1.0,SOFT,16.0,False,PENDING_TIME_INTERVAL_REVIEW,,Finalize after checking temporal overlap with race-control periods
1295,11377,30,18,2026-09-26T11:35:06.330000+00:00,38.817,44.622,25.503,196.0,200.0,False,108.942,"[2048, 2049, 2048, 2048, 2049, 2048, 2048, 2048]","[2048, 2048, 2049, 2049, 2048, 2048, 2048, 2048, 2048, 2048]","[2048, 2048, 2048, 2048, 2048, 2048, 2048, 2048, 2048]",325.0,Liam LAWSON,LAW,Racing Bulls,6C98FF,2026-09-26 11:35:06.330000+00:00,2026-09-26 11:36:55.272000+00:00,False,False,1,1.0,SOFT,17.0,False,PENDING_TIME_INTERVAL_REVIEW,,Finalize after checking temporal overlap with race-control periods
1295,11377,30,19,2026-09-26T11:36:55.334000+00:00,38.952,44.654,25.478,188.0,201.0,False,109.084,"[None, 2049, 2048, 2048, 2048, 2048, 2048, 2048]","[2048, 2048, 2048, 2048, 2048, 2048, 2048, 2048, 2048, 2048]","[2049, 2049, 2049, 2048, 2048, 2048, 2048, 2048, 2048]",324.0,Liam LAWSON,LAW,Racing Bulls,6C98FF,2026-09-26 11:36:55.334000+00:00,2026-09-26 11:38:44.418000+00:00,False,False,1,1.0,SOFT,18.0,False,PENDING_TIME_INTERVAL_REVIEW,,Finalize after checking temporal overlap with race-control periods
1295,11377,30,20,2026-09-26T11:38:44.321000+00:00,38.856,44.586,25.486,199.0,205.0,False,108.928,"[None, 2048, 2048, 2048, 2048, 2048, 2048, 2048]","[2048, 2048, 2048, 2048, 2048, 2048, 2048, 2048, 2048, 2048]","[2048, 2048, 2048, 2048, 2048, 2048, 2048, 2048, 2048]",325.0,Liam LAWSON,LAW,Racing Bulls,6C98FF,2026-09-26 11:38:44.321000+00:00,2026-09-26 11:40:33.249000+00:00,False,False,1,1.0,SOFT,19.0,False,PENDING_TIME_INTERVAL_REVIEW,,Finalize after checking temporal overlap with race-control periods
1295,11377,30,21,2026-09-26T11:40:33.329000+00:00,38.767,44.507,25.434,196.0,201.0,False,108.708,"[None, 2048, 2049, 2048, 2048, 2048, 2048, 2048]","[2048, 2048, 2048, 2048, 2048, 2048, 2048, 2049, 2048, 2048]","[2048, 2048, 2048, 2048, 2048, 2048, 2048, 2048, 2048]",326.0,Liam LAWSON,LAW,Racing Bulls,6C98FF,2026-09-26 11:40:33.329000+00:00,2026-09-26 11:42:22.037000+00:00,False,False,1,1.0,SOFT,20.0,False,PENDING_TIME_INTERVAL_REVIEW,,Finalize after checking temporal overlap with race-control periods
1295,11377,30,22,2026-09-26T11:42:21.979000+00:00,39.015,44.599,25.539,193.0,203.0,False,109.153,"[None, 2048, 2048, 2048, 2048, 2048, 2048, 2048]","[2048, 2048, 2049, 2048, 2048, 2048, 2048, 2048, 2048, 2048]","[2048, 2048, 2048, 2048, 2048, 2048, 2048, 2048, 2048]",324.0,Liam LAWSON,LAW,Racing Bulls,6C98FF,2026-09-26 11:42:21.979000+00:00,2026-09-26 11:44:11.132000+00:00,False,False,1,1.0,SOFT,21.0,False,PENDING_TIME_INTERVAL_REVIEW,,Finalize after checking temporal overlap with race-control periods
1295,11377,30,23,2026-09-26T11:44:11.122000+00:00,38.774,44.667,25.488,196.0,198.0,False,108.929,"[None, 2048, 2048, 2048, 2049, 2048, 2048, 2048]","[2048, 2048, 2048, 2048, 2048, 2048, 2048, 2048, 2048, 2048]","[2048, 2048, 2048, 2048, 2048, 2048, 2048, 2048, 2048]",326.0,Liam LAWSON,LAW,Racing Bulls,6C98FF,2026-09-26 11:44:11.122000+00:00,2026-09-26 11:46:00.051000+00:00,False,False,1,1.0,SOFT,22.0,False,PENDING_TIME_INTERVAL_REVIEW,,Finalize after checking temporal overlap with race-control periods
1295,11377,30,24,2026-09-26T11:46:00.062000+00:00,38.952,44.561,25.537,192.0,203.0,False,109.05,"[None, 2048, 2048, 2048, 2048, 2048, 2048, 2048]","[2048, 2048, 2048, 2048, 2048, 2049, 2048, 2048, 2048, 2048]","[2048, 2048, 2048, 2048, 2048, 2048, 2048, 2048, 2048]",325.0,Liam LAWSON,LAW,Racing Bulls,6C98FF,2026-09-26 11:46:00.062000+00:00,2026-09-26 11:47:49.112000+00:00,False,False,1,1.0,SOFT,23.0,False,PENDING_TIME_INTERVAL_REVIEW,,Finalize after checking temporal overlap with race-control periods
1295,11377,30,25,2026-09-26T11:47:49.163000+00:00,38.854,44.605,25.398,195.0,204.0,False,108.857,"[None, 2048, 2048, 2048, 2048, 2048, 2048, 2048]","[2048, 2048, 2049, 2048, 2048, 2049, 2048, 2048, 2048, 2048]","[2048, 2048, 2049, 2049, 2048, 2048, 2048, 2048, 2048]",327.0,Liam LAWSON,LAW,Racing Bulls,6C98FF,2026-09-26 11:47:49.163000+00:00,2026-09-26 11:49:38.020000+00:00,False,False,1,1.0,SOFT,24.0,False,PENDING_TIME_INTERVAL_REVIEW,,Finalize after checking temporal overlap with race-control periods
1295,11377,30,26,2026-09-26T11:49:37.975000+00:00,38.596,44.536,25.528,198.0,206.0,False,108.66,"[2049, 2048, 2048, 2048, 2049, 2048, 2048, 2048]","[2048, 2048, 2048, 2048, 2048, 2048, 2048, 2048, 2049, 2048]","[2048, 2048, 2048, 2048, 2048, 2048, 2048, 2048, 2048]",326.0,Liam LAWSON,LAW,Racing Bulls,6C98FF,2026-09-26 11:49:37.975000+00:00,2026-09-26 11:51:26.635000+00:00,False,False,1,1.0,SOFT,25.0,False,PENDING_TIME_INTERVAL_REVIEW,,Finalize after checking temporal overlap with race-control periods
1295,11377,30,27,2026-09-26T11:51:26.676000+00:00,38.585,44.518,25.401,195.0,202.0,False,108.504,"[2048, 2048, 2048, 2048, 2048, 2049, 2049, 2048]","[2048, 2048, 2048, 2048, 2048, 2048, 2048, 2048, 2048, 2048]","[2048, 2049, 2049, 2048, 2048, 2048, 2048, 2048, 2048]",325.0,Liam LAWSON,LAW,Racing Bulls,6C98FF,2026-09-26 11:51:26.676000+00:00,2026-09-26 11:53:15.180000+00:00,False,False,1,1.0,SOFT,26.0,False,PENDING_TIME_INTERVAL_REVIEW,,Finalize after checking temporal overlap with race-control periods
1295,11377,30,28,2026-09-26T11:53:15.138000+00:00,38.644,44.442,25.488,197.0,201.0,False,108.574,"[None, 2048, 2049, 2048, 2048, 2048, 2048, 2048]","[2048, 2048, 2048, 2048, 2048, 2049, 2049, 2048, 2048, 2048]","[2048, 2048, 2048, 2048, 2048, 2048, 2048, 2048, 2048]",327.0,Liam LAWSON,LAW,Racing Bulls,6C98FF,2026-09-26 11:53:15.138000+00:00,2026-09-26 11:55:03.712000+00:00,False,False,1,1.0,SOFT,27.0,False,PENDING_TIME_INTERVAL_REVIEW,,Finalize after checking temporal overlap with race-control periods
1295,11377,30,29,2026-09-26T11:55:03.729000+00:00,38.731,44.249,25.283,,199.0,False,108.263,"[None, 2048, 2048, 2048, 2048, 2048, 2048, 2048]","[2049, 2048, 2049, 2048, 2049, 2049, 2049, 2048, 2048, 2048]","[2048, 2048, 2048, 2049, 2048, 2048, 2048, 2048, 2048]",329.0,Liam LAWSON,LAW,Racing Bulls,6C98FF,2026-09-26 11:55:03.729000+00:00,2026-09-26 11:56:51.992000+00:00,False,False,1,1.0,SOFT,28.0,False,PENDING_TIME_INTERVAL_REVIEW,,Finalize after checking temporal overlap with race-control periods
1295,11377,30,30,2026-09-26T11:56:52.064000+00:00,38.99,48.888,38.666,,165.0,False,126.544,"[None, 2048, 2048, 2048, 2048, 2048, 2048, 2048]","[2048, 2048, 2048, 2048, 2048, 2048, 2048, 2048, 2048, 2048]","[2048, 2048, 2048, 2048, 2048, 2048, 2048, 2048]",202.0,Liam LAWSON,LAW,Racing Bulls,6C98FF,2026-09-26 11:56:52.064000+00:00,2026-09-26 11:58:58.608000+00:00,False,False,1,1.0,SOFT,29.0,False,PENDING_TIME_INTERVAL_REVIEW,,Finalize after checking temporal overlap with race-control periods
1295,11377,30,31,2026-09-26T11:58:58.523000+00:00,55.86,57.707,41.664,116.0,151.0,False,155.231,"[None, 2048, 2048, 2048, 2048, 2048, 2048, 2048]","[2048, 2048, 2048, 2048, 2048, 2048, 2048, 2048, 2048, 2048]","[2048, 2048, 2048, 2048, 2048, 2048, 2048, 2064, 2064]",177.0,Liam LAWSON,LAW,Racing Bulls,6C98FF,2026-09-26 11:58:58.523000+00:00,2026-09-26 12:01:33.754000+00:00,False,False,1,1.0,SOFT,30.0,True,PENDING_TIME_INTERVAL_REVIEW,,Finalize after checking temporal overlap with race-control periods
1295,11377,30,32,2026-09-26T12:01:33.735000+00:00,62.449,54.402,27.74,120.0,186.0,True,144.591,"[2064, 2064, 2048, 2048, 2048, 2048, 2048, 2048]","[2048, 2048, 2048, 2048, 2048, 2048, 2048, 2048, 2048, 2048]","[2048, 2048, 2048, 2048, 2048, 2048, 2048, 2048, 2048]",284.0,Liam LAWSON,LAW,Racing Bulls,6C98FF,2026-09-26 12:01:33.735000+00:00,2026-09-26 12:03:58.326000+00:00,False,False,1,2.0,MEDIUM,0.0,False,PENDING_TIME_INTERVAL_REVIEW,,Finalize after checking temporal overlap with race-control periods
1295,11377,30,33,2026-09-26T12:03:58.279000+00:00,44.576,56.839,38.264,123.0,134.0,False,139.679,"[2048, 2048, 2048, 2048, 2048, 2048, 2048, 2048]","[2048, 2048, 2048, 2048, 2048, 2048, 2048, 2048, 2048, 2048]","[2048, 2048, 2048, 2048, 2048, 2048, 2048, 2048, 2048]",177.0,Liam LAWSON,LAW,Racing Bulls,6C98FF,2026-09-26 12:03:58.279000+00:00,2026-09-26 12:06:17.958000+00:00,False,False,1,2.0,MEDIUM,1.0,False,PENDING_TIME_INTERVAL_REVIEW,,Finalize after checking temporal overlap with race-control periods
1295,11377,30,34,2026-09-26T12:06:18.039000+00:00,62.495,63.175,38.806,164.0,176.0,False,164.476,"[None, 2048, 2048, 2048, 2048, 2048, 2048, 2048]","[2048, 2048, 2048, 2048, 2048, 2048, 2048, 2048, 2048, 2048]","[2048, 2048, 2048, 2048, 2048, 2048, 2048, 2048, 2048]",245.0,Liam LAWSON,LAW,Racing Bulls,6C98FF,2026-09-26 12:06:18.039000+00:00,2026-09-26 12:09:02.515000+00:00,False,False,1,2.0,MEDIUM,2.0,False,PENDING_TIME_INTERVAL_REVIEW,,Finalize after checking temporal overlap with race-control periods
1295,11377,30,35,2026-09-26T12:09:02.503000+00:00,50.94,61.086,33.691,163.0,141.0,False,145.717,"[None, 2048, 2048, 2048, 2048, 2048, 2048, 2048]","[2048, 2048, 2048, 2048, 2048, 2048, 2048, 2048, 2048, 2048]","[2048, 2048, 2048, 2048, 2048, 2048, 2048, 2048, 2048]",234.0,Liam LAWSON,LAW,Racing Bulls,6C98FF,2026-09-26 12:09:02.503000+00:00,2026-09-26 12:11:28.220000+00:00,False,False,1,2.0,MEDIUM,3.0,False,PENDING_TIME_INTERVAL_REVIEW,,Finalize after checking temporal overlap with race-control periods
1295,11377,30,36,2026-09-26T12:11:28.414000+00:00,51.8,57.073,41.878,173.0,152.0,False,150.751,"[None, 2048, 2048, 2048, 2048, 2048, 2048, 2048]","[2048, 2048, 2048, 2048, 2048, 2048, 2048, 2048, 2048, 2048]","[2048, 2048, 2048, 2048, 2048, 2048, 2048, 2064, 2064]",189.0,Liam LAWSON,LAW,Racing Bulls,6C98FF,2026-09-26 12:11:28.414000+00:00,2026-09-26 12:13:59.165000+00:00,False,False,1,2.0,MEDIUM,4.0,True,PENDING_TIME_INTERVAL_REVIEW,,Finalize after checking temporal overlap with race-control periods
1295,11377,30,37,2026-09-26T12:13:58.996000+00:00,70.565,60.591,37.549,90.0,128.0,True,168.705,"[2064, 2064, 2048, 2048, 2048, 2048, 2048, 2048]","[2048, 2048, 2048, 2048, 2048, 2048, 2048, 2048, 2048, 2048]","[2048, 2048, 2048, 2048, 2048, 2048, 2048, 2048, 2048]",209.0,Liam LAWSON,LAW,Racing Bulls,6C98FF,2026-09-26 12:13:58.996000+00:00,2026-09-26 12:16:47.701000+00:00,False,False,1,3.0,SOFT,0.0,False,PENDING_TIME_INTERVAL_REVIEW,,Finalize after checking temporal overlap with race-control periods
1295,11377,30,38,2026-09-26T12:16:47.695000+00:00,48.587,58.832,30.749,160.0,114.0,False,138.168,"[2048, 2048, 2048, 2048, 2048, 2048, 2048, 2048]","[2048, 2048, 2048, 2048, 2048, 2048, 2048, 2048, 2048, 2048]","[2048, 2048, 2048, 2048, 2048, 2048, 2048, 2048, 2048]",309.0,Liam LAWSON,LAW,Racing Bulls,6C98FF,2026-09-26 12:16:47.695000+00:00,2026-09-26 12:19:05.863000+00:00,False,False,1,3.0,SOFT,1.0,False,PENDING_TIME_INTERVAL_REVIEW,,Finalize after checking temporal overlap with race-control periods
1295,11377,30,39,2026-09-26T12:19:05.946000+00:00,41.264,45.172,24.616,185.0,191.0,False,111.052,"[None, 2048, 2048, 2049, 2048, 2048, 2048, 2048]","[2048, 2048, 2048, 2048, 2048, 2048, 2049, 2048, 2048, 2048]","[2048, 2049, 2049, 2049, 2049, 2049, 2049, 2049, 2049]",342.0,Liam LAWSON,LAW,Racing Bulls,6C98FF,2026-09-26 12:19:05.946000+00:00,2026-09-26 12:20:56.998000+00:00,False,False,1,3.0,SOFT,2.0,False,PENDING_TIME_INTERVAL_REVIEW,,Finalize after checking temporal overlap with race-control periods
1295,11377,30,40,2026-09-26T12:20:56.930000+00:00,39.505,44.435,24.753,191.0,195.0,False,108.693,"[None, 2048, 2048, 2048, 2048, 2048, 2048, 2048]","[2048, 2048, 2048, 2048, 2048, 2049, 2048, 2049, 2048, 2048]","[2048, 2048, 2048, 2048, 2048, 2048, 2048, 2048, 2048]",339.0,Liam LAWSON,LAW,Racing Bulls,6C98FF,2026-09-26 12:20:56.930000+00:00,2026-09-26 12:22:45.623000+00:00,False,False,1,3.0,SOFT,3.0,False,PENDING_TIME_INTERVAL_REVIEW,,Finalize after checking temporal overlap with race-control periods
1295,11377,30,41,2026-09-26T12:22:45.798000+00:00,38.674,44.41,24.735,192.0,204.0,False,107.819,"[None, 2048, 2048, 2048, 2048, 2048, 2048, 2048]","[2048, 2048, 2048, 2048, 2048, 2048, 2048, 2048, 2048, 2049]","[2049, 2048, 2048, 2048, 2048, 2048, 2048, 2048, 2048]",337.0,Liam LAWSON,LAW,Racing Bulls,6C98FF,2026-09-26 12:22:45.798000+00:00,2026-09-26 12:24:33.617000+00:00,False,False,1,3.0,SOFT,4.0,False,PENDING_TIME_INTERVAL_REVIEW,,Finalize after checking temporal overlap with race-control periods
1295,11377,30,42,2026-09-26T12:24:33.396000+00:00,38.633,44.074,24.683,184.0,201.0,False,107.39,"[2049, 2048, 2048, 2048, 2048, 2049, 2048, 2048]","[2048, 2048, 2048, 2048, 2048, 2048, 2048, 2048, 2049, 2049]","[2049, 2048, 2048, 2048, 2049, 2048, 2048, 2048, 2048]",341.0,Liam LAWSON,LAW,Racing Bulls,6C98FF,2026-09-26 12:24:33.396000+00:00,2026-09-26 12:26:20.786000+00:00,False,False,1,3.0,SOFT,5.0,False,PENDING_TIME_INTERVAL_REVIEW,,Finalize after checking temporal overlap with race-control periods
1295,11377,30,43,2026-09-26T12:26:20.863000+00:00,38.316,44.206,24.693,194.0,198.0,False,107.215,"[2048, 2048, 2048, 2048, 2049, 2048, 2048, 2048]","[2048, 2048, 2048, 2048, 2048, 2049, 2048, 2048, 2049, 2048]","[2048, 2048, 2048, 2048, 2048, 2048, 2048, 2048, 2048]",338.0,Liam LAWSON,LAW,Racing Bulls,6C98FF,2026-09-26 12:26:20.863000+00:00,2026-09-26 12:28:08.078000+00:00,False,False,1,3.0,SOFT,6.0,False,PENDING_TIME_INTERVAL_REVIEW,,Finalize after checking temporal overlap with race-control periods
1295,11377,30,44,2026-09-26T12:28:08.001000+00:00,38.259,44.347,24.654,193.0,200.0,False,107.26,"[2049, 2048, 2048, 2048, 2048, 2049, 2048, 2048]","[2048, 2048, 2048, 2048, 2048, 2048, 2048, 2048, 2048, 2049]","[2048, 2049, 2049, 2048, 2048, 2048, 2048, 2048, 2048]",338.0,Liam LAWSON,LAW,Racing Bulls,6C98FF,2026-09-26 12:28:08.001000+00:00,2026-09-26 12:29:55.261000+00:00,False,False,1,3.0,SOFT,7.0,False,PENDING_TIME_INTERVAL_REVIEW,,Finalize after checking temporal overlap with race-control periods
1295,11377,30,45,2026-09-26T12:29:55.299000+00:00,38.282,44.247,24.665,188.0,199.0,False,107.194,"[2048, 2049, 2048, 2048, 2048, 2048, 2048, 2048]","[2048, 2048, 2048, 2049, 2048, 2048, 2048, 2048, 2048, 2048]","[2048, 2048, 2048, 2048, 2048, 2048, 2048, 2048, 2048]",338.0,Liam LAWSON,LAW,Racing Bulls,6C98FF,2026-09-26 12:29:55.299000+00:00,2026-09-26 12:31:42.493000+00:00,False,False,1,3.0,SOFT,8.0,False,PENDING_TIME_INTERVAL_REVIEW,,Finalize after checking temporal overlap with race-control periods
1295,11377,30,46,2026-09-26T12:31:42.486000+00:00,38.197,44.129,24.58,195.0,201.0,False,106.906,"[None, 2048, 2049, 2048, 2048, 2048, 2049, 2048]","[2049, 2048, 2048, 2048, 2048, 2048, 2048, 2048, 2048, 2048]","[2048, 2048, 2049, 2048, 2049, 2049, 2048, 2048, 2048]",341.0,Liam LAWSON,LAW,Racing Bulls,6C98FF,2026-09-26 12:31:42.486000+00:00,2026-09-26 12:33:29.392000+00:00,False,False,1,3.0,SOFT,9.0,False,PENDING_TIME_INTERVAL_REVIEW,,Finalize after checking temporal overlap with race-control periods
1295,11377,30,47,2026-09-26T12:33:29.481000+00:00,38.293,44.293,24.346,185.0,199.0,False,106.932,"[None, 2048, 2048, 2048, 2049, 2048, 2048, 2048]","[2048, 2048, 2048, 2048, 2048, 2048, 2048, 2048, 2048, 2048]","[2048, 2048, 2049, 2049, 2049, 2049, 2049, 2049, 2048]",347.0,Liam LAWSON,LAW,Racing Bulls,6C98FF,2026-09-26 12:33:29.481000+00:00,2026-09-26 12:35:16.413000+00:00,False,False,1,3.0,SOFT,10.0,False,PENDING_TIME_INTERVAL_REVIEW,,Finalize after checking temporal overlap with race-control periods
1295,11377,30,48,2026-09-26T12:35:16.408000+00:00,38.675,44.435,24.355,190.0,202.0,False,107.465,"[None, 2048, 2048, 2049, 2048, 2048, 2048, 2048]","[2048, 2048, 2048, 2048, 2048, 2048, 2048, 2048, 2048, 2049]","[2048, 2048, 2048, 2048, 2051, 2051, 2049, 2049, 2048]",349.0,Liam LAWSON,LAW,Racing Bulls,6C98FF,2026-09-26 12:35:16.408000+00:00,2026-09-26 12:37:03.873000+00:00,False,False,1,3.0,SOFT,11.0,False,PENDING_TIME_INTERVAL_REVIEW,,Finalize after checking temporal overlap with race-control periods
1295,11377,30,49,2026-09-26T12:37:03.838000+00:00,39.001,44.249,24.705,188.0,204.0,False,107.955,"[None, 2048, 2048, 2048, 2048, 2048, 2048, 2048]","[2048, 2048, 2048, 2048, 2048, 2048, 2048, 2049, 2048, 2048]","[2048, 2048, 2048, 2048, 2048, 2048, 2048, 2048, 2048]",336.0,Liam LAWSON,LAW,Racing Bulls,6C98FF,2026-09-26 12:37:03.838000+00:00,2026-09-26 12:38:51.793000+00:00,False,False,1,3.0,SOFT,12.0,False,PENDING_TIME_INTERVAL_REVIEW,,Finalize after checking temporal overlap with race-control periods
1295,11377,30,50,2026-09-26T12:38:51.795000+00:00,38.51,44.425,24.753,190.0,200.0,False,107.688,"[None, 2048, 2048, 2048, 2048, 2049, 2048, 2048]","[2048, 2048, 2048, 2048, 2048, 2048, 2048, 2048, 2048, 2048]","[2048, 2049, 2049, 2048, 2048, 2048, 2048, 2048, 2048]",335.0,Liam LAWSON,LAW,Racing Bulls,6C98FF,2026-09-26 12:38:51.795000+00:00,2026-09-26 12:40:39.483000+00:00,False,False,1,3.0,SOFT,13.0,False,PENDING_TIME_INTERVAL_REVIEW,,Finalize after checking temporal overlap with race-control periods
1295,11377,30,51,2026-09-26T12:40:39.468000+00:00,38.431,44.698,24.743,197.0,195.0,False,107.872,"[None, 2048, 2048, 2048, 2048, 2048, 2048, 2048]","[2049, 2048, 2048, 2048, 2048, 2048, 2048, 2048, 2051, 2048]","[2048, 2048, 2048, 2048, 2048, 2048, 2048, 2048, 2048]",338.0,Liam LAWSON,LAW,Racing Bulls,6C98FF,2026-09-26 12:40:39.468000+00:00,2026-09-26 12:42:27.340000+00:00,False,False,1,3.0,SOFT,14.0,False,PENDING_TIME_INTERVAL_REVIEW,,Finalize after checking temporal overlap with race-control periods
1295,11377,31,1,2026-09-26T11:03:50.711000+00:00,48.454,47.224,25.307,169.0,190.0,False,120.985,"[2048, 2049, 2049, 2049, 2049, 2049, 2049, 2049]","[2049, 2049, 2049, 2049, 2049, 2049, 2051, 2049, 2049, 2049]","[2049, 2049, 2049, 2049, 2049, 2049, 2049, 2049, 2049]",340.0,Esteban OCON,OCO,Haas F1 Team,9C9FA2,2026-09-26 11:03:50.711000+00:00,2026-09-26 11:05:51.696000+00:00,True,False,1,1.0,SOFT,0.0,False,PENDING_TIME_INTERVAL_REVIEW,,Finalize after checking temporal overlap with race-control periods
1295,11377,31,2,2026-09-26T11:05:51.696000+00:00,40.454,45.56,25.078,166.0,192.0,False,111.092,"[2049, 2049, 2049, 2049, 2049, 2049, 2049, 2048]","[2049, 2048, 2049, 2049, 2049, 2049, 2051, 2049, 2049, 2049]","[2049, 2049, 2049, 2049, 2048, 2048, 2049, 2049, 2049]",341.0,Esteban OCON,OCO,Haas F1 Team,9C9FA2,2026-09-26 11:05:51.696000+00:00,2026-09-26 11:07:42.788000+00:00,True,False,1,1.0,SOFT,1.0,False,PENDING_TIME_INTERVAL_REVIEW,,Finalize after checking temporal overlap with race-control periods
1295,11377,31,3,2026-09-26T11:07:42.800000+00:00,40.16,45.234,25.354,176.0,187.0,False,110.748,"[2048, 2049, 2049, 2049, 2049, 2049, 2049, 2049]","[2049, 2048, 2049, 2049, 2048, 2048, 2048, 2048, 2049, 2048]","[2049, 2048, 2048, 2048, 2048, 2049, 2049, 2048, 2048]",340.0,Esteban OCON,OCO,Haas F1 Team,9C9FA2,2026-09-26 11:07:42.800000+00:00,2026-09-26 11:09:33.548000+00:00,True,False,1,1.0,SOFT,2.0,False,PENDING_TIME_INTERVAL_REVIEW,,Finalize after checking temporal overlap with race-control periods
1295,11377,31,4,2026-09-26T11:09:33.650000+00:00,39.539,45.16,25.076,184.0,189.0,False,109.775,"[2049, 2049, 2049, 2048, 2049, 2049, 2049, 2049]","[2049, 2048, 2048, 2049, 2049, 2049, 2048, 2049, 2048, 2048]","[2049, 2049, 2049, 2049, 2049, 2048, 2048, 2048, 2048]",340.0,Esteban OCON,OCO,Haas F1 Team,9C9FA2,2026-09-26 11:09:33.650000+00:00,2026-09-26 11:11:23.425000+00:00,True,False,1,1.0,SOFT,3.0,False,PENDING_TIME_INTERVAL_REVIEW,,Finalize after checking temporal overlap with race-control periods
1295,11377,31,5,2026-09-26T11:11:23.317000+00:00,39.598,44.773,25.074,,196.0,False,109.445,"[None, 2049, 2048, 2048, 2049, 2048, 2048, 2048]","[2048, 2048, 2049, 2049, 2048, 2051, 2051, 2049, 2049, 2049]","[2049, 2049, 2049, 2048, 2048, 2048, 2048, 2048, 2048]",338.0,Esteban OCON,OCO,Haas F1 Team,9C9FA2,2026-09-26 11:11:23.317000+00:00,2026-09-26 11:13:12.762000+00:00,True,False,1,1.0,SOFT,4.0,False,PENDING_TIME_INTERVAL_REVIEW,,Finalize after checking temporal overlap with race-control periods
1295,11377,31,6,2026-09-26T11:13:12.863000+00:00,39.644,45.261,25.259,182.0,188.0,False,110.164,"[None, 2048, 2048, 2048, 2048, 2048, 2048, 2049]","[2048, 2048, 2048, 2048, 2048, 2048, 2051, 2048, 2048, 2048]","[2048, 2048, 2048, 2048, 2048, 2049, 2049, 2048, 2048]",342.0,Esteban OCON,OCO,Haas F1 Team,9C9FA2,2026-09-26 11:13:12.863000+00:00,2026-09-26 11:15:03.027000+00:00,True,False,1,1.0,SOFT,5.0,False,PENDING_TIME_INTERVAL_REVIEW,,Finalize after checking temporal overlap with race-control periods
1295,11377,31,7,2026-09-26T11:15:02.918000+00:00,39.577,45.076,25.123,,196.0,False,109.776,"[2048, 2048, 2048, 2048, 2048, 2049, 2049, 2048]","[2049, 2048, 2048, 2049, 2048, 2048, 2048, 2048, 2048, 2048]","[2048, 2048, 2048, 2048, 2049, 2048, 2048, 2048, 2048]",341.0,Esteban OCON,OCO,Haas F1 Team,9C9FA2,2026-09-26 11:15:02.918000+00:00,2026-09-26 11:16:52.694000+00:00,True,False,1,1.0,SOFT,6.0,False,PENDING_TIME_INTERVAL_REVIEW,,Finalize after checking temporal overlap with race-control periods
1295,11377,31,8,2026-09-26T11:16:52.820000+00:00,39.478,44.888,25.133,180.0,197.0,False,109.499,"[None, 2048, 2049, 2048, 2048, 2049, 2049, 2048]","[2048, 2048, 2049, 2049, 2048, 2048, 2048, 2048, 2048, 2049]","[2048, 2048, 2048, 2048, 2048, 2048, 2048, 2048, 2048]",339.0,Esteban OCON,OCO,Haas F1 Team,9C9FA2,2026-09-26 11:16:52.820000+00:00,2026-09-26 11:18:42.319000+00:00,True,False,1,1.0,SOFT,7.0,False,PENDING_TIME_INTERVAL_REVIEW,,Finalize after checking temporal overlap with race-control periods
1295,11377,31,9,2026-09-26T11:18:42.193000+00:00,39.483,45.247,25.307,176.0,193.0,False,110.037,"[None, 2048, 2048, 2049, 2049, 2048, 2048, 2048]","[2049, 2048, 2048, 2049, 2048, 2048, 2048, 2048, 2048, 2048]","[2048, 2048, 2048, 2048, 2048, 2048, 2048, 2048, 2048]",336.0,Esteban OCON,OCO,Haas F1 Team,9C9FA2,2026-09-26 11:18:42.193000+00:00,2026-09-26 11:20:32.230000+00:00,True,False,1,1.0,SOFT,8.0,False,PENDING_TIME_INTERVAL_REVIEW,,Finalize after checking temporal overlap with race-control periods
1295,11377,31,10,2026-09-26T11:20:32.271000+00:00,40.26,44.845,25.391,180.0,196.0,False,110.496,"[None, 2048, 2048, 2048, 2048, 2048, 2049, 2048]","[2048, 2048, 2048, 2048, 2048, 2048, 2048, 2048, 2048, 2048]","[2049, 2049, 2048, 2048, 2048, 2048, 2048, 2048, 2048]",329.0,Esteban OCON,OCO,Haas F1 Team,9C9FA2,2026-09-26 11:20:32.271000+00:00,2026-09-26 11:22:22.767000+00:00,True,False,1,1.0,SOFT,9.0,False,PENDING_TIME_INTERVAL_REVIEW,,Finalize after checking temporal overlap with race-control periods
1295,11377,31,11,2026-09-26T11:22:22.799000+00:00,39.527,44.832,25.256,183.0,195.0,False,109.615,"[None, 2049, 2048, 2048, 2048, 2049, 2048, 2048]","[2048, 2048, 2048, 2049, 2048, 2048, 2048, 2048, 2049, 2049]","[2048, 2048, 2048, 2048, 2048, 2048, 2048, 2048, 2048]",335.0,Esteban OCON,OCO,Haas F1 Team,9C9FA2,2026-09-26 11:22:22.799000+00:00,2026-09-26 11:24:12.414000+00:00,True,False,1,1.0,SOFT,10.0,False,PENDING_TIME_INTERVAL_REVIEW,,Finalize after checking temporal overlap with race-control periods
1295,11377,31,12,2026-09-26T11:24:12.396000+00:00,39.437,44.845,24.93,180.0,192.0,False,109.212,"[None, 2048, 2049, 2048, 2048, 2048, 2048, 2048]","[2048, 2048, 2048, 2048, 2048, 2048, 2048, 2049, 2049, 2048]","[2048, 2049, 2049, 2049, 2049, 2048, 2048, 2048, 2048]",341.0,Esteban OCON,OCO,Haas F1 Team,9C9FA2,2026-09-26 11:24:12.396000+00:00,2026-09-26 11:26:01.608000+00:00,True,False,1,1.0,SOFT,11.0,False,PENDING_TIME_INTERVAL_REVIEW,,Finalize after checking temporal overlap with race-control periods
1295,11377,31,13,2026-09-26T11:26:01.610000+00:00,39.577,45.187,25.1,181.0,197.0,False,109.864,"[None, 2048, 2048, 2048, 2048, 2048, 2048, 2049]","[2048, 2049, 2048, 2048, 2048, 2048, 2048, 2048, 2048, 2048]","[2048, 2048, 2048, 2048, 2048, 2048, 2048, 2048, 2048]",337.0,Esteban OCON,OCO,Haas F1 Team,9C9FA2,2026-09-26 11:26:01.610000+00:00,2026-09-26 11:27:51.474000+00:00,True,False,1,1.0,SOFT,12.0,False,PENDING_TIME_INTERVAL_REVIEW,,Finalize after checking temporal overlap with race-control periods
1295,11377,31,14,2026-09-26T11:27:51.467000+00:00,39.561,44.743,25.23,176.0,201.0,False,109.534,"[None, 2048, 2048, 2048, 2048, 2048, 2048, 2048]","[2048, 2048, 2049, 2048, 2048, 2048, 2048, 2048, 2048, 2049]","[2049, 2048, 2048, 2048, 2048, 2048, 2048, 2048]",335.0,Esteban OCON,OCO,Haas F1 Team,9C9FA2,2026-09-26 11:27:51.467000+00:00,2026-09-26 11:29:41.001000+00:00,True,False,1,1.0,SOFT,13.0,False,PENDING_TIME_INTERVAL_REVIEW,,Finalize after checking temporal overlap with race-control periods
1295,11377,31,15,2026-09-26T11:29:41.172000+00:00,39.31,44.717,25.292,185.0,194.0,False,109.319,"[None, 2048, 2049, 2048, 2048, 2048, 2048, 2048]","[2048, 2048, 2048, 2048, 2048, 2048, 2048, 2048, 2049, 2048]","[2049, 2048, 2048, 2048, 2048, 2048, 2048, 2048, 2048]",331.0,Esteban OCON,OCO,Haas F1 Team,9C9FA2,2026-09-26 11:29:41.172000+00:00,2026-09-26 11:31:30.491000+00:00,True,False,1,1.0,SOFT,14.0,False,PENDING_TIME_INTERVAL_REVIEW,,Finalize after checking temporal overlap with race-control periods
1295,11377,31,16,2026-09-26T11:31:30.321000+00:00,39.258,44.781,25.385,190.0,199.0,False,109.424,"[None, 2048, 2049, 2048, 2048, 2049, 2049, 2048]","[2049, 2048, 2048, 2049, 2048, 2048, 2048, 2048, 2048, 2049]","[2048, 2048, 2048, 2048, 2048, 2048, 2048, 2048, 2048]",330.0,Esteban OCON,OCO,Haas F1 Team,9C9FA2,2026-09-26 11:31:30.321000+00:00,2026-09-26 11:33:19.745000+00:00,True,False,1,1.0,SOFT,15.0,False,PENDING_TIME_INTERVAL_REVIEW,,Finalize after checking temporal overlap with race-control periods
1295,11377,31,17,2026-09-26T11:33:19.719000+00:00,39.188,44.554,25.438,188.0,199.0,False,109.18,"[None, 2048, 2049, 2048, 2048, 2048, 2049, 2048]","[2049, 2048, 2048, 2049, 2049, 2048, 2048, 2048, 2049, 2048]","[2048, 2048, 2048, 2048, 2048, 2048, 2048, 2048, 2048]",327.0,Esteban OCON,OCO,Haas F1 Team,9C9FA2,2026-09-26 11:33:19.719000+00:00,2026-09-26 11:35:08.899000+00:00,True,False,1,1.0,SOFT,16.0,False,PENDING_TIME_INTERVAL_REVIEW,,Finalize after checking temporal overlap with race-control periods
1295,11377,31,18,2026-09-26T11:35:08.916000+00:00,39.009,44.542,25.464,197.0,199.0,False,109.015,"[None, 2048, 2049, 2048, 2048, 2048, 2049, 2048]","[2049, 2048, 2048, 2049, 2048, 2048, 2048, 2048, 2048, 2049]","[2048, 2048, 2048, 2048, 2048, 2048, 2048, 2048, 2048]",327.0,Esteban OCON,OCO,Haas F1 Team,9C9FA2,2026-09-26 11:35:08.916000+00:00,2026-09-26 11:36:57.931000+00:00,True,False,1,1.0,SOFT,17.0,False,PENDING_TIME_INTERVAL_REVIEW,,Finalize after checking temporal overlap with race-control periods
1295,11377,31,19,2026-09-26T11:36:58.016000+00:00,39.079,44.55,25.448,191.0,205.0,False,109.077,"[None, 2048, 2048, 2048, 2048, 2049, 2048, 2048]","[2048, 2048, 2049, 2048, 2048, 2048, 2048, 2048, 2048, 2051]","[2048, 2048, 2048, 2048, 2048, 2048, 2048, 2048, 2048]",327.0,Esteban OCON,OCO,Haas F1 Team,9C9FA2,2026-09-26 11:36:58.016000+00:00,2026-09-26 11:38:47.093000+00:00,True,False,1,1.0,SOFT,18.0,False,PENDING_TIME_INTERVAL_REVIEW,,Finalize after checking temporal overlap with race-control periods
1295,11377,31,20,2026-09-26T11:38:46.993000+00:00,39.028,44.515,25.357,186.0,201.0,False,108.9,"[None, 2048, 2048, 2048, 2048, 2048, 2048, 2048]","[2048, 2048, 2049, 2048, 2048, 2048, 2048, 2048, 2048, 2048]","[2049, 2048, 2048, 2048, 2048, 2048, 2048, 2048, 2048]",330.0,Esteban OCON,OCO,Haas F1 Team,9C9FA2,2026-09-26 11:38:46.993000+00:00,2026-09-26 11:40:35.893000+00:00,True,False,1,1.0,SOFT,19.0,False,PENDING_TIME_INTERVAL_REVIEW,,Finalize after checking temporal overlap with race-control periods
1295,11377,31,21,2026-09-26T11:40:35.936000+00:00,38.832,44.368,25.305,191.0,203.0,False,108.505,"[2049, 2048, 2048, 2048, 2048, 2049, 2049, 2048]","[2048, 2048, 2048, 2048, 2049, 2048, 2048, 2048, 2048, 2048]","[2048, 2049, 2049, 2048, 2048, 2048, 2048, 2048, 2048]",330.0,Esteban OCON,OCO,Haas F1 Team,9C9FA2,2026-09-26 11:40:35.936000+00:00,2026-09-26 11:42:24.441000+00:00,True,False,1,1.0,SOFT,20.0,False,PENDING_TIME_INTERVAL_REVIEW,,Finalize after checking temporal overlap with race-control periods
1295,11377,31,22,2026-09-26T11:42:24.394000+00:00,38.982,44.534,25.324,190.0,202.0,False,108.84,"[2048, 2048, 2048, 2048, 2048, 2048, 2048, 2048]","[2048, 2048, 2048, 2048, 2048, 2048, 2048, 2048, 2048, 2048]","[2048, 2048, 2048, 2048, 2048, 2048, 2048, 2048]",331.0,Esteban OCON,OCO,Haas F1 Team,9C9FA2,2026-09-26 11:42:24.394000+00:00,2026-09-26 11:44:13.234000+00:00,True,False,1,1.0,SOFT,21.0,False,PENDING_TIME_INTERVAL_REVIEW,,Finalize after checking temporal overlap with race-control periods
1295,11377,31,23,2026-09-26T11:44:13.217000+00:00,38.984,44.551,25.308,187.0,201.0,False,108.843,"[None, 2048, 2048, 2048, 2048, 2048, 2048, 2048]","[2048, 2048, 2048, 2049, 2048, 2048, 2048, 2048, 2048, 2048]","[2048, 2048, 2048, 2048, 2048, 2048, 2048, 2048, 2048]",333.0,Esteban OCON,OCO,Haas F1 Team,9C9FA2,2026-09-26 11:44:13.217000+00:00,2026-09-26 11:46:02.060000+00:00,True,False,1,1.0,SOFT,22.0,False,PENDING_TIME_INTERVAL_REVIEW,,Finalize after checking temporal overlap with race-control periods
1295,11377,31,24,2026-09-26T11:46:02.127000+00:00,39.04,44.507,25.133,188.0,204.0,False,108.68,"[None, 2048, 2048, 2048, 2048, 2048, 2048, 2048]","[2048, 2048, 2048, 2049, 2048, 2048, 2048, 2048, 2048, 2048]","[2048, 2048, 2048, 2048, 2048, 2048, 2048, 2048, 2048]",339.0,Esteban OCON,OCO,Haas F1 Team,9C9FA2,2026-09-26 11:46:02.127000+00:00,2026-09-26 11:47:50.807000+00:00,True,False,1,1.0,SOFT,23.0,False,PENDING_TIME_INTERVAL_REVIEW,,Finalize after checking temporal overlap with race-control periods
1295,11377,31,25,2026-09-26T11:47:50.818000+00:00,39.107,44.6,24.893,,208.0,False,108.6,"[None, 2048, 2048, 2048, 2048, 2048, 2048, 2048]","[2048, 2048, 2048, 2048, 2048, 2048, 2048, 2049, 2048, 2051]","[2048, 2049, 2049, 2049, 2049, 2048, 2048, 2048, 2048]",340.0,Esteban OCON,OCO,Haas F1 Team,9C9FA2,2026-09-26 11:47:50.818000+00:00,2026-09-26 11:49:39.418000+00:00,True,False,1,1.0,SOFT,24.0,False,PENDING_TIME_INTERVAL_REVIEW,,Finalize after checking temporal overlap with race-control periods
1295,11377,31,26,2026-09-26T11:49:39.329000+00:00,39.175,44.684,25.166,187.0,200.0,False,109.025,"[2049, 2048, 2048, 2048, 2049, 2048, 2048, 2048]","[2048, 2048, 2048, 2048, 2048, 2048, 2048, 2048, 2048, 2048]","[2048, 2048, 2048, 2048, 2048, 2048, 2048, 2048, 2048]",337.0,Esteban OCON,OCO,Haas F1 Team,9C9FA2,2026-09-26 11:49:39.329000+00:00,2026-09-26 11:51:28.354000+00:00,True,False,1,1.0,SOFT,25.0,False,PENDING_TIME_INTERVAL_REVIEW,,Finalize after checking temporal overlap with race-control periods
1295,11377,31,27,2026-09-26T11:51:28.391000+00:00,38.931,44.309,24.781,182.0,203.0,False,108.021,"[2048, 2048, 2048, 2048, 2048, 2048, 2048, 2048]","[2048, 2048, 2049, 2048, 2048, 2049, 2048, 2049, 2048, 2048]","[2048, 2049, 2049, 2049, 2049, 2049, 2048, 2049, 2049]",343.0,Esteban OCON,OCO,Haas F1 Team,9C9FA2,2026-09-26 11:51:28.391000+00:00,2026-09-26 11:53:16.412000+00:00,True,False,1,1.0,SOFT,26.0,False,PENDING_TIME_INTERVAL_REVIEW,,Finalize after checking temporal overlap with race-control periods
1295,11377,31,28,2026-09-26T11:53:16.476000+00:00,40.832,44.858,25.144,175.0,203.0,False,110.834,"[2049, 2048, 2048, 2048, 2049, 2048, 2048, 2048]","[2048, 2048, 2048, 2048, 2048, 2048, 2048, 2048, 2048, 2048]","[2048, 2048, 2048, 2048, 2048, 2048, 2048, 2048, 2048]",337.0,Esteban OCON,OCO,Haas F1 Team,9C9FA2,2026-09-26 11:53:16.476000+00:00,2026-09-26 11:55:07.310000+00:00,True,False,1,1.0,SOFT,27.0,False,PENDING_TIME_INTERVAL_REVIEW,,Finalize after checking temporal overlap with race-control periods
1295,11377,31,29,2026-09-26T11:55:07.278000+00:00,39.083,44.237,24.98,184.0,200.0,False,108.3,"[2048, 2048, 2048, 2048, 2048, 2048, 2048, 2048]","[2048, 2048, 2049, 2048, 2048, 2049, 2049, 2048, 2048, 2048]","[2048, 2049, 2048, 2048, 2048, 2048, 2048, 2048, 2048]",338.0,Esteban OCON,OCO,Haas F1 Team,9C9FA2,2026-09-26 11:55:07.278000+00:00,2026-09-26 11:56:55.578000+00:00,True,False,1,1.0,SOFT,28.0,False,PENDING_TIME_INTERVAL_REVIEW,,Finalize after checking temporal overlap with race-control periods
1295,11377,31,30,2026-09-26T11:56:55.557000+00:00,39.09,51.35,40.636,192.0,155.0,False,131.076,"[None, 2048, 2048, 2048, 2048, 2048, 2048, 2048]","[2048, 2048, 2048, 2048, 2048, 2048, 2048, 2048, 2048, 2048]","[2048, 2048, 2048, 2048, 2048, 2048, 2048, 2064, 2064]",240.0,Esteban OCON,OCO,Haas F1 Team,9C9FA2,2026-09-26 11:56:55.557000+00:00,2026-09-26 11:59:06.633000+00:00,True,False,1,1.0,SOFT,29.0,True,PENDING_TIME_INTERVAL_REVIEW,,Finalize after checking temporal overlap with race-control periods
1295,11377,31,31,2026-09-26T11:59:06.620000+00:00,68.218,59.61,36.958,104.0,137.0,True,164.786,"[2064, 2064, 2048, 2048, 2048, 2048, 2048, 2048]","[2048, 2048, 2048, 2048, 2048, 2048, 2048, 2048, 2048, 2048]","[2048, 2048, 2048, 2048, 2048, 2048, 2048, 2048, 2048]",224.0,Esteban OCON,OCO,Haas F1 Team,9C9FA2,2026-09-26 11:59:06.620000+00:00,2026-09-26 12:01:51.406000+00:00,True,False,1,2.0,MEDIUM,0.0,False,PENDING_TIME_INTERVAL_REVIEW,,Finalize after checking temporal overlap with race-control periods
1295,11377,31,32,2026-09-26T12:01:51.500000+00:00,46.348,54.473,28.569,102.0,174.0,False,129.39,"[2048, 2048, 2048, 2048, 2048, 2048, 2048, 2048]","[2048, 2048, 2048, 2048, 2048, 2048, 2048, 2048, 2048, 2048]","[2048, 2048, 2048, 2048, 2048, 2048, 2048, 2048, 2048]",280.0,Esteban OCON,OCO,Haas F1 Team,9C9FA2,2026-09-26 12:01:51.500000+00:00,2026-09-26 12:04:00.890000+00:00,True,False,1,2.0,MEDIUM,1.0,False,PENDING_TIME_INTERVAL_REVIEW,,Finalize after checking temporal overlap with race-control periods
1295,11377,31,33,2026-09-26T12:04:00.850000+00:00,43.875,56.219,37.642,113.0,124.0,False,137.736,"[None, 2049, 2048, 2048, 2048, 2048, 2048, 2048]","[2048, 2048, 2048, 2048, 2048, 2048, 2048, 2048, 2048, 2048]","[2048, 2048, 2048, 2048, 2048, 2048, 2048, 2048, 2048]",179.0,Esteban OCON,OCO,Haas F1 Team,9C9FA2,2026-09-26 12:04:00.850000+00:00,2026-09-26 12:06:18.586000+00:00,True,False,1,2.0,MEDIUM,2.0,False,PENDING_TIME_INTERVAL_REVIEW,,Finalize after checking temporal overlap with race-control periods
1295,11377,31,34,2026-09-26T12:06:18.579000+00:00,63.168,64.095,37.291,154.0,140.0,False,164.554,"[None, 2048, 2048, 2048, 2048, 2048, 2048, 2048]","[2048, 2048, 2048, 2048, 2048, 2048, 2048, 2048, 2048, 2048]","[2048, 2048, 2048, 2048, 2048, 2048, 2048, 2048, 2048]",228.0,Esteban OCON,OCO,Haas F1 Team,9C9FA2,2026-09-26 12:06:18.579000+00:00,2026-09-26 12:09:03.133000+00:00,True,False,1,2.0,MEDIUM,3.0,False,PENDING_TIME_INTERVAL_REVIEW,,Finalize after checking temporal overlap with race-control periods
1295,11377,31,35,2026-09-26T12:09:03.076000+00:00,51.924,60.574,32.608,175.0,149.0,False,145.106,"[None, 2048, 2048, 2048, 2048, 2048, 2048, 2048]","[2048, 2048, 2048, 2048, 2048, 2048, 2048, 2048, 2048, 2048]","[2048, 2048, 2048, 2048, 2048, 2048, 2048, 2048, 2048]",278.0,Esteban OCON,OCO,Haas F1 Team,9C9FA2,2026-09-26 12:09:03.076000+00:00,2026-09-26 12:11:28.182000+00:00,True,False,1,2.0,MEDIUM,4.0,False,PENDING_TIME_INTERVAL_REVIEW,,Finalize after checking temporal overlap with race-control periods
1295,11377,31,36,2026-09-26T12:11:28.121000+00:00,41.285,55.981,43.561,174.0,149.0,False,140.827,"[None, 2048, 2048, 2048, 2048, 2048, 2048, 2048]","[2048, 2048, 2048, 2048, 2048, 2048, 2048, 2048, 2048, 2048]","[2048, 2048, 2048, 2048, 2048, 2048, 2048, 2064, 2064]",223.0,Esteban OCON,OCO,Haas F1 Team,9C9FA2,2026-09-26 12:11:28.121000+00:00,2026-09-26 12:13:48.948000+00:00,True,False,1,2.0,MEDIUM,5.0,True,PENDING_TIME_INTERVAL_REVIEW,,Finalize after checking temporal overlap with race-control periods
1295,11377,31,37,2026-09-26T12:13:48.998000+00:00,60.593,61.555,39.67,146.0,132.0,True,161.818,"[2064, 2064, 2048, 2048, 2048, 2048, 2048, 2048]","[2048, 2048, 2048, 2048, 2048, 2048, 2048, 2048, 2048, 2048]","[2048, 2048, 2048, 2048, 2048, 2048, 2048, 2048, 2048]",200.0,Esteban OCON,OCO,Haas F1 Team,9C9FA2,2026-09-26 12:13:48.998000+00:00,2026-09-26 12:16:30.816000+00:00,True,False,1,3.0,MEDIUM,0.0,False,PENDING_TIME_INTERVAL_REVIEW,,Finalize after checking temporal overlap with race-control periods
1295,11377,31,38,2026-09-26T12:16:30.782000+00:00,55.266,64.072,33.75,135.0,133.0,False,153.088,"[2048, 2048, 2048, 2048, 2048, 2048, 2048, 2048]","[2048, 2048, 2048, 2048, 2048, 2048, 2048, 2048, 2048, 2048]","[2048, 2048, 2048, 2048, 2048, 2048, 2048, 2048, 2048]",233.0,Esteban OCON,OCO,Haas F1 Team,9C9FA2,2026-09-26 12:16:30.782000+00:00,2026-09-26 12:19:03.870000+00:00,True,False,1,3.0,MEDIUM,1.0,False,PENDING_TIME_INTERVAL_REVIEW,,Finalize after checking temporal overlap with race-control periods
1295,11377,31,39,2026-09-26T12:19:04.115000+00:00,39.548,44.435,24.925,187.0,198.0,False,108.908,"[None, 2048, 2048, 2049, 2048, 2048, 2048, 2049]","[2048, 2049, 2048, 2048, 2048, 2049, 2049, 2048, 2048, 2048]","[2048, 2049, 2049, 2048, 2048, 2048, 2048, 2048, 2048]",338.0,Esteban OCON,OCO,Haas F1 Team,9C9FA2,2026-09-26 12:19:04.115000+00:00,2026-09-26 12:20:53.023000+00:00,True,False,1,3.0,MEDIUM,2.0,False,PENDING_TIME_INTERVAL_REVIEW,,Finalize after checking temporal overlap with race-control periods
1295,11377,31,40,2026-09-26T12:20:52.898000+00:00,39.388,43.896,25.247,191.0,207.0,False,108.531,"[None, 2048, 2048, 2048, 2048, 2048, 2048, 2048]","[2049, 2048, 2048, 2049, 2049, 2048, 2048, 2048, 2048, 2051]","[2049, 2049, 2049, 2048, 2048, 2048, 2048, 2048]",330.0,Esteban OCON,OCO,Haas F1 Team,9C9FA2,2026-09-26 12:20:52.898000+00:00,2026-09-26 12:22:41.429000+00:00,True,False,1,3.0,MEDIUM,3.0,False,PENDING_TIME_INTERVAL_REVIEW,,Finalize after checking temporal overlap with race-control periods
1295,11377,31,41,2026-09-26T12:22:41.243000+00:00,38.8,43.745,25.315,189.0,205.0,False,107.86,"[None, 2048, 2048, 2048, 2048, 2049, 2048, 2048]","[2048, 2048, 2049, 2049, 2049, 2048, 2048, 2048, 2049, 2048]","[2049, 2048, 2049, 2048, 2048, 2048, 2048, 2048, 2048]",327.0,Esteban OCON,OCO,Haas F1 Team,9C9FA2,2026-09-26 12:22:41.243000+00:00,2026-09-26 12:24:29.103000+00:00,True,False,1,3.0,MEDIUM,4.0,False,PENDING_TIME_INTERVAL_REVIEW,,Finalize after checking temporal overlap with race-control periods
1295,11377,31,42,2026-09-26T12:24:29.313000+00:00,38.618,43.605,25.273,193.0,216.0,False,107.496,"[None, 2049, 2048, 2048, 2048, 2048, 2048, 2048]","[2049, 2048, 2048, 2049, 2049, 2048, 2048, 2048, 2049, 2051]","[2049, 2048, 2048, 2048, 2048, 2048, 2048, 2048, 2048]",328.0,Esteban OCON,OCO,Haas F1 Team,9C9FA2,2026-09-26 12:24:29.313000+00:00,2026-09-26 12:26:16.809000+00:00,True,False,1,3.0,MEDIUM,5.0,False,PENDING_TIME_INTERVAL_REVIEW,,Finalize after checking temporal overlap with race-control periods
1295,11377,31,43,2026-09-26T12:26:16.708000+00:00,38.504,43.528,25.164,196.0,210.0,False,107.196,"[None, 2049, 2049, 2048, 2048, 2049, 2049, 2048]","[2049, 2048, 2049, 2048, 2048, 2048, 2048, 2048, 2049, 2048]","[2049, 2049, 2049, 2049, 2048, 2048, 2048, 2048, 2048]",329.0,Esteban OCON,OCO,Haas F1 Team,9C9FA2,2026-09-26 12:26:16.708000+00:00,2026-09-26 12:28:03.904000+00:00,True,False,1,3.0,MEDIUM,6.0,False,PENDING_TIME_INTERVAL_REVIEW,,Finalize after checking temporal overlap with race-control periods
1295,11377,31,44,2026-09-26T12:28:03.998000+00:00,38.379,43.447,25.242,201.0,209.0,False,107.068,"[None, 2049, 2048, 2048, 2048, 2049, 2049, 2048]","[2048, 2048, 2048, 2049, 2049, 2048, 2048, 2049, 2048, 2048]","[2049, 2049, 2049, 2048, 2048, 2048, 2048, 2048, 2048]",327.0,Esteban OCON,OCO,Haas F1 Team,9C9FA2,2026-09-26 12:28:03.998000+00:00,2026-09-26 12:29:51.066000+00:00,True,False,1,3.0,MEDIUM,7.0,False,PENDING_TIME_INTERVAL_REVIEW,,Finalize after checking temporal overlap with race-control periods
1295,11377,31,45,2026-09-26T12:29:51.055000+00:00,38.296,43.571,25.307,196.0,202.0,False,107.174,"[None, 2049, 2049, 2048, 2048, 2049, 2049, 2048]","[2049, 2048, 2048, 2049, 2048, 2048, 2048, 2048, 2048, 2048]","[2048, 2048, 2048, 2048, 2048, 2048, 2048, 2048, 2048]",327.0,Esteban OCON,OCO,Haas F1 Team,9C9FA2,2026-09-26 12:29:51.055000+00:00,2026-09-26 12:31:38.229000+00:00,True,False,1,3.0,MEDIUM,8.0,False,PENDING_TIME_INTERVAL_REVIEW,,Finalize after checking temporal overlap with race-control periods
1295,11377,31,46,2026-09-26T12:31:38.186000+00:00,38.36,43.616,25.352,198.0,210.0,False,107.328,"[None, 2048, 2048, 2048, 2048, 2049, 2049, 2048]","[2048, 2048, 2048, 2048, 2048, 2048, 2048, 2048, 2048, 2048]","[2048, 2048, 2048, 2048, 2048, 2048, 2048, 2048, 2048]",326.0,Esteban OCON,OCO,Haas F1 Team,9C9FA2,2026-09-26 12:31:38.186000+00:00,2026-09-26 12:33:25.514000+00:00,True,False,1,3.0,MEDIUM,9.0,False,PENDING_TIME_INTERVAL_REVIEW,,Finalize after checking temporal overlap with race-control periods
1295,11377,31,47,2026-09-26T12:33:25.526000+00:00,38.507,43.702,25.352,190.0,210.0,False,107.561,"[None, 2048, 2049, 2048, 2048, 2048, 2048, 2048]","[2048, 2048, 2048, 2048, 2048, 2048, 2048, 2048, 2048, 2048]","[2048, 2048, 2048, 2048, 2048, 2048, 2048, 2048, 2048]",325.0,Esteban OCON,OCO,Haas F1 Team,9C9FA2,2026-09-26 12:33:25.526000+00:00,2026-09-26 12:35:13.087000+00:00,True,False,1,3.0,MEDIUM,10.0,False,PENDING_TIME_INTERVAL_REVIEW,,Finalize after checking temporal overlap with race-control periods
1295,11377,31,48,2026-09-26T12:35:13.151000+00:00,38.631,43.698,25.369,192.0,208.0,False,107.698,"[None, 2048, 2048, 2048, 2048, 2048, 2048, 2048]","[2048, 2048, 2048, 2048, 2049, 2048, 2048, 2048, 2048, 2048]","[2048, 2048, 2048, 2048, 2048, 2048, 2048, 2048, 2048]",326.0,Esteban OCON,OCO,Haas F1 Team,9C9FA2,2026-09-26 12:35:13.151000+00:00,2026-09-26 12:37:00.849000+00:00,True,False,1,3.0,MEDIUM,11.0,False,PENDING_TIME_INTERVAL_REVIEW,,Finalize after checking temporal overlap with race-control periods
1295,11377,31,49,2026-09-26T12:37:00.756000+00:00,38.343,43.434,25.356,199.0,208.0,False,107.133,"[None, 2048, 2049, 2048, 2048, 2048, 2048, 2048]","[2048, 2048, 2049, 2048, 2048, 2048, 2048, 2048, 2048, 2048]","[2048, 2048, 2048, 2048, 2048, 2048, 2048, 2048, 2048]",326.0,Esteban OCON,OCO,Haas F1 Team,9C9FA2,2026-09-26 12:37:00.756000+00:00,2026-09-26 12:38:47.889000+00:00,True,False,1,3.0,MEDIUM,12.0,False,PENDING_TIME_INTERVAL_REVIEW,,Finalize after checking temporal overlap with race-control periods
1295,11377,31,50,2026-09-26T12:38:47.902000+00:00,38.808,43.341,25.475,196.0,212.0,False,107.624,"[None, 2049, 2049, 2048, 2048, 2048, 2048, 2048]","[2048, 2048, 2049, 2049, 2048, 2048, 2048, 2048, 2049, 2048]","[2049, 2048, 2048, 2048, 2048, 2048, 2048, 2048, 2048]",322.0,Esteban OCON,OCO,Haas F1 Team,9C9FA2,2026-09-26 12:38:47.902000+00:00,2026-09-26 12:40:35.526000+00:00,True,False,1,3.0,MEDIUM,13.0,False,PENDING_TIME_INTERVAL_REVIEW,,Finalize after checking temporal overlap with race-control periods
1295,11377,31,51,2026-09-26T12:40:35.532000+00:00,38.421,44.673,25.831,195.0,193.0,False,108.925,"[None, 2048, 2048, 2048, 2048, 2048, 2048, 2048]","[2048, 2048, 2048, 2048, 2048, 2048, 2048, 2048, 2048, 2048]","[2048, 2048, 2048, 2048, 2048, 2048, 2048, 2048, 2048]",322.0,Esteban OCON,OCO,Haas F1 Team,9C9FA2,2026-09-26 12:40:35.532000+00:00,2026-09-26 12:42:24.457000+00:00,True,False,1,3.0,MEDIUM,14.0,False,PENDING_TIME_INTERVAL_REVIEW,,Finalize after checking temporal overlap with race-control periods
1295,11377,41,1,2026-09-26T11:03:50.711000+00:00,48.856,47.844,25.044,161.0,192.0,False,121.744,"[2049, 2049, 2049, 2049, 2049, 2049, 2049, 2049]","[2049, 2049, 2049, 2049, 2049, 2049, 2049, 2049, 2049, 2049]","[2049, 2049, 2049, 2051, 2049, 2049, 2049, 2049, 0]",338.0,Arvid LINDBLAD,LIN,Racing Bulls,6C98FF,2026-09-26 11:03:50.711000+00:00,2026-09-26 11:05:52.455000+00:00,True,False,1,1.0,MEDIUM,0.0,False,PENDING_TIME_INTERVAL_REVIEW,,Finalize after checking temporal overlap with race-control periods
1295,11377,41,2,2026-09-26T11:05:52.455000+00:00,40.51,46.072,25.087,170.0,200.0,False,111.669,"[None, 2049, 2049, 2049, 2048, 2049, 2049, 2048]","[2049, 2048, 2049, 2049, 2049, 2049, 2049, 2049, 2049, 2049]","[2049, 2049, 2049, 2048, 2048, 2048, 2048, 2048, 2048]",333.0,Arvid LINDBLAD,LIN,Racing Bulls,6C98FF,2026-09-26 11:05:52.455000+00:00,2026-09-26 11:07:44.124000+00:00,True,False,1,1.0,MEDIUM,1.0,False,PENDING_TIME_INTERVAL_REVIEW,,Finalize after checking temporal overlap with race-control periods
1295,11377,41,3,2026-09-26T11:07:44.136000+00:00,39.868,45.767,25.154,179.0,199.0,False,110.789,"[None, 2049, 2049, 2048, 2049, 2049, 2049, 2049]","[2049, 2048, 2049, 2049, 2049, 2048, 2048, 2049, 2049, 2048]","[2048, 2048, 2049, 2049, 2048, 2048, 2048, 2048, 2048]",331.0,Arvid LINDBLAD,LIN,Racing Bulls,6C98FF,2026-09-26 11:07:44.136000+00:00,2026-09-26 11:09:34.925000+00:00,True,False,1,1.0,MEDIUM,2.0,False,PENDING_TIME_INTERVAL_REVIEW,,Finalize after checking temporal overlap with race-control periods
1295,11377,41,4,2026-09-26T11:09:34.955000+00:00,39.539,45.512,25.205,186.0,195.0,False,110.256,"[None, 2049, 2049, 2048, 2049, 2049, 2049, 2049]","[2049, 2048, 2049, 2049, 2049, 2049, 2048, 2049, 2048, 2048]","[2048, 2048, 2048, 2048, 2048, 2048, 2048, 2048, 2048]",332.0,Arvid LINDBLAD,LIN,Racing Bulls,6C98FF,2026-09-26 11:09:34.955000+00:00,2026-09-26 11:11:25.211000+00:00,True,False,1,1.0,MEDIUM,3.0,False,PENDING_TIME_INTERVAL_REVIEW,,Finalize after checking temporal overlap with race-control periods
1295,11377,41,5,2026-09-26T11:11:25.155000+00:00,39.508,45.309,25.434,189.0,193.0,False,110.251,"[2048, 2048, 2049, 2048, 2049, 2049, 2049, 2049]","[2049, 2048, 2049, 2049, 2048, 2048, 2048, 2049, 2049, 2048]","[2048, 2048, 2048, 2048, 2048, 2048, 2048, 2048, 2048]",328.0,Arvid LINDBLAD,LIN,Racing Bulls,6C98FF,2026-09-26 11:11:25.155000+00:00,2026-09-26 11:13:15.406000+00:00,True,False,1,1.0,MEDIUM,4.0,False,PENDING_TIME_INTERVAL_REVIEW,,Finalize after checking temporal overlap with race-control periods
1295,11377,41,6,2026-09-26T11:13:15.526000+00:00,40.342,45.362,25.266,185.0,193.0,False,110.97,"[None, 2048, 2048, 2048, 2048, 2048, 2048, 2048]","[2048, 2048, 2049, 2048, 2049, 2048, 2048, 2049, 2048, 2048]","[2048, 2048, 2048, 2048, 2048, 2048, 2048, 2048, 2048]",330.0,Arvid LINDBLAD,LIN,Racing Bulls,6C98FF,2026-09-26 11:13:15.526000+00:00,2026-09-26 11:15:06.496000+00:00,True,False,1,1.0,MEDIUM,5.0,False,PENDING_TIME_INTERVAL_REVIEW,,Finalize after checking temporal overlap with race-control periods
1295,11377,41,7,2026-09-26T11:15:06.457000+00:00,39.351,45.214,25.416,192.0,197.0,False,109.981,"[2049, 2049, 2048, 2048, 2049, 2048, 2049, 2048]","[2049, 2048, 2048, 2048, 2048, 2048, 2048, 2048, 2048, 2048]","[2048, 2048, 2048, 2048, 2048, 2048, 2048, 2048, 2048]",329.0,Arvid LINDBLAD,LIN,Racing Bulls,6C98FF,2026-09-26 11:15:06.457000+00:00,2026-09-26 11:16:56.438000+00:00,True,False,1,1.0,MEDIUM,6.0,False,PENDING_TIME_INTERVAL_REVIEW,,Finalize after checking temporal overlap with race-control periods
1295,11377,41,8,2026-09-26T11:16:56.366000+00:00,39.319,45.073,25.418,190.0,198.0,False,109.81,"[2048, 2049, 2049, 2048, 2048, 2049, 2049, 2049]","[2049, 2048, 2049, 2049, 2049, 2048, 2048, 2049, 2048, 2048]","[2048, 2048, 2048, 2048, 2048, 2048, 2048, 2048, 2048]",327.0,Arvid LINDBLAD,LIN,Racing Bulls,6C98FF,2026-09-26 11:16:56.366000+00:00,2026-09-26 11:18:46.176000+00:00,True,False,1,1.0,MEDIUM,7.0,False,PENDING_TIME_INTERVAL_REVIEW,,Finalize after checking temporal overlap with race-control periods
1295,11377,41,9,2026-09-26T11:18:46.236000+00:00,39.079,45.406,25.372,192.0,199.0,False,109.857,"[None, 2048, 2048, 2048, 2049, 2049, 2049, 2049]","[2048, 2048, 2049, 2049, 2048, 2048, 2048, 2049, 2048, 2048]","[2048, 2049, 2049, 2048, 2048, 2048, 2048, 2048, 2048]",328.0,Arvid LINDBLAD,LIN,Racing Bulls,6C98FF,2026-09-26 11:18:46.236000+00:00,2026-09-26 11:20:36.093000+00:00,True,False,1,1.0,MEDIUM,8.0,False,PENDING_TIME_INTERVAL_REVIEW,,Finalize after checking temporal overlap with race-control periods
1295,11377,41,10,2026-09-26T11:20:36.148000+00:00,39.155,45.147,25.352,200.0,197.0,False,109.654,"[None, 2048, 2048, 2048, 2048, 2049, 2049, 2049]","[2048, 2048, 2049, 2048, 2048, 2048, 2048, 2048, 2049, 2049]","[2049, 2049, 2048, 2048, 2048, 2048, 2048, 2048, 2048]",327.0,Arvid LINDBLAD,LIN,Racing Bulls,6C98FF,2026-09-26 11:20:36.148000+00:00,2026-09-26 11:22:25.802000+00:00,True,False,1,1.0,MEDIUM,9.0,False,PENDING_TIME_INTERVAL_REVIEW,,Finalize after checking temporal overlap with race-control periods
1295,11377,41,11,2026-09-26T11:22:25.729000+00:00,39.018,44.959,25.388,194.0,193.0,False,109.365,"[2049, 2049, 2048, 2048, 2049, 2049, 2048, 2048]","[2049, 2048, 2049, 2049, 2048, 2048, 2048, 2048, 2049, 2048]","[2048, 2048, 2048, 2048, 2048, 2048, 2048, 2048, 2048]",327.0,Arvid LINDBLAD,LIN,Racing Bulls,6C98FF,2026-09-26 11:22:25.729000+00:00,2026-09-26 11:24:15.094000+00:00,True,False,1,1.0,MEDIUM,10.0,False,PENDING_TIME_INTERVAL_REVIEW,,Finalize after checking temporal overlap with race-control periods
1295,11377,41,12,2026-09-26T11:24:15.094000+00:00,39.005,45.09,25.244,,197.0,False,109.339,"[None, 2048, 2048, 2048, 2049, 2048, 2048, 2048]","[2048, 2048, 2048, 2048, 2048, 2048, 2048, 2049, 2048, 2048]","[2048, 2048, 2048, 2048, 2048, 2048, 2048, 2048, 2048]",329.0,Arvid LINDBLAD,LIN,Racing Bulls,6C98FF,2026-09-26 11:24:15.094000+00:00,2026-09-26 11:26:04.433000+00:00,True,False,1,1.0,MEDIUM,11.0,False,PENDING_TIME_INTERVAL_REVIEW,,Finalize after checking temporal overlap with race-control periods
1295,11377,41,13,2026-09-26T11:26:04.412000+00:00,39.066,44.995,25.242,197.0,208.0,False,109.303,"[None, 2048, 2048, 2049, 2048, 2048, 2048, 2048]","[2048, 2048, 2048, 2049, 2048, 2048, 2048, 2048, 2048, 2048]","[2048, 2048, 2048, 2048, 2048, 2048, 2048, 2048, 2048]",330.0,Arvid LINDBLAD,LIN,Racing Bulls,6C98FF,2026-09-26 11:26:04.412000+00:00,2026-09-26 11:27:53.715000+00:00,True,False,1,1.0,MEDIUM,12.0,False,PENDING_TIME_INTERVAL_REVIEW,,Finalize after checking temporal overlap with race-control periods
1295,11377,41,14,2026-09-26T11:27:53.724000+00:00,38.93,45.103,25.282,195.0,198.0,False,109.315,"[None, 2048, 2048, 2048, 2048, 2048, 2048, 2048]","[2048, 2048, 2048, 2048, 2048, 2048, 2048, 2048, 2048, 2048]","[2048, 2048, 2048, 2048, 2048, 2048, 2048, 2048, 2048]",331.0,Arvid LINDBLAD,LIN,Racing Bulls,6C98FF,2026-09-26 11:27:53.724000+00:00,2026-09-26 11:29:43.039000+00:00,True,False,1,1.0,MEDIUM,13.0,False,PENDING_TIME_INTERVAL_REVIEW,,Finalize after checking temporal overlap with race-control periods
1295,11377,41,15,2026-09-26T11:29:43.084000+00:00,39.199,45.218,25.258,191.0,198.0,False,109.675,"[2048, 2048, 2048, 2048, 2048, 2048, 2048, 2048]","[2048, 2048, 2048, 2048, 2048, 2048, 2048, 2048, 2048, 2048]","[2049, 2048, 2048, 2048, 2048, 2048, 2048, 2048, 2048]",330.0,Arvid LINDBLAD,LIN,Racing Bulls,6C98FF,2026-09-26 11:29:43.084000+00:00,2026-09-26 11:31:32.759000+00:00,True,False,1,1.0,MEDIUM,14.0,False,PENDING_TIME_INTERVAL_REVIEW,,Finalize after checking temporal overlap with race-control periods
1295,11377,41,16,2026-09-26T11:31:32.890000+00:00,39.161,44.962,25.376,194.0,202.0,False,109.499,"[None, 2048, 2048, 2048, 2048, 2049, 2048, 2048]","[2048, 2048, 2048, 2048, 2048, 2049, 2048, 2048, 2048, 2049]","[2048, 2048, 2048, 2048, 2048, 2048, 2048, 2048, 2048]",329.0,Arvid LINDBLAD,LIN,Racing Bulls,6C98FF,2026-09-26 11:31:32.890000+00:00,2026-09-26 11:33:22.389000+00:00,True,False,1,1.0,MEDIUM,15.0,False,PENDING_TIME_INTERVAL_REVIEW,,Finalize after checking temporal overlap with race-control periods
1295,11377,41,17,2026-09-26T11:33:22.235000+00:00,38.997,44.835,25.27,198.0,200.0,False,109.102,"[None, 2048, 2048, 2048, 2048, 2048, 2048, 2048]","[2049, 2048, 2048, 2049, 2048, 2048, 2048, 2048, 2048, 2048]","[2048, 2049, 2049, 2049, 2048, 2048, 2048, 2048, 2048]",328.0,Arvid LINDBLAD,LIN,Racing Bulls,6C98FF,2026-09-26 11:33:22.235000+00:00,2026-09-26 11:35:11.337000+00:00,True,False,1,1.0,MEDIUM,16.0,False,PENDING_TIME_INTERVAL_REVIEW,,Finalize after checking temporal overlap with race-control periods
1295,11377,41,18,2026-09-26T11:35:11.259000+00:00,38.953,44.959,25.468,196.0,199.0,False,109.38,"[None, 2048, 2048, 2048, 2049, 2048, 2048, 2048]","[2048, 2048, 2048, 2048, 2048, 2048, 2048, 2048, 2048, 2048]","[2048, 2048, 2048, 2048, 2048, 2048, 2048, 2048, 2048]",327.0,Arvid LINDBLAD,LIN,Racing Bulls,6C98FF,2026-09-26 11:35:11.259000+00:00,2026-09-26 11:37:00.639000+00:00,True,False,1,1.0,MEDIUM,17.0,False,PENDING_TIME_INTERVAL_REVIEW,,Finalize after checking temporal overlap with race-control periods
1295,11377,41,19,2026-09-26T11:37:00.660000+00:00,39.09,44.865,25.325,198.0,198.0,False,109.28,"[None, 2048, 2048, 2048, 2048, 2048, 2048, 2048]","[2048, 2048, 2048, 2048, 2048, 2049, 2048, 2049, 2048, 2048]","[2048, 2049, 2049, 2048, 2048, 2048, 2048, 2048, 2048]",328.0,Arvid LINDBLAD,LIN,Racing Bulls,6C98FF,2026-09-26 11:37:00.660000+00:00,2026-09-26 11:38:49.940000+00:00,True,False,1,1.0,MEDIUM,18.0,False,PENDING_TIME_INTERVAL_REVIEW,,Finalize after checking temporal overlap with race-control periods
1295,11377,41,20,2026-09-26T11:38:49.952000+00:00,39.039,44.884,25.32,,204.0,False,109.243,"[None, 2048, 2048, 2048, 2048, 2048, 2049, 2048]","[2048, 2048, 2048, 2048, 2048, 2049, 2048, 2048, 2048, 2049]","[2048, 2048, 2048, 2048, 2048, 2048, 2048, 2048, 2048]",328.0,Arvid LINDBLAD,LIN,Racing Bulls,6C98FF,2026-09-26 11:38:49.952000+00:00,2026-09-26 11:40:39.195000+00:00,True,False,1,1.0,MEDIUM,19.0,False,PENDING_TIME_INTERVAL_REVIEW,,Finalize after checking temporal overlap with race-control periods
1295,11377,41,21,2026-09-26T11:40:39.207000+00:00,38.851,44.92,25.355,187.0,206.0,False,109.126,"[None, 2048, 2048, 2049, 2049, 2048, 2048, 2048]","[2048, 2048, 2048, 2048, 2048, 2048, 2048, 2049, 2048, 2049]","[2048, 2048, 2048, 2048, 2048, 2048, 2048, 2048, 2048]",328.0,Arvid LINDBLAD,LIN,Racing Bulls,6C98FF,2026-09-26 11:40:39.207000+00:00,2026-09-26 11:42:28.333000+00:00,True,False,1,1.0,MEDIUM,20.0,False,PENDING_TIME_INTERVAL_REVIEW,,Finalize after checking temporal overlap with race-control periods
1295,11377,41,22,2026-09-26T11:42:28.429000+00:00,39.014,44.798,25.33,194.0,201.0,False,109.142,"[None, 2048, 2048, 2048, 2048, 2048, 2048, 2048]","[2049, 2048, 2048, 2048, 2048, 2049, 2048, 2048, 2048, 2048]","[2048, 2049, 2049, 2048, 2048, 2048, 2048, 2048, 2048]",327.0,Arvid LINDBLAD,LIN,Racing Bulls,6C98FF,2026-09-26 11:42:28.429000+00:00,2026-09-26 11:44:17.571000+00:00,True,False,1,1.0,MEDIUM,21.0,False,PENDING_TIME_INTERVAL_REVIEW,,Finalize after checking temporal overlap with race-control periods
1295,11377,41,23,2026-09-26T11:44:17.600000+00:00,38.917,44.812,25.443,195.0,201.0,False,109.172,"[None, 2049, 2048, 2048, 2048, 2049, 2048, 2048]","[2048, 2048, 2048, 2048, 2048, 2048, 2048, 2048, 2048, 2048]","[2048, 2048, 2048, 2048, 2048, 2048, 2048, 2048, 2048]",327.0,Arvid LINDBLAD,LIN,Racing Bulls,6C98FF,2026-09-26 11:44:17.600000+00:00,2026-09-26 11:46:06.772000+00:00,True,False,1,1.0,MEDIUM,22.0,False,PENDING_TIME_INTERVAL_REVIEW,,Finalize after checking temporal overlap with race-control periods
1295,11377,41,24,2026-09-26T11:46:06.616000+00:00,38.971,44.981,25.459,194.0,202.0,False,109.411,"[None, 2048, 2048, 2048, 2048, 2048, 2048, 2048]","[2048, 2048, 2048, 2048, 2048, 2048, 2048, 2048, 2048, 2048]","[2048, 2048, 2048, 2048, 2048, 2048, 2048, 2048, 2048]",327.0,Arvid LINDBLAD,LIN,Racing Bulls,6C98FF,2026-09-26 11:46:06.616000+00:00,2026-09-26 11:47:56.027000+00:00,True,False,1,1.0,MEDIUM,23.0,False,PENDING_TIME_INTERVAL_REVIEW,,Finalize after checking temporal overlap with race-control periods
1295,11377,41,25,2026-09-26T11:47:56.004000+00:00,38.955,44.91,25.359,197.0,207.0,False,109.224,"[None, 2048, 2048, 2048, 2048, 2049, 2048, 2048]","[2048, 2048, 2048, 2048, 2048, 2048, 2048, 2048, 2048, 2049]","[2048, 2048, 2049, 2048, 2048, 2048, 2048, 2048, 2048]",327.0,Arvid LINDBLAD,LIN,Racing Bulls,6C98FF,2026-09-26 11:47:56.004000+00:00,2026-09-26 11:49:45.228000+00:00,True,False,1,1.0,MEDIUM,24.0,False,PENDING_TIME_INTERVAL_REVIEW,,Finalize after checking temporal overlap with race-control periods
1295,11377,41,26,2026-09-26T11:49:45.286000+00:00,38.84,44.726,25.527,195.0,204.0,False,109.093,"[None, 2048, 2048, 2048, 2048, 2048, 2048, 2048]","[2048, 2048, 2049, 2048, 2048, 2048, 2048, 2048, 2048, 2048]","[2048, 2048, 2048, 2048, 2048, 2048, 2048, 2048, 2048]",326.0,Arvid LINDBLAD,LIN,Racing Bulls,6C98FF,2026-09-26 11:49:45.286000+00:00,2026-09-26 11:51:34.379000+00:00,True,False,1,1.0,MEDIUM,25.0,False,PENDING_TIME_INTERVAL_REVIEW,,Finalize after checking temporal overlap with race-control periods
1295,11377,41,27,2026-09-26T11:51:34.370000+00:00,38.807,44.688,25.394,,201.0,False,108.889,"[None, 2049, 2048, 2049, 2049, 2048, 2048, 2048]","[2048, 2048, 2049, 2048, 2048, 2048, 2049, 2048, 2049, 2048]","[2048, 2049, 2049, 2048, 2048, 2048, 2048, 2048, 2048]",326.0,Arvid LINDBLAD,LIN,Racing Bulls,6C98FF,2026-09-26 11:51:34.370000+00:00,2026-09-26 11:53:23.259000+00:00,True,False,1,1.0,MEDIUM,26.0,False,PENDING_TIME_INTERVAL_REVIEW,,Finalize after checking temporal overlap with race-control periods
1295,11377,41,28,2026-09-26T11:53:23.342000+00:00,38.919,44.685,25.437,192.0,198.0,False,109.041,"[None, 2049, 2048, 2048, 2048, 2049, 2048, 2048]","[2048, 2048, 2048, 2049, 2048, 2049, 2048, 2048, 2048, 2048]","[2048, 2048, 2048, 2048, 2048, 2048, 2048, 2048, 2048]",327.0,Arvid LINDBLAD,LIN,Racing Bulls,6C98FF,2026-09-26 11:53:23.342000+00:00,2026-09-26 11:55:12.383000+00:00,True,False,1,1.0,MEDIUM,27.0,False,PENDING_TIME_INTERVAL_REVIEW,,Finalize after checking temporal overlap with race-control periods
1295,11377,41,29,2026-09-26T11:55:12.391000+00:00,38.853,44.671,25.419,200.0,204.0,False,108.943,"[None, 2049, 2048, 2048, 2048, 2048, 2048, 2048]","[2048, 2048, 2048, 2048, 2048, 2048, 2049, 2048, 2048, 2048]","[2048, 2048, 2048, 2048, 2048, 2048, 2048, 2048, 2048]",326.0,Arvid LINDBLAD,LIN,Racing Bulls,6C98FF,2026-09-26 11:55:12.391000+00:00,2026-09-26 11:57:01.334000+00:00,True,False,1,1.0,MEDIUM,28.0,False,PENDING_TIME_INTERVAL_REVIEW,,Finalize after checking temporal overlap with race-control periods
1295,11377,41,30,2026-09-26T11:57:01.294000+00:00,38.9,53.37,41.735,186.0,159.0,False,134.005,"[None, 2048, 2048, 2048, 2048, 2049, 2049, 2048]","[2048, 2048, 2048, 2048, 2048, 2048, 2048, 2048, 2048, 2048]","[2048, 2048, 2048, 2048, 2048, 2048, 2048, 2064, 2064]",214.0,Arvid LINDBLAD,LIN,Racing Bulls,6C98FF,2026-09-26 11:57:01.294000+00:00,2026-09-26 11:59:15.299000+00:00,True,False,1,1.0,MEDIUM,29.0,True,PENDING_TIME_INTERVAL_REVIEW,,Finalize after checking temporal overlap with race-control periods
1295,11377,41,31,2026-09-26T11:59:15.201000+00:00,68.757,59.636,37.319,101.0,154.0,True,165.712,"[2064, 2064, 2048, 2048, 2048, 2048, 2048, 2048]","[2048, 2048, 2048, 2048, 2048, 2048, 2048, 2048, 2048, 2048]","[2048, 2048, 2048, 2048, 2048, 2048, 2048, 2048, 2048]",181.0,Arvid LINDBLAD,LIN,Racing Bulls,6C98FF,2026-09-26 11:59:15.201000+00:00,2026-09-26 12:02:00.913000+00:00,True,False,1,2.0,SOFT,0.0,False,PENDING_TIME_INTERVAL_REVIEW,,Finalize after checking temporal overlap with race-control periods
1295,11377,41,32,2026-09-26T12:02:01.074000+00:00,43.281,53.968,28.734,94.0,191.0,False,125.983,"[2048, 2048, 2048, 2048, 2048, 2048, 2048, 2048]","[2048, 2048, 2048, 2048, 2048, 2048, 2048, 2048, 2048, 2048]","[2048, 2048, 2048, 2048, 2048, 2048, 2048, 2048, 2048]",268.0,Arvid LINDBLAD,LIN,Racing Bulls,6C98FF,2026-09-26 12:02:01.074000+00:00,2026-09-26 12:04:07.057000+00:00,True,False,1,2.0,SOFT,1.0,False,PENDING_TIME_INTERVAL_REVIEW,,Finalize after checking temporal overlap with race-control periods
1295,11377,41,33,2026-09-26T12:04:06.916000+00:00,40.515,54.337,37.822,135.0,129.0,False,132.674,"[None, 2049, 2048, 2048, 2048, 2048, 2048, 2048]","[2048, 2048, 2048, 2048, 2048, 2048, 2048, 2048, 2048, 2048]","[2048, 2048, 2048, 2048, 2048, 2048, 2048, 2048, 2048]",183.0,Arvid LINDBLAD,LIN,Racing Bulls,6C98FF,2026-09-26 12:04:06.916000+00:00,2026-09-26 12:06:19.590000+00:00,True,False,1,2.0,SOFT,2.0,False,PENDING_TIME_INTERVAL_REVIEW,,Finalize after checking temporal overlap with race-control periods
1295,11377,41,34,2026-09-26T12:06:19.582000+00:00,63.015,63.844,37.544,170.0,141.0,False,164.403,"[None, 2048, 2048, 2048, 2048, 2048, 2048, 2048]","[2048, 2048, 2048, 2048, 2048, 2048, 2048, 2048, 2048, 2048]","[2048, 2048, 2048, 2048, 2048, 2048, 2048, 2048, 2048]",217.0,Arvid LINDBLAD,LIN,Racing Bulls,6C98FF,2026-09-26 12:06:19.582000+00:00,2026-09-26 12:09:03.985000+00:00,True,False,1,2.0,SOFT,3.0,False,PENDING_TIME_INTERVAL_REVIEW,,Finalize after checking temporal overlap with race-control periods
1295,11377,41,35,2026-09-26T12:09:04.033000+00:00,52.101,60.199,32.096,190.0,141.0,False,144.396,"[None, 2048, 2048, 2048, 2048, 2048, 2048, 2048]","[2048, 2048, 2048, 2048, 2048, 2048, 2048, 2048, 2048, 2048]","[2048, 2048, 2048, 2048, 2048, 2048, 2048, 2048, 2048]",278.0,Arvid LINDBLAD,LIN,Racing Bulls,6C98FF,2026-09-26 12:09:04.033000+00:00,2026-09-26 12:11:28.429000+00:00,True,False,1,2.0,SOFT,4.0,False,PENDING_TIME_INTERVAL_REVIEW,,Finalize after checking temporal overlap with race-control periods
1295,11377,41,36,2026-09-26T12:11:28.685000+00:00,43.184,56.313,43.158,149.0,123.0,False,142.655,"[None, 2048, 2048, 2049, 2048, 2048, 2048, 2048]","[2048, 2048, 2048, 2048, 2048, 2048, 2048, 2048, 2048, 2048]","[2048, 2048, 2048, 2048, 2048, 2048, 2048, 2064, 2064]",207.0,Arvid LINDBLAD,LIN,Racing Bulls,6C98FF,2026-09-26 12:11:28.685000+00:00,2026-09-26 12:13:51.340000+00:00,True,False,1,2.0,SOFT,5.0,True,PENDING_TIME_INTERVAL_REVIEW,,Finalize after checking temporal overlap with race-control periods
1295,11377,41,37,2026-09-26T12:13:51.022000+00:00,62.25,59.833,40.106,131.0,157.0,True,162.189,"[2064, 2064, 2048, 2048, 2048, 2048, 2048, 2048]","[2048, 2048, 2048, 2048, 2048, 2048, 2048, 2048, 2048, 2048]","[2048, 2048, 2048, 2048, 2048, 2048, 2048, 2048, 2048]",231.0,Arvid LINDBLAD,LIN,Racing Bulls,6C98FF,2026-09-26 12:13:51.022000+00:00,2026-09-26 12:16:33.211000+00:00,True,False,1,3.0,SOFT,6.0,False,PENDING_TIME_INTERVAL_REVIEW,,Finalize after checking temporal overlap with race-control periods
1295,11377,41,38,2026-09-26T12:16:33.296000+00:00,54.714,63.57,32.807,172.0,151.0,False,151.091,"[2048, 2048, 2048, 2048, 2048, 2048, 2048, 2048]","[2048, 2048, 2048, 2048, 2048, 2048, 2048, 2048, 2048, 2048]","[2048, 2048, 2048, 2048, 2048, 2048, 2048, 2049, 2051]",246.0,Arvid LINDBLAD,LIN,Racing Bulls,6C98FF,2026-09-26 12:16:33.296000+00:00,2026-09-26 12:19:04.387000+00:00,True,False,1,3.0,SOFT,7.0,False,PENDING_TIME_INTERVAL_REVIEW,,Finalize after checking temporal overlap with race-control periods
1295,11377,41,39,2026-09-26T12:19:04.434000+00:00,40.076,44.778,24.437,193.0,204.0,False,109.291,"[None, 2048, 2048, 2049, 2049, 2048, 2048, 2049]","[2048, 2049, 2048, 2048, 2048, 2048, 2049, 2049, 2048, 2048]","[2048, 2049, 2051, 2049, 2051, 2049, 2049, 2049, 2051]",344.0,Arvid LINDBLAD,LIN,Racing Bulls,6C98FF,2026-09-26 12:19:04.434000+00:00,2026-09-26 12:20:53.725000+00:00,True,False,1,3.0,SOFT,8.0,False,PENDING_TIME_INTERVAL_REVIEW,,Finalize after checking temporal overlap with race-control periods
1295,11377,41,40,2026-09-26T12:20:53.759000+00:00,39.718,44.436,24.49,186.0,209.0,False,108.644,"[None, 2048, 2048, 2049, 2049, 2048, 2048, 2048]","[2048, 2048, 2048, 2048, 2049, 2049, 2048, 2048, 2048, 2049]","[2049, 2049, 2048, 2048, 2048, 2049, 2048, 2048]",345.0,Arvid LINDBLAD,LIN,Racing Bulls,6C98FF,2026-09-26 12:20:53.759000+00:00,2026-09-26 12:22:42.403000+00:00,True,False,1,3.0,SOFT,9.0,False,PENDING_TIME_INTERVAL_REVIEW,,Finalize after checking temporal overlap with race-control periods
1295,11377,41,41,2026-09-26T12:22:42.187000+00:00,38.95,44.428,24.551,182.0,204.0,False,107.929,"[None, 2048, 2048, 2051, 2048, 2048, 2048, 2048]","[2048, 2048, 2048, 2049, 2048, 2048, 2048, 2048, 2049, 2048]","[2048, 2049, 2049, 2048, 2048, 2048, 2048, 2048, 2048]",344.0,Arvid LINDBLAD,LIN,Racing Bulls,6C98FF,2026-09-26 12:22:42.187000+00:00,2026-09-26 12:24:30.116000+00:00,True,False,1,3.0,SOFT,10.0,False,PENDING_TIME_INTERVAL_REVIEW,,Finalize after checking temporal overlap with race-control periods
1295,11377,41,42,2026-09-26T12:24:30.190000+00:00,38.77,44.211,24.463,189.0,201.0,False,107.444,"[None, 2048, 2048, 2048, 2048, 2048, 2048, 2048]","[2048, 2048, 2049, 2048, 2048, 2051, 2048, 2048, 2048, 2049]","[2049, 2049, 2048, 2048, 2049, 2048, 2048, 2048, 2048]",344.0,Arvid LINDBLAD,LIN,Racing Bulls,6C98FF,2026-09-26 12:24:30.190000+00:00,2026-09-26 12:26:17.634000+00:00,True,False,1,3.0,SOFT,11.0,False,PENDING_TIME_INTERVAL_REVIEW,,Finalize after checking temporal overlap with race-control periods
1295,11377,41,43,2026-09-26T12:26:17.738000+00:00,38.709,44.322,24.528,186.0,209.0,False,107.559,"[None, 2048, 2048, 2048, 2048, 2048, 2048, 2048]","[2048, 2048, 2048, 2048, 2048, 2048, 2048, 2048, 2048, 2048]","[2048, 2049, 2049, 2049, 2048, 2048, 2048, 2048, 2048]",343.0,Arvid LINDBLAD,LIN,Racing Bulls,6C98FF,2026-09-26 12:26:17.738000+00:00,2026-09-26 12:28:05.297000+00:00,True,False,1,3.0,SOFT,12.0,False,PENDING_TIME_INTERVAL_REVIEW,,Finalize after checking temporal overlap with race-control periods
1295,11377,41,44,2026-09-26T12:28:05.296000+00:00,38.398,44.026,24.425,188.0,209.0,False,106.849,"[None, 2048, 2049, 2048, 2048, 2048, 2049, 2048]","[2048, 2048, 2049, 2049, 2049, 2048, 2048, 2049, 2049, 2048]","[2048, 2049, 2049, 2048, 2049, 2048, 2048, 2048, 2048]",344.0,Arvid LINDBLAD,LIN,Racing Bulls,6C98FF,2026-09-26 12:28:05.296000+00:00,2026-09-26 12:29:52.145000+00:00,True,False,1,3.0,SOFT,13.0,False,PENDING_TIME_INTERVAL_REVIEW,,Finalize after checking temporal overlap with race-control periods
1295,11377,41,45,2026-09-26T12:29:52.180000+00:00,38.546,44.111,24.559,,206.0,False,107.216,"[None, 2048, 2048, 2051, 2049, 2048, 2048, 2048]","[2048, 2048, 2049, 2048, 2049, 2048, 2048, 2048, 2049, 2048]","[2048, 2048, 2048, 2048, 2048, 2048, 2048, 2048, 2048]",343.0,Arvid LINDBLAD,LIN,Racing Bulls,6C98FF,2026-09-26 12:29:52.180000+00:00,2026-09-26 12:31:39.396000+00:00,True,False,1,3.0,SOFT,14.0,False,PENDING_TIME_INTERVAL_REVIEW,,Finalize after checking temporal overlap with race-control periods
1295,11377,41,46,2026-09-26T12:31:39.283000+00:00,38.376,44.2,24.419,,208.0,False,106.995,"[2049, 2048, 2048, 2048, 2048, 2048, 2048, 2048]","[2048, 2048, 2048, 2048, 2048, 2048, 2048, 2048, 2049, 2048]","[2049, 2048, 2048, 2048, 2048, 2048, 2048, 2048, 2048]",344.0,Arvid LINDBLAD,LIN,Racing Bulls,6C98FF,2026-09-26 12:31:39.283000+00:00,2026-09-26 12:33:26.278000+00:00,True,False,1,3.0,SOFT,15.0,False,PENDING_TIME_INTERVAL_REVIEW,,Finalize after checking temporal overlap with race-control periods
1295,11377,41,47,2026-09-26T12:33:26.457000+00:00,38.846,44.344,24.554,185.0,204.0,False,107.744,"[2048, 2048, 2048, 2051, 2051, 2048, 2048, 2048]","[2048, 2048, 2048, 2049, 2048, 2048, 2048, 2048, 2048, 2048]","[2048, 2048, 2048, 2048, 2048, 2048, 2048, 2048, 2048]",343.0,Arvid LINDBLAD,LIN,Racing Bulls,6C98FF,2026-09-26 12:33:26.457000+00:00,2026-09-26 12:35:14.201000+00:00,True,False,1,3.0,SOFT,16.0,False,PENDING_TIME_INTERVAL_REVIEW,,Finalize after checking temporal overlap with race-control periods
1295,11377,41,48,2026-09-26T12:35:14.139000+00:00,38.561,43.928,24.92,194.0,209.0,False,107.409,"[None, 2048, 2049, 2048, 2051, 2048, 2048, 2048]","[2048, 2048, 2049, 2048, 2049, 2048, 2048, 2048, 2049, 2048]","[2049, 2048, 2048, 2048, 2048, 2048, 2048, 2048, 2048]",331.0,Arvid LINDBLAD,LIN,Racing Bulls,6C98FF,2026-09-26 12:35:14.139000+00:00,2026-09-26 12:37:01.548000+00:00,True,False,1,3.0,SOFT,17.0,False,PENDING_TIME_INTERVAL_REVIEW,,Finalize after checking temporal overlap with race-control periods
1295,11377,41,49,2026-09-26T12:37:01.517000+00:00,38.352,43.816,24.689,200.0,209.0,False,106.857,"[None, 2049, 2049, 2048, 2048, 2049, 2049, 2048]","[2049, 2048, 2048, 2049, 2048, 2048, 2048, 2049, 2048, 2048]","[2048, 2048, 2048, 2048, 2048, 2048, 2048, 2048, 2048]",336.0,Arvid LINDBLAD,LIN,Racing Bulls,6C98FF,2026-09-26 12:37:01.517000+00:00,2026-09-26 12:38:48.374000+00:00,True,False,1,3.0,SOFT,18.0,False,PENDING_TIME_INTERVAL_REVIEW,,Finalize after checking temporal overlap with race-control periods
1295,11377,41,50,2026-09-26T12:38:48.225000+00:00,38.885,44.175,24.735,194.0,202.0,False,107.795,"[None, 2048, 2048, 2048, 2048, 2048, 2048, 2048]","[2048, 2048, 2048, 2048, 2048, 2048, 2048, 2049, 2048, 2048]","[2049, 2048, 2048, 2048, 2048, 2048, 2048, 2048, 2048]",334.0,Arvid LINDBLAD,LIN,Racing Bulls,6C98FF,2026-09-26 12:38:48.225000+00:00,2026-09-26 12:40:36.020000+00:00,True,False,1,3.0,SOFT,19.0,False,PENDING_TIME_INTERVAL_REVIEW,,Finalize after checking temporal overlap with race-control periods
1295,11377,41,51,2026-09-26T12:40:36.119000+00:00,38.403,45.039,24.881,,200.0,False,108.323,"[2049, 2048, 2048, 2048, 2048, 2048, 2048, 2048]","[2048, 2048, 2048, 2048, 2048, 2048, 2048, 2048, 2048, 2048]","[2048, 2048, 2048, 2048, 2048, 2049, 2048, 2048, 2048]",345.0,Arvid LINDBLAD,LIN,Racing Bulls,6C98FF,2026-09-26 12:40:36.119000+00:00,2026-09-26 12:42:24.442000+00:00,True,False,1,3.0,SOFT,20.0,False,PENDING_TIME_INTERVAL_REVIEW,,Finalize after checking temporal overlap with race-control periods
1295,11377,43,1,2026-09-26T11:03:50.711000+00:00,47.587,46.191,24.974,165.0,198.0,False,118.752,"[2048, 2049, 2049, 2049, 2049, 2049, 2049, 2049]","[2049, 2049, 2049, 2049, 2049, 2049, 2049, 2049, 2049, 2049]","[2049, 2049, 2049, 2049, 2049, 2049, 2049, 2049, 2049]",338.0,Franco COLAPINTO,COL,Alpine,00A1E8,2026-09-26 11:03:50.711000+00:00,2026-09-26 11:05:49.463000+00:00,False,False,1,1.0,MEDIUM,0.0,False,PENDING_TIME_INTERVAL_REVIEW,,Finalize after checking temporal overlap with race-control periods
1295,11377,43,2,2026-09-26T11:05:49.463000+00:00,40.092,45.265,25.09,176.0,195.0,False,110.447,"[2049, 2049, 2049, 2049, 2049, 2049, 2049, 2049]","[2049, 2049, 2049, 2049, 2049, 2049, 2049, 2049, 2048, 2048]","[2049, 2049, 2048, 2048, 2048, 2048, 2048, 2048, 2048]",334.0,Franco COLAPINTO,COL,Alpine,00A1E8,2026-09-26 11:05:49.463000+00:00,2026-09-26 11:07:39.910000+00:00,False,False,1,1.0,MEDIUM,1.0,False,PENDING_TIME_INTERVAL_REVIEW,,Finalize after checking temporal overlap with race-control periods
1295,11377,43,3,2026-09-26T11:07:39.692000+00:00,39.481,45.11,25.126,178.0,207.0,False,109.717,"[None, 2049, 2049, 2049, 2049, 2049, 2049, 2049]","[2048, 2048, 2049, 2049, 2048, 2048, 2048, 2048, 2049, 2049]","[2049, 2048, 2049, 2049, 2048, 2048, 2048, 2048, 2048]",331.0,Franco COLAPINTO,COL,Alpine,00A1E8,2026-09-26 11:07:39.692000+00:00,2026-09-26 11:09:29.409000+00:00,False,False,1,1.0,MEDIUM,2.0,False,PENDING_TIME_INTERVAL_REVIEW,,Finalize after checking temporal overlap with race-control periods
1295,11377,43,4,2026-09-26T11:09:29.292000+00:00,39.267,45.165,25.4,183.0,196.0,False,109.832,"[2048, 2049, 2049, 2048, 2049, 2049, 2049, 2048]","[2049, 2048, 2048, 2049, 2048, 2048, 2048, 2048, 2048, 2048]","[2048, 2048, 2048, 2048, 2048, 2048, 2048, 2048, 2048]",325.0,Franco COLAPINTO,COL,Alpine,00A1E8,2026-09-26 11:09:29.292000+00:00,2026-09-26 11:11:19.124000+00:00,False,False,1,1.0,MEDIUM,3.0,False,PENDING_TIME_INTERVAL_REVIEW,,Finalize after checking temporal overlap with race-control periods
1295,11377,43,5,2026-09-26T11:11:19.207000+00:00,39.268,44.809,25.218,187.0,203.0,False,109.295,"[2049, 2048, 2049, 2048, 2048, 2048, 2049, 2048]","[2049, 2048, 2049, 2049, 2048, 2048, 2048, 2048, 2048, 2049]","[2048, 2048, 2049, 2049, 2048, 2048, 2048, 2048, 2048]",327.0,Franco COLAPINTO,COL,Alpine,00A1E8,2026-09-26 11:11:19.207000+00:00,2026-09-26 11:13:08.502000+00:00,False,False,1,1.0,MEDIUM,4.0,False,PENDING_TIME_INTERVAL_REVIEW,,Finalize after checking temporal overlap with race-control periods
1295,11377,43,6,2026-09-26T11:13:08.380000+00:00,38.885,44.835,25.081,191.0,195.0,False,108.801,"[None, 2049, 2048, 2048, 2049, 2048, 2049, 2048]","[2049, 2048, 2048, 2048, 2048, 2048, 2048, 2049, 2048, 2048]","[2048, 2049, 2049, 2051, 2048, 2048, 2048, 2048, 2048]",330.0,Franco COLAPINTO,COL,Alpine,00A1E8,2026-09-26 11:13:08.380000+00:00,2026-09-26 11:14:57.181000+00:00,False,False,1,1.0,MEDIUM,5.0,False,PENDING_TIME_INTERVAL_REVIEW,,Finalize after checking temporal overlap with race-control periods
1295,11377,43,7,2026-09-26T11:14:57.248000+00:00,39.102,44.947,25.318,195.0,201.0,False,109.367,"[2048, 2049, 2048, 2048, 2048, 2048, 2048, 2049]","[2049, 2048, 2048, 2049, 2048, 2048, 2048, 2048, 2048, 2048]","[2048, 2048, 2048, 2048, 2048, 2048, 2048, 2048, 2048]",327.0,Franco COLAPINTO,COL,Alpine,00A1E8,2026-09-26 11:14:57.248000+00:00,2026-09-26 11:16:46.615000+00:00,False,False,1,1.0,MEDIUM,6.0,False,PENDING_TIME_INTERVAL_REVIEW,,Finalize after checking temporal overlap with race-control periods
1295,11377,43,8,2026-09-26T11:16:46.644000+00:00,39.036,45.137,25.359,187.0,201.0,False,109.532,"[None, 2049, 2048, 2049, 2048, 2048, 2048, 2048]","[2048, 2049, 2048, 2048, 2048, 2048, 2048, 2048, 2048, 2048]","[2048, 2048, 2051, 2048, 2048, 2048, 2048, 2048, 2048]",323.0,Franco COLAPINTO,COL,Alpine,00A1E8,2026-09-26 11:16:46.644000+00:00,2026-09-26 11:18:36.176000+00:00,False,False,1,1.0,MEDIUM,7.0,False,PENDING_TIME_INTERVAL_REVIEW,,Finalize after checking temporal overlap with race-control periods
1295,11377,43,9,2026-09-26T11:18:36.176000+00:00,38.875,44.972,25.495,192.0,190.0,False,109.342,"[2049, 2049, 2048, 2048, 2048, 2049, 2048, 2048]","[2048, 2048, 2049, 2048, 2048, 2048, 2048, 2048, 2048, 2048]","[2048, 2048, 2048, 2048, 2048, 2048, 2048, 2048, 2048]",320.0,Franco COLAPINTO,COL,Alpine,00A1E8,2026-09-26 11:18:36.176000+00:00,2026-09-26 11:20:25.518000+00:00,False,False,1,1.0,MEDIUM,8.0,False,PENDING_TIME_INTERVAL_REVIEW,,Finalize after checking temporal overlap with race-control periods
1295,11377,43,10,2026-09-26T11:20:25.524000+00:00,39.2,44.794,25.495,195.0,199.0,False,109.489,"[2048, 2048, 2048, 2048, 2048, 2048, 2049, 2049]","[2048, 2048, 2048, 2049, 2048, 2048, 2048, 2048, 2048, 2048]","[2049, 2049, 2049, 2048, 2048, 2048, 2048, 2048, 2048]",316.0,Franco COLAPINTO,COL,Alpine,00A1E8,2026-09-26 11:20:25.524000+00:00,2026-09-26 11:22:15.013000+00:00,False,False,1,1.0,MEDIUM,9.0,False,PENDING_TIME_INTERVAL_REVIEW,,Finalize after checking temporal overlap with race-control periods
1295,11377,43,11,2026-09-26T11:22:15.018000+00:00,38.825,44.596,25.437,194.0,199.0,False,108.858,"[None, 2049, 2049, 2048, 2048, 2049, 2049, 2048]","[2048, 2048, 2049, 2048, 2048, 2048, 2048, 2049, 2048, 2048]","[2048, 2048, 2049, 2048, 2048, 2048, 2048, 2048, 2048]",319.0,Franco COLAPINTO,COL,Alpine,00A1E8,2026-09-26 11:22:15.018000+00:00,2026-09-26 11:24:03.876000+00:00,False,False,1,1.0,MEDIUM,10.0,False,PENDING_TIME_INTERVAL_REVIEW,,Finalize after checking temporal overlap with race-control periods
1295,11377,43,12,2026-09-26T11:24:03.912000+00:00,38.94,44.631,25.343,,204.0,False,108.914,"[None, 2048, 2048, 2048, 2048, 2048, 2048, 2049]","[2048, 2048, 2049, 2048, 2048, 2048, 2048, 2048, 2048, 2049]","[2049, 2048, 2048, 2049, 2048, 2048, 2048, 2048, 2048]",321.0,Franco COLAPINTO,COL,Alpine,00A1E8,2026-09-26 11:24:03.912000+00:00,2026-09-26 11:25:52.826000+00:00,False,False,1,1.0,MEDIUM,11.0,False,PENDING_TIME_INTERVAL_REVIEW,,Finalize after checking temporal overlap with race-control periods
1295,11377,43,13,2026-09-26T11:25:52.807000+00:00,38.804,44.655,25.513,192.0,201.0,False,108.972,"[None, 2048, 2048, 2049, 2048, 2048, 2049, 2048]","[2048, 2048, 2048, 2049, 2048, 2048, 2048, 2048, 2049, 2048]","[2048, 2048, 2048, 2048, 2048, 2048, 2048, 2048, 2048]",318.0,Franco COLAPINTO,COL,Alpine,00A1E8,2026-09-26 11:25:52.807000+00:00,2026-09-26 11:27:41.779000+00:00,False,False,1,1.0,MEDIUM,12.0,False,PENDING_TIME_INTERVAL_REVIEW,,Finalize after checking temporal overlap with race-control periods
1295,11377,43,14,2026-09-26T11:27:41.749000+00:00,38.842,44.274,25.427,191.0,206.0,False,108.543,"[None, 2048, 2048, 2048, 2048, 2049, 2049, 2048]","[2049, 2048, 2049, 2049, 2049, 2048, 2048, 2049, 2049, 2049]","[2049, 2048, 2048, 2048, 2048, 2048, 2048, 2048, 2048]",320.0,Franco COLAPINTO,COL,Alpine,00A1E8,2026-09-26 11:27:41.749000+00:00,2026-09-26 11:29:30.292000+00:00,False,False,1,1.0,MEDIUM,13.0,False,PENDING_TIME_INTERVAL_REVIEW,,Finalize after checking temporal overlap with race-control periods
1295,11377,43,15,2026-09-26T11:29:30.276000+00:00,38.794,44.548,25.403,,209.0,False,108.745,"[None, 2048, 2049, 2048, 2048, 2048, 2048, 2048]","[2048, 2048, 2048, 2048, 2048, 2048, 2048, 2048, 2048, 2048]","[2049, 2048, 2049, 2048, 2048, 2048, 2048, 2048, 2048]",320.0,Franco COLAPINTO,COL,Alpine,00A1E8,2026-09-26 11:29:30.276000+00:00,2026-09-26 11:31:19.021000+00:00,False,False,1,1.0,MEDIUM,14.0,False,PENDING_TIME_INTERVAL_REVIEW,,Finalize after checking temporal overlap with race-control periods
1295,11377,43,16,2026-09-26T11:31:18.987000+00:00,38.918,44.274,25.436,195.0,204.0,False,108.628,"[None, 2048, 2048, 2048, 2048, 2048, 2048, 2048]","[2048, 2048, 2049, 2051, 2048, 2048, 2048, 2049, 2049, 2048]","[2048, 2048, 2049, 2049, 2048, 2048, 2048, 2048, 2048]",319.0,Franco COLAPINTO,COL,Alpine,00A1E8,2026-09-26 11:31:18.987000+00:00,2026-09-26 11:33:07.615000+00:00,False,False,1,1.0,MEDIUM,15.0,False,PENDING_TIME_INTERVAL_REVIEW,,Finalize after checking temporal overlap with race-control periods
1295,11377,43,17,2026-09-26T11:33:07.575000+00:00,38.774,44.283,25.427,190.0,207.0,False,108.484,"[None, 2048, 2048, 2048, 2048, 2048, 2048, 2048]","[2049, 2048, 2048, 2048, 2049, 2049, 2048, 2048, 2048, 2049]","[2048, 2048, 2048, 2049, 2048, 2048, 2048, 2048, 2048]",318.0,Franco COLAPINTO,COL,Alpine,00A1E8,2026-09-26 11:33:07.575000+00:00,2026-09-26 11:34:56.059000+00:00,False,False,1,1.0,MEDIUM,16.0,False,PENDING_TIME_INTERVAL_REVIEW,,Finalize after checking temporal overlap with race-control periods
1295,11377,43,18,2026-09-26T11:34:56.451000+00:00,38.856,44.481,25.495,195.0,206.0,False,108.832,"[None, 2048, 2048, 2048, 2048, 2048, 2048, 2048]","[2048, 2048, 2048, 2048, 2049, 2048, 2048, 2048, 2048, 2048]","[2048, 2048, 2048, 2048, 2048, 2048, 2048, 2048, 2048]",318.0,Franco COLAPINTO,COL,Alpine,00A1E8,2026-09-26 11:34:56.451000+00:00,2026-09-26 11:36:45.283000+00:00,False,False,1,1.0,MEDIUM,17.0,False,PENDING_TIME_INTERVAL_REVIEW,,Finalize after checking temporal overlap with race-control periods
1295,11377,43,19,2026-09-26T11:36:44.983000+00:00,38.783,44.506,25.47,,210.0,False,108.759,"[None, 2048, 2049, 2048, 2048, 2048, 2048, 2049]","[2048, 2048, 2048, 2048, 2048, 2048, 2048, 2049, 2048, 2048]","[2048, 2048, 2048, 2048, 2048, 2048, 2048, 2048]",318.0,Franco COLAPINTO,COL,Alpine,00A1E8,2026-09-26 11:36:44.983000+00:00,2026-09-26 11:38:33.742000+00:00,False,False,1,1.0,MEDIUM,18.0,False,PENDING_TIME_INTERVAL_REVIEW,,Finalize after checking temporal overlap with race-control periods
1295,11377,43,20,2026-09-26T11:38:33.673000+00:00,38.997,44.497,25.543,196.0,196.0,False,109.037,"[None, 2048, 2048, 2048, 2048, 2048, 2049, 2048]","[2048, 2049, 2048, 2048, 2048, 2048, 2048, 2048, 2048, 2048]","[2048, 2048, 2048, 2048, 2048, 2048, 2048, 2048, 2048]",318.0,Franco COLAPINTO,COL,Alpine,00A1E8,2026-09-26 11:38:33.673000+00:00,2026-09-26 11:40:22.710000+00:00,False,False,1,1.0,MEDIUM,19.0,False,PENDING_TIME_INTERVAL_REVIEW,,Finalize after checking temporal overlap with race-control periods
1295,11377,43,21,2026-09-26T11:40:22.774000+00:00,38.967,44.726,25.428,200.0,199.0,False,109.121,"[None, 2048, 2048, 2048, 2048, 2048, 2048, 2048]","[2048, 2048, 2048, 2048, 2048, 2048, 2048, 2048, 2048, 2048]","[2048, 2048, 2048, 2048, 2048, 2048, 2048, 2048, 2048]",320.0,Franco COLAPINTO,COL,Alpine,00A1E8,2026-09-26 11:40:22.774000+00:00,2026-09-26 11:42:11.895000+00:00,False,False,1,1.0,MEDIUM,20.0,False,PENDING_TIME_INTERVAL_REVIEW,,Finalize after checking temporal overlap with race-control periods
1295,11377,43,22,2026-09-26T11:42:11.934000+00:00,39.085,44.336,25.478,199.0,202.0,False,108.899,"[None, 2048, 2048, 2048, 2048, 2048, 2048, 2049]","[2048, 2048, 2048, 2048, 2049, 2048, 2048, 2048, 2049, 2048]","[2049, 2049, 2049, 2049, 2048, 2048, 2048, 2048, 2048]",317.0,Franco COLAPINTO,COL,Alpine,00A1E8,2026-09-26 11:42:11.934000+00:00,2026-09-26 11:44:00.833000+00:00,False,False,1,1.0,MEDIUM,21.0,False,PENDING_TIME_INTERVAL_REVIEW,,Finalize after checking temporal overlap with race-control periods
1295,11377,43,23,2026-09-26T11:44:01.147000+00:00,39.656,44.475,25.423,196.0,206.0,False,109.554,"[None, 2048, 2048, 2049, 2048, 2048, 2048, 2048]","[2048, 2048, 2048, 2048, 2048, 2048, 2048, 2048, 2048, 2048]","[2048, 2048, 2048, 2049, 2048, 2048, 2048, 2048, 2048]",319.0,Franco COLAPINTO,COL,Alpine,00A1E8,2026-09-26 11:44:01.147000+00:00,2026-09-26 11:45:50.701000+00:00,False,False,1,1.0,MEDIUM,22.0,False,PENDING_TIME_INTERVAL_REVIEW,,Finalize after checking temporal overlap with race-control periods
1295,11377,43,24,2026-09-26T11:45:50.632000+00:00,38.871,44.508,25.524,194.0,207.0,False,108.903,"[None, 2048, 2048, 2048, 2048, 2048, 2048, 2048]","[2048, 2048, 2048, 2048, 2048, 2048, 2048, 2048, 2048, 2048]","[2048, 2048, 2048, 2048, 2048, 2048, 2048, 2048, 2048]",322.0,Franco COLAPINTO,COL,Alpine,00A1E8,2026-09-26 11:45:50.632000+00:00,2026-09-26 11:47:39.535000+00:00,False,False,1,1.0,MEDIUM,23.0,False,PENDING_TIME_INTERVAL_REVIEW,,Finalize after checking temporal overlap with race-control periods
1295,11377,43,25,2026-09-26T11:47:39.202000+00:00,39.075,44.755,25.469,193.0,203.0,False,109.299,"[None, 2048, 2048, 2048, 2048, 2048, 2048, 2048]","[2048, 2048, 2048, 2048, 2048, 2048, 2048, 2048, 2048, 2048]","[2048, 2048, 2048, 2048, 2048, 2048, 2048, 2048, 2048]",320.0,Franco COLAPINTO,COL,Alpine,00A1E8,2026-09-26 11:47:39.202000+00:00,2026-09-26 11:49:28.501000+00:00,False,False,1,1.0,MEDIUM,24.0,False,PENDING_TIME_INTERVAL_REVIEW,,Finalize after checking temporal overlap with race-control periods
1295,11377,43,26,2026-09-26T11:49:28.576000+00:00,38.885,44.379,25.588,201.0,208.0,False,108.852,"[None, 2048, 2048, 2048, 2048, 2048, 2048, 2049]","[2048, 2049, 2049, 2048, 2048, 2049, 2048, 2048, 2048, 2048]","[2048, 2048, 2048, 2048, 2048, 2048, 2048, 2048, 2048]",319.0,Franco COLAPINTO,COL,Alpine,00A1E8,2026-09-26 11:49:28.576000+00:00,2026-09-26 11:51:17.428000+00:00,False,False,1,1.0,MEDIUM,25.0,False,PENDING_TIME_INTERVAL_REVIEW,,Finalize after checking temporal overlap with race-control periods
1295,11377,43,27,2026-09-26T11:51:17.718000+00:00,38.817,44.591,25.502,198.0,205.0,False,108.91,"[None, 2048, 2048, 2048, 2048, 2048, 2048, 2048]","[2048, 2048, 2048, 2048, 2048, 2048, 2048, 2048, 2048, 2048]","[2048, 2048, 2049, 2048, 2048, 2048, 2048, 2048, 2048]",317.0,Franco COLAPINTO,COL,Alpine,00A1E8,2026-09-26 11:51:17.718000+00:00,2026-09-26 11:53:06.628000+00:00,False,False,1,1.0,MEDIUM,26.0,False,PENDING_TIME_INTERVAL_REVIEW,,Finalize after checking temporal overlap with race-control periods
1295,11377,43,28,2026-09-26T11:53:06.350000+00:00,38.868,44.319,25.568,194.0,207.0,False,108.755,"[None, 2048, 2048, 2048, 2048, 2048, 2048, 2048]","[2048, 2048, 2048, 2048, 2049, 2049, 2048, 2048, 2048, 2048]","[2048, 2048, 2048, 2048, 2048, 2048, 2048, 2048, 2048]",317.0,Franco COLAPINTO,COL,Alpine,00A1E8,2026-09-26 11:53:06.350000+00:00,2026-09-26 11:54:55.105000+00:00,False,False,1,1.0,MEDIUM,27.0,False,PENDING_TIME_INTERVAL_REVIEW,,Finalize after checking temporal overlap with race-control periods
1295,11377,43,29,2026-09-26T11:54:55.071000+00:00,38.899,44.343,25.561,201.0,202.0,False,108.803,"[None, 2048, 2048, 2048, 2048, 2048, 2048, 2048]","[2048, 2049, 2048, 2048, 2048, 2049, 2049, 2048, 2048, 2048]","[2048, 2048, 2048, 2048, 2048, 2048, 2048, 2048, 2048]",318.0,Franco COLAPINTO,COL,Alpine,00A1E8,2026-09-26 11:54:55.071000+00:00,2026-09-26 11:56:43.874000+00:00,False,False,1,1.0,MEDIUM,28.0,False,PENDING_TIME_INTERVAL_REVIEW,,Finalize after checking temporal overlap with race-control periods
1295,11377,43,30,2026-09-26T11:56:44.089000+00:00,39.013,44.447,42.808,,193.0,False,126.268,"[None, 2048, 2048, 2048, 2048, 2048, 2048, 2049]","[2048, 2048, 2048, 2048, 2048, 2048, 2048, 2048, 2048, 2048]","[2048, 2048, 2048, 2048, 2048, 2048, 2048, 2064, 2064]",196.0,Franco COLAPINTO,COL,Alpine,00A1E8,2026-09-26 11:56:44.089000+00:00,2026-09-26 11:58:50.357000+00:00,False,False,1,1.0,MEDIUM,29.0,True,PENDING_TIME_INTERVAL_REVIEW,,Finalize after checking temporal overlap with race-control periods
1295,11377,43,31,2026-09-26T11:58:50.142000+00:00,70.285,56.884,38.702,82.0,172.0,True,165.871,"[2064, 2064, 2048, 2048, 2048, 2048, 2048, 2048]","[2048, 2048, 2048, 2048, 2048, 2048, 2048, 2048, 2048, 2048]","[2048, 2048, 2048, 2048, 2048, 2048, 2048, 2048, 2048]",196.0,Franco COLAPINTO,COL,Alpine,00A1E8,2026-09-26 11:58:50.142000+00:00,2026-09-26 12:01:36.013000+00:00,False,False,1,2.0,SOFT,0.0,False,PENDING_TIME_INTERVAL_REVIEW,,Finalize after checking temporal overlap with race-control periods
1295,11377,43,32,2026-09-26T12:01:36.067000+00:00,45.821,56.802,28.661,101.0,174.0,False,131.284,"[2048, 2048, 2048, 2048, 2048, 2048, 2048, 2048]","[2048, 2048, 2048, 2048, 2048, 2048, 2048, 2048, 2048, 2048]","[2048, 2048, 2048, 2048, 2048, 2048, 2048, 2048, 2048]",289.0,Franco COLAPINTO,COL,Alpine,00A1E8,2026-09-26 12:01:36.067000+00:00,2026-09-26 12:03:47.351000+00:00,False,False,1,2.0,SOFT,1.0,False,PENDING_TIME_INTERVAL_REVIEW,,Finalize after checking temporal overlap with race-control periods
1295,11377,43,33,2026-09-26T12:03:47.231000+00:00,45.643,64.433,37.932,92.0,164.0,False,148.008,"[None, 2048, 2048, 2048, 2048, 2048, 2048, 2048]","[2048, 2048, 2048, 2048, 2048, 2048, 2048, 2048, 2048, 2048]","[2048, 2048, 2048, 2048, 2048, 2048, 2048, 2048, 2048]",174.0,Franco COLAPINTO,COL,Alpine,00A1E8,2026-09-26 12:03:47.231000+00:00,2026-09-26 12:06:15.239000+00:00,False,False,1,2.0,SOFT,2.0,False,PENDING_TIME_INTERVAL_REVIEW,,Finalize after checking temporal overlap with race-control periods
1295,11377,43,34,2026-09-26T12:06:15.298000+00:00,62.757,62.506,38.072,151.0,172.0,False,163.335,"[None, 2048, 2048, 2048, 2048, 2048, 2048, 2048]","[2048, 2048, 2048, 2048, 2048, 2048, 2048, 2048, 2048, 2048]","[2048, 2048, 2048, 2048, 2048, 2048, 2048, 2048, 2048]",238.0,Franco COLAPINTO,COL,Alpine,00A1E8,2026-09-26 12:06:15.298000+00:00,2026-09-26 12:08:58.633000+00:00,False,False,1,2.0,SOFT,3.0,False,PENDING_TIME_INTERVAL_REVIEW,,Finalize after checking temporal overlap with race-control periods
1295,11377,43,35,2026-09-26T12:08:58.616000+00:00,52.182,62.46,34.358,141.0,143.0,False,149.0,"[None, 2048, 2048, 2048, 2048, 2048, 2048, 2048]","[2048, 2048, 2048, 2048, 2048, 2048, 2048, 2048, 2048, 2048]","[2048, 2048, 2048, 2048, 2048, 2048, 2048, 2048, 2048]",238.0,Franco COLAPINTO,COL,Alpine,00A1E8,2026-09-26 12:08:58.616000+00:00,2026-09-26 12:11:27.616000+00:00,False,False,1,2.0,SOFT,4.0,False,PENDING_TIME_INTERVAL_REVIEW,,Finalize after checking temporal overlap with race-control periods
1295,11377,43,36,2026-09-26T12:11:27.647000+00:00,,84.85,56.095,98.0,101.0,False,251.363,"[None, 2048, 2048, 2048, 2048, 2048, 2048, 2048]","[2048, 2048, 2048, 2048, 2048, 2048, 2048, 2048, 2048, 2048]","[2048, 2048, 2048, 2048, 2048, 2048, 2048, 2064, 2064]",158.0,Franco COLAPINTO,COL,Alpine,00A1E8,2026-09-26 12:11:27.647000+00:00,2026-09-26 12:15:39.010000+00:00,False,False,1,2.0,SOFT,5.0,False,PENDING_TIME_INTERVAL_REVIEW,,Finalize after checking temporal overlap with race-control periods
1295,11377,43,37,2026-09-26T12:15:38.987000+00:00,,,,,,False,,,,,,Franco COLAPINTO,COL,Alpine,00A1E8,2026-09-26 12:15:38.987000+00:00,,False,False,0,,,,False,PENDING_TIME_INTERVAL_REVIEW,,Finalize after checking temporal overlap with race-control periods
1295,11377,44,1,2026-09-26T11:03:50.711000+00:00,45.601,45.252,25.43,185.0,198.0,False,116.283,"[2048, 2049, 2049, 2049, 2049, 2049, 2049, 2049]","[2049, 2049, 2049, 2049, 2049, 2049, 2049, 2049, 2049, 2051]","[2049, 2049, 2049, 2049, 2049, 2049, 2049, 2049, 2049]",341.0,Lewis HAMILTON,HAM,Ferrari,ED1131,2026-09-26 11:03:50.711000+00:00,2026-09-26 11:05:46.994000+00:00,True,False,1,1.0,SOFT,0.0,False,PENDING_TIME_INTERVAL_REVIEW,,Finalize after checking temporal overlap with race-control periods
1295,11377,44,2,2026-09-26T11:05:46.994000+00:00,40.386,45.122,25.22,176.0,198.0,False,110.728,"[2051, 2049, 2049, 2049, 2048, 2048, 2049, 2048]","[2049, 2048, 2049, 2049, 2049, 2049, 2048, 2048, 2049, 2051]","[2051, 2049, 2049, 2049, 2048, 2048, 2048, 2048, 2048]",334.0,Lewis HAMILTON,HAM,Ferrari,ED1131,2026-09-26 11:05:46.994000+00:00,2026-09-26 11:07:37.722000+00:00,True,False,1,1.0,SOFT,1.0,False,PENDING_TIME_INTERVAL_REVIEW,,Finalize after checking temporal overlap with race-control periods
1295,11377,44,3,2026-09-26T11:07:37.668000+00:00,39.272,45.05,25.077,185.0,198.0,False,109.399,"[2048, 2049, 2049, 2049, 2048, 2049, 2049, 2048]","[2049, 2048, 2049, 2049, 2048, 2049, 2048, 2048, 2048, 2048]","[2048, 2048, 2048, 2049, 2049, 2048, 2048, 2049, 2049]",338.0,Lewis HAMILTON,HAM,Ferrari,ED1131,2026-09-26 11:07:37.668000+00:00,2026-09-26 11:09:27.067000+00:00,True,False,1,1.0,SOFT,2.0,False,PENDING_TIME_INTERVAL_REVIEW,,Finalize after checking temporal overlap with race-control periods
1295,11377,44,4,2026-09-26T11:09:27.130000+00:00,39.582,45.172,25.155,180.0,209.0,False,109.909,"[None, 2048, 2048, 2049, 2048, 2048, 2048, 2048]","[2048, 2048, 2048, 2049, 2048, 2048, 2048, 2048, 2049, 2049]","[2048, 2048, 2049, 2051, 2049, 2048, 2048, 2048, 2048]",328.0,Lewis HAMILTON,HAM,Ferrari,ED1131,2026-09-26 11:09:27.130000+00:00,2026-09-26 11:11:17.039000+00:00,True,False,1,1.0,SOFT,3.0,False,PENDING_TIME_INTERVAL_REVIEW,,Finalize after checking temporal overlap with race-control periods
1295,11377,44,5,2026-09-26T11:11:16.973000+00:00,39.217,44.534,25.11,190.0,210.0,False,108.861,"[None, 2049, 2049, 2048, 2048, 2049, 2049, 2048]","[2048, 2048, 2049, 2049, 2048, 2048, 2048, 2049, 2049, 2051]","[2048, 2048, 2048, 2048, 2048, 2048, 2048, 2048, 2048]",336.0,Lewis HAMILTON,HAM,Ferrari,ED1131,2026-09-26 11:11:16.973000+00:00,2026-09-26 11:13:05.834000+00:00,True,False,1,1.0,SOFT,4.0,False,PENDING_TIME_INTERVAL_REVIEW,,Finalize after checking temporal overlap with race-control periods
1295,11377,44,6,2026-09-26T11:13:05.768000+00:00,39.004,44.698,25.173,188.0,199.0,False,108.875,"[None, 2048, 2048, 2048, 2049, 2048, 2048, 2048]","[2049, 2048, 2049, 2048, 2049, 2049, 2048, 2049, 2049, 2048]","[2048, 2048, 2048, 2048, 2048, 2048, 2048, 2048, 2048]",332.0,Lewis HAMILTON,HAM,Ferrari,ED1131,2026-09-26 11:13:05.768000+00:00,2026-09-26 11:14:54.643000+00:00,True,False,1,1.0,SOFT,5.0,False,PENDING_TIME_INTERVAL_REVIEW,,Finalize after checking temporal overlap with race-control periods
1295,11377,44,7,2026-09-26T11:14:54.650000+00:00,38.841,44.874,25.346,194.0,204.0,False,109.061,"[None, 2048, 2049, 2048, 2048, 2049, 2049, 2048]","[2049, 2048, 2048, 2048, 2048, 2048, 2048, 2048, 2049, 2048]","[2048, 2048, 2048, 2048, 2048, 2048, 2048, 2048, 2048]",330.0,Lewis HAMILTON,HAM,Ferrari,ED1131,2026-09-26 11:14:54.650000+00:00,2026-09-26 11:16:43.711000+00:00,True,False,1,1.0,SOFT,6.0,False,PENDING_TIME_INTERVAL_REVIEW,,Finalize after checking temporal overlap with race-control periods
1295,11377,44,8,2026-09-26T11:16:43.756000+00:00,38.919,44.494,25.375,196.0,212.0,False,108.788,"[None, 2049, 2049, 2048, 2048, 2049, 2048, 2048]","[2049, 2048, 2048, 2048, 2048, 2048, 2048, 2048, 2048, 2048]","[2048, 2048, 2048, 2048, 2048, 2048, 2048, 2048, 2048]",330.0,Lewis HAMILTON,HAM,Ferrari,ED1131,2026-09-26 11:16:43.756000+00:00,2026-09-26 11:18:32.544000+00:00,True,False,1,1.0,SOFT,7.0,False,PENDING_TIME_INTERVAL_REVIEW,,Finalize after checking temporal overlap with race-control periods
1295,11377,44,9,2026-09-26T11:18:32.580000+00:00,38.643,44.684,25.258,198.0,204.0,False,108.585,"[None, 2049, 2048, 2048, 2048, 2049, 2049, 2048]","[2048, 2048, 2049, 2049, 2048, 2048, 2049, 2048, 2048, 2048]","[2048, 2048, 2048, 2048, 2048, 2048, 2048, 2048, 2048]",331.0,Lewis HAMILTON,HAM,Ferrari,ED1131,2026-09-26 11:18:32.580000+00:00,2026-09-26 11:20:21.165000+00:00,True,False,1,1.0,SOFT,8.0,False,PENDING_TIME_INTERVAL_REVIEW,,Finalize after checking temporal overlap with race-control periods
1295,11377,44,10,2026-09-26T11:20:21.170000+00:00,39.318,44.136,25.254,194.0,210.0,False,108.708,"[None, 2048, 2048, 2048, 2048, 2048, 2048, 2048]","[2049, 2048, 2049, 2048, 2049, 2048, 2048, 2048, 2048, 2048]","[2048, 2048, 2048, 2048, 2048, 2048, 2048, 2048, 2048]",330.0,Lewis HAMILTON,HAM,Ferrari,ED1131,2026-09-26 11:20:21.170000+00:00,2026-09-26 11:22:09.878000+00:00,True,False,1,1.0,SOFT,9.0,False,PENDING_TIME_INTERVAL_REVIEW,,Finalize after checking temporal overlap with race-control periods
1295,11377,44,11,2026-09-26T11:22:09.843000+00:00,38.66,44.457,25.232,189.0,208.0,False,108.349,"[None, 2049, 2049, 2048, 2048, 2048, 2048, 2048]","[2048, 2048, 2048, 2048, 2048, 2048, 2048, 2048, 2048, 2048]","[2048, 2049, 2048, 2048, 2048, 2048, 2048, 2048, 2048]",329.0,Lewis HAMILTON,HAM,Ferrari,ED1131,2026-09-26 11:22:09.843000+00:00,2026-09-26 11:23:58.192000+00:00,True,False,1,1.0,SOFT,10.0,False,PENDING_TIME_INTERVAL_REVIEW,,Finalize after checking temporal overlap with race-control periods
1295,11377,44,12,2026-09-26T11:23:58.169000+00:00,38.771,44.451,25.162,192.0,212.0,False,108.384,"[None, 2048, 2048, 2048, 2048, 2048, 2048, 2048]","[2048, 2048, 2048, 2048, 2048, 2048, 2048, 2048, 2048, 2048]","[2049, 2048, 2049, 2048, 2048, 2048, 2048, 2048, 2048]",331.0,Lewis HAMILTON,HAM,Ferrari,ED1131,2026-09-26 11:23:58.169000+00:00,2026-09-26 11:25:46.553000+00:00,True,False,1,1.0,SOFT,11.0,False,PENDING_TIME_INTERVAL_REVIEW,,Finalize after checking temporal overlap with race-control periods
1295,11377,44,13,2026-09-26T11:25:46.544000+00:00,38.724,44.158,25.16,196.0,208.0,False,108.042,"[None, 2048, 2048, 2048, 2048, 2048, 2048, 2048]","[2048, 2048, 2049, 2048, 2048, 2049, 2049, 2049, 2049, 2048]","[2048, 2048, 2048, 2048, 2048, 2048, 2048, 2048, 2048]",332.0,Lewis HAMILTON,HAM,Ferrari,ED1131,2026-09-26 11:25:46.544000+00:00,2026-09-26 11:27:34.586000+00:00,True,False,1,1.0,SOFT,12.0,False,PENDING_TIME_INTERVAL_REVIEW,,Finalize after checking temporal overlap with race-control periods
1295,11377,44,14,2026-09-26T11:27:34.630000+00:00,38.612,44.446,25.026,191.0,210.0,False,108.084,"[None, 2049, 2048, 2048, 2048, 2048, 2048, 2048]","[2048, 2048, 2048, 2048, 2048, 2048, 2048, 2048, 2048, 2048]","[2049, 2049, 2049, 2048, 2048, 2048, 2048, 2048, 2048]",334.0,Lewis HAMILTON,HAM,Ferrari,ED1131,2026-09-26 11:27:34.630000+00:00,2026-09-26 11:29:22.714000+00:00,True,False,1,1.0,SOFT,13.0,False,PENDING_TIME_INTERVAL_REVIEW,,Finalize after checking temporal overlap with race-control periods
1295,11377,44,15,2026-09-26T11:29:22.651000+00:00,38.69,44.432,24.996,,207.0,False,108.118,"[None, 2048, 2048, 2048, 2049, 2048, 2048, 2048]","[2048, 2048, 2048, 2048, 2048, 2048, 2048, 2048, 2048, 2048]","[2048, 2048, 2049, 2048, 2048, 2048, 2048, 2048, 2048]",338.0,Lewis HAMILTON,HAM,Ferrari,ED1131,2026-09-26 11:29:22.651000+00:00,2026-09-26 11:31:10.769000+00:00,True,False,1,1.0,SOFT,14.0,False,PENDING_TIME_INTERVAL_REVIEW,,Finalize after checking temporal overlap with race-control periods
1295,11377,44,16,2026-09-26T11:31:10.809000+00:00,38.971,45.365,24.997,189.0,190.0,False,109.333,"[None, 2048, 2048, 2049, 2048, 2048, 2048, 2048]","[2048, 2048, 2048, 2048, 2048, 2048, 2048, 2048, 2048, 2048]","[2048, 2049, 2049, 2049, 2049, 2048, 2048, 2048, 2048]",332.0,Lewis HAMILTON,HAM,Ferrari,ED1131,2026-09-26 11:31:10.809000+00:00,2026-09-26 11:33:00.142000+00:00,True,False,1,1.0,SOFT,15.0,False,PENDING_TIME_INTERVAL_REVIEW,,Finalize after checking temporal overlap with race-control periods
1295,11377,44,17,2026-09-26T11:33:00.108000+00:00,38.72,44.098,25.432,192.0,207.0,False,108.25,"[None, 2048, 2049, 2048, 2048, 2048, 2048, 2048]","[2048, 2048, 2049, 2048, 2049, 2049, 2049, 2049, 2049, 2048]","[2048, 2048, 2048, 2048, 2048, 2048, 2048, 2048, 2048]",327.0,Lewis HAMILTON,HAM,Ferrari,ED1131,2026-09-26 11:33:00.108000+00:00,2026-09-26 11:34:48.358000+00:00,True,False,1,1.0,SOFT,16.0,False,PENDING_TIME_INTERVAL_REVIEW,,Finalize after checking temporal overlap with race-control periods
1295,11377,44,18,2026-09-26T11:34:48.469000+00:00,38.771,44.281,25.524,191.0,208.0,False,108.576,"[None, 2048, 2048, 2048, 2049, 2048, 2048, 2048]","[2048, 2048, 2048, 2049, 2049, 2049, 2048, 2048, 2048, 2048]","[2048, 2048, 2048, 2048, 2048, 2048, 2048, 2048, 2048]",324.0,Lewis HAMILTON,HAM,Ferrari,ED1131,2026-09-26 11:34:48.469000+00:00,2026-09-26 11:36:37.045000+00:00,True,False,1,1.0,SOFT,17.0,False,PENDING_TIME_INTERVAL_REVIEW,,Finalize after checking temporal overlap with race-control periods
1295,11377,44,19,2026-09-26T11:36:37.060000+00:00,38.83,44.039,25.468,193.0,214.0,False,108.337,"[None, 2048, 2049, 2048, 2048, 2048, 2048, 2048]","[2048, 2048, 2049, 2048, 2049, 2048, 2048, 2048, 2048, 2048]","[2049, 2048, 2048, 2048, 2048, 2048, 2048, 2048, 2048]",325.0,Lewis HAMILTON,HAM,Ferrari,ED1131,2026-09-26 11:36:37.060000+00:00,2026-09-26 11:38:25.397000+00:00,True,False,1,1.0,SOFT,18.0,False,PENDING_TIME_INTERVAL_REVIEW,,Finalize after checking temporal overlap with race-control periods
1295,11377,44,20,2026-09-26T11:38:25.363000+00:00,38.69,43.932,25.441,194.0,216.0,False,108.063,"[None, 2049, 2049, 2048, 2048, 2048, 2049, 2048]","[2049, 2048, 2048, 2048, 2048, 2048, 2048, 2048, 2049, 2048]","[2048, 2048, 2048, 2048, 2048, 2048, 2048, 2048, 2048]",326.0,Lewis HAMILTON,HAM,Ferrari,ED1131,2026-09-26 11:38:25.363000+00:00,2026-09-26 11:40:13.426000+00:00,True,False,1,1.0,SOFT,19.0,False,PENDING_TIME_INTERVAL_REVIEW,,Finalize after checking temporal overlap with race-control periods
1295,11377,44,21,2026-09-26T11:40:13.473000+00:00,38.619,44.022,25.428,196.0,213.0,False,108.069,"[None, 2049, 2048, 2048, 2048, 2048, 2048, 2048]","[2048, 2048, 2048, 2048, 2049, 2048, 2048, 2048, 2049, 2048]","[2048, 2048, 2048, 2048, 2048, 2048, 2048, 2048, 2048]",327.0,Lewis HAMILTON,HAM,Ferrari,ED1131,2026-09-26 11:40:13.473000+00:00,2026-09-26 11:42:01.542000+00:00,True,False,1,1.0,SOFT,20.0,False,PENDING_TIME_INTERVAL_REVIEW,,Finalize after checking temporal overlap with race-control periods
1295,11377,44,22,2026-09-26T11:42:01.406000+00:00,38.707,43.847,25.426,191.0,211.0,False,107.98,"[None, 2048, 2048, 2048, 2048, 2049, 2048, 2048]","[2048, 2048, 2049, 2049, 2048, 2049, 2048, 2049, 2048, 2048]","[2049, 2049, 2048, 2048, 2048, 2048, 2048, 2048, 2048]",325.0,Lewis HAMILTON,HAM,Ferrari,ED1131,2026-09-26 11:42:01.406000+00:00,2026-09-26 11:43:49.386000+00:00,True,False,1,1.0,SOFT,21.0,False,PENDING_TIME_INTERVAL_REVIEW,,Finalize after checking temporal overlap with race-control periods
1295,11377,44,23,2026-09-26T11:43:49.460000+00:00,38.649,43.875,25.537,197.0,212.0,False,108.061,"[None, 2048, 2048, 2048, 2048, 2048, 2048, 2048]","[2048, 2048, 2048, 2048, 2049, 2048, 2048, 2048, 2048, 2048]","[2048, 2048, 2048, 2048, 2048, 2048, 2048, 2048, 2048]",326.0,Lewis HAMILTON,HAM,Ferrari,ED1131,2026-09-26 11:43:49.460000+00:00,2026-09-26 11:45:37.521000+00:00,True,False,1,1.0,SOFT,22.0,False,PENDING_TIME_INTERVAL_REVIEW,,Finalize after checking temporal overlap with race-control periods
1295,11377,44,24,2026-09-26T11:45:37.452000+00:00,38.494,43.866,25.575,198.0,214.0,False,107.935,"[None, 2048, 2048, 2048, 2048, 2049, 2049, 2048]","[2048, 2048, 2048, 2048, 2048, 2048, 2048, 2048, 2048, 2048]","[2048, 2048, 2048, 2048, 2048, 2048, 2048, 2048, 2048]",326.0,Lewis HAMILTON,HAM,Ferrari,ED1131,2026-09-26 11:45:37.452000+00:00,2026-09-26 11:47:25.387000+00:00,True,False,1,1.0,SOFT,23.0,False,PENDING_TIME_INTERVAL_REVIEW,,Finalize after checking temporal overlap with race-control periods
1295,11377,44,25,2026-09-26T11:47:25.741000+00:00,38.703,43.991,25.432,192.0,210.0,False,108.126,"[None, 2048, 2048, 2048, 2048, 2048, 2048, 2048]","[2048, 2048, 2048, 2048, 2048, 2048, 2048, 2048, 2048, 2048]","[2048, 2049, 2048, 2048, 2048, 2048, 2048, 2048, 2048]",327.0,Lewis HAMILTON,HAM,Ferrari,ED1131,2026-09-26 11:47:25.741000+00:00,2026-09-26 11:49:13.867000+00:00,True,False,1,1.0,SOFT,24.0,False,PENDING_TIME_INTERVAL_REVIEW,,Finalize after checking temporal overlap with race-control periods
1295,11377,44,26,2026-09-26T11:49:13.579000+00:00,38.526,43.881,25.522,197.0,210.0,False,107.929,"[None, 2048, 2049, 2048, 2048, 2048, 2048, 2048]","[2048, 2048, 2048, 2048, 2048, 2048, 2048, 2048, 2048, 2048]","[2048, 2048, 2048, 2048, 2048, 2048, 2048, 2048, 2048]",325.0,Lewis HAMILTON,HAM,Ferrari,ED1131,2026-09-26 11:49:13.579000+00:00,2026-09-26 11:51:01.508000+00:00,True,False,1,1.0,SOFT,25.0,False,PENDING_TIME_INTERVAL_REVIEW,,Finalize after checking temporal overlap with race-control periods
1295,11377,44,27,2026-09-26T11:51:01.410000+00:00,38.451,43.691,25.465,,211.0,False,107.607,"[None, 2049, 2049, 2048, 2048, 2049, 2048, 2048]","[2048, 2048, 2049, 2048, 2049, 2051, 2048, 2049, 2048, 2048]","[2048, 2049, 2048, 2048, 2048, 2048, 2048, 2048, 2048]",324.0,Lewis HAMILTON,HAM,Ferrari,ED1131,2026-09-26 11:51:01.410000+00:00,2026-09-26 11:52:49.017000+00:00,True,False,1,1.0,SOFT,26.0,False,PENDING_TIME_INTERVAL_REVIEW,,Finalize after checking temporal overlap with race-control periods
1295,11377,44,28,2026-09-26T11:52:49.108000+00:00,38.457,43.56,25.47,204.0,208.0,False,107.487,"[None, 2049, 2048, 2048, 2048, 2048, 2049, 2049]","[2049, 2048, 2048, 2048, 2049, 2048, 2048, 2048, 2048, 2048]","[2048, 2048, 2048, 2048, 2048, 2048, 2048, 2048, 2048]",326.0,Lewis HAMILTON,HAM,Ferrari,ED1131,2026-09-26 11:52:49.108000+00:00,2026-09-26 11:54:36.595000+00:00,True,False,1,1.0,SOFT,27.0,False,PENDING_TIME_INTERVAL_REVIEW,,Finalize after checking temporal overlap with race-control periods
1295,11377,44,29,2026-09-26T11:54:36.495000+00:00,38.446,43.679,25.476,206.0,211.0,False,107.601,"[None, 2048, 2048, 2048, 2048, 2049, 2048, 2048]","[2048, 2048, 2049, 2049, 2048, 2048, 2048, 2049, 2048, 2048]","[2048, 2048, 2048, 2048, 2048, 2048, 2048, 2048, 2048]",326.0,Lewis HAMILTON,HAM,Ferrari,ED1131,2026-09-26 11:54:36.495000+00:00,2026-09-26 11:56:24.096000+00:00,True,False,1,1.0,SOFT,28.0,False,PENDING_TIME_INTERVAL_REVIEW,,Finalize after checking temporal overlap with race-control periods
1295,11377,44,30,2026-09-26T11:56:24.137000+00:00,38.345,43.775,31.789,197.0,210.0,False,113.909,"[None, 2048, 2048, 2048, 2048, 2048, 2049, 2048]","[2048, 2048, 2048, 2048, 2048, 2048, 2048, 2048, 2048, 2048]","[2048, 2048, 2048, 2048, 2048, 2048, 2048, 2048, 2048]",327.0,Lewis HAMILTON,HAM,Ferrari,ED1131,2026-09-26 11:56:24.137000+00:00,2026-09-26 11:58:18.046000+00:00,True,False,1,1.0,SOFT,29.0,False,PENDING_TIME_INTERVAL_REVIEW,,Finalize after checking temporal overlap with race-control periods
1295,11377,44,31,2026-09-26T11:58:18.026000+00:00,51.444,60.464,41.368,144.0,153.0,False,153.276,"[None, 2048, 2048, 2048, 2048, 2048, 2048, 2048]","[2048, 2048, 2048, 2048, 2048, 2048, 2048, 2048, 2048, 2048]","[2048, 2048, 2048, 2048, 2048, 2048, 2048, 2064, 2064]",182.0,Lewis HAMILTON,HAM,Ferrari,ED1131,2026-09-26 11:58:18.026000+00:00,2026-09-26 12:00:51.302000+00:00,True,False,1,1.0,SOFT,30.0,True,PENDING_TIME_INTERVAL_REVIEW,,Finalize after checking temporal overlap with race-control periods
1295,11377,44,32,2026-09-26T12:00:51.278000+00:00,59.199,60.6,37.713,119.0,167.0,True,157.512,"[2064, 2064, 2048, 2048, 2048, 2048, 2048, 2048]","[2048, 2048, 2048, 2048, 2048, 2048, 2048, 2048, 2048, 2048]","[2048, 2048, 2048, 2048, 2048, 2048, 2048, 2048, 2048]",150.0,Lewis HAMILTON,HAM,Ferrari,ED1131,2026-09-26 12:00:51.278000+00:00,2026-09-26 12:03:28.790000+00:00,True,False,1,2.0,MEDIUM,0.0,False,PENDING_TIME_INTERVAL_REVIEW,,Finalize after checking temporal overlap with race-control periods
1295,11377,44,33,2026-09-26T12:03:28.878000+00:00,53.65,69.331,36.081,87.0,169.0,False,159.062,"[2048, 2048, 2048, 2048, 2048, 2048, 2048, 2048]","[2048, 2048, 2048, 2048, 2048, 2048, 2048, 2048, 2048, 2048]","[2048, 2048, 2048, 2048, 2048, 2048, 2048, 2048, 2048]",206.0,Lewis HAMILTON,HAM,Ferrari,ED1131,2026-09-26 12:03:28.878000+00:00,2026-09-26 12:06:07.940000+00:00,True,False,1,2.0,MEDIUM,1.0,False,PENDING_TIME_INTERVAL_REVIEW,,Finalize after checking temporal overlap with race-control periods
1295,11377,44,34,2026-09-26T12:06:07.960000+00:00,64.582,63.429,37.398,123.0,172.0,False,165.409,"[None, 2048, 2048, 2048, 2048, 2048, 2048, 2048]","[2048, 2048, 2048, 2048, 2048, 2048, 2048, 2048, 2048, 2048]","[2048, 2048, 2048, 2048, 2048, 2048, 2048, 2048, 2048]",232.0,Lewis HAMILTON,HAM,Ferrari,ED1131,2026-09-26 12:06:07.960000+00:00,2026-09-26 12:08:53.369000+00:00,True,False,1,2.0,MEDIUM,2.0,False,PENDING_TIME_INTERVAL_REVIEW,,Finalize after checking temporal overlap with race-control periods
1295,11377,44,35,2026-09-26T12:08:53.313000+00:00,52.702,64.211,36.889,160.0,160.0,False,153.802,"[None, 2048, 2048, 2048, 2048, 2048, 2048, 2048]","[2048, 2048, 2048, 2048, 2048, 2048, 2048, 2048, 2048, 2048]","[2048, 2048, 2048, 2048, 2048, 2048, 2048, 2048, 2048]",223.0,Lewis HAMILTON,HAM,Ferrari,ED1131,2026-09-26 12:08:53.313000+00:00,2026-09-26 12:11:27.115000+00:00,True,False,1,2.0,MEDIUM,3.0,False,PENDING_TIME_INTERVAL_REVIEW,,Finalize after checking temporal overlap with race-control periods
1295,11377,44,36,2026-09-26T12:11:27.269000+00:00,40.663,54.981,43.708,177.0,157.0,False,139.352,"[None, 2048, 2048, 2049, 2049, 2048, 2048, 2048]","[2048, 2049, 2048, 2048, 2048, 2048, 2048, 2048, 2048, 2048]","[2048, 2048, 2048, 2048, 2048, 2048, 2048, 2064, 2064]",205.0,Lewis HAMILTON,HAM,Ferrari,ED1131,2026-09-26 12:11:27.269000+00:00,2026-09-26 12:13:46.621000+00:00,True,False,1,2.0,MEDIUM,4.0,True,PENDING_TIME_INTERVAL_REVIEW,,Finalize after checking temporal overlap with race-control periods
1295,11377,44,37,2026-09-26T12:13:46.482000+00:00,60.818,61.768,38.72,165.0,176.0,True,161.306,"[2064, 2064, 2048, 2048, 2048, 2048, 2048, 2048]","[2048, 2048, 2048, 2048, 2048, 2048, 2048, 2048, 2048, 2048]","[2048, 2048, 2048, 2048, 2048, 2048, 2048, 2048, 2048]",204.0,Lewis HAMILTON,HAM,Ferrari,ED1131,2026-09-26 12:13:46.482000+00:00,2026-09-26 12:16:27.788000+00:00,True,False,1,3.0,MEDIUM,5.0,False,PENDING_TIME_INTERVAL_REVIEW,,Finalize after checking temporal overlap with race-control periods
1295,11377,44,38,2026-09-26T12:16:27.781000+00:00,55.488,64.835,34.495,148.0,149.0,False,154.818,"[2048, 2048, 2048, 2048, 2048, 2048, 2048, 2048]","[2048, 2048, 2048, 2048, 2048, 2048, 2048, 2048, 2048, 2048]","[2048, 2048, 2048, 2048, 2048, 2048, 2048, 2048, 2049]",232.0,Lewis HAMILTON,HAM,Ferrari,ED1131,2026-09-26 12:16:27.781000+00:00,2026-09-26 12:19:02.599000+00:00,True,False,1,3.0,MEDIUM,6.0,False,PENDING_TIME_INTERVAL_REVIEW,,Finalize after checking temporal overlap with race-control periods
1295,11377,44,39,2026-09-26T12:19:02.743000+00:00,39.837,44.277,24.76,193.0,204.0,False,108.874,"[None, 2048, 2048, 2048, 2049, 2048, 2048, 2049]","[2048, 2049, 2048, 2048, 2048, 2049, 2049, 2048, 2048, 2049]","[2048, 2051, 2048, 2048, 2048, 2048, 2049, 2049, 2048]",339.0,Lewis HAMILTON,HAM,Ferrari,ED1131,2026-09-26 12:19:02.743000+00:00,2026-09-26 12:20:51.617000+00:00,True,False,1,3.0,MEDIUM,7.0,False,PENDING_TIME_INTERVAL_REVIEW,,Finalize after checking temporal overlap with race-control periods
1295,11377,44,40,2026-09-26T12:20:51.549000+00:00,38.811,43.812,24.935,195.0,216.0,False,107.558,"[None, 2048, 2048, 2048, 2048, 2048, 2048, 2048]","[2048, 2048, 2048, 2048, 2048, 2048, 2048, 2048, 2048, 2049]","[2048, 2048, 2048, 2048, 2048, 2048, 2048, 2048, 2048]",334.0,Lewis HAMILTON,HAM,Ferrari,ED1131,2026-09-26 12:20:51.549000+00:00,2026-09-26 12:22:39.107000+00:00,True,False,1,3.0,MEDIUM,8.0,False,PENDING_TIME_INTERVAL_REVIEW,,Finalize after checking temporal overlap with race-control periods
1295,11377,44,41,2026-09-26T12:22:38.981000+00:00,38.385,43.832,25.108,198.0,210.0,False,107.325,"[None, 2048, 2048, 2048, 2048, 2048, 2049, 2048]","[2048, 2048, 2048, 2048, 2048, 2048, 2048, 2048, 2048, 2048]","[2048, 2049, 2048, 2048, 2048, 2048, 2048, 2048, 2048]",330.0,Lewis HAMILTON,HAM,Ferrari,ED1131,2026-09-26 12:22:38.981000+00:00,2026-09-26 12:24:26.306000+00:00,True,False,1,3.0,MEDIUM,9.0,False,PENDING_TIME_INTERVAL_REVIEW,,Finalize after checking temporal overlap with race-control periods
1295,11377,44,42,2026-09-26T12:24:26.406000+00:00,38.659,43.773,25.144,201.0,217.0,False,107.576,"[None, 2048, 2048, 2048, 2049, 2048, 2049, 2048]","[2048, 2048, 2049, 2048, 2049, 2048, 2048, 2048, 2048, 2048]","[2049, 2049, 2049, 2048, 2048, 2048, 2048, 2048, 2048]",328.0,Lewis HAMILTON,HAM,Ferrari,ED1131,2026-09-26 12:24:26.406000+00:00,2026-09-26 12:26:13.982000+00:00,True,False,1,3.0,MEDIUM,10.0,False,PENDING_TIME_INTERVAL_REVIEW,,Finalize after checking temporal overlap with race-control periods
1295,11377,44,43,2026-09-26T12:26:13.996000+00:00,38.545,44.06,24.951,196.0,211.0,False,107.556,"[None, 2048, 2048, 2049, 2049, 2048, 2048, 2048]","[2048, 2048, 2048, 2048, 2049, 2048, 2048, 2048, 2048, 2048]","[2048, 2049, 2049, 2048, 2048, 2048, 2048, 2048, 2048]",332.0,Lewis HAMILTON,HAM,Ferrari,ED1131,2026-09-26 12:26:13.996000+00:00,2026-09-26 12:28:01.552000+00:00,True,False,1,3.0,MEDIUM,11.0,False,PENDING_TIME_INTERVAL_REVIEW,,Finalize after checking temporal overlap with race-control periods
1295,11377,44,44,2026-09-26T12:28:01.533000+00:00,38.066,43.382,24.975,203.0,218.0,False,106.423,"[2049, 2048, 2048, 2048, 2048, 2049, 2049, 2048]","[2048, 2048, 2048, 2048, 2048, 2048, 2048, 2049, 2048, 2048]","[2049, 2048, 2048, 2048, 2048, 2048, 2048, 2048, 2048]",330.0,Lewis HAMILTON,HAM,Ferrari,ED1131,2026-09-26 12:28:01.533000+00:00,2026-09-26 12:29:47.956000+00:00,True,False,1,3.0,MEDIUM,12.0,False,PENDING_TIME_INTERVAL_REVIEW,,Finalize after checking temporal overlap with race-control periods
1295,11377,44,45,2026-09-26T12:29:47.914000+00:00,38.036,43.179,25.076,204.0,214.0,False,106.291,"[2048, 2049, 2048, 2048, 2048, 2049, 2048, 2048]","[2049, 2048, 2049, 2048, 2049, 2048, 2048, 2049, 2048, 2048]","[2048, 2048, 2048, 2048, 2048, 2048, 2048, 2048, 2048]",329.0,Lewis HAMILTON,HAM,Ferrari,ED1131,2026-09-26 12:29:47.914000+00:00,2026-09-26 12:31:34.205000+00:00,True,False,1,3.0,MEDIUM,13.0,False,PENDING_TIME_INTERVAL_REVIEW,,Finalize after checking temporal overlap with race-control periods
1295,11377,44,46,2026-09-26T12:31:34.180000+00:00,37.999,43.177,25.048,,214.0,False,106.224,"[None, 2049, 2048, 2048, 2048, 2049, 2049, 2048]","[2048, 2048, 2049, 2048, 2048, 2049, 2048, 2049, 2048, 2048]","[2049, 2048, 2048, 2048, 2048, 2048, 2048, 2048, 2048]",329.0,Lewis HAMILTON,HAM,Ferrari,ED1131,2026-09-26 12:31:34.180000+00:00,2026-09-26 12:33:20.404000+00:00,True,False,1,3.0,MEDIUM,14.0,False,PENDING_TIME_INTERVAL_REVIEW,,Finalize after checking temporal overlap with race-control periods
1295,11377,44,47,2026-09-26T12:33:20.509000+00:00,38.131,43.264,25.115,202.0,214.0,False,106.51,"[None, 2048, 2049, 2048, 2048, 2048, 2048, 2048]","[2049, 2048, 2048, 2048, 2048, 2048, 2048, 2048, 2049, 2048]","[2048, 2048, 2048, 2048, 2048, 2048, 2048, 2048, 2048]",328.0,Lewis HAMILTON,HAM,Ferrari,ED1131,2026-09-26 12:33:20.509000+00:00,2026-09-26 12:35:07.019000+00:00,True,False,1,3.0,MEDIUM,15.0,False,PENDING_TIME_INTERVAL_REVIEW,,Finalize after checking temporal overlap with race-control periods
1295,11377,44,48,2026-09-26T12:35:07.007000+00:00,38.118,43.182,25.176,,214.0,False,106.476,"[None, 2048, 2048, 2048, 2048, 2048, 2048, 2048]","[2048, 2048, 2048, 2048, 2049, 2048, 2048, 2048, 2049, 2048]","[2048, 2048, 2048, 2048, 2048, 2048, 2048, 2048, 2048]",329.0,Lewis HAMILTON,HAM,Ferrari,ED1131,2026-09-26 12:35:07.007000+00:00,2026-09-26 12:36:53.483000+00:00,True,False,1,3.0,MEDIUM,16.0,False,PENDING_TIME_INTERVAL_REVIEW,,Finalize after checking temporal overlap with race-control periods
1295,11377,44,49,2026-09-26T12:36:53.421000+00:00,37.964,43.086,25.12,204.0,212.0,False,106.17,"[None, 2049, 2049, 2048, 2048, 2048, 2048, 2048]","[2049, 2048, 2048, 2048, 2048, 2048, 2048, 2048, 2049, 2048]","[2048, 2048, 2048, 2048, 2048, 2048, 2048, 2048, 2048]",329.0,Lewis HAMILTON,HAM,Ferrari,ED1131,2026-09-26 12:36:53.421000+00:00,2026-09-26 12:38:39.591000+00:00,True,False,1,3.0,MEDIUM,17.0,False,PENDING_TIME_INTERVAL_REVIEW,,Finalize after checking temporal overlap with race-control periods
1295,11377,44,50,2026-09-26T12:38:39.650000+00:00,37.977,43.126,25.203,208.0,213.0,False,106.306,"[None, 2049, 2048, 2048, 2048, 2048, 2048, 2049]","[2048, 2048, 2048, 2048, 2048, 2048, 2048, 2048, 2049, 2048]","[2048, 2049, 2048, 2048, 2048, 2048, 2048, 2048, 2048]",327.0,Lewis HAMILTON,HAM,Ferrari,ED1131,2026-09-26 12:38:39.650000+00:00,2026-09-26 12:40:25.956000+00:00,True,False,1,3.0,MEDIUM,18.0,False,PENDING_TIME_INTERVAL_REVIEW,,Finalize after checking temporal overlap with race-control periods
1295,11377,44,51,2026-09-26T12:40:25.934000+00:00,38.239,45.239,26.261,198.0,185.0,False,109.739,"[None, 2048, 2048, 2048, 2048, 2048, 2048, 2048]","[2048, 2048, 2048, 2048, 2048, 2048, 2048, 2048, 2048, 2048]","[2048, 2048, 2048, 2048, 2048, 2048, 2048, 2048, 2048]",328.0,Lewis HAMILTON,HAM,Ferrari,ED1131,2026-09-26 12:40:25.934000+00:00,2026-09-26 12:42:15.673000+00:00,True,False,1,3.0,MEDIUM,19.0,False,PENDING_TIME_INTERVAL_REVIEW,,Finalize after checking temporal overlap with race-control periods
1295,11377,55,1,2026-09-26T11:03:50.711000+00:00,49.376,48.751,25.027,150.0,185.0,False,123.154,"[2048, 2049, 2049, 2049, 2049, 2049, 2049, 2049]","[2049, 2049, 2049, 2049, 2049, 2049, 2049, 2049, 2049, 2049]","[2049, 2049, 2049, 2049, 2049, 2049, 2049, 2049, 2049]",343.0,Carlos SAINZ,SAI,Williams,1868DB,2026-09-26 11:03:50.711000+00:00,2026-09-26 11:05:53.865000+00:00,True,False,1,1.0,MEDIUM,0.0,False,PENDING_TIME_INTERVAL_REVIEW,,Finalize after checking temporal overlap with race-control periods
1295,11377,55,2,2026-09-26T11:05:53.865000+00:00,40.694,45.869,24.819,175.0,188.0,False,111.382,"[2049, 2049, 2049, 2049, 2049, 2049, 2049, 2049]","[2049, 2049, 2049, 2049, 2049, 2048, 2049, 2049, 2049, 2049]","[2049, 2049, 2049, 2049, 2049, 2049, 2049, 2048, 2048]",344.0,Carlos SAINZ,SAI,Williams,1868DB,2026-09-26 11:05:53.865000+00:00,2026-09-26 11:07:45.247000+00:00,True,False,1,1.0,MEDIUM,1.0,False,PENDING_TIME_INTERVAL_REVIEW,,Finalize after checking temporal overlap with race-control periods
1295,11377,55,3,2026-09-26T11:07:45.301000+00:00,39.724,45.7,25.376,176.0,189.0,False,110.8,"[None, 2049, 2049, 2048, 2049, 2049, 2049, 2049]","[2049, 2049, 2049, 2049, 2048, 2048, 2049, 2049, 2048, 2048]","[2048, 2048, 2048, 2049, 2048, 2048, 2048, 2048, 2048]",326.0,Carlos SAINZ,SAI,Williams,1868DB,2026-09-26 11:07:45.301000+00:00,2026-09-26 11:09:36.101000+00:00,True,False,1,1.0,MEDIUM,2.0,False,PENDING_TIME_INTERVAL_REVIEW,,Finalize after checking temporal overlap with race-control periods
1295,11377,55,4,2026-09-26T11:09:36.136000+00:00,39.488,45.62,25.19,,194.0,False,110.298,"[None, 2049, 2049, 2048, 2049, 2048, 2048, 2048]","[2049, 2048, 2049, 2049, 2048, 2048, 2048, 2049, 2048, 2048]","[2048, 2048, 2048, 2048, 2048, 2048, 2048, 2048, 2048]",335.0,Carlos SAINZ,SAI,Williams,1868DB,2026-09-26 11:09:36.136000+00:00,2026-09-26 11:11:26.434000+00:00,True,False,1,1.0,MEDIUM,3.0,False,PENDING_TIME_INTERVAL_REVIEW,,Finalize after checking temporal overlap with race-control periods
1295,11377,55,5,2026-09-26T11:11:26.341000+00:00,40.385,45.259,25.415,,193.0,False,111.059,"[None, 2048, 2048, 2048, 2048, 2048, 2048, 2048]","[2048, 2048, 2049, 2049, 2048, 2048, 2049, 2049, 2049, 2048]","[2048, 2048, 2048, 2048, 2048, 2048, 2048, 2048, 2048]",331.0,Carlos SAINZ,SAI,Williams,1868DB,2026-09-26 11:11:26.341000+00:00,2026-09-26 11:13:17.400000+00:00,True,False,1,1.0,MEDIUM,4.0,False,PENDING_TIME_INTERVAL_REVIEW,,Finalize after checking temporal overlap with race-control periods
1295,11377,55,6,2026-09-26T11:13:17.499000+00:00,39.5,45.364,25.325,183.0,191.0,False,110.189,"[2048, 2049, 2048, 2048, 2048, 2048, 2049, 2048]","[2049, 2048, 2049, 2048, 2048, 2048, 2048, 2048, 2048, 2048]","[2048, 2048, 2048, 2049, 2048, 2048, 2048, 2048, 2048]",329.0,Carlos SAINZ,SAI,Williams,1868DB,2026-09-26 11:13:17.499000+00:00,2026-09-26 11:15:07.688000+00:00,True,False,1,1.0,MEDIUM,5.0,False,PENDING_TIME_INTERVAL_REVIEW,,Finalize after checking temporal overlap with race-control periods
1295,11377,55,7,2026-09-26T11:15:07.665000+00:00,39.775,45.358,25.281,192.0,194.0,False,110.414,"[None, 2048, 2048, 2048, 2049, 2048, 2049, 2048]","[2049, 2048, 2048, 2048, 2049, 2048, 2048, 2048, 2048, 2048]","[2048, 2048, 2048, 2048, 2048, 2048, 2048, 2048, 2048]",334.0,Carlos SAINZ,SAI,Williams,1868DB,2026-09-26 11:15:07.665000+00:00,2026-09-26 11:16:58.079000+00:00,True,False,1,1.0,MEDIUM,6.0,False,PENDING_TIME_INTERVAL_REVIEW,,Finalize after checking temporal overlap with race-control periods
1295,11377,55,8,2026-09-26T11:16:58.031000+00:00,39.251,45.366,25.308,186.0,191.0,False,109.925,"[None, 2048, 2049, 2048, 2049, 2049, 2049, 2048]","[2048, 2048, 2048, 2049, 2048, 2048, 2048, 2048, 2048, 2048]","[2048, 2048, 2048, 2049, 2048, 2048, 2048, 2048, 2048]",333.0,Carlos SAINZ,SAI,Williams,1868DB,2026-09-26 11:16:58.031000+00:00,2026-09-26 11:18:47.956000+00:00,True,False,1,1.0,MEDIUM,7.0,False,PENDING_TIME_INTERVAL_REVIEW,,Finalize after checking temporal overlap with race-control periods
1295,11377,55,9,2026-09-26T11:18:47.993000+00:00,40.069,45.656,25.457,187.0,184.0,False,111.182,"[None, 2048, 2048, 2048, 2049, 2048, 2048, 2048]","[2048, 2048, 2048, 2049, 2048, 2048, 2048, 2048, 2048, 2048]","[2048, 2048, 2048, 2048, 2048, 2048, 2048, 2048, 2048]",333.0,Carlos SAINZ,SAI,Williams,1868DB,2026-09-26 11:18:47.993000+00:00,2026-09-26 11:20:39.175000+00:00,True,False,1,1.0,MEDIUM,8.0,False,PENDING_TIME_INTERVAL_REVIEW,,Finalize after checking temporal overlap with race-control periods
1295,11377,55,10,2026-09-26T11:20:39.094000+00:00,39.334,45.384,25.217,192.0,192.0,False,109.935,"[2049, 2048, 2048, 2048, 2049, 2048, 2048, 2049]","[2048, 2048, 2049, 2048, 2048, 2048, 2048, 2048, 2048, 2048]","[2048, 2048, 2048, 2048, 2048, 2048, 2048, 2048, 2048]",333.0,Carlos SAINZ,SAI,Williams,1868DB,2026-09-26 11:20:39.094000+00:00,2026-09-26 11:22:29.029000+00:00,True,False,1,1.0,MEDIUM,9.0,False,PENDING_TIME_INTERVAL_REVIEW,,Finalize after checking temporal overlap with race-control periods
1295,11377,55,11,2026-09-26T11:22:29.148000+00:00,39.391,45.158,25.28,177.0,194.0,False,109.829,"[2048, 2048, 2048, 2048, 2048, 2049, 2048, 2048]","[2048, 2048, 2048, 2048, 2049, 2048, 2048, 2048, 2048, 2048]","[2049, 2048, 2049, 2048, 2048, 2048, 2048, 2048, 2048]",330.0,Carlos SAINZ,SAI,Williams,1868DB,2026-09-26 11:22:29.148000+00:00,2026-09-26 11:24:18.977000+00:00,True,False,1,1.0,MEDIUM,10.0,False,PENDING_TIME_INTERVAL_REVIEW,,Finalize after checking temporal overlap with race-control periods
1295,11377,55,12,2026-09-26T11:24:18.862000+00:00,39.259,45.377,25.208,189.0,191.0,False,109.844,"[None, 2048, 2048, 2048, 2049, 2048, 2048, 2048]","[2048, 2048, 2048, 2048, 2048, 2048, 2048, 2048, 2048, 2048]","[2048, 2048, 2049, 2049, 2048, 2048, 2048, 2048, 2048]",334.0,Carlos SAINZ,SAI,Williams,1868DB,2026-09-26 11:24:18.862000+00:00,2026-09-26 11:26:08.706000+00:00,True,False,1,1.0,MEDIUM,11.0,False,PENDING_TIME_INTERVAL_REVIEW,,Finalize after checking temporal overlap with race-control periods
1295,11377,55,13,2026-09-26T11:26:08.746000+00:00,40.222,45.167,25.448,186.0,192.0,False,110.837,"[None, 2048, 2048, 2048, 2048, 2048, 2048, 2048]","[2048, 2048, 2049, 2048, 2048, 2048, 2048, 2049, 2048, 2048]","[2048, 2048, 2048, 2048, 2048, 2048, 2048, 2048, 2048]",329.0,Carlos SAINZ,SAI,Williams,1868DB,2026-09-26 11:26:08.746000+00:00,2026-09-26 11:27:59.583000+00:00,True,False,1,1.0,MEDIUM,12.0,False,PENDING_TIME_INTERVAL_REVIEW,,Finalize after checking temporal overlap with race-control periods
1295,11377,55,14,2026-09-26T11:27:59.607000+00:00,39.038,44.918,25.363,188.0,198.0,False,109.319,"[None, 2049, 2049, 2048, 2048, 2048, 2049, 2048]","[2048, 2048, 2049, 2049, 2048, 2049, 2048, 2049, 2049, 2049]","[2048, 2048, 2048, 2048, 2048, 2048, 2048, 2048, 2048]",332.0,Carlos SAINZ,SAI,Williams,1868DB,2026-09-26 11:27:59.607000+00:00,2026-09-26 11:29:48.926000+00:00,True,False,1,1.0,MEDIUM,13.0,False,PENDING_TIME_INTERVAL_REVIEW,,Finalize after checking temporal overlap with race-control periods
1295,11377,55,15,2026-09-26T11:29:48.962000+00:00,39.162,44.983,25.202,189.0,197.0,False,109.347,"[None, 2048, 2048, 2048, 2048, 2048, 2048, 2048]","[2048, 2048, 2048, 2048, 2048, 2048, 2048, 2048, 2049, 2049]","[2049, 2048, 2049, 2048, 2048, 2048, 2048, 2048, 2048]",333.0,Carlos SAINZ,SAI,Williams,1868DB,2026-09-26 11:29:48.962000+00:00,2026-09-26 11:31:38.309000+00:00,True,False,1,1.0,MEDIUM,14.0,False,PENDING_TIME_INTERVAL_REVIEW,,Finalize after checking temporal overlap with race-control periods
1295,11377,55,16,2026-09-26T11:31:38.260000+00:00,39.64,45.069,25.32,194.0,201.0,False,110.029,"[2049, 2048, 2048, 2048, 2048, 2048, 2048, 2048]","[2048, 2048, 2049, 2048, 2048, 2048, 2048, 2048, 2049, 2049]","[2048, 2048, 2048, 2048, 2048, 2048, 2048, 2048, 2048]",330.0,Carlos SAINZ,SAI,Williams,1868DB,2026-09-26 11:31:38.260000+00:00,2026-09-26 11:33:28.289000+00:00,True,False,1,1.0,MEDIUM,15.0,False,PENDING_TIME_INTERVAL_REVIEW,,Finalize after checking temporal overlap with race-control periods
1295,11377,55,17,2026-09-26T11:33:28.672000+00:00,39.107,45.059,25.391,190.0,191.0,False,109.557,"[2048, 2048, 2048, 2048, 2048, 2048, 2049, 2049]","[2048, 2048, 2048, 2049, 2048, 2049, 2049, 2048, 2048, 2048]","[2048, 2048, 2048, 2048, 2048, 2048, 2048, 2048, 2048]",325.0,Carlos SAINZ,SAI,Williams,1868DB,2026-09-26 11:33:28.672000+00:00,2026-09-26 11:35:18.229000+00:00,True,False,1,1.0,MEDIUM,16.0,False,PENDING_TIME_INTERVAL_REVIEW,,Finalize after checking temporal overlap with race-control periods
1295,11377,55,18,2026-09-26T11:35:17.845000+00:00,40.077,45.431,25.588,185.0,192.0,False,111.096,"[None, 2048, 2048, 2048, 2048, 2048, 2048, 2048]","[2048, 2048, 2048, 2048, 2048, 2048, 2048, 2048, 2048, 2048]","[2048, 2048, 2048, 2048, 2048, 2048, 2048, 2048, 2048]",328.0,Carlos SAINZ,SAI,Williams,1868DB,2026-09-26 11:35:17.845000+00:00,2026-09-26 11:37:08.941000+00:00,True,False,1,1.0,MEDIUM,17.0,False,PENDING_TIME_INTERVAL_REVIEW,,Finalize after checking temporal overlap with race-control periods
1295,11377,55,19,2026-09-26T11:37:08.898000+00:00,39.327,45.195,25.433,189.0,192.0,False,109.955,"[None, 2048, 2048, 2048, 2048, 2048, 2048, 2048]","[2048, 2048, 2048, 2048, 2048, 2049, 2048, 2048, 2048, 2048]","[2048, 2048, 2048, 2048, 2048, 2048, 2048, 2048, 2048]",330.0,Carlos SAINZ,SAI,Williams,1868DB,2026-09-26 11:37:08.898000+00:00,2026-09-26 11:38:58.853000+00:00,True,False,1,1.0,MEDIUM,18.0,False,PENDING_TIME_INTERVAL_REVIEW,,Finalize after checking temporal overlap with race-control periods
1295,11377,55,20,2026-09-26T11:38:58.930000+00:00,39.612,45.108,28.735,185.0,194.0,False,113.455,"[None, 2048, 2048, 2048, 2048, 2048, 2048, 2048]","[2048, 2048, 2048, 2048, 2048, 2049, 2049, 2048, 2048, 2048]","[2048, 2048, 2048, 2048, 2048, 2048, 2048, 2064, 2064]",330.0,Carlos SAINZ,SAI,Williams,1868DB,2026-09-26 11:38:58.930000+00:00,2026-09-26 11:40:52.385000+00:00,True,False,1,1.0,MEDIUM,19.0,True,PENDING_TIME_INTERVAL_REVIEW,,Finalize after checking temporal overlap with race-control periods
1295,11377,55,21,2026-09-26T11:40:52.274000+00:00,57.001,45.077,25.649,181.0,194.0,True,127.727,"[2064, 2064, 2048, 2048, 2048, 2048, 2048, 2048]","[2048, 2048, 2048, 2048, 2049, 2049, 2048, 2048, 2048, 2048]","[2049, 2049, 2048, 2048, 2048, 2048, 2048, 2048, 2048]",320.0,Carlos SAINZ,SAI,Williams,1868DB,2026-09-26 11:40:52.274000+00:00,2026-09-26 11:43:00.001000+00:00,True,False,1,2.0,SOFT,4.0,False,PENDING_TIME_INTERVAL_REVIEW,,Finalize after checking temporal overlap with race-control periods
1295,11377,55,22,2026-09-26T11:43:00.078000+00:00,39.088,44.3,25.535,194.0,197.0,False,108.923,"[2048, 2049, 2049, 2048, 2048, 2049, 2048, 2049]","[2049, 2048, 2049, 2049, 2049, 2051, 2048, 2048, 2049, 2049]","[2048, 2049, 2049, 2048, 2048, 2048, 2048, 2048, 2048]",327.0,Carlos SAINZ,SAI,Williams,1868DB,2026-09-26 11:43:00.078000+00:00,2026-09-26 11:44:49.001000+00:00,True,False,1,2.0,SOFT,5.0,False,PENDING_TIME_INTERVAL_REVIEW,,Finalize after checking temporal overlap with race-control periods
1295,11377,55,23,2026-09-26T11:44:49.090000+00:00,39.044,44.345,25.537,,195.0,False,108.926,"[None, 2048, 2048, 2048, 2048, 2049, 2049, 2049]","[2048, 2048, 2048, 2048, 2049, 2051, 2048, 2048, 2049, 2048]","[2048, 2048, 2048, 2048, 2048, 2048, 2048, 2048, 2048]",327.0,Carlos SAINZ,SAI,Williams,1868DB,2026-09-26 11:44:49.090000+00:00,2026-09-26 11:46:38.016000+00:00,True,False,1,2.0,SOFT,6.0,False,PENDING_TIME_INTERVAL_REVIEW,,Finalize after checking temporal overlap with race-control periods
1295,11377,55,24,2026-09-26T11:46:37.866000+00:00,38.989,44.292,25.573,192.0,200.0,False,108.854,"[None, 2048, 2049, 2048, 2048, 2049, 2049, 2049]","[2048, 2048, 2049, 2049, 2049, 2051, 2048, 2048, 2048, 2049]","[2048, 2048, 2048, 2048, 2048, 2048, 2048, 2048, 2048]",323.0,Carlos SAINZ,SAI,Williams,1868DB,2026-09-26 11:46:37.866000+00:00,2026-09-26 11:48:26.720000+00:00,True,False,1,2.0,SOFT,7.0,False,PENDING_TIME_INTERVAL_REVIEW,,Finalize after checking temporal overlap with race-control periods
1295,11377,55,25,2026-09-26T11:48:26.726000+00:00,38.785,44.209,25.617,197.0,201.0,False,108.611,"[None, 2049, 2049, 2048, 2048, 2049, 2048, 2049]","[2048, 2048, 2049, 2048, 2048, 2051, 2048, 2049, 2048, 2048]","[2048, 2048, 2048, 2048, 2048, 2048, 2048, 2048, 2048]",326.0,Carlos SAINZ,SAI,Williams,1868DB,2026-09-26 11:48:26.726000+00:00,2026-09-26 11:50:15.337000+00:00,True,False,1,2.0,SOFT,8.0,False,PENDING_TIME_INTERVAL_REVIEW,,Finalize after checking temporal overlap with race-control periods
1295,11377,55,26,2026-09-26T11:50:15.411000+00:00,38.868,44.416,25.443,193.0,201.0,False,108.727,"[None, 2048, 2048, 2048, 2048, 2048, 2049, 2049]","[2048, 2048, 2048, 2048, 2048, 2048, 2048, 2048, 2048, 2049]","[2049, 2049, 2049, 2048, 2048, 2048, 2048, 2048, 2048]",328.0,Carlos SAINZ,SAI,Williams,1868DB,2026-09-26 11:50:15.411000+00:00,2026-09-26 11:52:04.138000+00:00,True,False,1,2.0,SOFT,9.0,False,PENDING_TIME_INTERVAL_REVIEW,,Finalize after checking temporal overlap with race-control periods
1295,11377,55,27,2026-09-26T11:52:04.100000+00:00,38.886,44.234,25.535,194.0,203.0,False,108.655,"[None, 2048, 2048, 2048, 2048, 2048, 2048, 2048]","[2048, 2048, 2048, 2049, 2048, 2048, 2049, 2048, 2048, 2048]","[2048, 2049, 2049, 2048, 2048, 2048, 2048, 2048, 2048]",326.0,Carlos SAINZ,SAI,Williams,1868DB,2026-09-26 11:52:04.100000+00:00,2026-09-26 11:53:52.755000+00:00,True,False,1,2.0,SOFT,10.0,False,PENDING_TIME_INTERVAL_REVIEW,,Finalize after checking temporal overlap with race-control periods
1295,11377,55,28,2026-09-26T11:53:52.724000+00:00,38.749,44.431,25.517,198.0,201.0,False,108.697,"[None, 2049, 2048, 2048, 2048, 2048, 2048, 2049]","[2048, 2048, 2048, 2048, 2048, 2048, 2048, 2049, 2048, 2048]","[2048, 2048, 2048, 2048, 2048, 2048, 2048, 2048, 2048]",327.0,Carlos SAINZ,SAI,Williams,1868DB,2026-09-26 11:53:52.724000+00:00,2026-09-26 11:55:41.421000+00:00,True,False,1,2.0,SOFT,11.0,False,PENDING_TIME_INTERVAL_REVIEW,,Finalize after checking temporal overlap with race-control periods
1295,11377,55,29,2026-09-26T11:55:41.417000+00:00,38.856,44.465,25.382,194.0,202.0,False,108.703,"[None, 2049, 2048, 2048, 2048, 2048, 2048, 2048]","[2048, 2048, 2048, 2048, 2048, 2048, 2048, 2048, 2048, 2049]","[2048, 2048, 2048, 2049, 2048, 2048, 2048, 2048, 2048]",329.0,Carlos SAINZ,SAI,Williams,1868DB,2026-09-26 11:55:41.417000+00:00,2026-09-26 11:57:30.120000+00:00,True,False,1,2.0,SOFT,12.0,False,PENDING_TIME_INTERVAL_REVIEW,,Finalize after checking temporal overlap with race-control periods
1295,11377,55,30,2026-09-26T11:57:30.196000+00:00,40.105,63.64,39.844,125.0,145.0,False,143.589,"[None, 2048, 2048, 2048, 2048, 2048, 2048, 2048]","[2048, 2048, 2048, 2048, 2048, 2048, 2048, 2048, 2048, 2048]","[2048, 2048, 2048, 2048, 2048, 2048, 2048, 2064, 2064]",144.0,Carlos SAINZ,SAI,Williams,1868DB,2026-09-26 11:57:30.196000+00:00,2026-09-26 11:59:53.785000+00:00,True,False,1,2.0,SOFT,13.0,True,PENDING_TIME_INTERVAL_REVIEW,,Finalize after checking temporal overlap with race-control periods
1295,11377,55,31,2026-09-26T11:59:53.767000+00:00,68.605,62.78,36.124,115.0,113.0,True,167.509,"[2064, 2064, 2048, 2048, 2048, 2048, 2048, 2048]","[2048, 2048, 2048, 2048, 2048, 2048, 2048, 2048, 2048, 2048]","[2048, 2048, 2048, 2048, 2048, 2048, 2048, 2048, 2048]",188.0,Carlos SAINZ,SAI,Williams,1868DB,2026-09-26 11:59:53.767000+00:00,2026-09-26 12:02:41.276000+00:00,True,False,1,3.0,SOFT,0.0,False,PENDING_TIME_INTERVAL_REVIEW,,Finalize after checking temporal overlap with race-control periods
1295,11377,55,32,2026-09-26T12:02:41.217000+00:00,45.52,58.884,29.488,125.0,167.0,False,133.892,"[2048, 2048, 2048, 2048, 2048, 2048, 2048, 2048]","[2048, 2048, 2048, 2048, 2048, 2048, 2048, 2048, 2048, 2048]","[2048, 2048, 2048, 2048, 2048, 2048, 2048, 2048, 2048]",252.0,Carlos SAINZ,SAI,Williams,1868DB,2026-09-26 12:02:41.217000+00:00,2026-09-26 12:04:55.109000+00:00,True,False,1,3.0,SOFT,1.0,False,PENDING_TIME_INTERVAL_REVIEW,,Finalize after checking temporal overlap with race-control periods
1295,11377,55,33,2026-09-26T12:04:55.140000+00:00,42.942,50.042,26.106,101.0,187.0,False,119.09,"[None, 2048, 2048, 2048, 2048, 2048, 2048, 2048]","[2048, 2048, 2048, 2048, 2048, 2048, 2048, 2048, 2048, 2048]","[2048, 2048, 2048, 2048, 2048, 2048, 2048, 2048, 2048]",320.0,Carlos SAINZ,SAI,Williams,1868DB,2026-09-26 12:04:55.140000+00:00,2026-09-26 12:06:54.230000+00:00,True,False,1,3.0,SOFT,2.0,False,PENDING_TIME_INTERVAL_REVIEW,,Finalize after checking temporal overlap with race-control periods
1295,11377,55,34,2026-09-26T12:06:54.302000+00:00,40.03,56.991,38.004,172.0,128.0,False,135.025,"[None, 2048, 2048, 2048, 2048, 2048, 2048, 2048]","[2048, 2048, 2048, 2048, 2048, 2048, 2048, 2048, 2048, 2048]","[2048, 2048, 2048, 2048, 2048, 2048, 2048, 2048, 2048]",180.0,Carlos SAINZ,SAI,Williams,1868DB,2026-09-26 12:06:54.302000+00:00,2026-09-26 12:09:09.327000+00:00,True,False,1,3.0,SOFT,3.0,False,PENDING_TIME_INTERVAL_REVIEW,,Finalize after checking temporal overlap with race-control periods
1295,11377,55,35,2026-09-26T12:09:09.261000+00:00,53.111,57.966,28.965,163.0,157.0,False,140.042,"[None, 2048, 2048, 2048, 2048, 2048, 2048, 2048]","[2048, 2048, 2048, 2048, 2048, 2048, 2048, 2048, 2048, 2048]","[2048, 2048, 2048, 2048, 2048, 2048, 2048, 2048, 2048]",315.0,Carlos SAINZ,SAI,Williams,1868DB,2026-09-26 12:09:09.261000+00:00,2026-09-26 12:11:29.303000+00:00,True,False,1,3.0,SOFT,4.0,False,PENDING_TIME_INTERVAL_REVIEW,,Finalize after checking temporal overlap with race-control periods
1295,11377,55,36,2026-09-26T12:11:29.339000+00:00,42.888,59.224,42.453,152.0,141.0,False,144.565,"[None, 2048, 2048, 2049, 2048, 2048, 2048, 2048]","[2048, 2048, 2048, 2048, 2048, 2048, 2048, 2048, 2048, 2048]","[2048, 2048, 2048, 2048, 2048, 2048, 2048, 2064, 2064]",198.0,Carlos SAINZ,SAI,Williams,1868DB,2026-09-26 12:11:29.339000+00:00,2026-09-26 12:13:53.904000+00:00,True,False,1,3.0,SOFT,5.0,True,PENDING_TIME_INTERVAL_REVIEW,,Finalize after checking temporal overlap with race-control periods
1295,11377,55,37,2026-09-26T12:13:53.866000+00:00,61.099,61.362,39.251,97.0,142.0,True,161.712,"[2064, 2064, 2048, 2048, 2048, 2048, 2048, 2048]","[2048, 2048, 2048, 2048, 2048, 2048, 2048, 2048, 2048, 2048]","[2048, 2048, 2048, 2048, 2048, 2048, 2048, 2048, 2048]",201.0,Carlos SAINZ,SAI,Williams,1868DB,2026-09-26 12:13:53.866000+00:00,2026-09-26 12:16:35.578000+00:00,True,False,1,4.0,SOFT,0.0,False,PENDING_TIME_INTERVAL_REVIEW,,Finalize after checking temporal overlap with race-control periods
1295,11377,55,38,2026-09-26T12:16:35.537000+00:00,54.985,62.62,31.555,163.0,100.0,False,149.16,"[2048, 2048, 2048, 2048, 2048, 2048, 2048, 2048]","[2048, 2048, 2048, 2048, 2048, 2048, 2048, 2048, 2048, 2048]","[2048, 2048, 2048, 2048, 2048, 2048, 2048, 2048, 2051]",297.0,Carlos SAINZ,SAI,Williams,1868DB,2026-09-26 12:16:35.537000+00:00,2026-09-26 12:19:04.697000+00:00,True,False,1,4.0,SOFT,1.0,False,PENDING_TIME_INTERVAL_REVIEW,,Finalize after checking temporal overlap with race-control periods
1295,11377,55,39,2026-09-26T12:19:04.814000+00:00,40.868,45.16,24.743,181.0,189.0,False,110.771,"[None, 2048, 2048, 2048, 2049, 2048, 2048, 2048]","[2048, 2048, 2048, 2048, 2048, 2048, 2048, 2048, 2048, 2048]","[2048, 2049, 2049, 2049, 2048, 2048, 2048, 2049]",340.0,Carlos SAINZ,SAI,Williams,1868DB,2026-09-26 12:19:04.814000+00:00,2026-09-26 12:20:55.585000+00:00,True,False,1,4.0,SOFT,2.0,False,PENDING_TIME_INTERVAL_REVIEW,,Finalize after checking temporal overlap with race-control periods
1295,11377,55,40,2026-09-26T12:20:55.632000+00:00,39.663,44.633,24.932,186.0,196.0,False,109.228,"[None, 2048, 2048, 2048, 2048, 2048, 2048, 2048]","[2048, 2049, 2048, 2048, 2049, 2048, 2048, 2048, 2048, 2049]","[2048, 2048, 2048, 2048, 2048, 2048, 2048, 2048, 2048]",335.0,Carlos SAINZ,SAI,Williams,1868DB,2026-09-26 12:20:55.632000+00:00,2026-09-26 12:22:44.860000+00:00,True,False,1,4.0,SOFT,3.0,False,PENDING_TIME_INTERVAL_REVIEW,,Finalize after checking temporal overlap with race-control periods
1295,11377,55,41,2026-09-26T12:22:44.682000+00:00,38.524,44.34,24.855,191.0,202.0,False,107.719,"[None, 2049, 2049, 2048, 2048, 2048, 2048, 2048]","[2048, 2049, 2048, 2048, 2048, 2048, 2048, 2048, 2048, 2049]","[2049, 2049, 2049, 2049, 2048, 2048, 2048, 2048, 2048]",337.0,Carlos SAINZ,SAI,Williams,1868DB,2026-09-26 12:22:44.682000+00:00,2026-09-26 12:24:32.401000+00:00,True,False,1,4.0,SOFT,4.0,False,PENDING_TIME_INTERVAL_REVIEW,,Finalize after checking temporal overlap with race-control periods
1295,11377,55,42,2026-09-26T12:24:32.794000+00:00,38.489,44.094,24.755,192.0,203.0,False,107.338,"[None, 2048, 2048, 2048, 2049, 2048, 2049, 2049]","[2048, 2049, 2048, 2048, 2048, 2048, 2048, 2048, 2049, 2049]","[2048, 2048, 2049, 2048, 2048, 2048, 2048, 2048, 2048]",338.0,Carlos SAINZ,SAI,Williams,1868DB,2026-09-26 12:24:32.794000+00:00,2026-09-26 12:26:20.132000+00:00,True,False,1,4.0,SOFT,5.0,False,PENDING_TIME_INTERVAL_REVIEW,,Finalize after checking temporal overlap with race-control periods
1295,11377,55,43,2026-09-26T12:26:19.754000+00:00,38.379,44.082,24.731,199.0,205.0,False,107.192,"[2049, 2048, 2048, 2048, 2049, 2048, 2048, 2049]","[2048, 2048, 2048, 2048, 2048, 2049, 2048, 2048, 2048, 2049]","[2049, 2049, 2049, 2049, 2048, 2048, 2048, 2048, 2048]",339.0,Carlos SAINZ,SAI,Williams,1868DB,2026-09-26 12:26:19.754000+00:00,2026-09-26 12:28:06.946000+00:00,True,False,1,4.0,SOFT,6.0,False,PENDING_TIME_INTERVAL_REVIEW,,Finalize after checking temporal overlap with race-control periods
1295,11377,55,44,2026-09-26T12:28:07.326000+00:00,38.401,44.123,24.837,195.0,204.0,False,107.361,"[None, 2048, 2048, 2048, 2048, 2049, 2049, 2048]","[2048, 2048, 2048, 2048, 2048, 2048, 2048, 2048, 2048, 2049]","[2049, 2048, 2048, 2048, 2048, 2048, 2048, 2048, 2048]",336.0,Carlos SAINZ,SAI,Williams,1868DB,2026-09-26 12:28:07.326000+00:00,2026-09-26 12:29:54.687000+00:00,True,False,1,4.0,SOFT,7.0,False,PENDING_TIME_INTERVAL_REVIEW,,Finalize after checking temporal overlap with race-control periods
1295,11377,55,45,2026-09-26T12:29:54.362000+00:00,38.292,44.067,24.816,,198.0,False,107.175,"[None, 2049, 2048, 2048, 2048, 2049, 2048, 2048]","[2048, 2048, 2048, 2048, 2048, 2048, 2048, 2048, 2048, 2048]","[2048, 2048, 2048, 2048, 2048, 2048, 2048, 2048, 2048]",337.0,Carlos SAINZ,SAI,Williams,1868DB,2026-09-26 12:29:54.362000+00:00,2026-09-26 12:31:41.537000+00:00,True,False,1,4.0,SOFT,8.0,False,PENDING_TIME_INTERVAL_REVIEW,,Finalize after checking temporal overlap with race-control periods
1295,11377,55,46,2026-09-26T12:31:41.737000+00:00,38.178,44.131,24.769,199.0,202.0,False,107.078,"[None, 2049, 2049, 2048, 2048, 2049, 2049, 2049]","[2048, 2048, 2048, 2048, 2048, 2048, 2048, 2048, 2049, 2048]","[2048, 2049, 2049, 2048, 2048, 2048, 2048, 2048, 2048]",337.0,Carlos SAINZ,SAI,Williams,1868DB,2026-09-26 12:31:41.737000+00:00,2026-09-26 12:33:28.815000+00:00,True,False,1,4.0,SOFT,9.0,False,PENDING_TIME_INTERVAL_REVIEW,,Finalize after checking temporal overlap with race-control periods
1295,11377,55,47,2026-09-26T12:33:28.653000+00:00,38.379,44.236,24.774,196.0,201.0,False,107.389,"[None, 2048, 2048, 2048, 2048, 2048, 2048, 2048]","[2048, 2048, 2048, 2048, 2048, 2048, 2048, 2048, 2048, 2048]","[2048, 2048, 2048, 2049, 2048, 2048, 2048, 2048, 2048]",338.0,Carlos SAINZ,SAI,Williams,1868DB,2026-09-26 12:33:28.653000+00:00,2026-09-26 12:35:16.042000+00:00,True,False,1,4.0,SOFT,10.0,False,PENDING_TIME_INTERVAL_REVIEW,,Finalize after checking temporal overlap with race-control periods
1295,11377,55,48,2026-09-26T12:35:16.104000+00:00,38.396,44.42,24.524,195.0,204.0,False,107.34,"[2048, 2048, 2048, 2048, 2049, 2048, 2048, 2048]","[2048, 2048, 2048, 2048, 2048, 2048, 2048, 2049, 2048, 2048]","[2048, 2048, 2048, 2049, 2049, 2049, 2049, 2049, 2048]",347.0,Carlos SAINZ,SAI,Williams,1868DB,2026-09-26 12:35:16.104000+00:00,2026-09-26 12:37:03.444000+00:00,True,False,1,4.0,SOFT,11.0,False,PENDING_TIME_INTERVAL_REVIEW,,Finalize after checking temporal overlap with race-control periods
1295,11377,55,49,2026-09-26T12:37:03.371000+00:00,38.31,43.869,24.558,200.0,204.0,False,106.737,"[None, 2048, 2048, 2048, 2049, 2048, 2048, 2049]","[2048, 2049, 2048, 2048, 2048, 2049, 2051, 2049, 2048, 2048]","[2048, 2048, 2049, 2049, 2049, 2048, 2048, 2048]",344.0,Carlos SAINZ,SAI,Williams,1868DB,2026-09-26 12:37:03.371000+00:00,2026-09-26 12:38:50.108000+00:00,True,False,1,4.0,SOFT,12.0,False,PENDING_TIME_INTERVAL_REVIEW,,Finalize after checking temporal overlap with race-control periods
1295,11377,55,50,2026-09-26T12:38:50.289000+00:00,38.531,44.201,24.503,193.0,200.0,False,107.235,"[None, 2048, 2048, 2048, 2048, 2048, 2048, 2048]","[2048, 2048, 2048, 2048, 2048, 2049, 2048, 2048, 2048, 2048]","[2048, 2049, 2049, 2048, 2049, 2048, 2048, 2048, 2048]",345.0,Carlos SAINZ,SAI,Williams,1868DB,2026-09-26 12:38:50.289000+00:00,2026-09-26 12:40:37.524000+00:00,True,False,1,4.0,SOFT,13.0,False,PENDING_TIME_INTERVAL_REVIEW,,Finalize after checking temporal overlap with race-control periods
1295,11377,55,51,2026-09-26T12:40:37.294000+00:00,38.699,44.899,24.771,191.0,186.0,False,108.369,"[None, 2048, 2048, 2048, 2048, 2048, 2048, 2048]","[2048, 2048, 2048, 2048, 2048, 2048, 2048, 2048, 2049, 2048]","[2048, 2048, 2048, 2048, 2048, 2048, 2048, 2048, 2048]",343.0,Carlos SAINZ,SAI,Williams,1868DB,2026-09-26 12:40:37.294000+00:00,2026-09-26 12:42:25.663000+00:00,True,False,1,4.0,SOFT,14.0,False,PENDING_TIME_INTERVAL_REVIEW,,Finalize after checking temporal overlap with race-control periods
1295,11377,63,1,2026-09-26T11:03:50.711000+00:00,42.132,44.47,25.661,187.0,201.0,False,112.263,"[None, 2051, 2051, 2051, 2051, 2051, 2049, 2051]","[2049, 2049, 2051, 2051, 2049, 2049, 2049, 2051, 2049, 2049]","[2051, 2049, 2049, 2049, 2049, 2049, 2049, 2051, 2051]",322.0,George RUSSELL,RUS,Mercedes,00D7B6,2026-09-26 11:03:50.711000+00:00,2026-09-26 11:05:42.974000+00:00,True,True,1,1.0,MEDIUM,2.0,False,PENDING_TIME_INTERVAL_REVIEW,,Finalize after checking temporal overlap with race-control periods
1295,11377,63,2,2026-09-26T11:05:42.974000+00:00,39.418,44.492,25.625,188.0,208.0,False,109.535,"[2049, 2051, 2051, 2048, 2048, 2048, 2051, 2048]","[2049, 2048, 2048, 2048, 2051, 2048, 2048, 2048, 2049, 2048]","[2049, 2048, 2048, 2049, 2049, 2049, 2049, 2049, 2049]",322.0,George RUSSELL,RUS,Mercedes,00D7B6,2026-09-26 11:05:42.974000+00:00,2026-09-26 11:07:32.509000+00:00,True,True,1,1.0,MEDIUM,3.0,False,PENDING_TIME_INTERVAL_REVIEW,,Finalize after checking temporal overlap with race-control periods
1295,11377,63,3,2026-09-26T11:07:32.654000+00:00,38.852,44.227,25.779,192.0,206.0,False,108.858,"[None, 2051, 2051, 2048, 2048, 2049, 2049, 2048]","[2051, 2048, 2048, 2048, 2051, 2048, 2048, 2051, 2048, 2048]","[2048, 2048, 2048, 2049, 2049, 2049, 2048, 2049, 2049]",322.0,George RUSSELL,RUS,Mercedes,00D7B6,2026-09-26 11:07:32.654000+00:00,2026-09-26 11:09:21.512000+00:00,True,True,1,1.0,MEDIUM,4.0,False,PENDING_TIME_INTERVAL_REVIEW,,Finalize after checking temporal overlap with race-control periods
1295,11377,63,4,2026-09-26T11:09:21.455000+00:00,38.904,44.135,25.58,191.0,203.0,False,108.619,"[2048, 2048, 2048, 2048, 2048, 2049, 2048, 2048]","[2048, 2048, 2048, 2048, 2051, 2048, 2048, 2048, 2051, 2049]","[2049, 2049, 2049, 2049, 2049, 2048, 2048, 2048, 2049]",321.0,George RUSSELL,RUS,Mercedes,00D7B6,2026-09-26 11:09:21.455000+00:00,2026-09-26 11:11:10.074000+00:00,True,True,1,1.0,MEDIUM,5.0,False,PENDING_TIME_INTERVAL_REVIEW,,Finalize after checking temporal overlap with race-control periods
1295,11377,63,5,2026-09-26T11:11:09.968000+00:00,38.55,44.074,25.545,199.0,202.0,False,108.169,"[None, 2051, 2049, 2048, 2048, 2049, 2051, 2048]","[2048, 2048, 2051, 2049, 2048, 2049, 2048, 2049, 2051, 2049]","[2049, 2048, 2048, 2048, 2048, 2048, 2049, 2049, 2049]",322.0,George RUSSELL,RUS,Mercedes,00D7B6,2026-09-26 11:11:09.968000+00:00,2026-09-26 11:12:58.137000+00:00,True,True,1,1.0,MEDIUM,6.0,False,PENDING_TIME_INTERVAL_REVIEW,,Finalize after checking temporal overlap with race-control periods
1295,11377,63,6,2026-09-26T11:12:58.169000+00:00,38.614,43.892,25.426,196.0,204.0,False,107.932,"[2049, 2048, 2048, 2048, 2048, 2049, 2048, 2048]","[2048, 2048, 2051, 2048, 2051, 2049, 2049, 2048, 2048, 2048]","[2049, 2048, 2049, 2049, 2049, 2049, 2049, 2049, 2049]",326.0,George RUSSELL,RUS,Mercedes,00D7B6,2026-09-26 11:12:58.169000+00:00,2026-09-26 11:14:46.101000+00:00,True,True,1,1.0,MEDIUM,7.0,False,PENDING_TIME_INTERVAL_REVIEW,,Finalize after checking temporal overlap with race-control periods
1295,11377,63,7,2026-09-26T11:14:46.130000+00:00,38.434,43.907,25.471,,207.0,False,107.812,"[None, 2048, 2049, 2048, 2048, 2049, 2048, 2051]","[2049, 2048, 2051, 2049, 2048, 2048, 2048, 2048, 2048, 2049]","[2049, 2048, 2048, 2048, 2048, 2048, 2048, 2048, 2048]",324.0,George RUSSELL,RUS,Mercedes,00D7B6,2026-09-26 11:14:46.130000+00:00,2026-09-26 11:16:33.942000+00:00,True,True,1,1.0,MEDIUM,8.0,False,PENDING_TIME_INTERVAL_REVIEW,,Finalize after checking temporal overlap with race-control periods
1295,11377,63,8,2026-09-26T11:16:33.993000+00:00,38.33,43.835,25.522,197.0,202.0,False,107.687,"[2048, 2051, 2049, 2048, 2048, 2048, 2048, 2048]","[2048, 2048, 2048, 2048, 2051, 2048, 2048, 2049, 2051, 2048]","[2048, 2048, 2049, 2048, 2048, 2048, 2048, 2048, 2048]",323.0,George RUSSELL,RUS,Mercedes,00D7B6,2026-09-26 11:16:33.993000+00:00,2026-09-26 11:18:21.680000+00:00,True,True,1,1.0,MEDIUM,9.0,False,PENDING_TIME_INTERVAL_REVIEW,,Finalize after checking temporal overlap with race-control periods
1295,11377,63,9,2026-09-26T11:18:21.670000+00:00,38.235,44.178,25.603,,199.0,False,108.016,"[None, 2051, 2051, 2048, 2048, 2049, 2048, 2048]","[2049, 2048, 2048, 2051, 2048, 2048, 2048, 2048, 2048, 2048]","[2048, 2048, 2048, 2048, 2048, 2048, 2048, 2048, 2048]",323.0,George RUSSELL,RUS,Mercedes,00D7B6,2026-09-26 11:18:21.670000+00:00,2026-09-26 11:20:09.686000+00:00,True,True,1,1.0,MEDIUM,10.0,False,PENDING_TIME_INTERVAL_REVIEW,,Finalize after checking temporal overlap with race-control periods
1295,11377,63,10,2026-09-26T11:20:09.713000+00:00,38.468,43.927,25.496,192.0,205.0,False,107.891,"[None, 2048, 2048, 2048, 2048, 2048, 2048, 2048]","[2048, 2048, 2048, 2048, 2048, 2048, 2048, 2048, 2048, 2048]","[2048, 2049, 2049, 2048, 2048, 2048, 2048, 2048, 2048]",322.0,George RUSSELL,RUS,Mercedes,00D7B6,2026-09-26 11:20:09.713000+00:00,2026-09-26 11:21:57.604000+00:00,True,True,1,1.0,MEDIUM,11.0,False,PENDING_TIME_INTERVAL_REVIEW,,Finalize after checking temporal overlap with race-control periods
1295,11377,63,11,2026-09-26T11:21:57.565000+00:00,38.395,43.958,25.516,197.0,206.0,False,107.869,"[None, 2048, 2048, 2048, 2048, 2048, 2048, 2048]","[2048, 2048, 2051, 2051, 2048, 2048, 2048, 2048, 2048, 2048]","[2049, 2048, 2048, 2048, 2048, 2048, 2048, 2048, 2048]",322.0,George RUSSELL,RUS,Mercedes,00D7B6,2026-09-26 11:21:57.565000+00:00,2026-09-26 11:23:45.434000+00:00,True,True,1,1.0,MEDIUM,12.0,False,PENDING_TIME_INTERVAL_REVIEW,,Finalize after checking temporal overlap with race-control periods
1295,11377,63,12,2026-09-26T11:23:45.415000+00:00,38.178,43.901,25.418,195.0,206.0,False,107.497,"[None, 2048, 2051, 2048, 2048, 2049, 2048, 2048]","[2048, 2048, 2048, 2048, 2048, 2048, 2048, 2048, 2048, 2048]","[2051, 2049, 2049, 2048, 2048, 2048, 2048, 2048, 2048]",323.0,George RUSSELL,RUS,Mercedes,00D7B6,2026-09-26 11:23:45.415000+00:00,2026-09-26 11:25:32.912000+00:00,True,True,1,1.0,MEDIUM,13.0,False,PENDING_TIME_INTERVAL_REVIEW,,Finalize after checking temporal overlap with race-control periods
1295,11377,63,13,2026-09-26T11:25:33.101000+00:00,38.265,43.885,25.457,194.0,206.0,False,107.607,"[None, 2048, 2048, 2048, 2048, 2048, 2049, 2048]","[2048, 2048, 2048, 2048, 2048, 2048, 2048, 2048, 2048, 2048]","[2048, 2048, 2048, 2048, 2048, 2048, 2048, 2048, 2048]",322.0,George RUSSELL,RUS,Mercedes,00D7B6,2026-09-26 11:25:33.101000+00:00,2026-09-26 11:27:20.708000+00:00,True,True,1,1.0,MEDIUM,14.0,False,PENDING_TIME_INTERVAL_REVIEW,,Finalize after checking temporal overlap with race-control periods
1295,11377,63,14,2026-09-26T11:27:20.554000+00:00,38.35,43.749,25.467,200.0,208.0,False,107.566,"[None, 2048, 2048, 2048, 2048, 2048, 2048, 2049]","[2048, 2048, 2049, 2049, 2048, 2048, 2048, 2049, 2048, 2048]","[2048, 2048, 2048, 2048, 2049, 2048, 2048, 2048, 2048]",325.0,George RUSSELL,RUS,Mercedes,00D7B6,2026-09-26 11:27:20.554000+00:00,2026-09-26 11:29:08.120000+00:00,True,True,1,1.0,MEDIUM,15.0,False,PENDING_TIME_INTERVAL_REVIEW,,Finalize after checking temporal overlap with race-control periods
1295,11377,63,15,2026-09-26T11:29:08.124000+00:00,38.617,44.042,25.352,195.0,205.0,False,108.011,"[None, 2048, 2048, 2048, 2048, 2048, 2048, 2048]","[2048, 2048, 2048, 2048, 2048, 2048, 2048, 2048, 2048, 2048]","[2048, 2049, 2049, 2049, 2049, 2049, 2048, 2048, 2048]",325.0,George RUSSELL,RUS,Mercedes,00D7B6,2026-09-26 11:29:08.124000+00:00,2026-09-26 11:30:56.135000+00:00,True,True,1,1.0,MEDIUM,16.0,False,PENDING_TIME_INTERVAL_REVIEW,,Finalize after checking temporal overlap with race-control periods
1295,11377,63,16,2026-09-26T11:30:55.981000+00:00,38.311,43.817,25.375,197.0,205.0,False,107.503,"[None, 2048, 2048, 2048, 2048, 2048, 2048, 2048]","[2048, 2048, 2048, 2048, 2048, 2049, 2048, 2048, 2048, 2048]","[2048, 2049, 2049, 2048, 2048, 2048, 2048, 2048, 2048]",324.0,George RUSSELL,RUS,Mercedes,00D7B6,2026-09-26 11:30:55.981000+00:00,2026-09-26 11:32:43.484000+00:00,True,True,1,1.0,MEDIUM,17.0,False,PENDING_TIME_INTERVAL_REVIEW,,Finalize after checking temporal overlap with race-control periods
1295,11377,63,17,2026-09-26T11:32:43.588000+00:00,38.444,44.061,25.42,191.0,207.0,False,107.925,"[None, 2048, 2048, 2048, 2048, 2048, 2048, 2048]","[2048, 2048, 2048, 2048, 2048, 2048, 2048, 2048, 2048, 2048]","[2048, 2048, 2048, 2048, 2048, 2048, 2048, 2048, 2048]",325.0,George RUSSELL,RUS,Mercedes,00D7B6,2026-09-26 11:32:43.588000+00:00,2026-09-26 11:34:31.513000+00:00,True,True,1,1.0,MEDIUM,18.0,False,PENDING_TIME_INTERVAL_REVIEW,,Finalize after checking temporal overlap with race-control periods
1295,11377,63,18,2026-09-26T11:34:31.649000+00:00,38.457,43.953,25.46,197.0,207.0,False,107.87,"[None, 2048, 2048, 2048, 2048, 2048, 2048, 2048]","[2048, 2048, 2048, 2048, 2048, 2048, 2048, 2048, 2048, 2049]","[2048, 2048, 2048, 2048, 2048, 2048, 2048, 2048, 2048]",323.0,George RUSSELL,RUS,Mercedes,00D7B6,2026-09-26 11:34:31.649000+00:00,2026-09-26 11:36:19.519000+00:00,True,True,1,1.0,MEDIUM,19.0,False,PENDING_TIME_INTERVAL_REVIEW,,Finalize after checking temporal overlap with race-control periods
1295,11377,63,19,2026-09-26T11:36:19.422000+00:00,38.193,43.935,25.452,199.0,207.0,False,107.58,"[None, 2048, 2048, 2048, 2048, 2048, 2049, 2051]","[2048, 2048, 2048, 2048, 2048, 2048, 2048, 2049, 2048, 2048]","[2048, 2048, 2048, 2048, 2048, 2048, 2048, 2048, 2048]",324.0,George RUSSELL,RUS,Mercedes,00D7B6,2026-09-26 11:36:19.422000+00:00,2026-09-26 11:38:07.002000+00:00,True,True,1,1.0,MEDIUM,20.0,False,PENDING_TIME_INTERVAL_REVIEW,,Finalize after checking temporal overlap with race-control periods
1295,11377,63,20,2026-09-26T11:38:06.960000+00:00,38.229,43.933,25.41,200.0,207.0,False,107.572,"[None, 2048, 2049, 2048, 2048, 2048, 2048, 2048]","[2048, 2048, 2049, 2048, 2048, 2048, 2048, 2049, 2048, 2048]","[2048, 2048, 2048, 2048, 2048, 2048, 2048, 2048, 2048]",324.0,George RUSSELL,RUS,Mercedes,00D7B6,2026-09-26 11:38:06.960000+00:00,2026-09-26 11:39:54.532000+00:00,True,True,1,1.0,MEDIUM,21.0,False,PENDING_TIME_INTERVAL_REVIEW,,Finalize after checking temporal overlap with race-control periods
1295,11377,63,21,2026-09-26T11:39:54.524000+00:00,38.183,43.967,25.315,201.0,212.0,False,107.465,"[None, 2048, 2048, 2048, 2048, 2048, 2048, 2051]","[2048, 2048, 2048, 2048, 2048, 2048, 2048, 2048, 2048, 2048]","[2051, 2051, 2049, 2048, 2048, 2048, 2048, 2048, 2048]",323.0,George RUSSELL,RUS,Mercedes,00D7B6,2026-09-26 11:39:54.524000+00:00,2026-09-26 11:41:41.989000+00:00,True,True,1,1.0,MEDIUM,22.0,False,PENDING_TIME_INTERVAL_REVIEW,,Finalize after checking temporal overlap with race-control periods
1295,11377,63,22,2026-09-26T11:41:42.033000+00:00,38.171,43.704,25.316,,209.0,False,107.191,"[None, 2048, 2048, 2048, 2048, 2048, 2048, 2051]","[2048, 2048, 2048, 2048, 2048, 2048, 2048, 2048, 2048, 2049]","[2048, 2048, 2048, 2048, 2048, 2048, 2048, 2048, 2049]",325.0,George RUSSELL,RUS,Mercedes,00D7B6,2026-09-26 11:41:42.033000+00:00,2026-09-26 11:43:29.224000+00:00,True,True,1,1.0,MEDIUM,23.0,False,PENDING_TIME_INTERVAL_REVIEW,,Finalize after checking temporal overlap with race-control periods
1295,11377,63,23,2026-09-26T11:43:29.227000+00:00,38.069,43.65,25.39,200.0,209.0,False,107.109,"[None, 2048, 2048, 2048, 2048, 2048, 2048, 2049]","[2048, 2048, 2048, 2048, 2048, 2048, 2048, 2049, 2048, 2049]","[2048, 2048, 2048, 2048, 2049, 2049, 2049, 2049, 2049]",326.0,George RUSSELL,RUS,Mercedes,00D7B6,2026-09-26 11:43:29.227000+00:00,2026-09-26 11:45:16.336000+00:00,True,True,1,1.0,MEDIUM,24.0,False,PENDING_TIME_INTERVAL_REVIEW,,Finalize after checking temporal overlap with race-control periods
1295,11377,63,24,2026-09-26T11:45:16.408000+00:00,38.228,43.768,25.367,197.0,204.0,False,107.363,"[None, 2048, 2048, 2048, 2048, 2048, 2048, 2048]","[2048, 2048, 2048, 2048, 2048, 2048, 2048, 2048, 2048, 2048]","[2048, 2048, 2048, 2048, 2048, 2048, 2049, 2049, 2049]",325.0,George RUSSELL,RUS,Mercedes,00D7B6,2026-09-26 11:45:16.408000+00:00,2026-09-26 11:47:03.771000+00:00,True,True,1,1.0,MEDIUM,25.0,False,PENDING_TIME_INTERVAL_REVIEW,,Finalize after checking temporal overlap with race-control periods
1295,11377,63,25,2026-09-26T11:47:03.668000+00:00,38.166,43.777,25.421,,210.0,False,107.364,"[None, 2048, 2048, 2049, 2048, 2048, 2048, 2048]","[2048, 2048, 2051, 2048, 2048, 2048, 2048, 2048, 2048, 2048]","[2048, 2048, 2048, 2048, 2048, 2048, 2048, 2048, 2048]",324.0,George RUSSELL,RUS,Mercedes,00D7B6,2026-09-26 11:47:03.668000+00:00,2026-09-26 11:48:51.032000+00:00,True,True,1,1.0,MEDIUM,26.0,False,PENDING_TIME_INTERVAL_REVIEW,,Finalize after checking temporal overlap with race-control periods
1295,11377,63,26,2026-09-26T11:48:51.018000+00:00,38.04,43.74,25.396,200.0,208.0,False,107.176,"[None, 2048, 2048, 2048, 2048, 2048, 2048, 2048]","[2048, 2048, 2048, 2048, 2048, 2049, 2048, 2048, 2048, 2048]","[2048, 2048, 2048, 2048, 2048, 2048, 2048, 2048, 2048]",325.0,George RUSSELL,RUS,Mercedes,00D7B6,2026-09-26 11:48:51.018000+00:00,2026-09-26 11:50:38.194000+00:00,True,True,1,1.0,MEDIUM,27.0,False,PENDING_TIME_INTERVAL_REVIEW,,Finalize after checking temporal overlap with race-control periods
1295,11377,63,27,2026-09-26T11:50:38.210000+00:00,37.957,43.731,25.37,203.0,208.0,False,107.058,"[None, 2051, 2048, 2048, 2048, 2048, 2048, 2051]","[2048, 2048, 2048, 2048, 2048, 2048, 2048, 2048, 2048, 2048]","[2048, 2048, 2048, 2048, 2048, 2048, 2048, 2048, 2048]",324.0,George RUSSELL,RUS,Mercedes,00D7B6,2026-09-26 11:50:38.210000+00:00,2026-09-26 11:52:25.268000+00:00,True,True,1,1.0,MEDIUM,28.0,False,PENDING_TIME_INTERVAL_REVIEW,,Finalize after checking temporal overlap with race-control periods
1295,11377,63,28,2026-09-26T11:52:25.352000+00:00,37.837,43.786,25.382,196.0,212.0,False,107.005,"[None, 2051, 2049, 2049, 2048, 2048, 2048, 2048]","[2048, 2048, 2048, 2049, 2048, 2048, 2048, 2048, 2048, 2048]","[2048, 2048, 2048, 2048, 2048, 2048, 2048, 2048, 2048]",324.0,George RUSSELL,RUS,Mercedes,00D7B6,2026-09-26 11:52:25.352000+00:00,2026-09-26 11:54:12.357000+00:00,True,True,1,1.0,MEDIUM,29.0,False,PENDING_TIME_INTERVAL_REVIEW,,Finalize after checking temporal overlap with race-control periods
1295,11377,63,29,2026-09-26T11:54:12.326000+00:00,37.986,43.656,25.349,200.0,212.0,False,106.991,"[None, 2048, 2048, 2048, 2048, 2048, 2048, 2048]","[2048, 2048, 2048, 2048, 2048, 2048, 2048, 2048, 2048, 2048]","[2048, 2048, 2048, 2049, 2049, 2048, 2048, 2048, 2048]",326.0,George RUSSELL,RUS,Mercedes,00D7B6,2026-09-26 11:54:12.326000+00:00,2026-09-26 11:55:59.317000+00:00,True,True,1,1.0,MEDIUM,30.0,False,PENDING_TIME_INTERVAL_REVIEW,,Finalize after checking temporal overlap with race-control periods
1295,11377,63,30,2026-09-26T11:55:59.255000+00:00,37.927,43.65,25.36,197.0,208.0,False,106.937,"[None, 2048, 2048, 2048, 2048, 2048, 2048, 2048]","[2048, 2048, 2048, 2049, 2048, 2048, 2048, 2048, 2051, 2048]","[2048, 2048, 2048, 2048, 2049, 2048, 2048, 2048, 2048]",325.0,George RUSSELL,RUS,Mercedes,00D7B6,2026-09-26 11:55:59.255000+00:00,2026-09-26 11:57:46.192000+00:00,True,True,1,1.0,MEDIUM,31.0,False,PENDING_TIME_INTERVAL_REVIEW,,Finalize after checking temporal overlap with race-control periods
1295,11377,63,31,2026-09-26T11:57:46.205000+00:00,46.717,59.279,42.252,106.0,162.0,False,148.248,"[None, 2048, 2048, 2048, 2048, 2048, 2048, 2048]","[2048, 2048, 2048, 2048, 2048, 2048, 2048, 2048, 2048, 2048]","[2048, 2048, 2048, 2048, 2048, 2048, 2048, 2064, 2064]",187.0,George RUSSELL,RUS,Mercedes,00D7B6,2026-09-26 11:57:46.205000+00:00,2026-09-26 12:00:14.453000+00:00,True,True,1,1.0,MEDIUM,32.0,True,PENDING_TIME_INTERVAL_REVIEW,,Finalize after checking temporal overlap with race-control periods
1295,11377,63,32,2026-09-26T12:00:14.410000+00:00,69.98,68.433,42.633,75.0,130.0,True,181.046,"[2064, 2064, 2048, 2048, 2048, 2048, 2048, 2048]","[2048, 2048, 2048, 2048, 2048, 2048, 2048, 2048, 2048, 2048]","[2048, 2048, 2048, 2048, 2048, 2048, 2048, 2048, 2048]",181.0,George RUSSELL,RUS,Mercedes,00D7B6,2026-09-26 12:00:14.410000+00:00,2026-09-26 12:03:15.456000+00:00,True,True,1,2.0,SOFT,0.0,False,PENDING_TIME_INTERVAL_REVIEW,,Finalize after checking temporal overlap with race-control periods
1295,11377,63,33,2026-09-26T12:03:15.514000+00:00,60.133,67.147,40.039,70.0,149.0,False,167.319,"[2048, 2048, 2048, 2048, 2048, 2048, 2048, 2048]","[2048, 2048, 2048, 2048, 2048, 2048, 2048, 2048, 2048, 2048]","[2048, 2048, 2048, 2048, 2048, 2048, 2048, 2048, 2048]",213.0,George RUSSELL,RUS,Mercedes,00D7B6,2026-09-26 12:03:15.514000+00:00,2026-09-26 12:06:02.833000+00:00,True,True,1,2.0,SOFT,1.0,False,PENDING_TIME_INTERVAL_REVIEW,,Finalize after checking temporal overlap with race-control periods
1295,11377,63,34,2026-09-26T12:06:02.868000+00:00,64.481,61.047,39.106,154.0,137.0,False,164.634,"[None, 2048, 2048, 2048, 2048, 2048, 2048, 2048]","[2048, 2048, 2048, 2048, 2048, 2048, 2048, 2048, 2048, 2048]","[2048, 2048, 2048, 2048, 2048, 2048, 2048, 2048, 2048]",221.0,George RUSSELL,RUS,Mercedes,00D7B6,2026-09-26 12:06:02.868000+00:00,2026-09-26 12:08:47.502000+00:00,True,True,1,2.0,SOFT,2.0,False,PENDING_TIME_INTERVAL_REVIEW,,Finalize after checking temporal overlap with race-control periods
1295,11377,63,35,2026-09-26T12:08:47.322000+00:00,53.49,62.156,42.972,137.0,118.0,False,158.618,"[None, 2048, 2048, 2048, 2048, 2048, 2048, 2048]","[2048, 2048, 2048, 2048, 2048, 2048, 2048, 2048, 2048, 2048]","[2048, 2048, 2048, 2048, 2048, 2048, 2048, 2048, 2048]",183.0,George RUSSELL,RUS,Mercedes,00D7B6,2026-09-26 12:08:47.322000+00:00,2026-09-26 12:11:25.940000+00:00,True,True,1,2.0,SOFT,3.0,False,PENDING_TIME_INTERVAL_REVIEW,,Finalize after checking temporal overlap with race-control periods
1295,11377,63,36,2026-09-26T12:11:26.116000+00:00,37.957,49.594,41.448,193.0,131.0,False,128.999,"[None, 2048, 2048, 2049, 2049, 2048, 2048, 2051]","[2048, 2049, 2049, 2048, 2048, 2049, 2048, 2048, 2048, 2048]","[2048, 2048, 2048, 2048, 2048, 2048, 2048, 2064, 2064]",119.0,George RUSSELL,RUS,Mercedes,00D7B6,2026-09-26 12:11:26.116000+00:00,2026-09-26 12:13:35.115000+00:00,True,True,1,2.0,SOFT,4.0,True,PENDING_TIME_INTERVAL_REVIEW,,Finalize after checking temporal overlap with race-control periods
1295,11377,63,37,2026-09-26T12:13:35.180000+00:00,63.316,61.528,39.93,99.0,142.0,True,164.774,"[2064, 2064, 2048, 2048, 2048, 2048, 2048, 2048]","[2048, 2048, 2048, 2048, 2048, 2048, 2048, 2048, 2048, 2048]","[2048, 2048, 2048, 2048, 2048, 2048, 2048, 2048, 2048]",215.0,George RUSSELL,RUS,Mercedes,00D7B6,2026-09-26 12:13:35.180000+00:00,2026-09-26 12:16:19.954000+00:00,True,True,1,3.0,SOFT,0.0,False,PENDING_TIME_INTERVAL_REVIEW,,Finalize after checking temporal overlap with race-control periods
1295,11377,63,38,2026-09-26T12:16:19.922000+00:00,59.141,62.459,39.969,120.0,141.0,False,161.569,"[2048, 2048, 2048, 2048, 2048, 2048, 2048, 2048]","[2048, 2048, 2048, 2048, 2048, 2048, 2048, 2048, 2048, 2048]","[2048, 2048, 2048, 2048, 2048, 2048, 2048, 2049, 2049]",186.0,George RUSSELL,RUS,Mercedes,00D7B6,2026-09-26 12:16:19.922000+00:00,2026-09-26 12:19:01.491000+00:00,True,True,1,3.0,SOFT,1.0,False,PENDING_TIME_INTERVAL_REVIEW,,Finalize after checking temporal overlap with race-control periods
1295,11377,63,39,2026-09-26T12:19:01.502000+00:00,37.835,43.243,25.254,200.0,207.0,False,106.332,"[None, 2048, 2048, 2048, 2049, 2048, 2048, 2048]","[2049, 2048, 2051, 2048, 2051, 2049, 2049, 2049, 2048, 2048]","[2048, 2048, 2049, 2049, 2048, 2049, 2048, 2048, 2048]",327.0,George RUSSELL,RUS,Mercedes,00D7B6,2026-09-26 12:19:01.502000+00:00,2026-09-26 12:20:47.834000+00:00,True,True,1,3.0,SOFT,2.0,False,PENDING_TIME_INTERVAL_REVIEW,,Finalize after checking temporal overlap with race-control periods
1295,11377,63,40,2026-09-26T12:20:47.806000+00:00,37.949,42.852,25.238,205.0,209.0,False,106.039,"[None, 2048, 2048, 2048, 2048, 2048, 2051, 2051]","[2051, 2048, 2051, 2051, 2051, 2051, 2048, 2048, 2051, 2048]","[2048, 2049, 2049, 2048, 2048, 2048, 2048, 2048, 2048]",325.0,George RUSSELL,RUS,Mercedes,00D7B6,2026-09-26 12:20:47.806000+00:00,2026-09-26 12:22:33.845000+00:00,True,True,1,3.0,SOFT,3.0,False,PENDING_TIME_INTERVAL_REVIEW,,Finalize after checking temporal overlap with race-control periods
1295,11377,63,41,2026-09-26T12:22:33.723000+00:00,37.545,42.867,25.208,206.0,211.0,False,105.62,"[None, 2048, 2051, 2048, 2048, 2049, 2051, 2051]","[2048, 2048, 2048, 2051, 2048, 2048, 2048, 2049, 2049, 2048]","[2051, 2048, 2048, 2048, 2049, 2048, 2048, 2048, 2048]",326.0,George RUSSELL,RUS,Mercedes,00D7B6,2026-09-26 12:22:33.723000+00:00,2026-09-26 12:24:19.343000+00:00,True,True,1,3.0,SOFT,4.0,False,PENDING_TIME_INTERVAL_REVIEW,,Finalize after checking temporal overlap with race-control periods
1295,11377,63,42,2026-09-26T12:24:19.432000+00:00,37.418,42.903,25.159,203.0,212.0,False,105.48,"[None, 2051, 2048, 2048, 2048, 2048, 2051, 2051]","[2048, 2049, 2051, 2051, 2051, 2048, 2048, 2048, 2051, 2048]","[2051, 2049, 2049, 2049, 2048, 2048, 2048, 2048, 2048]",325.0,George RUSSELL,RUS,Mercedes,00D7B6,2026-09-26 12:24:19.432000+00:00,2026-09-26 12:26:04.912000+00:00,True,True,1,3.0,SOFT,5.0,False,PENDING_TIME_INTERVAL_REVIEW,,Finalize after checking temporal overlap with race-control periods
1295,11377,63,43,2026-09-26T12:26:04.897000+00:00,37.408,43.067,25.246,205.0,212.0,False,105.721,"[2049, 2048, 2051, 2048, 2048, 2049, 2048, 2051]","[2051, 2048, 2048, 2048, 2048, 2048, 2048, 2049, 2048, 2048]","[2048, 2048, 2048, 2048, 2048, 2048, 2048, 2048, 2048]",324.0,George RUSSELL,RUS,Mercedes,00D7B6,2026-09-26 12:26:04.897000+00:00,2026-09-26 12:27:50.618000+00:00,True,True,1,3.0,SOFT,6.0,False,PENDING_TIME_INTERVAL_REVIEW,,Finalize after checking temporal overlap with race-control periods
1295,11377,63,44,2026-09-26T12:27:50.619000+00:00,37.13,42.863,25.171,203.0,217.0,False,105.164,"[2048, 2048, 2051, 2048, 2048, 2051, 2051, 2051]","[2048, 2048, 2048, 2048, 2048, 2048, 2048, 2048, 2048, 2048]","[2048, 2048, 2048, 2048, 2049, 2048, 2048, 2048]",325.0,George RUSSELL,RUS,Mercedes,00D7B6,2026-09-26 12:27:50.619000+00:00,2026-09-26 12:29:35.783000+00:00,True,True,1,3.0,SOFT,7.0,False,PENDING_TIME_INTERVAL_REVIEW,,Finalize after checking temporal overlap with race-control periods
1295,11377,63,45,2026-09-26T12:29:35.661000+00:00,37.244,42.646,25.165,208.0,217.0,False,105.055,"[None, 2048, 2051, 2048, 2048, 2048, 2048, 2051]","[2048, 2048, 2051, 2051, 2048, 2048, 2048, 2051, 2048, 2049]","[2051, 2048, 2048, 2049, 2048, 2048, 2048, 2048, 2048]",324.0,George RUSSELL,RUS,Mercedes,00D7B6,2026-09-26 12:29:35.661000+00:00,2026-09-26 12:31:20.716000+00:00,True,True,1,3.0,SOFT,8.0,False,PENDING_TIME_INTERVAL_REVIEW,,Finalize after checking temporal overlap with race-control periods
1295,11377,63,46,2026-09-26T12:31:20.934000+00:00,37.253,42.802,25.204,209.0,217.0,False,105.259,"[None, 2048, 2048, 2048, 2048, 2048, 2051, 2048]","[2048, 2048, 2048, 2048, 2051, 2048, 2048, 2048, 2048, 2049]","[2048, 2048, 2048, 2048, 2048, 2048, 2048, 2048, 2048]",324.0,George RUSSELL,RUS,Mercedes,00D7B6,2026-09-26 12:31:20.934000+00:00,2026-09-26 12:33:06.193000+00:00,True,True,1,3.0,SOFT,9.0,False,PENDING_TIME_INTERVAL_REVIEW,,Finalize after checking temporal overlap with race-control periods
1295,11377,63,47,2026-09-26T12:33:06.107000+00:00,37.095,42.663,25.279,,214.0,False,105.037,"[2049, 2048, 2051, 2048, 2048, 2048, 2048, 2051]","[2048, 2049, 2048, 2048, 2048, 2048, 2048, 2048, 2049, 2048]","[2048, 2049, 2048, 2048, 2048, 2048, 2048, 2048, 2048]",321.0,George RUSSELL,RUS,Mercedes,00D7B6,2026-09-26 12:33:06.107000+00:00,2026-09-26 12:34:51.144000+00:00,True,True,1,3.0,SOFT,10.0,False,PENDING_TIME_INTERVAL_REVIEW,,Finalize after checking temporal overlap with race-control periods
1295,11377,63,48,2026-09-26T12:34:51.284000+00:00,37.083,42.693,25.22,205.0,217.0,False,104.996,"[2048, 2051, 2048, 2048, 2048, 2048, 2048, 2048]","[2048, 2048, 2048, 2048, 2048, 2048, 2048, 2051, 2051, 2048]","[2049, 2048, 2048, 2048, 2048, 2048, 2048, 2048, 2048]",322.0,George RUSSELL,RUS,Mercedes,00D7B6,2026-09-26 12:34:51.284000+00:00,2026-09-26 12:36:36.280000+00:00,True,True,1,3.0,SOFT,11.0,False,PENDING_TIME_INTERVAL_REVIEW,,Finalize after checking temporal overlap with race-control periods
1295,11377,63,49,2026-09-26T12:36:36.222000+00:00,37.056,42.656,25.204,207.0,217.0,False,104.916,"[None, 2051, 2048, 2048, 2049, 2048, 2049, 2048]","[2051, 2048, 2048, 2048, 2048, 2048, 2048, 2048, 2048, 2049]","[2048, 2048, 2048, 2048, 2048, 2048, 2048, 2048, 2048]",323.0,George RUSSELL,RUS,Mercedes,00D7B6,2026-09-26 12:36:36.222000+00:00,2026-09-26 12:38:21.138000+00:00,True,True,1,3.0,SOFT,12.0,False,PENDING_TIME_INTERVAL_REVIEW,,Finalize after checking temporal overlap with race-control periods
1295,11377,63,50,2026-09-26T12:38:21.179000+00:00,37.143,42.615,25.247,208.0,215.0,False,105.005,"[None, 2048, 2048, 2048, 2048, 2048, 2051, 2051]","[2048, 2051, 2048, 2051, 2048, 2048, 2048, 2048, 2048, 2048]","[2048, 2049, 2049, 2048, 2048, 2048, 2048, 2048, 2048]",322.0,George RUSSELL,RUS,Mercedes,00D7B6,2026-09-26 12:38:21.179000+00:00,2026-09-26 12:40:06.184000+00:00,True,True,1,3.0,SOFT,13.0,False,PENDING_TIME_INTERVAL_REVIEW,,Finalize after checking temporal overlap with race-control periods
1295,11377,63,51,2026-09-26T12:40:06.236000+00:00,37.324,44.674,25.232,204.0,209.0,False,107.23,"[None, 2048, 2048, 2048, 2048, 2048, 2048, 2048]","[2048, 2048, 2048, 2048, 2048, 2048, 2048, 2048, 2048, 2048]","[2048, 2048, 2049, 2049, 2049, 2048, 2048, 2048, 2048]",317.0,George RUSSELL,RUS,Mercedes,00D7B6,2026-09-26 12:40:06.236000+00:00,2026-09-26 12:41:53.466000+00:00,True,True,1,3.0,SOFT,14.0,False,PENDING_TIME_INTERVAL_REVIEW,,Finalize after checking temporal overlap with race-control periods
1295,11377,77,1,2026-09-26T11:03:50.711000+00:00,50.967,50.331,25.883,171.0,187.0,False,127.181,"[2049, 2049, 2049, 2049, 2049, 2049, 2049, 2049]","[2049, 2049, 2049, 2049, 2049, 2049, 2049, 2049, 2049, 2049]","[2049, 2049, 2049, 2049, 2049, 2049, 2049, 2049, 2049]",329.0,Valtteri BOTTAS,BOT,Cadillac,909090,2026-09-26 11:03:50.711000+00:00,2026-09-26 11:05:57.892000+00:00,False,False,1,1.0,MEDIUM,0.0,False,PENDING_TIME_INTERVAL_REVIEW,,Finalize after checking temporal overlap with race-control periods
1295,11377,77,2,2026-09-26T11:05:57.892000+00:00,40.286,45.988,25.713,185.0,199.0,False,111.987,"[None, 2049, 2049, 2048, 2049, 2049, 2049, 2049]","[2049, 2049, 2049, 2049, 2049, 2049, 2049, 2049, 2049, 2049]","[2049, 2049, 2049, 2049, 2048, 2048, 2049, 2049, 2049]",328.0,Valtteri BOTTAS,BOT,Cadillac,909090,2026-09-26 11:05:57.892000+00:00,2026-09-26 11:07:49.879000+00:00,False,False,1,1.0,MEDIUM,1.0,False,PENDING_TIME_INTERVAL_REVIEW,,Finalize after checking temporal overlap with race-control periods
1295,11377,77,3,2026-09-26T11:07:49.874000+00:00,40.273,46.151,25.702,176.0,188.0,False,112.126,"[2048, 2049, 2048, 2049, 2049, 2048, 2048, 2048]","[2048, 2048, 2049, 2048, 2048, 2048, 2048, 2049, 2048, 2048]","[2048, 2048, 2049, 2049, 2048, 2049, 2049, 2049, 2048]",331.0,Valtteri BOTTAS,BOT,Cadillac,909090,2026-09-26 11:07:49.874000+00:00,2026-09-26 11:09:42+00:00,False,False,1,1.0,MEDIUM,2.0,False,PENDING_TIME_INTERVAL_REVIEW,,Finalize after checking temporal overlap with race-control periods
1295,11377,77,4,2026-09-26T11:09:41.897000+00:00,40.19,45.661,25.997,180.0,197.0,False,111.848,"[None, 2049, 2049, 2048, 2048, 2049, 2049, 2048]","[2049, 2049, 2049, 2049, 2049, 2049, 2049, 2048, 2049, 2048]","[2049, 2049, 2048, 2049, 2048, 2048, 2048, 2048, 2048]",319.0,Valtteri BOTTAS,BOT,Cadillac,909090,2026-09-26 11:09:41.897000+00:00,2026-09-26 11:11:33.745000+00:00,False,False,1,1.0,MEDIUM,3.0,False,PENDING_TIME_INTERVAL_REVIEW,,Finalize after checking temporal overlap with race-control periods
1295,11377,77,5,2026-09-26T11:11:33.819000+00:00,40.383,45.507,26.078,175.0,199.0,False,111.968,"[None, 2048, 2049, 2048, 2048, 2049, 2049, 2048]","[2048, 2048, 2049, 2048, 2049, 2048, 2049, 2049, 2049, 2048]","[2049, 2049, 2048, 2048, 2048, 2048, 2048, 2048, 2048]",318.0,Valtteri BOTTAS,BOT,Cadillac,909090,2026-09-26 11:11:33.819000+00:00,2026-09-26 11:13:25.787000+00:00,False,False,1,1.0,MEDIUM,4.0,False,PENDING_TIME_INTERVAL_REVIEW,,Finalize after checking temporal overlap with race-control periods
1295,11377,77,6,2026-09-26T11:13:25.847000+00:00,40.428,45.563,25.936,181.0,207.0,False,111.927,"[None, 2048, 2048, 2048, 2048, 2048, 2048, 2048]","[2049, 2048, 2048, 2048, 2048, 2048, 2049, 2048, 2048, 2048]","[2049, 2048, 2048, 2049, 2048, 2048, 2048, 2048, 2048]",320.0,Valtteri BOTTAS,BOT,Cadillac,909090,2026-09-26 11:13:25.847000+00:00,2026-09-26 11:15:17.774000+00:00,False,False,1,1.0,MEDIUM,5.0,False,PENDING_TIME_INTERVAL_REVIEW,,Finalize after checking temporal overlap with race-control periods
1295,11377,77,7,2026-09-26T11:15:17.694000+00:00,40.152,45.577,26.061,185.0,201.0,False,111.79,"[2049, 2048, 2048, 2048, 2048, 2049, 2049, 2048]","[2049, 2048, 2048, 2049, 2048, 2048, 2048, 2048, 2048, 2048]","[2048, 2048, 2048, 2048, 2049, 2048, 2048, 2048, 2048]",320.0,Valtteri BOTTAS,BOT,Cadillac,909090,2026-09-26 11:15:17.694000+00:00,2026-09-26 11:17:09.484000+00:00,False,False,1,1.0,MEDIUM,6.0,False,PENDING_TIME_INTERVAL_REVIEW,,Finalize after checking temporal overlap with race-control periods
1295,11377,77,8,2026-09-26T11:17:09.545000+00:00,40.207,45.571,26.088,,203.0,False,111.866,"[2048, 2048, 2048, 2048, 2048, 2048, 2049, 2048]","[2048, 2048, 2049, 2048, 2048, 2048, 2048, 2048, 2049, 2048]","[2048, 2048, 2048, 2048, 2049, 2048, 2048, 2048, 2048]",318.0,Valtteri BOTTAS,BOT,Cadillac,909090,2026-09-26 11:17:09.545000+00:00,2026-09-26 11:19:01.411000+00:00,False,False,1,1.0,MEDIUM,7.0,False,PENDING_TIME_INTERVAL_REVIEW,,Finalize after checking temporal overlap with race-control periods
1295,11377,77,9,2026-09-26T11:19:01.447000+00:00,40.054,46.023,26.247,,191.0,False,112.324,"[None, 2049, 2049, 2048, 2048, 2048, 2048, 2048]","[2049, 2048, 2048, 2048, 2048, 2048, 2049, 2048, 2048, 2048]","[2048, 2049, 2048, 2048, 2048, 2048, 2048, 2048, 2048]",314.0,Valtteri BOTTAS,BOT,Cadillac,909090,2026-09-26 11:19:01.447000+00:00,2026-09-26 11:20:53.771000+00:00,False,False,1,1.0,MEDIUM,8.0,False,PENDING_TIME_INTERVAL_REVIEW,,Finalize after checking temporal overlap with race-control periods
1295,11377,77,10,2026-09-26T11:20:53.795000+00:00,40.15,45.496,26.126,190.0,203.0,False,111.772,"[None, 2048, 2048, 2048, 2048, 2048, 2048, 2048]","[2049, 2048, 2049, 2048, 2048, 2048, 2048, 2049, 2048, 2048]","[2048, 2048, 2048, 2048, 2048, 2048, 2048, 2048, 2048]",317.0,Valtteri BOTTAS,BOT,Cadillac,909090,2026-09-26 11:20:53.795000+00:00,2026-09-26 11:22:45.567000+00:00,False,False,1,1.0,MEDIUM,9.0,False,PENDING_TIME_INTERVAL_REVIEW,,Finalize after checking temporal overlap with race-control periods
1295,11377,77,11,2026-09-26T11:22:45.441000+00:00,40.998,45.612,26.237,184.0,202.0,False,112.847,"[None, 2048, 2048, 2048, 2048, 2048, 2048, 2048]","[2048, 2048, 2048, 2048, 2048, 2048, 2049, 2048, 2048, 2048]","[2048, 2048, 2048, 2048, 2048, 2048, 2048, 2048, 2048]",314.0,Valtteri BOTTAS,BOT,Cadillac,909090,2026-09-26 11:22:45.441000+00:00,2026-09-26 11:24:38.288000+00:00,False,False,1,1.0,MEDIUM,10.0,False,PENDING_TIME_INTERVAL_REVIEW,,Finalize after checking temporal overlap with race-control periods
1295,11377,77,12,2026-09-26T11:24:38.371000+00:00,40.233,45.757,26.149,188.0,211.0,False,112.139,"[None, 2048, 2048, 2048, 2048, 2048, 2048, 2048]","[2048, 2048, 2048, 2048, 2048, 2048, 2048, 2049, 2048, 2049]","[2048, 2049, 2048, 2048, 2048, 2048, 2048, 2048, 2048]",315.0,Valtteri BOTTAS,BOT,Cadillac,909090,2026-09-26 11:24:38.371000+00:00,2026-09-26 11:26:30.510000+00:00,False,False,1,1.0,MEDIUM,11.0,False,PENDING_TIME_INTERVAL_REVIEW,,Finalize after checking temporal overlap with race-control periods
1295,11377,77,13,2026-09-26T11:26:30.566000+00:00,40.489,45.839,25.712,187.0,205.0,False,112.04,"[None, 2049, 2048, 2048, 2048, 2048, 2048, 2048]","[2048, 2049, 2048, 2048, 2048, 2048, 2048, 2048, 2048, 2049]","[2048, 2048, 2048, 2049, 2049, 2048, 2048, 2048, 2048]",326.0,Valtteri BOTTAS,BOT,Cadillac,909090,2026-09-26 11:26:30.566000+00:00,2026-09-26 11:28:22.606000+00:00,False,False,1,1.0,MEDIUM,12.0,False,PENDING_TIME_INTERVAL_REVIEW,,Finalize after checking temporal overlap with race-control periods
1295,11377,77,14,2026-09-26T11:28:22.466000+00:00,39.945,45.577,26.088,183.0,199.0,False,111.61,"[2049, 2048, 2049, 2048, 2048, 2048, 2048, 2048]","[2048, 2048, 2048, 2048, 2048, 2049, 2049, 2049, 2049, 2048]","[2048, 2048, 2048, 2048, 2048, 2048, 2048, 2048, 2048]",319.0,Valtteri BOTTAS,BOT,Cadillac,909090,2026-09-26 11:28:22.466000+00:00,2026-09-26 11:30:14.076000+00:00,False,False,1,1.0,MEDIUM,13.0,False,PENDING_TIME_INTERVAL_REVIEW,,Finalize after checking temporal overlap with race-control periods
1295,11377,77,15,2026-09-26T11:30:14.083000+00:00,39.875,45.445,26.133,191.0,209.0,False,111.453,"[2048, 2048, 2048, 2048, 2048, 2049, 2049, 2049]","[2049, 2048, 2049, 2048, 2048, 2048, 2048, 2048, 2048, 2048]","[2049, 2048, 2048, 2048, 2048, 2048, 2048, 2048, 2048]",317.0,Valtteri BOTTAS,BOT,Cadillac,909090,2026-09-26 11:30:14.083000+00:00,2026-09-26 11:32:05.536000+00:00,False,False,1,1.0,MEDIUM,14.0,False,PENDING_TIME_INTERVAL_REVIEW,,Finalize after checking temporal overlap with race-control periods
1295,11377,77,16,2026-09-26T11:32:05.601000+00:00,40.181,45.661,26.231,189.0,203.0,False,112.073,"[None, 2048, 2048, 2048, 2048, 2048, 2048, 2048]","[2048, 2048, 2048, 2048, 2048, 2048, 2048, 2048, 2048, 2048]","[2048, 2048, 2048, 2048, 2048, 2048, 2048, 2048, 2048]",317.0,Valtteri BOTTAS,BOT,Cadillac,909090,2026-09-26 11:32:05.601000+00:00,2026-09-26 11:33:57.674000+00:00,False,False,1,1.0,MEDIUM,15.0,False,PENDING_TIME_INTERVAL_REVIEW,,Finalize after checking temporal overlap with race-control periods
1295,11377,77,17,2026-09-26T11:33:57.625000+00:00,40.375,45.846,25.771,182.0,189.0,False,111.992,"[None, 2049, 2048, 2048, 2048, 2048, 2048, 2048]","[2048, 2049, 2048, 2048, 2048, 2048, 2048, 2048, 2048, 2048]","[2048, 2048, 2048, 2048, 2048, 2048, 2048, 2048, 2048]",327.0,Valtteri BOTTAS,BOT,Cadillac,909090,2026-09-26 11:33:57.625000+00:00,2026-09-26 11:35:49.617000+00:00,False,False,1,1.0,MEDIUM,16.0,False,PENDING_TIME_INTERVAL_REVIEW,,Finalize after checking temporal overlap with race-control periods
1295,11377,77,18,2026-09-26T11:35:49.775000+00:00,39.93,45.417,26.228,189.0,204.0,False,111.575,"[None, 2048, 2048, 2048, 2048, 2048, 2048, 2048]","[2048, 2048, 2048, 2048, 2048, 2048, 2048, 2048, 2049, 2048]","[2048, 2048, 2048, 2048, 2048, 2048, 2048, 2048, 2048]",316.0,Valtteri BOTTAS,BOT,Cadillac,909090,2026-09-26 11:35:49.775000+00:00,2026-09-26 11:37:41.350000+00:00,False,False,1,1.0,MEDIUM,17.0,False,PENDING_TIME_INTERVAL_REVIEW,,Finalize after checking temporal overlap with race-control periods
1295,11377,77,19,2026-09-26T11:37:41.310000+00:00,40.74,45.838,25.811,187.0,201.0,False,112.389,"[None, 2048, 2048, 2048, 2048, 2048, 2048, 2048]","[2048, 2048, 2048, 2048, 2048, 2048, 2048, 2048, 2048, 2048]","[2048, 2048, 2048, 2048, 2049, 2049, 2048, 2048, 2048]",330.0,Valtteri BOTTAS,BOT,Cadillac,909090,2026-09-26 11:37:41.310000+00:00,2026-09-26 11:39:33.699000+00:00,False,False,1,1.0,MEDIUM,18.0,False,PENDING_TIME_INTERVAL_REVIEW,,Finalize after checking temporal overlap with race-control periods
1295,11377,77,20,2026-09-26T11:39:33.590000+00:00,40.856,45.945,26.109,183.0,184.0,False,112.91,"[None, 2048, 2048, 2048, 2048, 2048, 2048, 2048]","[2048, 2048, 2048, 2048, 2048, 2048, 2048, 2048, 2048, 2048]","[2048, 2048, 2048, 2048, 2048, 2049, 2048, 2048, 2048]",329.0,Valtteri BOTTAS,BOT,Cadillac,909090,2026-09-26 11:39:33.590000+00:00,2026-09-26 11:41:26.500000+00:00,False,False,1,1.0,MEDIUM,19.0,False,PENDING_TIME_INTERVAL_REVIEW,,Finalize after checking temporal overlap with race-control periods
1295,11377,77,21,2026-09-26T11:41:26.591000+00:00,39.578,45.441,26.174,187.0,204.0,False,111.193,"[None, 2048, 2048, 2048, 2049, 2049, 2049, 2048]","[2048, 2048, 2049, 2048, 2048, 2048, 2048, 2048, 2048, 2048]","[2048, 2048, 2048, 2048, 2048, 2048, 2048, 2048, 2048]",318.0,Valtteri BOTTAS,BOT,Cadillac,909090,2026-09-26 11:41:26.591000+00:00,2026-09-26 11:43:17.784000+00:00,False,False,1,1.0,MEDIUM,20.0,False,PENDING_TIME_INTERVAL_REVIEW,,Finalize after checking temporal overlap with race-control periods
1295,11377,77,22,2026-09-26T11:43:17.779000+00:00,40.109,45.367,26.215,194.0,210.0,False,111.691,"[None, 2048, 2048, 2048, 2048, 2048, 2048, 2048]","[2048, 2048, 2049, 2048, 2049, 2048, 2048, 2048, 2049, 2048]","[2048, 2048, 2048, 2048, 2048, 2048, 2048, 2048, 2048]",318.0,Valtteri BOTTAS,BOT,Cadillac,909090,2026-09-26 11:43:17.779000+00:00,2026-09-26 11:45:09.470000+00:00,False,False,1,1.0,MEDIUM,21.0,False,PENDING_TIME_INTERVAL_REVIEW,,Finalize after checking temporal overlap with race-control periods
1295,11377,77,23,2026-09-26T11:45:09.385000+00:00,40.083,45.358,26.234,184.0,203.0,False,111.675,"[None, 2048, 2048, 2048, 2048, 2048, 2048, 2048]","[2048, 2048, 2048, 2048, 2048, 2048, 2048, 2049, 2048, 2048]","[2048, 2048, 2048, 2048, 2048, 2048, 2048, 2048, 2048]",319.0,Valtteri BOTTAS,BOT,Cadillac,909090,2026-09-26 11:45:09.385000+00:00,2026-09-26 11:47:01.060000+00:00,False,False,1,1.0,MEDIUM,22.0,False,PENDING_TIME_INTERVAL_REVIEW,,Finalize after checking temporal overlap with race-control periods
1295,11377,77,24,2026-09-26T11:47:01.162000+00:00,41.151,46.025,25.966,156.0,202.0,False,113.142,"[None, 2048, 2048, 2048, 2048, 2048, 2048, 2048]","[2048, 2048, 2048, 2048, 2048, 2048, 2048, 2048, 2048, 2048]","[2048, 2048, 2048, 2048, 2048, 2048, 2048, 2048, 2048]",320.0,Valtteri BOTTAS,BOT,Cadillac,909090,2026-09-26 11:47:01.162000+00:00,2026-09-26 11:48:54.304000+00:00,False,False,1,1.0,MEDIUM,23.0,False,PENDING_TIME_INTERVAL_REVIEW,,Finalize after checking temporal overlap with race-control periods
1295,11377,77,25,2026-09-26T11:48:54.429000+00:00,39.635,45.507,26.133,186.0,206.0,False,111.275,"[2049, 2048, 2049, 2048, 2048, 2048, 2048, 2048]","[2048, 2048, 2048, 2048, 2048, 2048, 2048, 2048, 2048, 2049]","[2048, 2048, 2048, 2048, 2048, 2048, 2048, 2048, 2048]",318.0,Valtteri BOTTAS,BOT,Cadillac,909090,2026-09-26 11:48:54.429000+00:00,2026-09-26 11:50:45.704000+00:00,False,False,1,1.0,MEDIUM,24.0,False,PENDING_TIME_INTERVAL_REVIEW,,Finalize after checking temporal overlap with race-control periods
1295,11377,77,26,2026-09-26T11:50:45.514000+00:00,42.653,46.598,29.76,100.0,205.0,False,119.011,"[2048, 2048, 2048, 2048, 2048, 2048, 2048, 2048]","[2048, 2048, 2048, 2048, 2048, 2048, 2048, 2048, 2048, 2048]","[2048, 2048, 2048, 2048, 2048, 2048, 2048, 2064, 2064]",323.0,Valtteri BOTTAS,BOT,Cadillac,909090,2026-09-26 11:50:45.514000+00:00,2026-09-26 11:52:44.525000+00:00,False,False,1,1.0,MEDIUM,25.0,True,PENDING_TIME_INTERVAL_REVIEW,,Finalize after checking temporal overlap with race-control periods
1295,11377,77,27,2026-09-26T11:52:44.493000+00:00,59.287,48.002,26.286,192.0,203.0,True,133.575,"[2064, 2064, 2048, 2048, 2048, 2048, 2048, 2049]","[2048, 2048, 2048, 2048, 2048, 2048, 2048, 2048, 2048, 2048]","[2048, 2048, 2048, 2048, 2048, 2048, 2048, 2048, 2048]",322.0,Valtteri BOTTAS,BOT,Cadillac,909090,2026-09-26 11:52:44.493000+00:00,2026-09-26 11:54:58.068000+00:00,False,False,1,2.0,SOFT,0.0,False,PENDING_TIME_INTERVAL_REVIEW,,Finalize after checking temporal overlap with race-control periods
1295,11377,77,28,2026-09-26T11:54:58.097000+00:00,39.563,46.928,25.722,189.0,199.0,False,112.213,"[2049, 2048, 2048, 2048, 2048, 2049, 2048, 2049]","[2048, 2049, 2048, 2048, 2048, 2048, 2048, 2048, 2048, 2048]","[2048, 2049, 2049, 2049, 2048, 2048, 2048, 2048, 2048]",325.0,Valtteri BOTTAS,BOT,Cadillac,909090,2026-09-26 11:54:58.097000+00:00,2026-09-26 11:56:50.310000+00:00,False,False,1,2.0,SOFT,1.0,False,PENDING_TIME_INTERVAL_REVIEW,,Finalize after checking temporal overlap with race-control periods
1295,11377,77,29,2026-09-26T11:56:50.303000+00:00,41.434,53.11,36.809,179.0,147.0,False,131.353,"[2048, 2048, 2048, 2048, 2048, 2048, 2048, 2048]","[2048, 2049, 2048, 2048, 2048, 2048, 2048, 2048, 2048, 2048]","[2048, 2048, 2048, 2048, 2048, 2048, 2048, 2048, 2048]",207.0,Valtteri BOTTAS,BOT,Cadillac,909090,2026-09-26 11:56:50.303000+00:00,2026-09-26 11:59:01.656000+00:00,False,False,1,2.0,SOFT,2.0,False,PENDING_TIME_INTERVAL_REVIEW,,Finalize after checking temporal overlap with race-control periods
1295,11377,77,30,2026-09-26T11:59:01.677000+00:00,56.613,57.657,38.485,91.0,161.0,False,152.755,"[None, 2048, 2048, 2048, 2048, 2048, 2048, 2048]","[2048, 2048, 2048, 2048, 2048, 2048, 2048, 2048, 2048, 2048]","[2048, 2048, 2048, 2048, 2048, 2048, 2048, 2048]",201.0,Valtteri BOTTAS,BOT,Cadillac,909090,2026-09-26 11:59:01.677000+00:00,2026-09-26 12:01:34.432000+00:00,False,False,1,2.0,SOFT,3.0,False,PENDING_TIME_INTERVAL_REVIEW,,Finalize after checking temporal overlap with race-control periods
1295,11377,77,31,2026-09-26T12:01:34.307000+00:00,46.167,56.499,29.453,114.0,165.0,False,132.119,"[None, 2048, 2048, 2048, 2048, 2048, 2048, 2048]","[2048, 2048, 2048, 2048, 2048, 2048, 2048, 2048, 2048, 2048]","[2048, 2048, 2048, 2048, 2048, 2048, 2048, 2048, 2048]",275.0,Valtteri BOTTAS,BOT,Cadillac,909090,2026-09-26 12:01:34.307000+00:00,2026-09-26 12:03:46.426000+00:00,False,False,1,2.0,SOFT,4.0,False,PENDING_TIME_INTERVAL_REVIEW,,Finalize after checking temporal overlap with race-control periods
1295,11377,77,32,2026-09-26T12:03:46.565000+00:00,44.209,65.851,37.944,109.0,137.0,False,148.004,"[None, 2048, 2048, 2048, 2048, 2048, 2048, 2048]","[2048, 2048, 2048, 2048, 2048, 2048, 2048, 2048, 2048, 2048]","[2048, 2048, 2048, 2048, 2048, 2048, 2048, 2048, 2048]",202.0,Valtteri BOTTAS,BOT,Cadillac,909090,2026-09-26 12:03:46.565000+00:00,2026-09-26 12:06:14.569000+00:00,False,False,1,2.0,SOFT,5.0,False,PENDING_TIME_INTERVAL_REVIEW,,Finalize after checking temporal overlap with race-control periods
1295,11377,77,33,2026-09-26T12:06:14.527000+00:00,46.801,46.559,26.477,160.0,196.0,False,119.837,"[None, 2048, 2048, 2048, 2048, 2048, 2048, 2048]","[2048, 2049, 2048, 2048, 2048, 2048, 2048, 2048, 2048, 2048]","[2048, 2048, 2048, 2048, 2048, 2048, 2048, 2048, 2048]",314.0,Valtteri BOTTAS,BOT,Cadillac,909090,2026-09-26 12:06:14.527000+00:00,2026-09-26 12:08:14.364000+00:00,False,False,1,2.0,SOFT,6.0,False,PENDING_TIME_INTERVAL_REVIEW,,Finalize after checking temporal overlap with race-control periods
1295,11377,77,34,2026-09-26T12:08:14.397000+00:00,40.477,45.707,26.22,185.0,213.0,False,112.404,"[None, 2048, 2048, 2048, 2048, 2048, 2048, 2048]","[2048, 2048, 2048, 2048, 2049, 2048, 2048, 2048, 2048, 2049]","[2048, 2048, 2048, 2048, 2048, 2048, 2048, 2048, 2048]",317.0,Valtteri BOTTAS,BOT,Cadillac,909090,2026-09-26 12:08:14.397000+00:00,2026-09-26 12:10:06.801000+00:00,False,False,1,2.0,SOFT,7.0,False,PENDING_TIME_INTERVAL_REVIEW,,Finalize after checking temporal overlap with race-control periods
1295,11377,77,35,2026-09-26T12:10:06.783000+00:00,40.012,45.427,26.162,186.0,201.0,False,111.601,"[None, 2048, 2048, 2048, 2048, 2048, 2048, 2048]","[2048, 2048, 2048, 2048, 2048, 2048, 2048, 2048, 2048, 2048]","[2049, 2048, 2048, 2048, 2048, 2048, 2048, 2048, 2048]",316.0,Valtteri BOTTAS,BOT,Cadillac,909090,2026-09-26 12:10:06.783000+00:00,2026-09-26 12:11:58.384000+00:00,False,False,1,2.0,SOFT,8.0,False,PENDING_TIME_INTERVAL_REVIEW,,Finalize after checking temporal overlap with race-control periods
1295,11377,77,36,2026-09-26T12:11:58.442000+00:00,54.737,60.428,42.331,109.0,101.0,False,157.496,"[None, 2048, 2048, 2048, 2048, 2048, 2048, 2048]","[2048, 2048, 2048, 2048, 2048, 2048, 2048, 2048, 2048, 2048]","[2048, 2048, 2048, 2048, 2048, 2048, 2048, 2064, 2064]",203.0,Valtteri BOTTAS,BOT,Cadillac,909090,2026-09-26 12:11:58.442000+00:00,2026-09-26 12:14:35.938000+00:00,False,False,1,2.0,SOFT,9.0,True,PENDING_TIME_INTERVAL_REVIEW,,Finalize after checking temporal overlap with race-control periods
1295,11377,77,37,2026-09-26T12:14:35.801000+00:00,61.277,60.074,39.384,99.0,167.0,True,160.735,"[2064, 2064, 2048, 2048, 2048, 2048, 2048, 2048]","[2048, 2048, 2048, 2048, 2048, 2048, 2048, 2048, 2048, 2048]","[2048, 2048, 2048, 2048, 2048, 2048, 2048, 2048, 2048]",215.0,Valtteri BOTTAS,BOT,Cadillac,909090,2026-09-26 12:14:35.801000+00:00,2026-09-26 12:17:16.536000+00:00,False,False,1,3.0,SOFT,10.0,False,PENDING_TIME_INTERVAL_REVIEW,,Finalize after checking temporal overlap with race-control periods
1295,11377,77,38,2026-09-26T12:17:16.604000+00:00,42.005,46.093,27.204,182.0,195.0,False,115.302,"[2048, 2048, 2048, 2049, 2049, 2048, 2048, 2048]","[2048, 2048, 2048, 2048, 2048, 2049, 2048, 2048, 2048, 2048]","[2048, 2048, 2048, 2048, 2048, 2048, 2048, 2048, 2048]",289.0,Valtteri BOTTAS,BOT,Cadillac,909090,2026-09-26 12:17:16.604000+00:00,2026-09-26 12:19:11.906000+00:00,False,False,1,3.0,SOFT,11.0,False,PENDING_TIME_INTERVAL_REVIEW,,Finalize after checking temporal overlap with race-control periods
1295,11377,77,39,2026-09-26T12:19:11.959000+00:00,40.433,45.069,25.752,192.0,210.0,False,111.254,"[None, 2048, 2048, 2048, 2048, 2048, 2048, 2048]","[2048, 2048, 2048, 2048, 2049, 2048, 2048, 2048, 2048, 2048]","[2048, 2049, 2049, 2049, 2048, 2048, 2048, 2048, 2048]",324.0,Valtteri BOTTAS,BOT,Cadillac,909090,2026-09-26 12:19:11.959000+00:00,2026-09-26 12:21:03.213000+00:00,False,False,1,3.0,SOFT,12.0,False,PENDING_TIME_INTERVAL_REVIEW,,Finalize after checking temporal overlap with race-control periods
1295,11377,77,40,2026-09-26T12:21:03.183000+00:00,40.998,44.795,25.69,191.0,206.0,False,111.483,"[None, 2048, 2048, 2048, 2048, 2048, 2048, 2049]","[2048, 2048, 2048, 2048, 2049, 2048, 2048, 2049, 2048, 2049]","[2049, 2048, 2049, 2049, 2048, 2048, 2048, 2048, 2048]",324.0,Valtteri BOTTAS,BOT,Cadillac,909090,2026-09-26 12:21:03.183000+00:00,2026-09-26 12:22:54.666000+00:00,False,False,1,3.0,SOFT,13.0,False,PENDING_TIME_INTERVAL_REVIEW,,Finalize after checking temporal overlap with race-control periods
1295,11377,77,41,2026-09-26T12:22:54.682000+00:00,39.364,44.551,25.703,187.0,211.0,False,109.618,"[None, 2049, 2048, 2048, 2048, 2048, 2048, 2048]","[2049, 2048, 2049, 2049, 2048, 2048, 2048, 2049, 2049, 2049]","[2049, 2049, 2049, 2048, 2048, 2048, 2048, 2048, 2048]",321.0,Valtteri BOTTAS,BOT,Cadillac,909090,2026-09-26 12:22:54.682000+00:00,2026-09-26 12:24:44.300000+00:00,False,False,1,3.0,SOFT,14.0,False,PENDING_TIME_INTERVAL_REVIEW,,Finalize after checking temporal overlap with race-control periods
1295,11377,77,42,2026-09-26T12:24:44.321000+00:00,39.394,44.809,25.722,196.0,207.0,False,109.925,"[None, 2049, 2048, 2048, 2048, 2048, 2048, 2049]","[2049, 2048, 2048, 2048, 2048, 2048, 2048, 2048, 2048, 2048]","[2049, 2049, 2049, 2048, 2048, 2048, 2048, 2048, 2048]",319.0,Valtteri BOTTAS,BOT,Cadillac,909090,2026-09-26 12:24:44.321000+00:00,2026-09-26 12:26:34.246000+00:00,False,False,1,3.0,SOFT,15.0,False,PENDING_TIME_INTERVAL_REVIEW,,Finalize after checking temporal overlap with race-control periods
1295,11377,77,43,2026-09-26T12:26:34.149000+00:00,39.306,44.95,25.713,194.0,208.0,False,109.969,"[None, 2049, 2048, 2048, 2048, 2048, 2049, 2048]","[2049, 2048, 2048, 2048, 2048, 2048, 2048, 2048, 2048, 2048]","[2049, 2049, 2049, 2049, 2048, 2048, 2048, 2048, 2048]",320.0,Valtteri BOTTAS,BOT,Cadillac,909090,2026-09-26 12:26:34.149000+00:00,2026-09-26 12:28:24.118000+00:00,False,False,1,3.0,SOFT,16.0,False,PENDING_TIME_INTERVAL_REVIEW,,Finalize after checking temporal overlap with race-control periods
1295,11377,77,44,2026-09-26T12:28:24.121000+00:00,39.273,44.863,25.77,190.0,204.0,False,109.906,"[None, 2049, 2048, 2048, 2048, 2048, 2049, 2048]","[2048, 2048, 2048, 2048, 2048, 2048, 2048, 2048, 2048, 2048]","[2048, 2048, 2048, 2048, 2048, 2048, 2048, 2048, 2048]",322.0,Valtteri BOTTAS,BOT,Cadillac,909090,2026-09-26 12:28:24.121000+00:00,2026-09-26 12:30:14.027000+00:00,False,False,1,3.0,SOFT,17.0,False,PENDING_TIME_INTERVAL_REVIEW,,Finalize after checking temporal overlap with race-control periods
1295,11377,77,45,2026-09-26T12:30:14.063000+00:00,39.192,44.612,25.84,193.0,205.0,False,109.644,"[None, 2049, 2048, 2048, 2048, 2048, 2048, 2048]","[2049, 2048, 2048, 2048, 2048, 2048, 2048, 2048, 2048, 2048]","[2048, 2048, 2048, 2048, 2048, 2048, 2048, 2048, 2048]",318.0,Valtteri BOTTAS,BOT,Cadillac,909090,2026-09-26 12:30:14.063000+00:00,2026-09-26 12:32:03.707000+00:00,False,False,1,3.0,SOFT,18.0,False,PENDING_TIME_INTERVAL_REVIEW,,Finalize after checking temporal overlap with race-control periods
1295,11377,77,46,2026-09-26T12:32:03.691000+00:00,39.194,44.68,25.773,192.0,207.0,False,109.647,"[None, 2049, 2048, 2048, 2048, 2048, 2048, 2048]","[2048, 2048, 2048, 2048, 2048, 2048, 2048, 2048, 2049, 2048]","[2048, 2049, 2048, 2048, 2048, 2048, 2048, 2048, 2048]",320.0,Valtteri BOTTAS,BOT,Cadillac,909090,2026-09-26 12:32:03.691000+00:00,2026-09-26 12:33:53.338000+00:00,False,False,1,3.0,SOFT,19.0,False,PENDING_TIME_INTERVAL_REVIEW,,Finalize after checking temporal overlap with race-control periods
1295,11377,77,47,2026-09-26T12:33:53.566000+00:00,39.041,44.654,25.803,,217.0,False,109.498,"[2049, 2048, 2049, 2048, 2048, 2049, 2049, 2048]","[2048, 2048, 2048, 2049, 2048, 2048, 2048, 2048, 2048, 2049]","[2048, 2048, 2048, 2048, 2048, 2048, 2048, 2048, 2048]",320.0,Valtteri BOTTAS,BOT,Cadillac,909090,2026-09-26 12:33:53.566000+00:00,2026-09-26 12:35:43.064000+00:00,False,False,1,3.0,SOFT,20.0,False,PENDING_TIME_INTERVAL_REVIEW,,Finalize after checking temporal overlap with race-control periods
1295,11377,77,48,2026-09-26T12:35:42.870000+00:00,39.003,44.501,25.754,197.0,207.0,False,109.258,"[2048, 2048, 2049, 2048, 2048, 2048, 2049, 2049]","[2049, 2048, 2049, 2048, 2049, 2048, 2048, 2049, 2049, 2048]","[2048, 2048, 2048, 2048, 2048, 2048, 2048, 2048, 2048]",320.0,Valtteri BOTTAS,BOT,Cadillac,909090,2026-09-26 12:35:42.870000+00:00,2026-09-26 12:37:32.128000+00:00,False,False,1,3.0,SOFT,21.0,False,PENDING_TIME_INTERVAL_REVIEW,,Finalize after checking temporal overlap with race-control periods
1295,11377,77,49,2026-09-26T12:37:32.154000+00:00,38.79,44.348,25.714,198.0,206.0,False,108.852,"[2049, 2048, 2049, 2048, 2048, 2049, 2049, 2049]","[2049, 2048, 2048, 2049, 2049, 2048, 2048, 2048, 2048, 2048]","[2049, 2048, 2048, 2048, 2048, 2048, 2048, 2048, 2048]",320.0,Valtteri BOTTAS,BOT,Cadillac,909090,2026-09-26 12:37:32.154000+00:00,2026-09-26 12:39:21.006000+00:00,False,False,1,3.0,SOFT,22.0,False,PENDING_TIME_INTERVAL_REVIEW,,Finalize after checking temporal overlap with race-control periods
1295,11377,77,50,2026-09-26T12:39:20.981000+00:00,48.562,,,186.0,,False,,"[None, 2048, 2048, 2048, 2048, 2048, 2048, 2048]",[2048],,,Valtteri BOTTAS,BOT,Cadillac,909090,2026-09-26 12:39:20.981000+00:00,,False,False,0,,,,False,PENDING_TIME_INTERVAL_REVIEW,,Finalize after checking temporal overlap with race-control periods
1295,11377,81,1,2026-09-26T11:03:50.711000+00:00,43.256,44.719,25.653,173.0,189.0,False,113.628,"[None, 2049, 2049, 2049, 2049, 2049, 2049, 2049]","[2051, 2051, 2049, 2049, 2051, 2049, 2049, 2049, 2049, 2049]","[2049, 2051, 2049, 2049, 2049, 2049, 2049, 2049, 2051]",318.0,Oscar PIASTRI,PIA,McLaren,F47600,2026-09-26 11:03:50.711000+00:00,2026-09-26 11:05:44.339000+00:00,False,False,1,1.0,SOFT,0.0,False,PENDING_TIME_INTERVAL_REVIEW,,Finalize after checking temporal overlap with race-control periods
1295,11377,81,2,2026-09-26T11:05:44.339000+00:00,39.531,44.561,25.715,181.0,200.0,False,109.807,"[2049, 2049, 2049, 2048, 2048, 2051, 2049, 2049]","[2051, 2048, 2051, 2049, 2048, 2048, 2049, 2048, 2048, 2049]","[2049, 2048, 2048, 2048, 2048, 2048, 2048, 2048, 2048]",317.0,Oscar PIASTRI,PIA,McLaren,F47600,2026-09-26 11:05:44.339000+00:00,2026-09-26 11:07:34.146000+00:00,False,False,1,1.0,SOFT,1.0,False,PENDING_TIME_INTERVAL_REVIEW,,Finalize after checking temporal overlap with race-control periods
1295,11377,81,3,2026-09-26T11:07:34.154000+00:00,39.166,44.529,25.807,178.0,197.0,False,109.502,"[None, 2049, 2049, 2048, 2048, 2048, 2049, 2049]","[2048, 2048, 2048, 2049, 2049, 2048, 2048, 2049, 2049, 2048]","[2048, 2048, 2048, 2048, 2048, 2048, 2048, 2048, 2048]",316.0,Oscar PIASTRI,PIA,McLaren,F47600,2026-09-26 11:07:34.154000+00:00,2026-09-26 11:09:23.656000+00:00,False,False,1,1.0,SOFT,2.0,False,PENDING_TIME_INTERVAL_REVIEW,,Finalize after checking temporal overlap with race-control periods
1295,11377,81,4,2026-09-26T11:09:23.629000+00:00,38.834,44.425,25.78,182.0,202.0,False,109.039,"[2048, 2049, 2049, 2048, 2048, 2051, 2049, 2048]","[2049, 2048, 2048, 2048, 2049, 2051, 2049, 2048, 2048, 2049]","[2049, 2048, 2048, 2049, 2048, 2048, 2048, 2048, 2048]",314.0,Oscar PIASTRI,PIA,McLaren,F47600,2026-09-26 11:09:23.629000+00:00,2026-09-26 11:11:12.668000+00:00,False,False,1,1.0,SOFT,3.0,False,PENDING_TIME_INTERVAL_REVIEW,,Finalize after checking temporal overlap with race-control periods
1295,11377,81,5,2026-09-26T11:11:12.646000+00:00,38.756,44.169,25.791,188.0,202.0,False,108.716,"[2049, 2049, 2051, 2048, 2048, 2051, 2048, 2048]","[2049, 2048, 2048, 2051, 2049, 2048, 2049, 2048, 2049, 2049]","[2051, 2051, 2048, 2048, 2048, 2048, 2048, 2048, 2048]",312.0,Oscar PIASTRI,PIA,McLaren,F47600,2026-09-26 11:11:12.646000+00:00,2026-09-26 11:13:01.362000+00:00,False,False,1,1.0,SOFT,4.0,False,PENDING_TIME_INTERVAL_REVIEW,,Finalize after checking temporal overlap with race-control periods
1295,11377,81,6,2026-09-26T11:13:01.445000+00:00,38.491,43.889,25.619,187.0,203.0,False,107.999,"[None, 2049, 2051, 2048, 2048, 2051, 2049, 2048]","[2051, 2048, 2049, 2048, 2049, 2049, 2049, 2049, 2049, 2048]","[2049, 2051, 2049, 2049, 2048, 2048, 2048, 2048, 2048]",315.0,Oscar PIASTRI,PIA,McLaren,F47600,2026-09-26 11:13:01.445000+00:00,2026-09-26 11:14:49.444000+00:00,False,False,1,1.0,SOFT,5.0,False,PENDING_TIME_INTERVAL_REVIEW,,Finalize after checking temporal overlap with race-control periods
1295,11377,81,7,2026-09-26T11:14:49.425000+00:00,38.511,43.862,25.819,190.0,201.0,False,108.192,"[2048, 2049, 2048, 2048, 2048, 2051, 2048, 2049]","[2051, 2048, 2049, 2051, 2048, 2048, 2048, 2048, 2048, 2049]","[2048, 2048, 2048, 2048, 2048, 2048, 2048, 2048, 2048]",315.0,Oscar PIASTRI,PIA,McLaren,F47600,2026-09-26 11:14:49.425000+00:00,2026-09-26 11:16:37.617000+00:00,False,False,1,1.0,SOFT,6.0,False,PENDING_TIME_INTERVAL_REVIEW,,Finalize after checking temporal overlap with race-control periods
1295,11377,81,8,2026-09-26T11:16:37.604000+00:00,38.489,43.95,25.872,194.0,202.0,False,108.311,"[2049, 2048, 2048, 2048, 2048, 2048, 2048, 2049]","[2048, 2048, 2051, 2048, 2048, 2048, 2048, 2048, 2048, 2048]","[2048, 2048, 2048, 2048, 2048, 2048, 2048, 2048, 2048]",313.0,Oscar PIASTRI,PIA,McLaren,F47600,2026-09-26 11:16:37.604000+00:00,2026-09-26 11:18:25.915000+00:00,False,False,1,1.0,SOFT,7.0,False,PENDING_TIME_INTERVAL_REVIEW,,Finalize after checking temporal overlap with race-control periods
1295,11377,81,9,2026-09-26T11:18:25.857000+00:00,38.611,44.248,25.773,196.0,194.0,False,108.632,"[2048, 2048, 2048, 2048, 2048, 2048, 2049, 2048]","[2048, 2048, 2048, 2048, 2048, 2048, 2048, 2048, 2048, 2048]","[2048, 2048, 2048, 2048, 2048, 2048, 2048, 2048, 2048]",314.0,Oscar PIASTRI,PIA,McLaren,F47600,2026-09-26 11:18:25.857000+00:00,2026-09-26 11:20:14.489000+00:00,False,False,1,1.0,SOFT,8.0,False,PENDING_TIME_INTERVAL_REVIEW,,Finalize after checking temporal overlap with race-control periods
1295,11377,81,10,2026-09-26T11:20:14.525000+00:00,38.469,44.046,25.712,198.0,204.0,False,108.227,"[2049, 2048, 2048, 2048, 2048, 2048, 2048, 2051]","[2048, 2048, 2048, 2048, 2048, 2048, 2049, 2048, 2048, 2048]","[2048, 2051, 2049, 2048, 2048, 2048, 2048, 2048]",312.0,Oscar PIASTRI,PIA,McLaren,F47600,2026-09-26 11:20:14.525000+00:00,2026-09-26 11:22:02.752000+00:00,False,False,1,1.0,SOFT,9.0,False,PENDING_TIME_INTERVAL_REVIEW,,Finalize after checking temporal overlap with race-control periods
1295,11377,81,11,2026-09-26T11:22:02.686000+00:00,38.687,44.072,25.794,189.0,200.0,False,108.553,"[2048, 2048, 2048, 2048, 2048, 2048, 2048, 2048]","[2048, 2048, 2048, 2048, 2048, 2048, 2048, 2048, 2048, 2048]","[2048, 2048, 2048, 2048, 2048, 2048, 2048, 2048, 2048]",312.0,Oscar PIASTRI,PIA,McLaren,F47600,2026-09-26 11:22:02.686000+00:00,2026-09-26 11:23:51.239000+00:00,False,False,1,1.0,SOFT,10.0,False,PENDING_TIME_INTERVAL_REVIEW,,Finalize after checking temporal overlap with race-control periods
1295,11377,81,12,2026-09-26T11:23:51.322000+00:00,38.312,44.011,25.746,191.0,202.0,False,108.069,"[None, 2048, 2048, 2048, 2048, 2051, 2051, 2048]","[2048, 2048, 2048, 2048, 2048, 2048, 2048, 2048, 2048, 2048]","[2048, 2048, 2048, 2049, 2048, 2048, 2048, 2048, 2048]",313.0,Oscar PIASTRI,PIA,McLaren,F47600,2026-09-26 11:23:51.322000+00:00,2026-09-26 11:25:39.391000+00:00,False,False,1,1.0,SOFT,11.0,False,PENDING_TIME_INTERVAL_REVIEW,,Finalize after checking temporal overlap with race-control periods
1295,11377,81,13,2026-09-26T11:25:39.310000+00:00,38.426,43.907,25.74,189.0,204.0,False,108.073,"[None, 2048, 2049, 2048, 2048, 2048, 2048, 2048]","[2048, 2048, 2051, 2051, 2048, 2048, 2048, 2049, 2048, 2048]","[2048, 2048, 2048, 2048, 2048, 2048, 2048, 2048, 2048]",313.0,Oscar PIASTRI,PIA,McLaren,F47600,2026-09-26 11:25:39.310000+00:00,2026-09-26 11:27:27.383000+00:00,False,False,1,1.0,SOFT,12.0,False,PENDING_TIME_INTERVAL_REVIEW,,Finalize after checking temporal overlap with race-control periods
1295,11377,81,14,2026-09-26T11:27:27.490000+00:00,38.399,43.769,25.73,192.0,207.0,False,107.898,"[None, 2048, 2048, 2048, 2048, 2048, 2048, 2048]","[2048, 2048, 2051, 2048, 2048, 2048, 2049, 2048, 2048, 2048]","[2051, 2048, 2048, 2048, 2048, 2048, 2048, 2048, 2048]",313.0,Oscar PIASTRI,PIA,McLaren,F47600,2026-09-26 11:27:27.490000+00:00,2026-09-26 11:29:15.388000+00:00,False,False,1,1.0,SOFT,13.0,False,PENDING_TIME_INTERVAL_REVIEW,,Finalize after checking temporal overlap with race-control periods
1295,11377,81,15,2026-09-26T11:29:15.333000+00:00,38.514,43.843,25.635,193.0,205.0,False,107.992,"[None, 2048, 2048, 2048, 2048, 2048, 2048, 2048]","[2048, 2048, 2048, 2048, 2048, 2048, 2048, 2048, 2048, 2049]","[2051, 2049, 2048, 2048, 2048, 2048, 2048, 2048, 2048]",314.0,Oscar PIASTRI,PIA,McLaren,F47600,2026-09-26 11:29:15.333000+00:00,2026-09-26 11:31:03.325000+00:00,False,False,1,1.0,SOFT,14.0,False,PENDING_TIME_INTERVAL_REVIEW,,Finalize after checking temporal overlap with race-control periods
1295,11377,81,16,2026-09-26T11:31:03.395000+00:00,38.431,43.686,25.834,190.0,203.0,False,107.951,"[None, 2048, 2048, 2048, 2048, 2048, 2048, 2048]","[2048, 2048, 2048, 2048, 2048, 2048, 2049, 2049, 2051, 2048]","[2048, 2048, 2048, 2048, 2048, 2048, 2048, 2048, 2048]",313.0,Oscar PIASTRI,PIA,McLaren,F47600,2026-09-26 11:31:03.395000+00:00,2026-09-26 11:32:51.346000+00:00,False,False,1,1.0,SOFT,15.0,False,PENDING_TIME_INTERVAL_REVIEW,,Finalize after checking temporal overlap with race-control periods
1295,11377,81,17,2026-09-26T11:32:51.306000+00:00,38.42,43.762,25.777,195.0,200.0,False,107.959,"[None, 2048, 2048, 2048, 2048, 2048, 2048, 2048]","[2048, 2048, 2048, 2048, 2048, 2048, 2049, 2048, 2048, 2048]","[2048, 2048, 2048, 2048, 2048, 2048, 2048, 2048, 2048]",313.0,Oscar PIASTRI,PIA,McLaren,F47600,2026-09-26 11:32:51.306000+00:00,2026-09-26 11:34:39.265000+00:00,False,False,1,1.0,SOFT,16.0,False,PENDING_TIME_INTERVAL_REVIEW,,Finalize after checking temporal overlap with race-control periods
1295,11377,81,18,2026-09-26T11:34:39.273000+00:00,38.439,43.758,25.812,193.0,204.0,False,108.009,"[None, 2048, 2048, 2048, 2048, 2048, 2048, 2048]","[2048, 2048, 2048, 2048, 2048, 2048, 2049, 2048, 2048, 2048]","[2048, 2048, 2048, 2048, 2048, 2048, 2048, 2048, 2048]",312.0,Oscar PIASTRI,PIA,McLaren,F47600,2026-09-26 11:34:39.273000+00:00,2026-09-26 11:36:27.282000+00:00,False,False,1,1.0,SOFT,17.0,False,PENDING_TIME_INTERVAL_REVIEW,,Finalize after checking temporal overlap with race-control periods
1295,11377,81,19,2026-09-26T11:36:27.289000+00:00,38.385,43.881,25.772,195.0,204.0,False,108.038,"[None, 2048, 2049, 2048, 2048, 2048, 2048, 2048]","[2048, 2048, 2048, 2048, 2048, 2048, 2048, 2048, 2048, 2048]","[2048, 2048, 2048, 2048, 2048, 2048, 2048, 2048, 2048]",312.0,Oscar PIASTRI,PIA,McLaren,F47600,2026-09-26 11:36:27.289000+00:00,2026-09-26 11:38:15.327000+00:00,False,False,1,1.0,SOFT,18.0,False,PENDING_TIME_INTERVAL_REVIEW,,Finalize after checking temporal overlap with race-control periods
1295,11377,81,20,2026-09-26T11:38:15.297000+00:00,38.346,43.802,25.69,198.0,204.0,False,107.838,"[None, 2048, 2051, 2048, 2049, 2048, 2048, 2048]","[2048, 2048, 2048, 2048, 2048, 2048, 2048, 2048, 2048, 2048]","[2048, 2048, 2048, 2048, 2048, 2048, 2048, 2048, 2048]",314.0,Oscar PIASTRI,PIA,McLaren,F47600,2026-09-26 11:38:15.297000+00:00,2026-09-26 11:40:03.135000+00:00,False,False,1,1.0,SOFT,19.0,False,PENDING_TIME_INTERVAL_REVIEW,,Finalize after checking temporal overlap with race-control periods
1295,11377,81,21,2026-09-26T11:40:03.089000+00:00,38.314,43.77,25.658,191.0,207.0,False,107.742,"[None, 2049, 2048, 2048, 2048, 2048, 2048, 2048]","[2048, 2048, 2048, 2051, 2048, 2048, 2048, 2048, 2048, 2048]","[2048, 2048, 2048, 2048, 2048, 2048, 2048, 2048, 2048]",315.0,Oscar PIASTRI,PIA,McLaren,F47600,2026-09-26 11:40:03.089000+00:00,2026-09-26 11:41:50.831000+00:00,False,False,1,1.0,SOFT,20.0,False,PENDING_TIME_INTERVAL_REVIEW,,Finalize after checking temporal overlap with race-control periods
1295,11377,81,22,2026-09-26T11:41:50.818000+00:00,38.276,43.617,25.68,194.0,207.0,False,107.573,"[2049, 2048, 2048, 2048, 2049, 2048, 2048, 2048]","[2048, 2048, 2051, 2048, 2048, 2051, 2049, 2048, 2048, 2049]","[2048, 2049, 2048, 2048, 2048, 2048, 2048, 2048, 2048]",314.0,Oscar PIASTRI,PIA,McLaren,F47600,2026-09-26 11:41:50.818000+00:00,2026-09-26 11:43:38.391000+00:00,False,False,1,1.0,SOFT,21.0,False,PENDING_TIME_INTERVAL_REVIEW,,Finalize after checking temporal overlap with race-control periods
1295,11377,81,23,2026-09-26T11:43:38.491000+00:00,38.315,43.577,25.7,198.0,204.0,False,107.592,"[2048, 2048, 2048, 2048, 2048, 2048, 2048, 2048]","[2051, 2048, 2051, 2048, 2049, 2048, 2048, 2048, 2048, 2048]","[2048, 2048, 2048, 2048, 2048, 2048, 2048, 2048, 2048]",315.0,Oscar PIASTRI,PIA,McLaren,F47600,2026-09-26 11:43:38.491000+00:00,2026-09-26 11:45:26.083000+00:00,False,False,1,1.0,SOFT,22.0,False,PENDING_TIME_INTERVAL_REVIEW,,Finalize after checking temporal overlap with race-control periods
1295,11377,81,24,2026-09-26T11:45:26.053000+00:00,38.228,43.472,25.74,199.0,207.0,False,107.44,"[None, 2048, 2048, 2048, 2048, 2048, 2048, 2049]","[2051, 2048, 2048, 2048, 2048, 2049, 2048, 2049, 2048, 2049]","[2048, 2048, 2048, 2048, 2049, 2048, 2048, 2048, 2048]",315.0,Oscar PIASTRI,PIA,McLaren,F47600,2026-09-26 11:45:26.053000+00:00,2026-09-26 11:47:13.493000+00:00,False,False,1,1.0,SOFT,23.0,False,PENDING_TIME_INTERVAL_REVIEW,,Finalize after checking temporal overlap with race-control periods
1295,11377,81,25,2026-09-26T11:47:13.470000+00:00,38.073,43.663,25.628,200.0,206.0,False,107.364,"[None, 2048, 2048, 2048, 2048, 2048, 2049, 2049]","[2048, 2048, 2048, 2048, 2048, 2048, 2048, 2048, 2048, 2048]","[2048, 2049, 2049, 2048, 2048, 2048, 2048, 2048, 2048]",315.0,Oscar PIASTRI,PIA,McLaren,F47600,2026-09-26 11:47:13.470000+00:00,2026-09-26 11:49:00.834000+00:00,False,False,1,1.0,SOFT,24.0,False,PENDING_TIME_INTERVAL_REVIEW,,Finalize after checking temporal overlap with race-control periods
1295,11377,81,26,2026-09-26T11:49:00.793000+00:00,38.247,43.552,25.453,201.0,206.0,False,107.252,"[None, 2048, 2048, 2048, 2049, 2048, 2048, 2048]","[2048, 2048, 2048, 2048, 2048, 2048, 2048, 2048, 2048, 2048]","[2048, 2048, 2048, 2049, 2049, 2049, 2048, 2048, 2048]",320.0,Oscar PIASTRI,PIA,McLaren,F47600,2026-09-26 11:49:00.793000+00:00,2026-09-26 11:50:48.045000+00:00,False,False,1,1.0,SOFT,25.0,False,PENDING_TIME_INTERVAL_REVIEW,,Finalize after checking temporal overlap with race-control periods
1295,11377,81,27,2026-09-26T11:50:48.120000+00:00,38.208,43.774,25.665,195.0,208.0,False,107.647,"[None, 2049, 2048, 2048, 2048, 2048, 2048, 2048]","[2048, 2048, 2048, 2048, 2048, 2049, 2048, 2049, 2048, 2048]","[2048, 2048, 2048, 2048, 2048, 2048, 2048, 2048, 2048]",315.0,Oscar PIASTRI,PIA,McLaren,F47600,2026-09-26 11:50:48.120000+00:00,2026-09-26 11:52:35.767000+00:00,False,False,1,1.0,SOFT,26.0,False,PENDING_TIME_INTERVAL_REVIEW,,Finalize after checking temporal overlap with race-control periods
1295,11377,81,28,2026-09-26T11:52:35.701000+00:00,38.129,43.507,25.738,200.0,204.0,False,107.374,"[None, 2048, 2048, 2048, 2048, 2048, 2051, 2049]","[2048, 2048, 2049, 2048, 2048, 2051, 2048, 2048, 2048, 2048]","[2048, 2048, 2048, 2048, 2048, 2048, 2048, 2048, 2048]",314.0,Oscar PIASTRI,PIA,McLaren,F47600,2026-09-26 11:52:35.701000+00:00,2026-09-26 11:54:23.075000+00:00,False,False,1,1.0,SOFT,27.0,False,PENDING_TIME_INTERVAL_REVIEW,,Finalize after checking temporal overlap with race-control periods
1295,11377,81,29,2026-09-26T11:54:23.055000+00:00,38.126,43.629,25.639,198.0,207.0,False,107.394,"[None, 2048, 2048, 2048, 2048, 2048, 2048, 2048]","[2048, 2048, 2048, 2048, 2048, 2051, 2049, 2048, 2048, 2049]","[2048, 2048, 2048, 2048, 2048, 2048, 2048, 2048, 2048]",315.0,Oscar PIASTRI,PIA,McLaren,F47600,2026-09-26 11:54:23.055000+00:00,2026-09-26 11:56:10.449000+00:00,False,False,1,1.0,SOFT,28.0,False,PENDING_TIME_INTERVAL_REVIEW,,Finalize after checking temporal overlap with race-control periods
1295,11377,81,30,2026-09-26T11:56:10.490000+00:00,38.028,43.505,25.645,197.0,208.0,False,107.178,"[2049, 2048, 2048, 2048, 2048, 2048, 2049, 2048]","[2048, 2048, 2049, 2048, 2048, 2048, 2048, 2048, 2048, 2048]","[2048, 2048, 2048, 2048, 2048, 2048, 2048, 2048, 2048]",316.0,Oscar PIASTRI,PIA,McLaren,F47600,2026-09-26 11:56:10.490000+00:00,2026-09-26 11:57:57.668000+00:00,False,False,1,1.0,SOFT,29.0,False,PENDING_TIME_INTERVAL_REVIEW,,Finalize after checking temporal overlap with race-control periods
1295,11377,81,31,2026-09-26T11:57:57.652000+00:00,51.86,59.408,41.385,110.0,151.0,False,152.653,"[2048, 2048, 2048, 2048, 2048, 2048, 2048, 2048]","[2048, 2048, 2048, 2048, 2048, 2048, 2048, 2048, 2048, 2048]","[2048, 2048, 2048, 2048, 2048, 2048, 2048, 2064, 2064]",190.0,Oscar PIASTRI,PIA,McLaren,F47600,2026-09-26 11:57:57.652000+00:00,2026-09-26 12:00:30.305000+00:00,False,False,1,1.0,SOFT,30.0,True,PENDING_TIME_INTERVAL_REVIEW,,Finalize after checking temporal overlap with race-control periods
1295,11377,81,32,2026-09-26T12:00:30.354000+00:00,67.566,58.178,40.261,104.0,163.0,True,166.005,"[2064, 2064, 2048, 2048, 2048, 2048, 2048, 2048]","[2048, 2048, 2048, 2048, 2048, 2048, 2048, 2048, 2048, 2048]","[2048, 2048, 2048, 2048, 2048, 2048, 2048, 2048, 2048]",188.0,Oscar PIASTRI,PIA,McLaren,F47600,2026-09-26 12:00:30.354000+00:00,2026-09-26 12:03:16.359000+00:00,False,False,1,2.0,MEDIUM,0.0,False,PENDING_TIME_INTERVAL_REVIEW,,Finalize after checking temporal overlap with race-control periods
1295,11377,81,33,2026-09-26T12:03:16.317000+00:00,61.174,67.105,38.837,84.0,174.0,False,167.116,"[2048, 2048, 2048, 2048, 2048, 2048, 2048, 2048]","[2048, 2048, 2048, 2048, 2048, 2048, 2048, 2048, 2048, 2048]","[2048, 2048, 2048, 2048, 2048, 2048, 2048, 2048, 2048]",199.0,Oscar PIASTRI,PIA,McLaren,F47600,2026-09-26 12:03:16.317000+00:00,2026-09-26 12:06:03.433000+00:00,False,False,1,2.0,MEDIUM,1.0,False,PENDING_TIME_INTERVAL_REVIEW,,Finalize after checking temporal overlap with race-control periods
1295,11377,81,34,2026-09-26T12:06:03.379000+00:00,65.095,61.343,38.007,152.0,173.0,False,164.445,"[None, 2048, 2048, 2048, 2048, 2048, 2048, 2048]","[2048, 2048, 2048, 2048, 2048, 2048, 2048, 2048, 2048, 2048]","[2048, 2048, 2048, 2048, 2048, 2048, 2048, 2048, 2048]",240.0,Oscar PIASTRI,PIA,McLaren,F47600,2026-09-26 12:06:03.379000+00:00,2026-09-26 12:08:47.824000+00:00,False,False,1,2.0,MEDIUM,2.0,False,PENDING_TIME_INTERVAL_REVIEW,,Finalize after checking temporal overlap with race-control periods
1295,11377,81,35,2026-09-26T12:08:47.855000+00:00,54.12,62.506,41.884,142.0,161.0,False,158.51,"[None, 2048, 2048, 2048, 2048, 2048, 2048, 2048]","[2048, 2048, 2048, 2048, 2048, 2048, 2048, 2048, 2048, 2048]","[2048, 2048, 2048, 2048, 2048, 2048, 2048, 2048, 2048]",179.0,Oscar PIASTRI,PIA,McLaren,F47600,2026-09-26 12:08:47.855000+00:00,2026-09-26 12:11:26.365000+00:00,False,False,1,2.0,MEDIUM,3.0,False,PENDING_TIME_INTERVAL_REVIEW,,Finalize after checking temporal overlap with race-control periods
1295,11377,81,36,2026-09-26T12:11:26.394000+00:00,39.389,52.904,42.063,169.0,126.0,False,134.356,"[None, 2048, 2048, 2049, 2049, 2048, 2048, 2048]","[2048, 2048, 2048, 2048, 2048, 2048, 2048, 2048, 2048, 2048]","[2048, 2048, 2048, 2048, 2048, 2048, 2048, 2064, 2064]",210.0,Oscar PIASTRI,PIA,McLaren,F47600,2026-09-26 12:11:26.394000+00:00,2026-09-26 12:13:40.750000+00:00,False,False,1,2.0,MEDIUM,4.0,True,PENDING_TIME_INTERVAL_REVIEW,,Finalize after checking temporal overlap with race-control periods
1295,11377,81,37,2026-09-26T12:13:40.767000+00:00,60.601,61.578,39.812,127.0,174.0,True,161.991,"[2064, 2064, 2048, 2048, 2048, 2048, 2048, 2048]","[2048, 2048, 2048, 2048, 2048, 2048, 2048, 2048, 2048, 2048]","[2048, 2048, 2048, 2048, 2048, 2048, 2048, 2048, 2048]",182.0,Oscar PIASTRI,PIA,McLaren,F47600,2026-09-26 12:13:40.767000+00:00,2026-09-26 12:16:22.758000+00:00,False,False,1,3.0,MEDIUM,0.0,False,PENDING_TIME_INTERVAL_REVIEW,,Finalize after checking temporal overlap with race-control periods
1295,11377,81,38,2026-09-26T12:16:22.742000+00:00,57.531,62.911,38.893,121.0,158.0,False,159.335,"[2048, 2048, 2048, 2048, 2048, 2048, 2048, 2048]","[2048, 2048, 2048, 2048, 2048, 2048, 2048, 2048, 2048, 2048]","[2048, 2048, 2048, 2048, 2048, 2048, 2048, 2049, 2049]",192.0,Oscar PIASTRI,PIA,McLaren,F47600,2026-09-26 12:16:22.742000+00:00,2026-09-26 12:19:02.077000+00:00,False,False,1,3.0,MEDIUM,1.0,False,PENDING_TIME_INTERVAL_REVIEW,,Finalize after checking temporal overlap with race-control periods
1295,11377,81,39,2026-09-26T12:19:02.402000+00:00,38.847,43.927,25.324,179.0,201.0,False,108.098,"[None, 2048, 2048, 2049, 2048, 2048, 2048, 2048]","[2048, 2049, 2048, 2048, 2048, 2048, 2048, 2048, 2048, 2049]","[2048, 2049, 2049, 2049, 2049, 2048, 2049, 2048, 2048]",320.0,Oscar PIASTRI,PIA,McLaren,F47600,2026-09-26 12:19:02.402000+00:00,2026-09-26 12:20:50.500000+00:00,False,False,1,3.0,MEDIUM,2.0,False,PENDING_TIME_INTERVAL_REVIEW,,Finalize after checking temporal overlap with race-control periods
1295,11377,81,40,2026-09-26T12:20:50.183000+00:00,48.302,45.189,25.104,181.0,199.0,False,118.595,"[2049, 2048, 2048, 2048, 2048, 2048, 2048, 2048]","[2048, 2048, 2048, 2048, 2048, 2049, 2048, 2048, 2048, 2048]","[2048, 2049, 2049, 2048, 2049, 2049, 2049, 2049, 2048]",332.0,Oscar PIASTRI,PIA,McLaren,F47600,2026-09-26 12:20:50.183000+00:00,2026-09-26 12:22:48.778000+00:00,False,False,1,3.0,MEDIUM,3.0,False,PENDING_TIME_INTERVAL_REVIEW,,Finalize after checking temporal overlap with race-control periods
1295,11377,81,41,2026-09-26T12:22:48.737000+00:00,38.213,44.131,24.847,191.0,194.0,False,107.191,"[2048, 2048, 2048, 2048, 2048, 2048, 2048, 2048]","[2048, 2048, 2048, 2048, 2048, 2049, 2049, 2048, 2048, 2048]","[2048, 2049, 2049, 2048, 2049, 2049, 2049, 2049, 2048]",335.0,Oscar PIASTRI,PIA,McLaren,F47600,2026-09-26 12:22:48.737000+00:00,2026-09-26 12:24:35.928000+00:00,False,False,1,3.0,MEDIUM,4.0,False,PENDING_TIME_INTERVAL_REVIEW,,Finalize after checking temporal overlap with race-control periods
1295,11377,81,42,2026-09-26T12:24:36.011000+00:00,38.53,44.238,24.994,178.0,197.0,False,107.762,"[None, 2048, 2048, 2048, 2048, 2048, 2048, 2048]","[2048, 2048, 2048, 2048, 2048, 2048, 2049, 2048, 2048, 2048]","[2048, 2051, 2049, 2048, 2048, 2048, 2048, 2048, 2048]",329.0,Oscar PIASTRI,PIA,McLaren,F47600,2026-09-26 12:24:36.011000+00:00,2026-09-26 12:26:23.773000+00:00,False,False,1,3.0,MEDIUM,5.0,False,PENDING_TIME_INTERVAL_REVIEW,,Finalize after checking temporal overlap with race-control periods
1295,11377,81,43,2026-09-26T12:26:23.768000+00:00,38.169,44.017,24.892,189.0,197.0,False,107.078,"[None, 2048, 2048, 2048, 2048, 2048, 2048, 2048]","[2048, 2048, 2048, 2048, 2048, 2048, 2048, 2048, 2048, 2048]","[2048, 2048, 2049, 2048, 2048, 2048, 2048, 2048, 2048]",333.0,Oscar PIASTRI,PIA,McLaren,F47600,2026-09-26 12:26:23.768000+00:00,2026-09-26 12:28:10.846000+00:00,False,False,1,3.0,MEDIUM,6.0,False,PENDING_TIME_INTERVAL_REVIEW,,Finalize after checking temporal overlap with race-control periods
1295,11377,81,44,2026-09-26T12:28:10.818000+00:00,38.087,44.303,24.865,188.0,200.0,False,107.255,"[None, 2048, 2048, 2048, 2048, 2048, 2048, 2048]","[2048, 2048, 2048, 2048, 2048, 2048, 2049, 2048, 2048, 2048]","[2048, 2048, 2048, 2048, 2049, 2048, 2048, 2048, 2048]",334.0,Oscar PIASTRI,PIA,McLaren,F47600,2026-09-26 12:28:10.818000+00:00,2026-09-26 12:29:58.073000+00:00,False,False,1,3.0,MEDIUM,7.0,False,PENDING_TIME_INTERVAL_REVIEW,,Finalize after checking temporal overlap with race-control periods
1295,11377,81,45,2026-09-26T12:29:58.070000+00:00,38.35,44.558,24.77,182.0,196.0,False,107.678,"[None, 2048, 2048, 2048, 2048, 2048, 2048, 2048]","[2048, 2049, 2048, 2048, 2048, 2049, 2049, 2048, 2048, 2048]","[2048, 2048, 2049, 2048, 2048, 2048, 2049, 2049, 2049]",334.0,Oscar PIASTRI,PIA,McLaren,F47600,2026-09-26 12:29:58.070000+00:00,2026-09-26 12:31:45.748000+00:00,False,False,1,3.0,MEDIUM,8.0,False,PENDING_TIME_INTERVAL_REVIEW,,Finalize after checking temporal overlap with race-control periods
1295,11377,81,46,2026-09-26T12:31:45.795000+00:00,38.72,44.267,24.608,185.0,201.0,False,107.595,"[None, 2048, 2048, 2048, 2048, 2048, 2048, 2048]","[2048, 2048, 2048, 2048, 2048, 2049, 2048, 2048, 2048, 2048]","[2048, 2048, 2048, 2048, 2049, 2049, 2049, 2049, 2049]",339.0,Oscar PIASTRI,PIA,McLaren,F47600,2026-09-26 12:31:45.795000+00:00,2026-09-26 12:33:33.390000+00:00,False,False,1,3.0,MEDIUM,9.0,False,PENDING_TIME_INTERVAL_REVIEW,,Finalize after checking temporal overlap with race-control periods
1295,11377,81,47,2026-09-26T12:33:33.402000+00:00,38.294,43.741,25.049,190.0,201.0,False,107.084,"[None, 2048, 2048, 2048, 2048, 2048, 2048, 2048]","[2048, 2048, 2048, 2048, 2048, 2049, 2049, 2048, 2048, 2048]","[2049, 2048, 2048, 2048, 2048, 2048, 2048, 2048, 2048]",328.0,Oscar PIASTRI,PIA,McLaren,F47600,2026-09-26 12:33:33.402000+00:00,2026-09-26 12:35:20.486000+00:00,False,False,1,3.0,MEDIUM,10.0,False,PENDING_TIME_INTERVAL_REVIEW,,Finalize after checking temporal overlap with race-control periods
1295,11377,81,48,2026-09-26T12:35:20.462000+00:00,37.883,43.633,25.086,195.0,205.0,False,106.602,"[None, 2048, 2048, 2048, 2048, 2048, 2048, 2049]","[2048, 2048, 2048, 2048, 2048, 2048, 2048, 2048, 2048, 2049]","[2048, 2048, 2048, 2048, 2048, 2048, 2048, 2048, 2048]",330.0,Oscar PIASTRI,PIA,McLaren,F47600,2026-09-26 12:35:20.462000+00:00,2026-09-26 12:37:07.064000+00:00,False,False,1,3.0,MEDIUM,11.0,False,PENDING_TIME_INTERVAL_REVIEW,,Finalize after checking temporal overlap with race-control periods
1295,11377,81,49,2026-09-26T12:37:06.995000+00:00,37.909,43.773,24.959,197.0,202.0,False,106.641,"[None, 2049, 2048, 2048, 2048, 2048, 2048, 2048]","[2048, 2048, 2048, 2048, 2048, 2048, 2048, 2048, 2048, 2048]","[2048, 2048, 2048, 2048, 2048, 2048, 2048, 2048, 2048]",329.0,Oscar PIASTRI,PIA,McLaren,F47600,2026-09-26 12:37:06.995000+00:00,2026-09-26 12:38:53.636000+00:00,False,False,1,3.0,MEDIUM,12.0,False,PENDING_TIME_INTERVAL_REVIEW,,Finalize after checking temporal overlap with race-control periods
1295,11377,81,50,2026-09-26T12:38:53.712000+00:00,38.042,44.149,24.788,195.0,204.0,False,106.979,"[None, 2048, 2048, 2048, 2048, 2048, 2048, 2048]","[2048, 2048, 2048, 2048, 2048, 2048, 2048, 2048, 2048, 2048]","[2048, 2048, 2048, 2048, 2048, 2048, 2048, 2048, 2048]",334.0,Oscar PIASTRI,PIA,McLaren,F47600,2026-09-26 12:38:53.712000+00:00,2026-09-26 12:40:40.691000+00:00,False,False,1,3.0,MEDIUM,13.0,False,PENDING_TIME_INTERVAL_REVIEW,,Finalize after checking temporal overlap with race-control periods
1295,11377,81,51,2026-09-26T12:40:40.628000+00:00,38.197,45.647,25.186,183.0,192.0,False,109.03,"[None, 2048, 2048, 2048, 2048, 2048, 2048, 2048]","[2048, 2048, 2048, 2048, 2048, 2048, 2048, 2048, 2048, 2048]","[2048, 2048, 2048, 2048, 2048, 2048, 2048, 2048, 2048]",328.0,Oscar PIASTRI,PIA,McLaren,F47600,2026-09-26 12:40:40.628000+00:00,2026-09-26 12:42:29.658000+00:00,False,False,1,3.0,MEDIUM,14.0,False,PENDING_TIME_INTERVAL_REVIEW,,Finalize after checking temporal overlap with race-control periods
1295,11377,87,1,2026-09-26T11:03:50.711000+00:00,48.514,46.804,24.781,167.0,188.0,False,120.099,"[2048, 2049, 2049, 2049, 2049, 2049, 2049, 2049]","[2049, 2049, 2049, 2049, 2049, 2049, 2049, 2049, 2049, 2049]","[2049, 2049, 2049, 2049, 2049, 2051, 2051, 2051, 2051]",348.0,Oliver BEARMAN,BEA,Haas F1 Team,9C9FA2,2026-09-26 11:03:50.711000+00:00,2026-09-26 11:05:50.810000+00:00,True,False,1,1.0,SOFT,0.0,False,PENDING_TIME_INTERVAL_REVIEW,,Finalize after checking temporal overlap with race-control periods
1295,11377,87,2,2026-09-26T11:05:50.810000+00:00,40.536,45.212,25.253,176.0,189.0,False,111.001,"[2049, 2049, 2049, 2049, 2049, 2049, 2049, 2049]","[2049, 2048, 2049, 2049, 2049, 2048, 2048, 2049, 2049, 2049]","[2049, 2049, 2048, 2048, 2048, 2048, 2048, 2048, 2048]",335.0,Oliver BEARMAN,BEA,Haas F1 Team,9C9FA2,2026-09-26 11:05:50.810000+00:00,2026-09-26 11:07:41.811000+00:00,True,False,1,1.0,SOFT,1.0,False,PENDING_TIME_INTERVAL_REVIEW,,Finalize after checking temporal overlap with race-control periods
1295,11377,87,3,2026-09-26T11:07:41.549000+00:00,39.794,45.087,25.099,181.0,197.0,False,109.98,"[2048, 2049, 2049, 2048, 2048, 2049, 2049, 2049]","[2049, 2048, 2048, 2049, 2048, 2048, 2049, 2049, 2049, 2049]","[2049, 2048, 2048, 2049, 2048, 2048, 2048, 2048, 2048]",337.0,Oliver BEARMAN,BEA,Haas F1 Team,9C9FA2,2026-09-26 11:07:41.549000+00:00,2026-09-26 11:09:31.529000+00:00,True,False,1,1.0,SOFT,2.0,False,PENDING_TIME_INTERVAL_REVIEW,,Finalize after checking temporal overlap with race-control periods
1295,11377,87,4,2026-09-26T11:09:31.609000+00:00,39.854,45.037,25.168,184.0,191.0,False,110.059,"[None, 2048, 2048, 2048, 2048, 2049, 2049, 2049]","[2049, 2048, 2048, 2049, 2048, 2048, 2049, 2048, 2048, 2048]","[2048, 2048, 2048, 2049, 2048, 2048, 2048, 2048, 2048]",336.0,Oliver BEARMAN,BEA,Haas F1 Team,9C9FA2,2026-09-26 11:09:31.609000+00:00,2026-09-26 11:11:21.668000+00:00,True,False,1,1.0,SOFT,3.0,False,PENDING_TIME_INTERVAL_REVIEW,,Finalize after checking temporal overlap with race-control periods
1295,11377,87,5,2026-09-26T11:11:21.578000+00:00,39.584,44.698,25.022,182.0,195.0,False,109.304,"[None, 2049, 2049, 2048, 2048, 2049, 2048, 2048]","[2049, 2048, 2049, 2049, 2048, 2049, 2048, 2049, 2049, 2049]","[2048, 2049, 2049, 2049, 2048, 2048, 2048, 2048, 2048]",331.0,Oliver BEARMAN,BEA,Haas F1 Team,9C9FA2,2026-09-26 11:11:21.578000+00:00,2026-09-26 11:13:10.882000+00:00,True,False,1,1.0,SOFT,4.0,False,PENDING_TIME_INTERVAL_REVIEW,,Finalize after checking temporal overlap with race-control periods
1295,11377,87,6,2026-09-26T11:13:11.078000+00:00,39.633,44.732,25.465,189.0,208.0,False,109.83,"[None, 2048, 2049, 2048, 2048, 2048, 2049, 2049]","[2049, 2048, 2048, 2049, 2049, 2048, 2048, 2048, 2048, 2049]","[2049, 2048, 2048, 2048, 2048, 2048, 2048, 2048, 2048]",327.0,Oliver BEARMAN,BEA,Haas F1 Team,9C9FA2,2026-09-26 11:13:11.078000+00:00,2026-09-26 11:15:00.908000+00:00,True,False,1,1.0,SOFT,5.0,False,PENDING_TIME_INTERVAL_REVIEW,,Finalize after checking temporal overlap with race-control periods
1295,11377,87,7,2026-09-26T11:15:00.756000+00:00,39.477,44.551,25.643,,207.0,False,109.671,"[None, 2049, 2049, 2048, 2048, 2049, 2049, 2049]","[2049, 2048, 2048, 2049, 2049, 2048, 2048, 2048, 2049, 2049]","[2048, 2048, 2048, 2048, 2048, 2048, 2048, 2048, 2048]",326.0,Oliver BEARMAN,BEA,Haas F1 Team,9C9FA2,2026-09-26 11:15:00.756000+00:00,2026-09-26 11:16:50.427000+00:00,True,False,1,1.0,SOFT,6.0,False,PENDING_TIME_INTERVAL_REVIEW,,Finalize after checking temporal overlap with race-control periods
1295,11377,87,8,2026-09-26T11:16:50.396000+00:00,39.15,44.487,25.537,,205.0,False,109.174,"[None, 2048, 2048, 2048, 2048, 2049, 2049, 2049]","[2049, 2048, 2049, 2048, 2048, 2048, 2048, 2048, 2048, 2048]","[2048, 2048, 2048, 2048, 2048, 2048, 2048, 2048, 2048]",326.0,Oliver BEARMAN,BEA,Haas F1 Team,9C9FA2,2026-09-26 11:16:50.396000+00:00,2026-09-26 11:18:39.570000+00:00,True,False,1,1.0,SOFT,7.0,False,PENDING_TIME_INTERVAL_REVIEW,,Finalize after checking temporal overlap with race-control periods
1295,11377,87,9,2026-09-26T11:18:39.653000+00:00,38.918,44.967,25.573,193.0,207.0,False,109.458,"[None, 2049, 2049, 2048, 2048, 2048, 2048, 2049]","[2048, 2048, 2048, 2049, 2048, 2048, 2048, 2048, 2048, 2048]","[2048, 2048, 2048, 2048, 2048, 2048, 2048, 2048, 2048]",325.0,Oliver BEARMAN,BEA,Haas F1 Team,9C9FA2,2026-09-26 11:18:39.653000+00:00,2026-09-26 11:20:29.111000+00:00,True,False,1,1.0,SOFT,8.0,False,PENDING_TIME_INTERVAL_REVIEW,,Finalize after checking temporal overlap with race-control periods
1295,11377,87,10,2026-09-26T11:20:29.116000+00:00,39.028,44.737,25.552,192.0,213.0,False,109.317,"[None, 2048, 2048, 2048, 2048, 2049, 2049, 2048]","[2048, 2048, 2048, 2049, 2048, 2048, 2048, 2048, 2048, 2048]","[2048, 2049, 2048, 2048, 2048, 2048, 2048, 2048, 2048]",324.0,Oliver BEARMAN,BEA,Haas F1 Team,9C9FA2,2026-09-26 11:20:29.116000+00:00,2026-09-26 11:22:18.433000+00:00,True,False,1,1.0,SOFT,9.0,False,PENDING_TIME_INTERVAL_REVIEW,,Finalize after checking temporal overlap with race-control periods
1295,11377,87,11,2026-09-26T11:22:18.374000+00:00,39.016,44.696,25.622,193.0,212.0,False,109.334,"[None, 2048, 2048, 2048, 2048, 2048, 2048, 2048]","[2048, 2048, 2048, 2048, 2048, 2048, 2048, 2048, 2048, 2051]","[2048, 2048, 2048, 2048, 2048, 2048, 2048, 2048, 2048]",324.0,Oliver BEARMAN,BEA,Haas F1 Team,9C9FA2,2026-09-26 11:22:18.374000+00:00,2026-09-26 11:24:07.708000+00:00,True,False,1,1.0,SOFT,10.0,False,PENDING_TIME_INTERVAL_REVIEW,,Finalize after checking temporal overlap with race-control periods
1295,11377,87,12,2026-09-26T11:24:07.746000+00:00,38.962,44.489,25.508,192.0,208.0,False,108.959,"[None, 2048, 2048, 2048, 2048, 2048, 2048, 2049]","[2049, 2048, 2049, 2049, 2048, 2048, 2048, 2048, 2049, 2048]","[2048, 2048, 2048, 2048, 2048, 2048, 2048, 2048, 2048]",325.0,Oliver BEARMAN,BEA,Haas F1 Team,9C9FA2,2026-09-26 11:24:07.746000+00:00,2026-09-26 11:25:56.705000+00:00,True,False,1,1.0,SOFT,11.0,False,PENDING_TIME_INTERVAL_REVIEW,,Finalize after checking temporal overlap with race-control periods
1295,11377,87,13,2026-09-26T11:25:56.658000+00:00,38.915,44.669,25.555,189.0,213.0,False,109.139,"[None, 2048, 2048, 2048, 2048, 2048, 2048, 2048]","[2048, 2048, 2048, 2048, 2048, 2048, 2048, 2049, 2048, 2048]","[2048, 2048, 2048, 2048, 2048, 2048, 2048, 2048, 2048]",324.0,Oliver BEARMAN,BEA,Haas F1 Team,9C9FA2,2026-09-26 11:25:56.658000+00:00,2026-09-26 11:27:45.797000+00:00,True,False,1,1.0,SOFT,12.0,False,PENDING_TIME_INTERVAL_REVIEW,,Finalize after checking temporal overlap with race-control periods
1295,11377,87,14,2026-09-26T11:27:45.871000+00:00,38.869,44.522,25.6,196.0,213.0,False,108.991,"[None, 2049, 2048, 2048, 2048, 2049, 2048, 2049]","[2048, 2048, 2048, 2048, 2048, 2048, 2048, 2048, 2048, 2048]","[2048, 2048, 2048, 2048, 2048, 2048, 2048, 2048, 2048]",325.0,Oliver BEARMAN,BEA,Haas F1 Team,9C9FA2,2026-09-26 11:27:45.871000+00:00,2026-09-26 11:29:34.862000+00:00,True,False,1,1.0,SOFT,13.0,False,PENDING_TIME_INTERVAL_REVIEW,,Finalize after checking temporal overlap with race-control periods
1295,11377,87,15,2026-09-26T11:29:34.841000+00:00,38.918,44.429,25.479,194.0,213.0,False,108.826,"[None, 2048, 2048, 2048, 2048, 2048, 2048, 2048]","[2049, 2048, 2049, 2048, 2048, 2048, 2048, 2048, 2048, 2048]","[2049, 2048, 2048, 2048, 2048, 2048, 2048, 2048, 2048]",327.0,Oliver BEARMAN,BEA,Haas F1 Team,9C9FA2,2026-09-26 11:29:34.841000+00:00,2026-09-26 11:31:23.667000+00:00,True,False,1,1.0,SOFT,14.0,False,PENDING_TIME_INTERVAL_REVIEW,,Finalize after checking temporal overlap with race-control periods
1295,11377,87,16,2026-09-26T11:31:23.570000+00:00,39.066,44.443,25.626,195.0,206.0,False,109.135,"[None, 2048, 2048, 2048, 2048, 2048, 2048, 2048]","[2048, 2048, 2048, 2048, 2048, 2048, 2048, 2049, 2049, 2048]","[2048, 2048, 2048, 2048, 2048, 2048, 2048, 2048, 2048]",324.0,Oliver BEARMAN,BEA,Haas F1 Team,9C9FA2,2026-09-26 11:31:23.570000+00:00,2026-09-26 11:33:12.705000+00:00,True,False,1,1.0,SOFT,15.0,False,PENDING_TIME_INTERVAL_REVIEW,,Finalize after checking temporal overlap with race-control periods
1295,11377,87,17,2026-09-26T11:33:12.872000+00:00,39.863,44.736,25.43,189.0,215.0,False,110.029,"[None, 2048, 2048, 2048, 2049, 2048, 2048, 2048]","[2048, 2048, 2048, 2048, 2048, 2048, 2048, 2048, 2048, 2048]","[2048, 2048, 2048, 2048, 2048, 2048, 2048, 2048, 2048]",326.0,Oliver BEARMAN,BEA,Haas F1 Team,9C9FA2,2026-09-26 11:33:12.872000+00:00,2026-09-26 11:35:02.901000+00:00,True,False,1,1.0,SOFT,16.0,False,PENDING_TIME_INTERVAL_REVIEW,,Finalize after checking temporal overlap with race-control periods
1295,11377,87,18,2026-09-26T11:35:02.769000+00:00,38.935,44.591,25.578,195.0,206.0,False,109.104,"[None, 2048, 2048, 2048, 2048, 2048, 2048, 2049]","[2048, 2048, 2048, 2048, 2048, 2048, 2048, 2048, 2048, 2048]","[2048, 2048, 2048, 2048, 2048, 2048, 2048, 2048, 2048]",324.0,Oliver BEARMAN,BEA,Haas F1 Team,9C9FA2,2026-09-26 11:35:02.769000+00:00,2026-09-26 11:36:51.873000+00:00,True,False,1,1.0,SOFT,17.0,False,PENDING_TIME_INTERVAL_REVIEW,,Finalize after checking temporal overlap with race-control periods
1295,11377,87,19,2026-09-26T11:36:51.989000+00:00,38.944,44.338,25.511,196.0,214.0,False,108.793,"[None, 2048, 2048, 2048, 2048, 2048, 2048, 2049]","[2048, 2048, 2048, 2049, 2048, 2048, 2048, 2048, 2048, 2048]","[2048, 2049, 2048, 2048, 2048, 2048, 2048, 2048, 2048]",324.0,Oliver BEARMAN,BEA,Haas F1 Team,9C9FA2,2026-09-26 11:36:51.989000+00:00,2026-09-26 11:38:40.782000+00:00,True,False,1,1.0,SOFT,18.0,False,PENDING_TIME_INTERVAL_REVIEW,,Finalize after checking temporal overlap with race-control periods
1295,11377,87,20,2026-09-26T11:38:40.773000+00:00,38.84,44.333,25.465,194.0,215.0,False,108.638,"[None, 2048, 2048, 2048, 2049, 2048, 2048, 2048]","[2048, 2048, 2048, 2048, 2048, 2048, 2048, 2048, 2048, 2048]","[2049, 2048, 2048, 2048, 2048, 2048, 2048, 2048, 2048]",325.0,Oliver BEARMAN,BEA,Haas F1 Team,9C9FA2,2026-09-26 11:38:40.773000+00:00,2026-09-26 11:40:29.411000+00:00,True,False,1,1.0,SOFT,19.0,False,PENDING_TIME_INTERVAL_REVIEW,,Finalize after checking temporal overlap with race-control periods
1295,11377,87,21,2026-09-26T11:40:29.284000+00:00,38.677,44.447,26.048,198.0,212.0,False,109.172,"[None, 2049, 2048, 2048, 2048, 2049, 2049, 2048]","[2048, 2048, 2048, 2048, 2048, 2048, 2048, 2048, 2048, 2048]","[2048, 2048, 2048, 2048, 2048, 2048, 2048, 2048, 2048]",327.0,Oliver BEARMAN,BEA,Haas F1 Team,9C9FA2,2026-09-26 11:40:29.284000+00:00,2026-09-26 11:42:18.456000+00:00,True,False,1,1.0,SOFT,20.0,False,PENDING_TIME_INTERVAL_REVIEW,,Finalize after checking temporal overlap with race-control periods
1295,11377,87,22,2026-09-26T11:42:18.508000+00:00,38.885,44.605,25.565,196.0,208.0,False,109.055,"[None, 2048, 2048, 2048, 2049, 2048, 2048, 2048]","[2048, 2048, 2048, 2048, 2048, 2048, 2048, 2048, 2048, 2048]","[2048, 2049, 2048, 2048, 2048, 2048, 2048, 2048, 2048]",325.0,Oliver BEARMAN,BEA,Haas F1 Team,9C9FA2,2026-09-26 11:42:18.508000+00:00,2026-09-26 11:44:07.563000+00:00,True,False,1,1.0,SOFT,21.0,False,PENDING_TIME_INTERVAL_REVIEW,,Finalize after checking temporal overlap with race-control periods
1295,11377,87,23,2026-09-26T11:44:07.590000+00:00,38.881,44.503,25.645,198.0,211.0,False,109.029,"[None, 2048, 2048, 2048, 2048, 2048, 2048, 2048]","[2048, 2048, 2048, 2048, 2048, 2048, 2048, 2048, 2048, 2048]","[2048, 2048, 2048, 2048, 2048, 2048, 2048, 2048, 2048]",324.0,Oliver BEARMAN,BEA,Haas F1 Team,9C9FA2,2026-09-26 11:44:07.590000+00:00,2026-09-26 11:45:56.619000+00:00,True,False,1,1.0,SOFT,22.0,False,PENDING_TIME_INTERVAL_REVIEW,,Finalize after checking temporal overlap with race-control periods
1295,11377,87,24,2026-09-26T11:45:56.510000+00:00,38.927,44.59,25.554,,215.0,False,109.071,"[None, 2048, 2048, 2048, 2048, 2048, 2048, 2048]","[2048, 2048, 2048, 2048, 2049, 2048, 2048, 2048, 2048, 2048]","[2048, 2048, 2048, 2048, 2048, 2048, 2048, 2048, 2048]",326.0,Oliver BEARMAN,BEA,Haas F1 Team,9C9FA2,2026-09-26 11:45:56.510000+00:00,2026-09-26 11:47:45.581000+00:00,True,False,1,1.0,SOFT,23.0,False,PENDING_TIME_INTERVAL_REVIEW,,Finalize after checking temporal overlap with race-control periods
1295,11377,87,25,2026-09-26T11:47:45.683000+00:00,38.743,44.412,25.588,192.0,213.0,False,108.743,"[None, 2048, 2048, 2048, 2048, 2049, 2048, 2048]","[2048, 2048, 2048, 2048, 2048, 2048, 2048, 2048, 2049, 2048]","[2048, 2048, 2048, 2048, 2048, 2048, 2048, 2048, 2048]",326.0,Oliver BEARMAN,BEA,Haas F1 Team,9C9FA2,2026-09-26 11:47:45.683000+00:00,2026-09-26 11:49:34.426000+00:00,True,False,1,1.0,SOFT,24.0,False,PENDING_TIME_INTERVAL_REVIEW,,Finalize after checking temporal overlap with race-control periods
1295,11377,87,26,2026-09-26T11:49:34.431000+00:00,38.644,44.244,25.66,197.0,211.0,False,108.548,"[None, 2048, 2048, 2048, 2048, 2049, 2049, 2049]","[2049, 2048, 2048, 2048, 2049, 2048, 2048, 2048, 2049, 2048]","[2048, 2048, 2048, 2048, 2048, 2048, 2048, 2048, 2048]",325.0,Oliver BEARMAN,BEA,Haas F1 Team,9C9FA2,2026-09-26 11:49:34.431000+00:00,2026-09-26 11:51:22.979000+00:00,True,False,1,1.0,SOFT,25.0,False,PENDING_TIME_INTERVAL_REVIEW,,Finalize after checking temporal overlap with race-control periods
1295,11377,87,27,2026-09-26T11:51:22.964000+00:00,38.633,44.435,25.561,196.0,212.0,False,108.629,"[None, 2048, 2048, 2048, 2049, 2048, 2048, 2049]","[2048, 2048, 2048, 2048, 2048, 2048, 2048, 2048, 2048, 2048]","[2048, 2048, 2048, 2048, 2048, 2048, 2048, 2048, 2048]",325.0,Oliver BEARMAN,BEA,Haas F1 Team,9C9FA2,2026-09-26 11:51:22.964000+00:00,2026-09-26 11:53:11.593000+00:00,True,False,1,1.0,SOFT,26.0,False,PENDING_TIME_INTERVAL_REVIEW,,Finalize after checking temporal overlap with race-control periods
1295,11377,87,28,2026-09-26T11:53:11.829000+00:00,,44.487,25.465,199.0,208.0,False,108.585,"[None, 2048, 2048, 2048, 2049, 2048, 2048, 2049]","[2049, 2048, 2048, 2048, 2048, 2048, 2048, 2048, 2048, 2048]","[2048, 2048, 2048, 2048, 2048, 2048, 2048, 2048, 2048]",326.0,Oliver BEARMAN,BEA,Haas F1 Team,9C9FA2,2026-09-26 11:53:11.829000+00:00,2026-09-26 11:55:00.414000+00:00,True,False,1,1.0,SOFT,27.0,False,PENDING_TIME_INTERVAL_REVIEW,,Finalize after checking temporal overlap with race-control periods
1295,11377,87,29,2026-09-26T11:55:00.200000+00:00,38.9,44.543,25.535,193.0,212.0,False,108.978,"[None, 2048, 2048, 2048, 2048, 2048, 2048, 2048]","[2048, 2048, 2048, 2048, 2048, 2048, 2048, 2048, 2048, 2048]","[2048, 2048, 2048, 2048, 2048, 2048, 2048, 2048, 2048]",325.0,Oliver BEARMAN,BEA,Haas F1 Team,9C9FA2,2026-09-26 11:55:00.200000+00:00,2026-09-26 11:56:49.178000+00:00,True,False,1,1.0,SOFT,28.0,False,PENDING_TIME_INTERVAL_REVIEW,,Finalize after checking temporal overlap with race-control periods
1295,11377,87,30,2026-09-26T11:56:49.179000+00:00,38.81,47.508,40.922,198.0,156.0,False,127.24,"[None, 2048, 2048, 2048, 2048, 2048, 2048, 2048]","[2048, 2048, 2048, 2048, 2048, 2048, 2048, 2048, 2048, 2048]","[2048, 2048, 2048, 2048, 2048, 2048, 2048, 2064, 2064]",226.0,Oliver BEARMAN,BEA,Haas F1 Team,9C9FA2,2026-09-26 11:56:49.179000+00:00,2026-09-26 11:58:56.419000+00:00,True,False,1,1.0,SOFT,29.0,True,PENDING_TIME_INTERVAL_REVIEW,,Finalize after checking temporal overlap with race-control periods
1295,11377,87,31,2026-09-26T11:58:56.307000+00:00,68.422,58.451,38.981,97.0,141.0,True,165.854,"[2064, 2064, 2048, 2048, 2048, 2048, 2048, 2048]","[2048, 2048, 2048, 2048, 2048, 2048, 2048, 2048, 2048, 2048]","[2048, 2048, 2048, 2048, 2048, 2048, 2048, 2048, 2048]",201.0,Oliver BEARMAN,BEA,Haas F1 Team,9C9FA2,2026-09-26 11:58:56.307000+00:00,2026-09-26 12:01:42.161000+00:00,True,False,1,2.0,MEDIUM,0.0,False,PENDING_TIME_INTERVAL_REVIEW,,Finalize after checking temporal overlap with race-control periods
1295,11377,87,32,2026-09-26T12:01:42.172000+00:00,43.799,54.341,30.205,119.0,185.0,False,128.345,"[2048, 2048, 2048, 2048, 2048, 2048, 2048, 2048]","[2048, 2048, 2048, 2048, 2048, 2048, 2048, 2048, 2048, 2048]","[2048, 2048, 2048, 2048, 2048, 2048, 2048, 2048, 2048]",256.0,Oliver BEARMAN,BEA,Haas F1 Team,9C9FA2,2026-09-26 12:01:42.172000+00:00,2026-09-26 12:03:50.517000+00:00,True,False,1,2.0,MEDIUM,1.0,False,PENDING_TIME_INTERVAL_REVIEW,,Finalize after checking temporal overlap with race-control periods
1295,11377,87,33,2026-09-26T12:03:50.561000+00:00,43.752,64.446,37.467,94.0,162.0,False,145.665,"[None, 2049, 2048, 2048, 2048, 2048, 2048, 2048]","[2048, 2048, 2048, 2048, 2048, 2048, 2048, 2048, 2048, 2048]","[2048, 2048, 2048, 2048, 2048, 2048, 2048, 2048, 2048]",193.0,Oliver BEARMAN,BEA,Haas F1 Team,9C9FA2,2026-09-26 12:03:50.561000+00:00,2026-09-26 12:06:16.226000+00:00,True,False,1,2.0,MEDIUM,2.0,False,PENDING_TIME_INTERVAL_REVIEW,,Finalize after checking temporal overlap with race-control periods
1295,11377,87,34,2026-09-26T12:06:16.271000+00:00,62.771,63.196,37.862,168.0,173.0,False,163.829,"[None, 2048, 2048, 2048, 2048, 2048, 2048, 2048]","[2048, 2048, 2048, 2048, 2048, 2048, 2048, 2048, 2048, 2048]","[2048, 2048, 2048, 2048, 2048, 2048, 2048, 2048, 2048]",225.0,Oliver BEARMAN,BEA,Haas F1 Team,9C9FA2,2026-09-26 12:06:16.271000+00:00,2026-09-26 12:09:00.100000+00:00,True,False,1,2.0,MEDIUM,3.0,False,PENDING_TIME_INTERVAL_REVIEW,,Finalize after checking temporal overlap with race-control periods
1295,11377,87,35,2026-09-26T12:09:00.076000+00:00,51.397,62.404,33.867,156.0,121.0,False,147.668,"[None, 2048, 2048, 2048, 2048, 2048, 2048, 2048]","[2048, 2048, 2048, 2048, 2048, 2048, 2048, 2048, 2048, 2048]","[2048, 2048, 2048, 2048, 2048, 2048, 2048, 2048, 2048]",237.0,Oliver BEARMAN,BEA,Haas F1 Team,9C9FA2,2026-09-26 12:09:00.076000+00:00,2026-09-26 12:11:27.744000+00:00,True,False,1,2.0,MEDIUM,4.0,False,PENDING_TIME_INTERVAL_REVIEW,,Finalize after checking temporal overlap with race-control periods
1295,11377,87,36,2026-09-26T12:11:27.836000+00:00,43.292,55.828,43.059,146.0,115.0,False,142.179,"[None, 2048, 2048, 2049, 2048, 2048, 2048, 2048]","[2048, 2048, 2048, 2048, 2048, 2048, 2048, 2048, 2048, 2048]","[2048, 2048, 2048, 2048, 2048, 2048, 2048, 2064, 2064]",209.0,Oliver BEARMAN,BEA,Haas F1 Team,9C9FA2,2026-09-26 12:11:27.836000+00:00,2026-09-26 12:13:50.015000+00:00,True,False,1,2.0,MEDIUM,5.0,True,PENDING_TIME_INTERVAL_REVIEW,,Finalize after checking temporal overlap with race-control periods
1295,11377,87,37,2026-09-26T12:13:49.858000+00:00,61.616,60.725,39.96,85.0,149.0,True,162.301,"[2064, 2064, 2048, 2048, 2048, 2048, 2048, 2048]","[2048, 2048, 2048, 2048, 2048, 2048, 2048, 2048, 2048, 2048]","[2048, 2048, 2048, 2048, 2048, 2048, 2048, 2048, 2048]",221.0,Oliver BEARMAN,BEA,Haas F1 Team,9C9FA2,2026-09-26 12:13:49.858000+00:00,2026-09-26 12:16:32.159000+00:00,True,False,1,3.0,MEDIUM,6.0,False,PENDING_TIME_INTERVAL_REVIEW,,Finalize after checking temporal overlap with race-control periods
1295,11377,87,38,2026-09-26T12:16:32.304000+00:00,54.579,63.828,33.503,151.0,141.0,False,151.91,"[2048, 2048, 2048, 2048, 2048, 2048, 2048, 2048]","[2048, 2048, 2048, 2048, 2048, 2048, 2048, 2048, 2048, 2048]","[2048, 2048, 2048, 2048, 2048, 2048, 2048, 2048, 2049]",234.0,Oliver BEARMAN,BEA,Haas F1 Team,9C9FA2,2026-09-26 12:16:32.304000+00:00,2026-09-26 12:19:04.214000+00:00,True,False,1,3.0,MEDIUM,7.0,False,PENDING_TIME_INTERVAL_REVIEW,,Finalize after checking temporal overlap with race-control periods
1295,11377,87,39,2026-09-26T12:19:04.195000+00:00,39.867,44.631,24.922,191.0,197.0,False,109.42,"[None, 2048, 2048, 2049, 2048, 2048, 2048, 2048]","[2048, 2049, 2048, 2048, 2048, 2048, 2048, 2048, 2048, 2048]","[2048, 2049, 2049, 2048, 2048, 2048, 2048, 2048, 2048]",337.0,Oliver BEARMAN,BEA,Haas F1 Team,9C9FA2,2026-09-26 12:19:04.195000+00:00,2026-09-26 12:20:53.615000+00:00,True,False,1,3.0,MEDIUM,8.0,False,PENDING_TIME_INTERVAL_REVIEW,,Finalize after checking temporal overlap with race-control periods
1295,11377,87,40,2026-09-26T12:20:53.739000+00:00,39.257,44.23,24.966,,208.0,False,108.453,"[None, 2048, 2048, 2048, 2048, 2048, 2048, 2049]","[2048, 2048, 2048, 2048, 2048, 2048, 2048, 2049, 2048, 2049]","[2048, 2049, 2049, 2048, 2048, 2048, 2048, 2048, 2048]",338.0,Oliver BEARMAN,BEA,Haas F1 Team,9C9FA2,2026-09-26 12:20:53.739000+00:00,2026-09-26 12:22:42.192000+00:00,True,False,1,3.0,MEDIUM,9.0,False,PENDING_TIME_INTERVAL_REVIEW,,Finalize after checking temporal overlap with race-control periods
1295,11377,87,41,2026-09-26T12:22:41.991000+00:00,38.816,43.991,24.977,190.0,208.0,False,107.784,"[None, 2048, 2048, 2048, 2048, 2048, 2048, 2048]","[2048, 2049, 2049, 2048, 2048, 2049, 2048, 2048, 2049, 2048]","[2048, 2049, 2049, 2048, 2048, 2048, 2048, 2048, 2048]",336.0,Oliver BEARMAN,BEA,Haas F1 Team,9C9FA2,2026-09-26 12:22:41.991000+00:00,2026-09-26 12:24:29.775000+00:00,True,False,1,3.0,MEDIUM,10.0,False,PENDING_TIME_INTERVAL_REVIEW,,Finalize after checking temporal overlap with race-control periods
1295,11377,87,42,2026-09-26T12:24:29.735000+00:00,38.581,44.011,24.924,195.0,212.0,False,107.516,"[None, 2048, 2048, 2048, 2049, 2048, 2048, 2049]","[2048, 2049, 2048, 2048, 2048, 2049, 2048, 2048, 2048, 2049]","[2048, 2049, 2048, 2048, 2048, 2048, 2048, 2048, 2048]",336.0,Oliver BEARMAN,BEA,Haas F1 Team,9C9FA2,2026-09-26 12:24:29.735000+00:00,2026-09-26 12:26:17.251000+00:00,True,False,1,3.0,MEDIUM,11.0,False,PENDING_TIME_INTERVAL_REVIEW,,Finalize after checking temporal overlap with race-control periods
1295,11377,87,43,2026-09-26T12:26:17.288000+00:00,38.602,43.912,24.95,192.0,210.0,False,107.464,"[None, 2048, 2048, 2048, 2048, 2048, 2048, 2048]","[2048, 2049, 2048, 2048, 2048, 2048, 2048, 2048, 2048, 2048]","[2048, 2049, 2049, 2048, 2048, 2048, 2048, 2048, 2048]",333.0,Oliver BEARMAN,BEA,Haas F1 Team,9C9FA2,2026-09-26 12:26:17.288000+00:00,2026-09-26 12:28:04.752000+00:00,True,False,1,3.0,MEDIUM,12.0,False,PENDING_TIME_INTERVAL_REVIEW,,Finalize after checking temporal overlap with race-control periods
1295,11377,87,44,2026-09-26T12:28:04.770000+00:00,38.275,43.801,24.963,,205.0,False,107.039,"[None, 2049, 2048, 2048, 2048, 2048, 2048, 2049]","[2048, 2048, 2049, 2048, 2048, 2049, 2048, 2049, 2049, 2048]","[2048, 2049, 2049, 2048, 2048, 2048, 2048, 2048, 2048]",333.0,Oliver BEARMAN,BEA,Haas F1 Team,9C9FA2,2026-09-26 12:28:04.770000+00:00,2026-09-26 12:29:51.809000+00:00,True,False,1,3.0,MEDIUM,13.0,False,PENDING_TIME_INTERVAL_REVIEW,,Finalize after checking temporal overlap with race-control periods
1295,11377,87,45,2026-09-26T12:29:51.836000+00:00,38.351,43.697,24.93,200.0,211.0,False,106.978,"[None, 2049, 2049, 2048, 2048, 2048, 2048, 2049]","[2048, 2048, 2048, 2048, 2049, 2049, 2048, 2048, 2048, 2048]","[2048, 2048, 2049, 2048, 2048, 2048, 2048, 2048, 2048]",336.0,Oliver BEARMAN,BEA,Haas F1 Team,9C9FA2,2026-09-26 12:29:51.836000+00:00,2026-09-26 12:31:38.814000+00:00,True,False,1,3.0,MEDIUM,14.0,False,PENDING_TIME_INTERVAL_REVIEW,,Finalize after checking temporal overlap with race-control periods
1295,11377,87,46,2026-09-26T12:31:38.912000+00:00,38.391,43.917,24.917,194.0,215.0,False,107.225,"[None, 2048, 2048, 2048, 2048, 2048, 2048, 2048]","[2048, 2048, 2048, 2048, 2048, 2048, 2048, 2048, 2048, 2048]","[2048, 2048, 2048, 2048, 2048, 2048, 2048, 2048, 2048]",336.0,Oliver BEARMAN,BEA,Haas F1 Team,9C9FA2,2026-09-26 12:31:38.912000+00:00,2026-09-26 12:33:26.137000+00:00,True,False,1,3.0,MEDIUM,15.0,False,PENDING_TIME_INTERVAL_REVIEW,,Finalize after checking temporal overlap with race-control periods
1295,11377,87,47,2026-09-26T12:33:26.026000+00:00,38.729,43.924,24.999,192.0,212.0,False,107.652,"[None, 2048, 2048, 2048, 2049, 2048, 2048, 2048]","[2048, 2048, 2048, 2048, 2048, 2048, 2048, 2048, 2048, 2048]","[2048, 2048, 2048, 2048, 2048, 2048, 2048, 2048, 2048]",335.0,Oliver BEARMAN,BEA,Haas F1 Team,9C9FA2,2026-09-26 12:33:26.026000+00:00,2026-09-26 12:35:13.678000+00:00,True,False,1,3.0,MEDIUM,16.0,False,PENDING_TIME_INTERVAL_REVIEW,,Finalize after checking temporal overlap with race-control periods
1295,11377,87,48,2026-09-26T12:35:13.784000+00:00,39.548,44.159,24.958,205.0,207.0,False,108.665,"[None, 2048, 2048, 2048, 2048, 2048, 2048, 2048]","[2048, 2048, 2048, 2048, 2048, 2048, 2049, 2048, 2048, 2048]","[2048, 2048, 2048, 2048, 2048, 2048, 2048, 2048, 2048]",337.0,Oliver BEARMAN,BEA,Haas F1 Team,9C9FA2,2026-09-26 12:35:13.784000+00:00,2026-09-26 12:37:02.449000+00:00,True,False,1,3.0,MEDIUM,17.0,False,PENDING_TIME_INTERVAL_REVIEW,,Finalize after checking temporal overlap with race-control periods
1295,11377,87,49,2026-09-26T12:37:02.307000+00:00,38.358,43.916,24.981,203.0,206.0,False,107.255,"[None, 2048, 2049, 2048, 2048, 2048, 2048, 2049]","[2048, 2048, 2048, 2048, 2048, 2048, 2048, 2048, 2048, 2048]","[2048, 2048, 2048, 2048, 2048, 2048, 2048, 2048, 2048]",336.0,Oliver BEARMAN,BEA,Haas F1 Team,9C9FA2,2026-09-26 12:37:02.307000+00:00,2026-09-26 12:38:49.562000+00:00,True,False,1,3.0,MEDIUM,18.0,False,PENDING_TIME_INTERVAL_REVIEW,,Finalize after checking temporal overlap with race-control periods
1295,11377,87,50,2026-09-26T12:38:49.586000+00:00,38.33,44.054,24.859,196.0,207.0,False,107.243,"[None, 2049, 2048, 2048, 2048, 2048, 2048, 2048]","[2048, 2048, 2048, 2048, 2048, 2048, 2049, 2048, 2048, 2048]","[2048, 2048, 2048, 2048, 2049, 2048, 2048, 2048, 2048]",340.0,Oliver BEARMAN,BEA,Haas F1 Team,9C9FA2,2026-09-26 12:38:49.586000+00:00,2026-09-26 12:40:36.829000+00:00,True,False,1,3.0,MEDIUM,19.0,False,PENDING_TIME_INTERVAL_REVIEW,,Finalize after checking temporal overlap with race-control periods
1295,11377,87,51,2026-09-26T12:40:36.810000+00:00,38.476,44.971,24.913,198.0,194.0,False,108.36,"[None, 2049, 2048, 2048, 2048, 2048, 2048, 2048]","[2048, 2048, 2048, 2048, 2048, 2049, 2051, 2048, 2048, 2048]","[2048, 2048, 2049, 2049, 2049, 2048, 2048, 2048, 2048]",334.0,Oliver BEARMAN,BEA,Haas F1 Team,9C9FA2,2026-09-26 12:40:36.810000+00:00,2026-09-26 12:42:25.170000+00:00,True,False,1,3.0,MEDIUM,20.0,False,PENDING_TIME_INTERVAL_REVIEW,,Finalize after checking temporal overlap with race-control periods
