meeting_key,session_key,driver_number,lap_number,date_start,duration_sector_1,duration_sector_2,duration_sector_3,i1_speed,i2_speed,is_pit_out_lap,lap_duration,segments_sector_1,segments_sector_2,segments_sector_3,st_speed,full_name,name_acronym,team_name,team_colour,lap_start_utc,lap_end_est_utc,is_final_top10,is_main_pair,stint_match_count,stint_number,compound,tyre_age_start_lap_est,has_pit_lane_record,race_control_review,pace_eligible,eligibility_note
1295,11377,3,1,2026-09-26T11:03:50.711000+00:00,46.011,45.736,24.842,181.0,197.0,False,116.589,"[None, 2049, 2049, 2049, 2049, 2049, 2049, 2049]","[2049, 2049, 2049, 2049, 2049, 2049, 2049, 2049, 2049, 2049]","[2049, 2049, 2049, 2049, 2049, 2049, 2049, 2049, 2049]",343.0,Max VERSTAPPEN,VER,Red Bull Racing,4781D7,2026-09-26 11:03:50.711000+00:00,2026-09-26 11:05:47.300000+00:00,True,True,1,1.0,MEDIUM,0.0,False,PENDING_TIME_INTERVAL_REVIEW,,Finalize after checking temporal overlap with race-control periods
1295,11377,3,2,2026-09-26T11:05:47.300000+00:00,39.463,44.774,24.999,184.0,200.0,False,109.236,"[2049, 2049, 2049, 2051, 2049, 2049, 2049, 2048]","[2049, 2048, 2049, 2049, 2049, 2049, 2049, 2049, 2051, 2049]","[2048, 2049, 2051, 2049, 2048, 2048, 2048, 2048, 2048]",339.0,Max VERSTAPPEN,VER,Red Bull Racing,4781D7,2026-09-26 11:05:47.300000+00:00,2026-09-26 11:07:36.536000+00:00,True,True,1,1.0,MEDIUM,1.0,False,PENDING_TIME_INTERVAL_REVIEW,,Finalize after checking temporal overlap with race-control periods
1295,11377,3,3,2026-09-26T11:07:36.447000+00:00,39.245,44.763,25.015,183.0,206.0,False,109.023,"[2048, 2048, 2049, 2048, 2051, 2049, 2048, 2048]","[2048, 2048, 2049, 2049, 2049, 2049, 2048, 2049, 2048, 2048]","[2049, 2048, 2049, 2049, 2048, 2048, 2048, 2048, 2048]",338.0,Max VERSTAPPEN,VER,Red Bull Racing,4781D7,2026-09-26 11:07:36.447000+00:00,2026-09-26 11:09:25.470000+00:00,True,True,1,1.0,MEDIUM,2.0,False,PENDING_TIME_INTERVAL_REVIEW,,Finalize after checking temporal overlap with race-control periods
1295,11377,3,4,2026-09-26T11:09:25.359000+00:00,39.529,45.137,24.791,,208.0,False,109.457,"[None, 2049, 2048, 2048, 2048, 2048, 2048, 2048]","[2048, 2048, 2048, 2048, 2048, 2049, 2049, 2048, 2048, 2048]","[2048, 2048, 2048, 2049, 2051, 2049, 2049, 2048, 2048]",344.0,Max VERSTAPPEN,VER,Red Bull Racing,4781D7,2026-09-26 11:09:25.359000+00:00,2026-09-26 11:11:14.816000+00:00,True,True,1,1.0,MEDIUM,3.0,False,PENDING_TIME_INTERVAL_REVIEW,,Finalize after checking temporal overlap with race-control periods
1295,11377,3,5,2026-09-26T11:11:14.909000+00:00,38.665,44.205,24.981,189.0,206.0,False,107.851,"[None, 2049, 2049, 2048, 2048, 2049, 2049, 2048]","[2049, 2048, 2049, 2049, 2049, 2049, 2048, 2049, 2049, 2049]","[2049, 2049, 2051, 2048, 2048, 2048, 2048, 2048, 2048]",334.0,Max VERSTAPPEN,VER,Red Bull Racing,4781D7,2026-09-26 11:11:14.909000+00:00,2026-09-26 11:13:02.760000+00:00,True,True,1,1.0,MEDIUM,4.0,False,PENDING_TIME_INTERVAL_REVIEW,,Finalize after checking temporal overlap with race-control periods
1295,11377,3,6,2026-09-26T11:13:02.746000+00:00,38.662,44.169,24.743,192.0,206.0,False,107.574,"[2049, 2049, 2048, 2048, 2048, 2048, 2048, 2048]","[2049, 2048, 2049, 2048, 2049, 2051, 2049, 2049, 2048, 2048]","[2048, 2049, 2051, 2049, 2048, 2048, 2048, 2049, 2049]",340.0,Max VERSTAPPEN,VER,Red Bull Racing,4781D7,2026-09-26 11:13:02.746000+00:00,2026-09-26 11:14:50.320000+00:00,True,True,1,1.0,MEDIUM,5.0,False,PENDING_TIME_INTERVAL_REVIEW,,Finalize after checking temporal overlap with race-control periods
1295,11377,3,7,2026-09-26T11:14:50.421000+00:00,38.5,44.149,25.282,188.0,208.0,False,107.931,"[None, 2048, 2049, 2048, 2048, 2048, 2049, 2048]","[2049, 2048, 2048, 2049, 2048, 2048, 2048, 2049, 2048, 2048]","[2048, 2048, 2048, 2048, 2048, 2048, 2048, 2048]",330.0,Max VERSTAPPEN,VER,Red Bull Racing,4781D7,2026-09-26 11:14:50.421000+00:00,2026-09-26 11:16:38.352000+00:00,True,True,1,1.0,MEDIUM,6.0,False,PENDING_TIME_INTERVAL_REVIEW,,Finalize after checking temporal overlap with race-control periods
1295,11377,3,8,2026-09-26T11:16:38.327000+00:00,38.523,44.307,25.089,192.0,206.0,False,107.919,"[2048, 2049, 2049, 2048, 2048, 2048, 2049, 2048]","[2048, 2048, 2048, 2049, 2048, 2048, 2048, 2048, 2048, 2048]","[2048, 2048, 2048, 2048, 2048, 2048, 2048, 2048, 2048]",331.0,Max VERSTAPPEN,VER,Red Bull Racing,4781D7,2026-09-26 11:16:38.327000+00:00,2026-09-26 11:18:26.246000+00:00,True,True,1,1.0,MEDIUM,7.0,False,PENDING_TIME_INTERVAL_REVIEW,,Finalize after checking temporal overlap with race-control periods
1295,11377,3,9,2026-09-26T11:18:26.324000+00:00,39.061,44.589,25.218,191.0,200.0,False,108.868,"[None, 2048, 2048, 2048, 2048, 2048, 2048, 2048]","[2048, 2048, 2048, 2048, 2048, 2048, 2048, 2048, 2048, 2048]","[2048, 2049, 2049, 2048, 2048, 2048, 2048, 2048, 2048]",330.0,Max VERSTAPPEN,VER,Red Bull Racing,4781D7,2026-09-26 11:18:26.324000+00:00,2026-09-26 11:20:15.192000+00:00,True,True,1,1.0,MEDIUM,8.0,False,PENDING_TIME_INTERVAL_REVIEW,,Finalize after checking temporal overlap with race-control periods
1295,11377,3,10,2026-09-26T11:20:15.071000+00:00,38.736,44.29,24.993,,209.0,False,108.019,"[None, 2048, 2048, 2048, 2048, 2048, 2049, 2048]","[2048, 2048, 2049, 2048, 2048, 2048, 2048, 2048, 2048, 2048]","[2049, 2049, 2051, 2048, 2048, 2048, 2048, 2048, 2048]",331.0,Max VERSTAPPEN,VER,Red Bull Racing,4781D7,2026-09-26 11:20:15.071000+00:00,2026-09-26 11:22:03.090000+00:00,True,True,1,1.0,MEDIUM,9.0,False,PENDING_TIME_INTERVAL_REVIEW,,Finalize after checking temporal overlap with race-control periods
1295,11377,3,11,2026-09-26T11:22:03.082000+00:00,38.906,44.542,25.109,,207.0,False,108.557,"[None, 2048, 2048, 2048, 2048, 2048, 2048, 2048]","[2048, 2048, 2049, 2048, 2048, 2048, 2048, 2048, 2048, 2048]","[2048, 2048, 2048, 2048, 2048, 2048, 2048, 2048, 2048]",330.0,Max VERSTAPPEN,VER,Red Bull Racing,4781D7,2026-09-26 11:22:03.082000+00:00,2026-09-26 11:23:51.639000+00:00,True,True,1,1.0,MEDIUM,10.0,False,PENDING_TIME_INTERVAL_REVIEW,,Finalize after checking temporal overlap with race-control periods
1295,11377,3,12,2026-09-26T11:23:51.623000+00:00,38.832,44.458,25.117,192.0,209.0,False,108.407,"[None, 2048, 2048, 2048, 2048, 2048, 2048, 2048]","[2048, 2048, 2048, 2048, 2048, 2048, 2048, 2048, 2048, 2048]","[2048, 2048, 2048, 2048, 2048, 2048, 2048, 2048, 2048]",329.0,Max VERSTAPPEN,VER,Red Bull Racing,4781D7,2026-09-26 11:23:51.623000+00:00,2026-09-26 11:25:40.030000+00:00,True,True,1,1.0,MEDIUM,11.0,False,PENDING_TIME_INTERVAL_REVIEW,,Finalize after checking temporal overlap with race-control periods
1295,11377,3,13,2026-09-26T11:25:40.007000+00:00,38.547,44.313,25.141,193.0,207.0,False,108.001,"[None, 2048, 2049, 2048, 2048, 2048, 2048, 2048]","[2048, 2048, 2049, 2048, 2048, 2048, 2048, 2048, 2048, 2048]","[2048, 2048, 2048, 2048, 2048, 2048, 2048, 2048, 2048]",329.0,Max VERSTAPPEN,VER,Red Bull Racing,4781D7,2026-09-26 11:25:40.007000+00:00,2026-09-26 11:27:28.008000+00:00,True,True,1,1.0,MEDIUM,12.0,False,PENDING_TIME_INTERVAL_REVIEW,,Finalize after checking temporal overlap with race-control periods
1295,11377,3,14,2026-09-26T11:27:28.130000+00:00,38.601,44.281,25.129,191.0,210.0,False,108.011,"[None, 2048, 2048, 2048, 2048, 2048, 2048, 2048]","[2048, 2048, 2048, 2048, 2048, 2048, 2048, 2049, 2048, 2048]","[2048, 2048, 2048, 2048, 2048, 2048, 2048, 2048, 2048]",330.0,Max VERSTAPPEN,VER,Red Bull Racing,4781D7,2026-09-26 11:27:28.130000+00:00,2026-09-26 11:29:16.141000+00:00,True,True,1,1.0,MEDIUM,13.0,False,PENDING_TIME_INTERVAL_REVIEW,,Finalize after checking temporal overlap with race-control periods
1295,11377,3,15,2026-09-26T11:29:16.090000+00:00,38.641,44.437,25.054,188.0,207.0,False,108.132,"[None, 2048, 2048, 2048, 2048, 2048, 2049, 2048]","[2048, 2048, 2048, 2048, 2048, 2048, 2048, 2049, 2048, 2048]","[2049, 2051, 2048, 2048, 2048, 2048, 2048, 2048, 2048]",330.0,Max VERSTAPPEN,VER,Red Bull Racing,4781D7,2026-09-26 11:29:16.090000+00:00,2026-09-26 11:31:04.222000+00:00,True,True,1,1.0,MEDIUM,14.0,False,PENDING_TIME_INTERVAL_REVIEW,,Finalize after checking temporal overlap with race-control periods
1295,11377,3,16,2026-09-26T11:31:04.248000+00:00,38.578,44.153,25.211,195.0,207.0,False,107.942,"[None, 2048, 2048, 2048, 2048, 2048, 2049, 2048]","[2048, 2048, 2048, 2048, 2048, 2048, 2051, 2049, 2048, 2048]","[2048, 2048, 2048, 2048, 2048, 2048, 2048, 2048, 2048]",328.0,Max VERSTAPPEN,VER,Red Bull Racing,4781D7,2026-09-26 11:31:04.248000+00:00,2026-09-26 11:32:52.190000+00:00,True,True,1,1.0,MEDIUM,15.0,False,PENDING_TIME_INTERVAL_REVIEW,,Finalize after checking temporal overlap with race-control periods
1295,11377,3,17,2026-09-26T11:32:52.186000+00:00,38.582,43.942,25.163,193.0,210.0,False,107.687,"[None, 2048, 2048, 2048, 2048, 2048, 2048, 2048]","[2048, 2048, 2048, 2049, 2048, 2048, 2048, 2049, 2049, 2048]","[2048, 2048, 2048, 2048, 2048, 2048, 2048, 2048, 2048]",330.0,Max VERSTAPPEN,VER,Red Bull Racing,4781D7,2026-09-26 11:32:52.186000+00:00,2026-09-26 11:34:39.873000+00:00,True,True,1,1.0,MEDIUM,16.0,False,PENDING_TIME_INTERVAL_REVIEW,,Finalize after checking temporal overlap with race-control periods
1295,11377,3,18,2026-09-26T11:34:39.807000+00:00,38.662,44.165,25.089,,207.0,False,107.916,"[None, 2048, 2048, 2048, 2048, 2048, 2048, 2048]","[2048, 2048, 2048, 2048, 2048, 2048, 2048, 2048, 2048, 2048]","[2048, 2048, 2048, 2048, 2048, 2048, 2048, 2048, 2048]",330.0,Max VERSTAPPEN,VER,Red Bull Racing,4781D7,2026-09-26 11:34:39.807000+00:00,2026-09-26 11:36:27.723000+00:00,True,True,1,1.0,MEDIUM,17.0,False,PENDING_TIME_INTERVAL_REVIEW,,Finalize after checking temporal overlap with race-control periods
1295,11377,3,19,2026-09-26T11:36:27.773000+00:00,38.655,44.325,25.474,197.0,211.0,False,108.454,"[None, 2048, 2048, 2048, 2048, 2048, 2048, 2048]","[2048, 2048, 2048, 2048, 2048, 2048, 2048, 2049, 2048, 2048]","[2048, 2048, 2048, 2048, 2048, 2048, 2048, 2048, 2048]",328.0,Max VERSTAPPEN,VER,Red Bull Racing,4781D7,2026-09-26 11:36:27.773000+00:00,2026-09-26 11:38:16.227000+00:00,True,True,1,1.0,MEDIUM,18.0,False,PENDING_TIME_INTERVAL_REVIEW,,Finalize after checking temporal overlap with race-control periods
1295,11377,3,20,2026-09-26T11:38:16.297000+00:00,38.553,44.217,25.068,198.0,209.0,False,107.838,"[None, 2048, 2048, 2048, 2048, 2048, 2049, 2048]","[2048, 2048, 2049, 2048, 2048, 2048, 2048, 2048, 2048, 2048]","[2048, 2048, 2048, 2048, 2048, 2048, 2048, 2048, 2048]",330.0,Max VERSTAPPEN,VER,Red Bull Racing,4781D7,2026-09-26 11:38:16.297000+00:00,2026-09-26 11:40:04.135000+00:00,True,True,1,1.0,MEDIUM,19.0,False,PENDING_TIME_INTERVAL_REVIEW,,Finalize after checking temporal overlap with race-control periods
1295,11377,3,21,2026-09-26T11:40:04.107000+00:00,38.437,44.164,25.062,196.0,211.0,False,107.663,"[None, 2049, 2048, 2048, 2049, 2048, 2048, 2048]","[2048, 2048, 2048, 2048, 2048, 2048, 2048, 2048, 2049, 2048]","[2048, 2048, 2049, 2048, 2048, 2048, 2048, 2048, 2048]",331.0,Max VERSTAPPEN,VER,Red Bull Racing,4781D7,2026-09-26 11:40:04.107000+00:00,2026-09-26 11:41:51.770000+00:00,True,True,1,1.0,MEDIUM,20.0,False,PENDING_TIME_INTERVAL_REVIEW,,Finalize after checking temporal overlap with race-control periods
1295,11377,3,22,2026-09-26T11:41:51.770000+00:00,38.399,44.178,25.078,,211.0,False,107.655,"[None, 2048, 2048, 2048, 2048, 2049, 2048, 2048]","[2048, 2048, 2048, 2048, 2048, 2048, 2048, 2048, 2048, 2048]","[2048, 2049, 2049, 2048, 2048, 2048, 2048, 2048, 2048]",330.0,Max VERSTAPPEN,VER,Red Bull Racing,4781D7,2026-09-26 11:41:51.770000+00:00,2026-09-26 11:43:39.425000+00:00,True,True,1,1.0,MEDIUM,21.0,False,PENDING_TIME_INTERVAL_REVIEW,,Finalize after checking temporal overlap with race-control periods
1295,11377,3,23,2026-09-26T11:43:39.511000+00:00,38.326,43.943,25.116,,208.0,False,107.385,"[None, 2048, 2048, 2048, 2048, 2048, 2048, 2048]","[2048, 2048, 2049, 2049, 2048, 2048, 2048, 2048, 2048, 2048]","[2048, 2048, 2048, 2048, 2048, 2048, 2048, 2048, 2048]",331.0,Max VERSTAPPEN,VER,Red Bull Racing,4781D7,2026-09-26 11:43:39.511000+00:00,2026-09-26 11:45:26.896000+00:00,True,True,1,1.0,MEDIUM,22.0,False,PENDING_TIME_INTERVAL_REVIEW,,Finalize after checking temporal overlap with race-control periods
1295,11377,3,24,2026-09-26T11:45:26.741000+00:00,38.292,44.071,25.134,198.0,211.0,False,107.497,"[None, 2048, 2048, 2048, 2048, 2048, 2048, 2048]","[2048, 2048, 2048, 2048, 2048, 2048, 2048, 2048, 2048, 2048]","[2048, 2048, 2048, 2048, 2048, 2048, 2048, 2048, 2048]",331.0,Max VERSTAPPEN,VER,Red Bull Racing,4781D7,2026-09-26 11:45:26.741000+00:00,2026-09-26 11:47:14.238000+00:00,True,True,1,1.0,MEDIUM,23.0,False,PENDING_TIME_INTERVAL_REVIEW,,Finalize after checking temporal overlap with race-control periods
1295,11377,3,25,2026-09-26T11:47:14.317000+00:00,38.08,44.14,24.987,196.0,212.0,False,107.207,"[None, 2048, 2048, 2048, 2048, 2049, 2049, 2048]","[2048, 2048, 2048, 2049, 2048, 2048, 2048, 2048, 2048, 2048]","[2048, 2048, 2051, 2048, 2048, 2048, 2048, 2048, 2048]",332.0,Max VERSTAPPEN,VER,Red Bull Racing,4781D7,2026-09-26 11:47:14.317000+00:00,2026-09-26 11:49:01.524000+00:00,True,True,1,1.0,MEDIUM,24.0,False,PENDING_TIME_INTERVAL_REVIEW,,Finalize after checking temporal overlap with race-control periods
1295,11377,3,26,2026-09-26T11:49:01.550000+00:00,38.427,44.242,25.131,197.0,204.0,False,107.8,"[None, 2048, 2048, 2048, 2049, 2048, 2048, 2048]","[2048, 2048, 2048, 2048, 2048, 2048, 2048, 2049, 2048, 2048]","[2048, 2048, 2048, 2048, 2048, 2048, 2048, 2048, 2048]",331.0,Max VERSTAPPEN,VER,Red Bull Racing,4781D7,2026-09-26 11:49:01.550000+00:00,2026-09-26 11:50:49.350000+00:00,True,True,1,1.0,MEDIUM,25.0,False,PENDING_TIME_INTERVAL_REVIEW,,Finalize after checking temporal overlap with race-control periods
1295,11377,3,27,2026-09-26T11:50:49.282000+00:00,38.251,44.147,25.082,196.0,205.0,False,107.48,"[None, 2048, 2048, 2048, 2048, 2048, 2048, 2048]","[2048, 2048, 2048, 2048, 2048, 2048, 2048, 2048, 2048, 2048]","[2048, 2048, 2048, 2049, 2048, 2048, 2048, 2048, 2048]",330.0,Max VERSTAPPEN,VER,Red Bull Racing,4781D7,2026-09-26 11:50:49.282000+00:00,2026-09-26 11:52:36.762000+00:00,True,True,1,1.0,MEDIUM,26.0,False,PENDING_TIME_INTERVAL_REVIEW,,Finalize after checking temporal overlap with race-control periods
1295,11377,3,28,2026-09-26T11:52:36.764000+00:00,38.113,44.007,25.25,,207.0,False,107.37,"[None, 2048, 2051, 2048, 2048, 2048, 2048, 2048]","[2048, 2048, 2048, 2048, 2048, 2048, 2048, 2048, 2048, 2048]","[2048, 2048, 2048, 2048, 2048, 2048, 2048, 2048, 2048]",330.0,Max VERSTAPPEN,VER,Red Bull Racing,4781D7,2026-09-26 11:52:36.764000+00:00,2026-09-26 11:54:24.134000+00:00,True,True,1,1.0,MEDIUM,27.0,False,PENDING_TIME_INTERVAL_REVIEW,,Finalize after checking temporal overlap with race-control periods
1295,11377,3,29,2026-09-26T11:54:24.184000+00:00,38.222,43.987,25.098,200.0,208.0,False,107.307,"[None, 2048, 2048, 2048, 2048, 2048, 2048, 2048]","[2048, 2048, 2048, 2048, 2048, 2048, 2048, 2048, 2049, 2048]","[2048, 2048, 2049, 2049, 2048, 2048, 2048, 2048, 2048]",330.0,Max VERSTAPPEN,VER,Red Bull Racing,4781D7,2026-09-26 11:54:24.184000+00:00,2026-09-26 11:56:11.491000+00:00,True,True,1,1.0,MEDIUM,28.0,False,PENDING_TIME_INTERVAL_REVIEW,,Finalize after checking temporal overlap with race-control periods
1295,11377,3,30,2026-09-26T11:56:11.355000+00:00,38.187,43.992,25.111,197.0,207.0,False,107.29,"[None, 2048, 2048, 2048, 2048, 2048, 2048, 2048]","[2048, 2048, 2048, 2049, 2048, 2048, 2048, 2048, 2048, 2048]","[2048, 2048, 2048, 2048, 2048, 2048, 2048, 2048, 2048]",331.0,Max VERSTAPPEN,VER,Red Bull Racing,4781D7,2026-09-26 11:56:11.355000+00:00,2026-09-26 11:57:58.645000+00:00,True,True,1,1.0,MEDIUM,29.0,False,PENDING_TIME_INTERVAL_REVIEW,,Finalize after checking temporal overlap with race-control periods
1295,11377,3,31,2026-09-26T11:57:58.755000+00:00,51.798,59.335,41.12,112.0,137.0,False,152.253,"[None, 2048, 2048, 2048, 2048, 2048, 2048, 2048]","[2048, 2048, 2048, 2048, 2048, 2048, 2048, 2048, 2048, 2048]","[2048, 2048, 2048, 2048, 2048, 2048, 2048, 2064, 2064]",196.0,Max VERSTAPPEN,VER,Red Bull Racing,4781D7,2026-09-26 11:57:58.755000+00:00,2026-09-26 12:00:31.008000+00:00,True,True,1,1.0,MEDIUM,30.0,True,PENDING_TIME_INTERVAL_REVIEW,,Finalize after checking temporal overlap with race-control periods
1295,11377,3,32,2026-09-26T12:00:30.897000+00:00,68.571,57.817,40.599,102.0,183.0,True,166.987,"[2064, 2064, 2048, 2048, 2048, 2048, 2048, 2048]","[2048, 2048, 2048, 2048, 2048, 2048, 2048, 2048, 2048, 2048]","[2048, 2048, 2048, 2048, 2048, 2048, 2048, 2048, 2048]",198.0,Max VERSTAPPEN,VER,Red Bull Racing,4781D7,2026-09-26 12:00:30.897000+00:00,2026-09-26 12:03:17.884000+00:00,True,True,1,2.0,SOFT,0.0,False,PENDING_TIME_INTERVAL_REVIEW,,Finalize after checking temporal overlap with race-control periods
1295,11377,3,33,2026-09-26T12:03:17.938000+00:00,60.588,67.57,38.058,80.0,189.0,False,166.216,"[2048, 2048, 2048, 2048, 2048, 2048, 2048, 2048]","[2048, 2048, 2048, 2048, 2048, 2048, 2048, 2048, 2048, 2048]","[2048, 2048, 2048, 2048, 2048, 2048, 2048, 2048, 2048]",213.0,Max VERSTAPPEN,VER,Red Bull Racing,4781D7,2026-09-26 12:03:17.938000+00:00,2026-09-26 12:06:04.154000+00:00,True,True,1,2.0,SOFT,1.0,False,PENDING_TIME_INTERVAL_REVIEW,,Finalize after checking temporal overlap with race-control periods
1295,11377,3,34,2026-09-26T12:06:04.215000+00:00,65.179,61.54,38.047,162.0,185.0,False,164.766,"[None, 2048, 2048, 2048, 2048, 2048, 2048, 2048]","[2048, 2048, 2048, 2048, 2048, 2048, 2048, 2048, 2048, 2048]","[2048, 2048, 2048, 2048, 2048, 2048, 2048, 2048, 2048]",227.0,Max VERSTAPPEN,VER,Red Bull Racing,4781D7,2026-09-26 12:06:04.215000+00:00,2026-09-26 12:08:48.981000+00:00,True,True,1,2.0,SOFT,2.0,False,PENDING_TIME_INTERVAL_REVIEW,,Finalize after checking temporal overlap with race-control periods
1295,11377,3,35,2026-09-26T12:08:48.876000+00:00,53.67,62.727,41.118,140.0,162.0,False,157.515,"[None, 2048, 2048, 2048, 2048, 2048, 2048, 2048]","[2048, 2048, 2048, 2048, 2048, 2048, 2048, 2048, 2048, 2048]","[2048, 2048, 2048, 2048, 2048, 2048, 2048, 2048, 2048]",182.0,Max VERSTAPPEN,VER,Red Bull Racing,4781D7,2026-09-26 12:08:48.876000+00:00,2026-09-26 12:11:26.391000+00:00,True,True,1,2.0,SOFT,3.0,False,PENDING_TIME_INTERVAL_REVIEW,,Finalize after checking temporal overlap with race-control periods
1295,11377,3,36,2026-09-26T12:11:26.567000+00:00,38.488,49.854,41.596,194.0,149.0,False,129.938,"[None, 2048, 2048, 2051, 2048, 2048, 2048, 2049]","[2048, 2048, 2048, 2048, 2049, 2049, 2051, 2048, 2048, 2048]","[2048, 2048, 2048, 2048, 2048, 2048, 2048, 2064, 2064]",116.0,Max VERSTAPPEN,VER,Red Bull Racing,4781D7,2026-09-26 12:11:26.567000+00:00,2026-09-26 12:13:36.505000+00:00,True,True,1,2.0,SOFT,4.0,True,PENDING_TIME_INTERVAL_REVIEW,,Finalize after checking temporal overlap with race-control periods
1295,11377,3,37,2026-09-26T12:13:36.281000+00:00,62.542,62.059,39.891,96.0,159.0,True,164.492,"[2064, 2064, 2048, 2048, 2048, 2048, 2048, 2048]","[2048, 2048, 2048, 2048, 2048, 2048, 2048, 2048, 2048, 2048]","[2048, 2048, 2048, 2048, 2048, 2048, 2048, 2048, 2048]",238.0,Max VERSTAPPEN,VER,Red Bull Racing,4781D7,2026-09-26 12:13:36.281000+00:00,2026-09-26 12:16:20.773000+00:00,True,True,1,3.0,SOFT,5.0,False,PENDING_TIME_INTERVAL_REVIEW,,Finalize after checking temporal overlap with race-control periods
1295,11377,3,38,2026-09-26T12:16:20.822000+00:00,58.524,62.469,39.894,130.0,166.0,False,160.887,"[2048, 2048, 2048, 2048, 2048, 2048, 2048, 2048]","[2048, 2048, 2048, 2048, 2048, 2048, 2048, 2048, 2048, 2048]","[2048, 2048, 2048, 2048, 2048, 2048, 2048, 2048, 2048]",191.0,Max VERSTAPPEN,VER,Red Bull Racing,4781D7,2026-09-26 12:16:20.822000+00:00,2026-09-26 12:19:01.709000+00:00,True,True,1,3.0,SOFT,6.0,False,PENDING_TIME_INTERVAL_REVIEW,,Finalize after checking temporal overlap with race-control periods
1295,11377,3,39,2026-09-26T12:19:01.814000+00:00,38.087,43.509,24.826,193.0,213.0,False,106.422,"[None, 2048, 2048, 2049, 2049, 2048, 2048, 2049]","[2048, 2049, 2049, 2048, 2049, 2049, 2048, 2048, 2048, 2049]","[2049, 2049, 2049, 2048, 2048, 2048, 2048, 2048, 2048]",334.0,Max VERSTAPPEN,VER,Red Bull Racing,4781D7,2026-09-26 12:19:01.814000+00:00,2026-09-26 12:20:48.236000+00:00,True,True,1,3.0,SOFT,7.0,False,PENDING_TIME_INTERVAL_REVIEW,,Finalize after checking temporal overlap with race-control periods
1295,11377,3,40,2026-09-26T12:20:48.144000+00:00,38.238,43.107,24.851,199.0,216.0,False,106.196,"[None, 2048, 2048, 2048, 2048, 2048, 2049, 2048]","[2049, 2048, 2049, 2049, 2049, 2049, 2048, 2048, 2049, 2049]","[2049, 2051, 2049, 2048, 2048, 2048, 2048, 2048, 2048]",333.0,Max VERSTAPPEN,VER,Red Bull Racing,4781D7,2026-09-26 12:20:48.144000+00:00,2026-09-26 12:22:34.340000+00:00,True,True,1,3.0,SOFT,8.0,False,PENDING_TIME_INTERVAL_REVIEW,,Finalize after checking temporal overlap with race-control periods
1295,11377,3,41,2026-09-26T12:22:34.338000+00:00,37.724,43.123,24.937,201.0,215.0,False,105.784,"[None, 2049, 2048, 2048, 2048, 2049, 2049, 2048]","[2048, 2048, 2048, 2048, 2049, 2048, 2048, 2048, 2051, 2048]","[2048, 2048, 2048, 2048, 2048, 2048, 2048, 2048, 2048]",332.0,Max VERSTAPPEN,VER,Red Bull Racing,4781D7,2026-09-26 12:22:34.338000+00:00,2026-09-26 12:24:20.122000+00:00,True,True,1,3.0,SOFT,9.0,False,PENDING_TIME_INTERVAL_REVIEW,,Finalize after checking temporal overlap with race-control periods
1295,11377,3,42,2026-09-26T12:24:20.133000+00:00,37.6,43.014,24.775,,216.0,False,105.389,"[None, 2049, 2048, 2048, 2048, 2048, 2049, 2048]","[2048, 2048, 2049, 2049, 2048, 2048, 2048, 2048, 2048, 2048]","[2049, 2049, 2049, 2049, 2048, 2048, 2048, 2048]",332.0,Max VERSTAPPEN,VER,Red Bull Racing,4781D7,2026-09-26 12:24:20.133000+00:00,2026-09-26 12:26:05.522000+00:00,True,True,1,3.0,SOFT,10.0,False,PENDING_TIME_INTERVAL_REVIEW,,Finalize after checking temporal overlap with race-control periods
1295,11377,3,43,2026-09-26T12:26:05.461000+00:00,37.62,43.109,24.845,200.0,214.0,False,105.574,"[None, 2048, 2049, 2048, 2048, 2048, 2048, 2048]","[2049, 2048, 2048, 2048, 2048, 2049, 2048, 2048, 2048, 2048]","[2048, 2048, 2048, 2048, 2048, 2048, 2048, 2048, 2048]",335.0,Max VERSTAPPEN,VER,Red Bull Racing,4781D7,2026-09-26 12:26:05.461000+00:00,2026-09-26 12:27:51.035000+00:00,True,True,1,3.0,SOFT,11.0,False,PENDING_TIME_INTERVAL_REVIEW,,Finalize after checking temporal overlap with race-control periods
1295,11377,3,44,2026-09-26T12:27:51.134000+00:00,37.449,42.998,24.688,207.0,209.0,False,105.135,"[None, 2048, 2049, 2048, 2049, 2049, 2048, 2048]","[2048, 2048, 2048, 2048, 2048, 2051, 2048, 2048, 2048, 2048]","[2049, 2048, 2049, 2048, 2048, 2048, 2048, 2048, 2048]",336.0,Max VERSTAPPEN,VER,Red Bull Racing,4781D7,2026-09-26 12:27:51.134000+00:00,2026-09-26 12:29:36.269000+00:00,True,True,1,3.0,SOFT,12.0,False,PENDING_TIME_INTERVAL_REVIEW,,Finalize after checking temporal overlap with race-control periods
1295,11377,3,45,2026-09-26T12:29:36.197000+00:00,37.532,42.851,24.687,203.0,214.0,False,105.07,"[None, 2048, 2048, 2048, 2048, 2048, 2048, 2048]","[2048, 2048, 2049, 2049, 2048, 2051, 2048, 2048, 2051, 2048]","[2049, 2048, 2049, 2049, 2048, 2048, 2048, 2048, 2048]",333.0,Max VERSTAPPEN,VER,Red Bull Racing,4781D7,2026-09-26 12:29:36.197000+00:00,2026-09-26 12:31:21.267000+00:00,True,True,1,3.0,SOFT,13.0,False,PENDING_TIME_INTERVAL_REVIEW,,Finalize after checking temporal overlap with race-control periods
1295,11377,3,46,2026-09-26T12:31:21.314000+00:00,37.411,43.154,24.706,202.0,213.0,False,105.271,"[None, 2048, 2048, 2048, 2048, 2048, 2048, 2049]","[2048, 2048, 2049, 2048, 2049, 2048, 2048, 2048, 2048, 2048]","[2048, 2048, 2048, 2048, 2048, 2048, 2048, 2048, 2048]",334.0,Max VERSTAPPEN,VER,Red Bull Racing,4781D7,2026-09-26 12:31:21.314000+00:00,2026-09-26 12:33:06.585000+00:00,True,True,1,3.0,SOFT,14.0,False,PENDING_TIME_INTERVAL_REVIEW,,Finalize after checking temporal overlap with race-control periods
1295,11377,3,47,2026-09-26T12:33:06.583000+00:00,37.376,43.098,24.662,200.0,217.0,False,105.136,"[None, 2048, 2049, 2048, 2048, 2049, 2048, 2048]","[2048, 2048, 2048, 2049, 2048, 2048, 2048, 2048, 2048, 2048]","[2051, 2049, 2048, 2048, 2048, 2048, 2048, 2048, 2048]",333.0,Max VERSTAPPEN,VER,Red Bull Racing,4781D7,2026-09-26 12:33:06.583000+00:00,2026-09-26 12:34:51.719000+00:00,True,True,1,3.0,SOFT,15.0,False,PENDING_TIME_INTERVAL_REVIEW,,Finalize after checking temporal overlap with race-control periods
1295,11377,3,48,2026-09-26T12:34:51.839000+00:00,37.222,42.999,24.772,201.0,213.0,False,104.993,"[2049, 2049, 2049, 2048, 2048, 2048, 2049, 2048]","[2048, 2048, 2048, 2048, 2049, 2048, 2048, 2048, 2048, 2048]","[2048, 2048, 2048, 2048, 2048, 2048, 2048, 2048, 2048]",332.0,Max VERSTAPPEN,VER,Red Bull Racing,4781D7,2026-09-26 12:34:51.839000+00:00,2026-09-26 12:36:36.832000+00:00,True,True,1,3.0,SOFT,16.0,False,PENDING_TIME_INTERVAL_REVIEW,,Finalize after checking temporal overlap with race-control periods
1295,11377,3,49,2026-09-26T12:36:36.907000+00:00,37.169,43.101,24.75,205.0,217.0,False,105.02,"[2048, 2048, 2049, 2048, 2048, 2049, 2051, 2049]","[2048, 2048, 2049, 2049, 2048, 2048, 2048, 2048, 2048, 2048]","[2048, 2048, 2048, 2048, 2048, 2048, 2048, 2048, 2048]",332.0,Max VERSTAPPEN,VER,Red Bull Racing,4781D7,2026-09-26 12:36:36.907000+00:00,2026-09-26 12:38:21.927000+00:00,True,True,1,3.0,SOFT,17.0,False,PENDING_TIME_INTERVAL_REVIEW,,Finalize after checking temporal overlap with race-control periods
1295,11377,3,50,2026-09-26T12:38:21.739000+00:00,37.122,43.387,24.679,,213.0,False,105.188,"[2049, 2048, 2048, 2048, 2048, 2049, 2048, 2048]","[2048, 2048, 2048, 2048, 2048, 2048, 2048, 2048, 2048, 2048]","[2051, 2051, 2049, 2048, 2048, 2048, 2048, 2048, 2048]",332.0,Max VERSTAPPEN,VER,Red Bull Racing,4781D7,2026-09-26 12:38:21.739000+00:00,2026-09-26 12:40:06.927000+00:00,True,True,1,3.0,SOFT,18.0,False,PENDING_TIME_INTERVAL_REVIEW,,Finalize after checking temporal overlap with race-control periods
1295,11377,3,51,2026-09-26T12:40:06.943000+00:00,37.171,44.237,25.112,208.0,205.0,False,106.52,"[2048, 2048, 2049, 2048, 2048, 2049, 2048, 2049]","[2048, 2048, 2048, 2048, 2048, 2048, 2048, 2048, 2048, 2049]","[2048, 2048, 2048, 2048, 2048, 2048, 2048, 2048, 2048]",330.0,Max VERSTAPPEN,VER,Red Bull Racing,4781D7,2026-09-26 12:40:06.943000+00:00,2026-09-26 12:41:53.463000+00:00,True,True,1,3.0,SOFT,19.0,False,PENDING_TIME_INTERVAL_REVIEW,,Finalize after checking temporal overlap with race-control periods
1295,11377,6,1,2026-09-26T11:03:50.711000+00:00,44.742,45.404,24.907,182.0,193.0,False,115.053,"[2048, 2049, 2049, 2049, 2049, 2049, 2049, 2049]","[2049, 2049, 2049, 2049, 2049, 2049, 2049, 2049, 2051, 2049]","[2049, 2049, 2051, 2049, 2049, 2049, 2049, 2051, 2051]",341.0,Isack HADJAR,HAD,Red Bull Racing,4781D7,2026-09-26 11:03:50.711000+00:00,2026-09-26 11:05:45.764000+00:00,True,False,1,1.0,SOFT,0.0,False,PENDING_TIME_INTERVAL_REVIEW,,Finalize after checking temporal overlap with race-control periods
1295,11377,6,2,2026-09-26T11:05:45.764000+00:00,39.999,45.047,24.93,186.0,198.0,False,109.976,"[2049, 2048, 2049, 2049, 2049, 2049, 2049, 2048]","[2049, 2048, 2049, 2048, 2049, 2051, 2049, 2049, 2048, 2049]","[2048, 2048, 2048, 2049, 2049, 2049, 2049, 2048, 2048]",342.0,Isack HADJAR,HAD,Red Bull Racing,4781D7,2026-09-26 11:05:45.764000+00:00,2026-09-26 11:07:35.740000+00:00,True,False,1,1.0,SOFT,1.0,False,PENDING_TIME_INTERVAL_REVIEW,,Finalize after checking temporal overlap with race-control periods
1295,11377,6,3,2026-09-26T11:07:35.605000+00:00,39.269,44.692,24.872,193.0,209.0,False,108.833,"[None, 2049, 2049, 2049, 2048, 2049, 2049, 2048]","[2049, 2048, 2049, 2049, 2049, 2048, 2049, 2049, 2048, 2048]","[2049, 2049, 2051, 2049, 2048, 2048, 2048, 2048]",340.0,Isack HADJAR,HAD,Red Bull Racing,4781D7,2026-09-26 11:07:35.605000+00:00,2026-09-26 11:09:24.438000+00:00,True,False,1,1.0,SOFT,2.0,False,PENDING_TIME_INTERVAL_REVIEW,,Finalize after checking temporal overlap with race-control periods
1295,11377,6,4,2026-09-26T11:09:24.409000+00:00,39.631,44.324,25.367,189.0,205.0,False,109.322,"[2051, 2048, 2048, 2049, 2051, 2049, 2049, 2048]","[2049, 2048, 2049, 2049, 2049, 2048, 2049, 2051, 2048, 2048]","[2049, 2049, 2048, 2048, 2048, 2048, 2048, 2048, 2048]",327.0,Isack HADJAR,HAD,Red Bull Racing,4781D7,2026-09-26 11:09:24.409000+00:00,2026-09-26 11:11:13.731000+00:00,True,False,1,1.0,SOFT,3.0,False,PENDING_TIME_INTERVAL_REVIEW,,Finalize after checking temporal overlap with race-control periods
1295,11377,6,5,2026-09-26T11:11:13.746000+00:00,38.722,44.244,25.481,196.0,204.0,False,108.447,"[2048, 2049, 2049, 2048, 2048, 2049, 2049, 2048]","[2049, 2048, 2049, 2049, 2049, 2048, 2048, 2048, 2049, 2048]","[2048, 2049, 2048, 2048, 2048, 2048, 2048, 2048, 2048]",322.0,Isack HADJAR,HAD,Red Bull Racing,4781D7,2026-09-26 11:11:13.746000+00:00,2026-09-26 11:13:02.193000+00:00,True,False,1,1.0,SOFT,4.0,False,PENDING_TIME_INTERVAL_REVIEW,,Finalize after checking temporal overlap with race-control periods
1295,11377,6,6,2026-09-26T11:13:02.294000+00:00,38.518,44.164,25.312,197.0,215.0,False,107.994,"[None, 2048, 2049, 2048, 2048, 2048, 2049, 2048]","[2049, 2048, 2049, 2049, 2049, 2048, 2048, 2049, 2048, 2048]","[2049, 2048, 2048, 2048, 2048, 2048, 2048, 2048, 2048]",326.0,Isack HADJAR,HAD,Red Bull Racing,4781D7,2026-09-26 11:13:02.294000+00:00,2026-09-26 11:14:50.288000+00:00,True,False,1,1.0,SOFT,5.0,False,PENDING_TIME_INTERVAL_REVIEW,,Finalize after checking temporal overlap with race-control periods
1295,11377,6,7,2026-09-26T11:14:50.326000+00:00,39.116,44.73,25.187,194.0,208.0,False,109.033,"[None, 2048, 2048, 2048, 2048, 2048, 2048, 2048]","[2048, 2048, 2048, 2048, 2048, 2048, 2048, 2048, 2048, 2048]","[2048, 2048, 2048, 2048, 2048, 2048, 2048, 2048, 2048]",332.0,Isack HADJAR,HAD,Red Bull Racing,4781D7,2026-09-26 11:14:50.326000+00:00,2026-09-26 11:16:39.359000+00:00,True,False,1,1.0,SOFT,6.0,False,PENDING_TIME_INTERVAL_REVIEW,,Finalize after checking temporal overlap with race-control periods
1295,11377,6,8,2026-09-26T11:16:39.302000+00:00,38.39,44.412,25.133,198.0,209.0,False,107.935,"[None, 2049, 2049, 2048, 2048, 2049, 2048, 2048]","[2048, 2048, 2048, 2048, 2048, 2048, 2048, 2048, 2048, 2048]","[2048, 2048, 2048, 2048, 2048, 2048, 2048, 2048, 2048]",333.0,Isack HADJAR,HAD,Red Bull Racing,4781D7,2026-09-26 11:16:39.302000+00:00,2026-09-26 11:18:27.237000+00:00,True,False,1,1.0,SOFT,7.0,False,PENDING_TIME_INTERVAL_REVIEW,,Finalize after checking temporal overlap with race-control periods
1295,11377,6,9,2026-09-26T11:18:27.201000+00:00,38.504,44.716,25.028,194.0,202.0,False,108.248,"[None, 2048, 2048, 2048, 2048, 2048, 2048, 2048]","[2048, 2048, 2048, 2048, 2048, 2048, 2048, 2048, 2048, 2048]","[2048, 2048, 2048, 2048, 2048, 2048, 2048, 2048, 2048]",338.0,Isack HADJAR,HAD,Red Bull Racing,4781D7,2026-09-26 11:18:27.201000+00:00,2026-09-26 11:20:15.449000+00:00,True,False,1,1.0,SOFT,8.0,False,PENDING_TIME_INTERVAL_REVIEW,,Finalize after checking temporal overlap with race-control periods
1295,11377,6,10,2026-09-26T11:20:15.740000+00:00,38.85,44.679,25.114,189.0,204.0,False,108.643,"[None, 2048, 2048, 2048, 2051, 2048, 2048, 2048]","[2048, 2048, 2048, 2048, 2048, 2049, 2049, 2048, 2048, 2048]","[2048, 2049, 2049, 2049, 2048, 2048, 2048, 2048, 2048]",332.0,Isack HADJAR,HAD,Red Bull Racing,4781D7,2026-09-26 11:20:15.740000+00:00,2026-09-26 11:22:04.383000+00:00,True,False,1,1.0,SOFT,9.0,False,PENDING_TIME_INTERVAL_REVIEW,,Finalize after checking temporal overlap with race-control periods
1295,11377,6,11,2026-09-26T11:22:04.288000+00:00,38.568,44.746,25.052,188.0,204.0,False,108.366,"[None, 2048, 2048, 2048, 2051, 2048, 2048, 2048]","[2048, 2048, 2048, 2048, 2048, 2048, 2048, 2048, 2048, 2048]","[2048, 2048, 2048, 2048, 2048, 2048, 2048, 2048, 2048]",334.0,Isack HADJAR,HAD,Red Bull Racing,4781D7,2026-09-26 11:22:04.288000+00:00,2026-09-26 11:23:52.654000+00:00,True,False,1,1.0,SOFT,10.0,False,PENDING_TIME_INTERVAL_REVIEW,,Finalize after checking temporal overlap with race-control periods
1295,11377,6,12,2026-09-26T11:23:52.438000+00:00,38.53,44.671,24.942,193.0,209.0,False,108.143,"[None, 2048, 2048, 2049, 2051, 2048, 2048, 2048]","[2048, 2048, 2048, 2048, 2048, 2048, 2049, 2048, 2048, 2049]","[2048, 2049, 2049, 2049, 2048, 2048, 2048, 2048, 2048]",336.0,Isack HADJAR,HAD,Red Bull Racing,4781D7,2026-09-26 11:23:52.438000+00:00,2026-09-26 11:25:40.581000+00:00,True,False,1,1.0,SOFT,11.0,False,PENDING_TIME_INTERVAL_REVIEW,,Finalize after checking temporal overlap with race-control periods
1295,11377,6,13,2026-09-26T11:25:40.704000+00:00,38.567,44.524,25.039,185.0,206.0,False,108.13,"[None, 2048, 2048, 2051, 2048, 2048, 2048, 2048]","[2048, 2048, 2049, 2048, 2048, 2048, 2049, 2048, 2048, 2048]","[2048, 2048, 2048, 2048, 2048, 2048, 2048, 2048, 2048]",334.0,Isack HADJAR,HAD,Red Bull Racing,4781D7,2026-09-26 11:25:40.704000+00:00,2026-09-26 11:27:28.834000+00:00,True,False,1,1.0,SOFT,12.0,False,PENDING_TIME_INTERVAL_REVIEW,,Finalize after checking temporal overlap with race-control periods
1295,11377,6,14,2026-09-26T11:27:28.806000+00:00,38.484,44.467,25.06,194.0,200.0,False,108.011,"[None, 2048, 2048, 2048, 2048, 2048, 2048, 2048]","[2048, 2048, 2048, 2048, 2048, 2048, 2049, 2048, 2048, 2048]","[2048, 2048, 2048, 2049, 2048, 2048, 2048, 2048, 2048]",335.0,Isack HADJAR,HAD,Red Bull Racing,4781D7,2026-09-26 11:27:28.806000+00:00,2026-09-26 11:29:16.817000+00:00,True,False,1,1.0,SOFT,13.0,False,PENDING_TIME_INTERVAL_REVIEW,,Finalize after checking temporal overlap with race-control periods
1295,11377,6,15,2026-09-26T11:29:16.772000+00:00,38.592,44.609,24.979,196.0,206.0,False,108.18,"[None, 2048, 2048, 2048, 2048, 2048, 2048, 2048]","[2048, 2048, 2048, 2048, 2048, 2048, 2048, 2048, 2048, 2048]","[2048, 2049, 2049, 2049, 2048, 2048, 2048, 2048, 2048]",336.0,Isack HADJAR,HAD,Red Bull Racing,4781D7,2026-09-26 11:29:16.772000+00:00,2026-09-26 11:31:04.952000+00:00,True,False,1,1.0,SOFT,14.0,False,PENDING_TIME_INTERVAL_REVIEW,,Finalize after checking temporal overlap with race-control periods
1295,11377,6,16,2026-09-26T11:31:05.031000+00:00,38.513,44.394,24.976,199.0,210.0,False,107.883,"[None, 2048, 2048, 2048, 2051, 2048, 2048, 2048]","[2048, 2048, 2048, 2048, 2048, 2051, 2048, 2048, 2048, 2048]","[2048, 2049, 2048, 2048, 2048, 2048, 2048, 2048, 2048]",334.0,Isack HADJAR,HAD,Red Bull Racing,4781D7,2026-09-26 11:31:05.031000+00:00,2026-09-26 11:32:52.914000+00:00,True,False,1,1.0,SOFT,15.0,False,PENDING_TIME_INTERVAL_REVIEW,,Finalize after checking temporal overlap with race-control periods
1295,11377,6,17,2026-09-26T11:32:52.916000+00:00,38.455,44.406,25.048,195.0,206.0,False,107.909,"[None, 2048, 2048, 2048, 2051, 2048, 2048, 2048]","[2048, 2048, 2048, 2048, 2048, 2048, 2048, 2048, 2048, 2048]","[2048, 2048, 2048, 2049, 2048, 2048, 2048, 2048, 2048]",333.0,Isack HADJAR,HAD,Red Bull Racing,4781D7,2026-09-26 11:32:52.916000+00:00,2026-09-26 11:34:40.825000+00:00,True,False,1,1.0,SOFT,16.0,False,PENDING_TIME_INTERVAL_REVIEW,,Finalize after checking temporal overlap with race-control periods
1295,11377,6,18,2026-09-26T11:34:40.826000+00:00,38.517,44.448,25.056,197.0,208.0,False,108.021,"[None, 2048, 2048, 2048, 2048, 2048, 2048, 2048]","[2048, 2048, 2048, 2048, 2048, 2048, 2048, 2048, 2048, 2048]","[2048, 2048, 2048, 2049, 2048, 2048, 2048, 2048, 2048]",332.0,Isack HADJAR,HAD,Red Bull Racing,4781D7,2026-09-26 11:34:40.826000+00:00,2026-09-26 11:36:28.847000+00:00,True,False,1,1.0,SOFT,17.0,False,PENDING_TIME_INTERVAL_REVIEW,,Finalize after checking temporal overlap with race-control periods
1295,11377,6,19,2026-09-26T11:36:28.732000+00:00,38.413,44.413,24.772,199.0,209.0,False,107.598,"[None, 2048, 2049, 2048, 2048, 2048, 2048, 2048]","[2048, 2048, 2049, 2048, 2048, 2048, 2048, 2049, 2048, 2048]","[2048, 2049, 2051, 2048, 2048, 2048, 2048, 2048, 2048]",338.0,Isack HADJAR,HAD,Red Bull Racing,4781D7,2026-09-26 11:36:28.732000+00:00,2026-09-26 11:38:16.330000+00:00,True,False,1,1.0,SOFT,18.0,False,PENDING_TIME_INTERVAL_REVIEW,,Finalize after checking temporal overlap with race-control periods
1295,11377,6,20,2026-09-26T11:38:16.508000+00:00,38.955,44.413,24.953,,206.0,False,108.321,"[None, 2048, 2048, 2048, 2048, 2048, 2048, 2048]","[2048, 2048, 2048, 2048, 2048, 2048, 2048, 2048, 2048, 2048]","[2048, 2048, 2048, 2049, 2049, 2048, 2048, 2048, 2048]",337.0,Isack HADJAR,HAD,Red Bull Racing,4781D7,2026-09-26 11:38:16.508000+00:00,2026-09-26 11:40:04.829000+00:00,True,False,1,1.0,SOFT,19.0,False,PENDING_TIME_INTERVAL_REVIEW,,Finalize after checking temporal overlap with race-control periods
1295,11377,6,21,2026-09-26T11:40:04.723000+00:00,38.336,44.382,24.829,,207.0,False,107.547,"[None, 2048, 2048, 2048, 2051, 2048, 2048, 2048]","[2048, 2048, 2048, 2048, 2048, 2048, 2049, 2048, 2048, 2048]","[2048, 2049, 2051, 2048, 2048, 2048, 2048, 2048, 2048]",338.0,Isack HADJAR,HAD,Red Bull Racing,4781D7,2026-09-26 11:40:04.723000+00:00,2026-09-26 11:41:52.270000+00:00,True,False,1,1.0,SOFT,20.0,False,PENDING_TIME_INTERVAL_REVIEW,,Finalize after checking temporal overlap with race-control periods
1295,11377,6,22,2026-09-26T11:41:52.330000+00:00,38.437,44.431,24.938,,209.0,False,107.806,"[None, 2048, 2048, 2048, 2048, 2048, 2048, 2048]","[2048, 2048, 2048, 2048, 2048, 2048, 2048, 2048, 2048, 2049]","[2048, 2048, 2048, 2048, 2048, 2048, 2048, 2048, 2048]",336.0,Isack HADJAR,HAD,Red Bull Racing,4781D7,2026-09-26 11:41:52.330000+00:00,2026-09-26 11:43:40.136000+00:00,True,False,1,1.0,SOFT,21.0,False,PENDING_TIME_INTERVAL_REVIEW,,Finalize after checking temporal overlap with race-control periods
1295,11377,6,23,2026-09-26T11:43:40.125000+00:00,38.385,44.137,24.922,198.0,211.0,False,107.444,"[None, 2048, 2048, 2048, 2048, 2048, 2048, 2048]","[2048, 2048, 2048, 2048, 2048, 2048, 2049, 2049, 2048, 2048]","[2048, 2048, 2048, 2048, 2048, 2048, 2048, 2048, 2048]",337.0,Isack HADJAR,HAD,Red Bull Racing,4781D7,2026-09-26 11:43:40.125000+00:00,2026-09-26 11:45:27.569000+00:00,True,False,1,1.0,SOFT,22.0,False,PENDING_TIME_INTERVAL_REVIEW,,Finalize after checking temporal overlap with race-control periods
1295,11377,6,24,2026-09-26T11:45:27.471000+00:00,38.249,44.093,24.907,203.0,209.0,False,107.249,"[None, 2048, 2048, 2048, 2048, 2048, 2048, 2048]","[2048, 2048, 2049, 2048, 2048, 2048, 2049, 2048, 2048, 2048]","[2048, 2048, 2048, 2049, 2049, 2048, 2048, 2048, 2048]",339.0,Isack HADJAR,HAD,Red Bull Racing,4781D7,2026-09-26 11:45:27.471000+00:00,2026-09-26 11:47:14.720000+00:00,True,False,1,1.0,SOFT,23.0,False,PENDING_TIME_INTERVAL_REVIEW,,Finalize after checking temporal overlap with race-control periods
1295,11377,6,25,2026-09-26T11:47:14.822000+00:00,38.289,44.299,24.894,207.0,209.0,False,107.482,"[None, 2048, 2048, 2051, 2048, 2048, 2048, 2048]","[2048, 2048, 2048, 2048, 2048, 2049, 2048, 2048, 2048, 2048]","[2048, 2048, 2049, 2048, 2048, 2048, 2048, 2048, 2048]",338.0,Isack HADJAR,HAD,Red Bull Racing,4781D7,2026-09-26 11:47:14.822000+00:00,2026-09-26 11:49:02.304000+00:00,True,False,1,1.0,SOFT,24.0,False,PENDING_TIME_INTERVAL_REVIEW,,Finalize after checking temporal overlap with race-control periods
1295,11377,6,26,2026-09-26T11:49:02.222000+00:00,38.247,44.206,24.719,197.0,210.0,False,107.172,"[None, 2048, 2048, 2048, 2051, 2048, 2048, 2048]","[2048, 2048, 2049, 2048, 2048, 2049, 2049, 2048, 2048, 2048]","[2048, 2048, 2048, 2049, 2049, 2049, 2048, 2048, 2048]",342.0,Isack HADJAR,HAD,Red Bull Racing,4781D7,2026-09-26 11:49:02.222000+00:00,2026-09-26 11:50:49.394000+00:00,True,False,1,1.0,SOFT,25.0,False,PENDING_TIME_INTERVAL_REVIEW,,Finalize after checking temporal overlap with race-control periods
1295,11377,6,27,2026-09-26T11:50:49.734000+00:00,38.672,44.494,24.826,199.0,208.0,False,107.992,"[None, 2048, 2048, 2051, 2048, 2048, 2048, 2048]","[2048, 2048, 2048, 2048, 2048, 2048, 2048, 2048, 2048, 2048]","[2048, 2048, 2051, 2048, 2048, 2048, 2048, 2048, 2048]",339.0,Isack HADJAR,HAD,Red Bull Racing,4781D7,2026-09-26 11:50:49.734000+00:00,2026-09-26 11:52:37.726000+00:00,True,False,1,1.0,SOFT,26.0,False,PENDING_TIME_INTERVAL_REVIEW,,Finalize after checking temporal overlap with race-control periods
1295,11377,6,28,2026-09-26T11:52:37.418000+00:00,38.191,44.128,24.93,201.0,208.0,False,107.249,"[None, 2049, 2048, 2051, 2048, 2048, 2048, 2048]","[2048, 2048, 2048, 2048, 2048, 2049, 2048, 2048, 2049, 2048]","[2048, 2048, 2048, 2048, 2048, 2048, 2048, 2048, 2048]",338.0,Isack HADJAR,HAD,Red Bull Racing,4781D7,2026-09-26 11:52:37.418000+00:00,2026-09-26 11:54:24.667000+00:00,True,False,1,1.0,SOFT,27.0,False,PENDING_TIME_INTERVAL_REVIEW,,Finalize after checking temporal overlap with race-control periods
1295,11377,6,29,2026-09-26T11:54:24.592000+00:00,38.233,44.246,24.858,203.0,207.0,False,107.337,"[None, 2049, 2048, 2051, 2048, 2048, 2048, 2048]","[2048, 2048, 2048, 2048, 2048, 2048, 2049, 2048, 2048, 2048]","[2048, 2048, 2048, 2048, 2049, 2048, 2048, 2048, 2048]",338.0,Isack HADJAR,HAD,Red Bull Racing,4781D7,2026-09-26 11:54:24.592000+00:00,2026-09-26 11:56:11.929000+00:00,True,False,1,1.0,SOFT,28.0,False,PENDING_TIME_INTERVAL_REVIEW,,Finalize after checking temporal overlap with race-control periods
1295,11377,6,30,2026-09-26T11:56:12.070000+00:00,38.267,44.209,24.898,200.0,207.0,False,107.374,"[None, 2048, 2048, 2048, 2048, 2048, 2048, 2048]","[2048, 2048, 2048, 2048, 2048, 2049, 2048, 2048, 2048, 2048]","[2048, 2048, 2048, 2048, 2048, 2048, 2048, 2048, 2048]",338.0,Isack HADJAR,HAD,Red Bull Racing,4781D7,2026-09-26 11:56:12.070000+00:00,2026-09-26 11:57:59.444000+00:00,True,False,1,1.0,SOFT,29.0,False,PENDING_TIME_INTERVAL_REVIEW,,Finalize after checking temporal overlap with race-control periods
1295,11377,6,31,2026-09-26T11:57:59.381000+00:00,52.051,60.43,45.013,112.0,144.0,False,157.494,"[None, 2048, 2048, 2048, 2048, 2048, 2048, 2048]","[2048, 2048, 2048, 2048, 2048, 2048, 2048, 2048, 2048, 2048]","[2048, 2048, 2048, 2048, 2048, 2048, 2048, 2064, 2064]",146.0,Isack HADJAR,HAD,Red Bull Racing,4781D7,2026-09-26 11:57:59.381000+00:00,2026-09-26 12:00:36.875000+00:00,True,False,1,1.0,SOFT,30.0,True,PENDING_TIME_INTERVAL_REVIEW,,Finalize after checking temporal overlap with race-control periods
1295,11377,6,32,2026-09-26T12:00:36.909000+00:00,64.113,59.23,39.332,120.0,168.0,True,162.675,"[2064, 2064, 2048, 2048, 2048, 2048, 2048, 2048]","[2048, 2048, 2048, 2048, 2048, 2048, 2048, 2048, 2048, 2048]","[2048, 2048, 2048, 2048, 2048, 2048, 2048, 2048, 2048]",190.0,Isack HADJAR,HAD,Red Bull Racing,4781D7,2026-09-26 12:00:36.909000+00:00,2026-09-26 12:03:19.584000+00:00,True,False,1,2.0,MEDIUM,0.0,False,PENDING_TIME_INTERVAL_REVIEW,,Finalize after checking temporal overlap with race-control periods
1295,11377,6,33,2026-09-26T12:03:19.539000+00:00,60.706,67.638,37.198,73.0,176.0,False,165.542,"[2048, 2048, 2048, 2048, 2048, 2048, 2048, 2048]","[2048, 2048, 2048, 2048, 2048, 2048, 2048, 2048, 2048, 2048]","[2048, 2048, 2048, 2048, 2048, 2048, 2048, 2048, 2048]",190.0,Isack HADJAR,HAD,Red Bull Racing,4781D7,2026-09-26 12:03:19.539000+00:00,2026-09-26 12:06:05.081000+00:00,True,False,1,2.0,MEDIUM,1.0,False,PENDING_TIME_INTERVAL_REVIEW,,Finalize after checking temporal overlap with race-control periods
1295,11377,6,34,2026-09-26T12:06:05.117000+00:00,65.416,61.696,38.711,123.0,173.0,False,165.823,"[None, 2048, 2048, 2048, 2048, 2048, 2048, 2048]","[2048, 2048, 2048, 2048, 2048, 2048, 2048, 2048, 2048, 2048]","[2048, 2048, 2048, 2048, 2048, 2048, 2048, 2048, 2048]",225.0,Isack HADJAR,HAD,Red Bull Racing,4781D7,2026-09-26 12:06:05.117000+00:00,2026-09-26 12:08:50.940000+00:00,True,False,1,2.0,MEDIUM,2.0,False,PENDING_TIME_INTERVAL_REVIEW,,Finalize after checking temporal overlap with race-control periods
1295,11377,6,35,2026-09-26T12:08:50.995000+00:00,52.814,62.689,40.461,141.0,147.0,False,155.964,"[None, 2048, 2048, 2048, 2048, 2048, 2048, 2048]","[2048, 2048, 2048, 2048, 2048, 2048, 2048, 2048, 2048, 2048]","[2048, 2048, 2048, 2048, 2048, 2048, 2048, 2048, 2048]",193.0,Isack HADJAR,HAD,Red Bull Racing,4781D7,2026-09-26 12:08:50.995000+00:00,2026-09-26 12:11:26.959000+00:00,True,False,1,2.0,MEDIUM,3.0,False,PENDING_TIME_INTERVAL_REVIEW,,Finalize after checking temporal overlap with race-control periods
1295,11377,6,36,2026-09-26T12:11:26.907000+00:00,39.453,53.521,43.289,184.0,121.0,False,136.263,"[None, 2048, 2048, 2049, 2048, 2048, 2048, 2049]","[2048, 2051, 2048, 2048, 2048, 2048, 2049, 2048, 2048, 2048]","[2048, 2048, 2048, 2048, 2048, 2048, 2048, 2064, 2064]",215.0,Isack HADJAR,HAD,Red Bull Racing,4781D7,2026-09-26 12:11:26.907000+00:00,2026-09-26 12:13:43.170000+00:00,True,False,1,2.0,MEDIUM,4.0,True,PENDING_TIME_INTERVAL_REVIEW,,Finalize after checking temporal overlap with race-control periods
1295,11377,6,37,2026-09-26T12:13:43.052000+00:00,58.844,62.113,40.046,130.0,185.0,True,161.003,"[2064, 2064, 2048, 2048, 2048, 2048, 2048, 2048]","[2048, 2048, 2048, 2048, 2048, 2048, 2048, 2048, 2048, 2048]","[2048, 2048, 2048, 2048, 2048, 2048, 2048, 2048, 2048]",151.0,Isack HADJAR,HAD,Red Bull Racing,4781D7,2026-09-26 12:13:43.052000+00:00,2026-09-26 12:16:24.055000+00:00,True,False,1,3.0,MEDIUM,5.0,False,PENDING_TIME_INTERVAL_REVIEW,,Finalize after checking temporal overlap with race-control periods
1295,11377,6,38,2026-09-26T12:16:24.163000+00:00,57.337,62.951,37.67,123.0,105.0,False,157.958,"[2048, 2048, 2048, 2048, 2048, 2048, 2048, 2048]","[2048, 2048, 2048, 2048, 2048, 2048, 2048, 2048, 2048, 2048]","[2048, 2048, 2048, 2048, 2048, 2048, 2048, 2048, 2048]",203.0,Isack HADJAR,HAD,Red Bull Racing,4781D7,2026-09-26 12:16:24.163000+00:00,2026-09-26 12:19:02.121000+00:00,True,False,1,3.0,MEDIUM,6.0,False,PENDING_TIME_INTERVAL_REVIEW,,Finalize after checking temporal overlap with race-control periods
1295,11377,6,39,2026-09-26T12:19:02.465000+00:00,39.364,44.017,24.872,192.0,209.0,False,108.253,"[None, 2048, 2048, 2049, 2048, 2048, 2048, 2048]","[2048, 2051, 2048, 2048, 2048, 2049, 2048, 2049, 2048, 2048]","[2048, 2049, 2049, 2048, 2048, 2048, 2048, 2048, 2048]",335.0,Isack HADJAR,HAD,Red Bull Racing,4781D7,2026-09-26 12:19:02.465000+00:00,2026-09-26 12:20:50.718000+00:00,True,False,1,3.0,MEDIUM,7.0,False,PENDING_TIME_INTERVAL_REVIEW,,Finalize after checking temporal overlap with race-control periods
1295,11377,6,40,2026-09-26T12:20:50.385000+00:00,38.347,43.193,25.088,204.0,219.0,False,106.628,"[None, 2048, 2048, 2048, 2048, 2049, 2049, 2048]","[2049, 2048, 2049, 2048, 2049, 2049, 2048, 2049, 2049, 2049]","[2049, 2049, 2049, 2048, 2048, 2048, 2048, 2048, 2048]",329.0,Isack HADJAR,HAD,Red Bull Racing,4781D7,2026-09-26 12:20:50.385000+00:00,2026-09-26 12:22:37.013000+00:00,True,False,1,3.0,MEDIUM,8.0,False,PENDING_TIME_INTERVAL_REVIEW,,Finalize after checking temporal overlap with race-control periods
1295,11377,6,41,2026-09-26T12:22:36.979000+00:00,37.718,43.444,25.089,205.0,218.0,False,106.251,"[None, 2049, 2049, 2048, 2048, 2049, 2049, 2048]","[2048, 2048, 2048, 2049, 2048, 2048, 2048, 2048, 2048, 2048]","[2049, 2049, 2049, 2048, 2048, 2048, 2048, 2048, 2048]",328.0,Isack HADJAR,HAD,Red Bull Racing,4781D7,2026-09-26 12:22:36.979000+00:00,2026-09-26 12:24:23.230000+00:00,True,False,1,3.0,MEDIUM,9.0,False,PENDING_TIME_INTERVAL_REVIEW,,Finalize after checking temporal overlap with race-control periods
1295,11377,6,42,2026-09-26T12:24:23.135000+00:00,37.846,43.246,25.063,204.0,213.0,False,106.155,"[None, 2048, 2048, 2048, 2048, 2049, 2048, 2048]","[2049, 2048, 2049, 2049, 2048, 2048, 2048, 2048, 2049, 2048]","[2048, 2049, 2049, 2048, 2048, 2048, 2048, 2048, 2048]",327.0,Isack HADJAR,HAD,Red Bull Racing,4781D7,2026-09-26 12:24:23.135000+00:00,2026-09-26 12:26:09.290000+00:00,True,False,1,3.0,MEDIUM,10.0,False,PENDING_TIME_INTERVAL_REVIEW,,Finalize after checking temporal overlap with race-control periods
1295,11377,6,43,2026-09-26T12:26:09.378000+00:00,37.718,43.36,25.089,,216.0,False,106.167,"[None, 2048, 2048, 2048, 2048, 2049, 2048, 2048]","[2048, 2048, 2048, 2048, 2048, 2048, 2048, 2048, 2049, 2048]","[2048, 2048, 2048, 2049, 2048, 2048, 2048, 2048, 2048]",327.0,Isack HADJAR,HAD,Red Bull Racing,4781D7,2026-09-26 12:26:09.378000+00:00,2026-09-26 12:27:55.545000+00:00,True,False,1,3.0,MEDIUM,11.0,False,PENDING_TIME_INTERVAL_REVIEW,,Finalize after checking temporal overlap with race-control periods
1295,11377,6,44,2026-09-26T12:27:55.632000+00:00,37.534,43.254,25.058,209.0,218.0,False,105.846,"[None, 2048, 2049, 2048, 2048, 2049, 2049, 2048]","[2048, 2048, 2048, 2049, 2048, 2048, 2048, 2048, 2049, 2048]","[2049, 2049, 2049, 2048, 2048, 2048, 2048, 2048, 2048]",326.0,Isack HADJAR,HAD,Red Bull Racing,4781D7,2026-09-26 12:27:55.632000+00:00,2026-09-26 12:29:41.478000+00:00,True,False,1,3.0,MEDIUM,12.0,False,PENDING_TIME_INTERVAL_REVIEW,,Finalize after checking temporal overlap with race-control periods
1295,11377,6,45,2026-09-26T12:29:41.440000+00:00,37.478,43.085,25.17,207.0,214.0,False,105.733,"[None, 2048, 2048, 2048, 2048, 2048, 2049, 2048]","[2049, 2048, 2049, 2049, 2048, 2049, 2048, 2048, 2048, 2048]","[2048, 2049, 2049, 2048, 2048, 2048, 2048, 2048, 2048]",326.0,Isack HADJAR,HAD,Red Bull Racing,4781D7,2026-09-26 12:29:41.440000+00:00,2026-09-26 12:31:27.173000+00:00,True,False,1,3.0,MEDIUM,13.0,False,PENDING_TIME_INTERVAL_REVIEW,,Finalize after checking temporal overlap with race-control periods
1295,11377,6,46,2026-09-26T12:31:27.130000+00:00,37.517,43.11,25.229,210.0,214.0,False,105.856,"[None, 2049, 2049, 2048, 2048, 2048, 2048, 2048]","[2048, 2048, 2048, 2048, 2049, 2049, 2048, 2049, 2048, 2048]","[2048, 2048, 2048, 2048, 2048, 2048, 2048, 2048, 2048]",325.0,Isack HADJAR,HAD,Red Bull Racing,4781D7,2026-09-26 12:31:27.130000+00:00,2026-09-26 12:33:12.986000+00:00,True,False,1,3.0,MEDIUM,14.0,False,PENDING_TIME_INTERVAL_REVIEW,,Finalize after checking temporal overlap with race-control periods
1295,11377,6,47,2026-09-26T12:33:12.959000+00:00,37.512,43.204,25.128,207.0,220.0,False,105.844,"[None, 2048, 2048, 2048, 2048, 2049, 2048, 2048]","[2048, 2048, 2049, 2048, 2049, 2048, 2048, 2051, 2048, 2048]","[2049, 2048, 2048, 2048, 2048, 2048, 2048, 2048, 2048]",325.0,Isack HADJAR,HAD,Red Bull Racing,4781D7,2026-09-26 12:33:12.959000+00:00,2026-09-26 12:34:58.803000+00:00,True,False,1,3.0,MEDIUM,15.0,False,PENDING_TIME_INTERVAL_REVIEW,,Finalize after checking temporal overlap with race-control periods
1295,11377,6,48,2026-09-26T12:34:58.867000+00:00,37.544,43.119,25.129,206.0,219.0,False,105.792,"[None, 2049, 2048, 2048, 2048, 2048, 2048, 2048]","[2049, 2048, 2048, 2048, 2048, 2048, 2048, 2048, 2048, 2048]","[2048, 2048, 2048, 2048, 2048, 2048, 2048, 2048, 2048]",326.0,Isack HADJAR,HAD,Red Bull Racing,4781D7,2026-09-26 12:34:58.867000+00:00,2026-09-26 12:36:44.659000+00:00,True,False,1,3.0,MEDIUM,16.0,False,PENDING_TIME_INTERVAL_REVIEW,,Finalize after checking temporal overlap with race-control periods
1295,11377,6,49,2026-09-26T12:36:44.581000+00:00,37.426,43.145,25.047,207.0,219.0,False,105.618,"[None, 2049, 2049, 2048, 2048, 2048, 2049, 2048]","[2048, 2048, 2048, 2049, 2048, 2048, 2048, 2048, 2048, 2048]","[2048, 2048, 2049, 2048, 2048, 2048, 2048, 2048, 2048]",326.0,Isack HADJAR,HAD,Red Bull Racing,4781D7,2026-09-26 12:36:44.581000+00:00,2026-09-26 12:38:30.199000+00:00,True,False,1,3.0,MEDIUM,17.0,False,PENDING_TIME_INTERVAL_REVIEW,,Finalize after checking temporal overlap with race-control periods
1295,11377,6,50,2026-09-26T12:38:30.163000+00:00,37.485,43.338,25.109,212.0,211.0,False,105.932,"[None, 2048, 2049, 2048, 2048, 2049, 2048, 2048]","[2048, 2048, 2049, 2048, 2048, 2048, 2048, 2048, 2048, 2048]","[2048, 2049, 2049, 2048, 2048, 2048, 2048, 2048, 2048]",326.0,Isack HADJAR,HAD,Red Bull Racing,4781D7,2026-09-26 12:38:30.163000+00:00,2026-09-26 12:40:16.095000+00:00,True,False,1,3.0,MEDIUM,18.0,False,PENDING_TIME_INTERVAL_REVIEW,,Finalize after checking temporal overlap with race-control periods
1295,11377,6,51,2026-09-26T12:40:16.245000+00:00,37.534,44.792,25.479,205.0,207.0,False,107.805,"[None, 2048, 2048, 2048, 2048, 2048, 2048, 2048]","[2048, 2048, 2048, 2048, 2048, 2049, 2048, 2048, 2048, 2048]","[2048, 2048, 2048, 2048, 2048, 2048, 2048, 2048, 2048]",325.0,Isack HADJAR,HAD,Red Bull Racing,4781D7,2026-09-26 12:40:16.245000+00:00,2026-09-26 12:42:04.050000+00:00,True,False,1,3.0,MEDIUM,19.0,False,PENDING_TIME_INTERVAL_REVIEW,,Finalize after checking temporal overlap with race-control periods
1295,11377,12,1,2026-09-26T11:03:50.711000+00:00,49.801,48.908,24.882,163.0,183.0,False,123.591,"[2049, 2049, 2049, 2049, 2049, 2049, 2049, 2049]","[2049, 2049, 2049, 2049, 2049, 2049, 2049, 2049, 2049, 2049]","[2049, 2049, 2049, 2049, 2051, 2049, 2049, 2049, 2051]",345.0,Kimi ANTONELLI,ANT,Mercedes,00D7B6,2026-09-26 11:03:50.711000+00:00,2026-09-26 11:05:54.302000+00:00,True,False,1,1.0,MEDIUM,2.0,False,PENDING_TIME_INTERVAL_REVIEW,,Finalize after checking temporal overlap with race-control periods
1295,11377,12,2,2026-09-26T11:05:54.302000+00:00,40.823,45.943,24.871,172.0,192.0,False,111.637,"[None, 2049, 2049, 2049, 2048, 2049, 2049, 2049]","[2049, 2048, 2049, 2049, 2049, 2049, 2049, 2049, 2049, 2049]","[2049, 2048, 2048, 2049, 2048, 2048, 2048, 2048, 2048]",342.0,Kimi ANTONELLI,ANT,Mercedes,00D7B6,2026-09-26 11:05:54.302000+00:00,2026-09-26 11:07:45.939000+00:00,True,False,1,1.0,MEDIUM,3.0,False,PENDING_TIME_INTERVAL_REVIEW,,Finalize after checking temporal overlap with race-control periods
1295,11377,12,3,2026-09-26T11:07:45.972000+00:00,40.197,45.511,25.036,173.0,189.0,False,110.744,"[None, 2049, 2049, 2049, 2049, 2049, 2049, 2048]","[2049, 2048, 2049, 2049, 2048, 2049, 2049, 2048, 2049, 2048]","[2048, 2048, 2048, 2048, 2048, 2049, 2048, 2048]",344.0,Kimi ANTONELLI,ANT,Mercedes,00D7B6,2026-09-26 11:07:45.972000+00:00,2026-09-26 11:09:36.716000+00:00,True,False,1,1.0,MEDIUM,4.0,False,PENDING_TIME_INTERVAL_REVIEW,,Finalize after checking temporal overlap with race-control periods
1295,11377,12,4,2026-09-26T11:09:36.529000+00:00,39.372,45.537,25.042,187.0,190.0,False,109.951,"[None, 2049, 2049, 2049, 2049, 2049, 2049, 2049]","[2048, 2049, 2048, 2049, 2048, 2048, 2048, 2049, 2048, 2049]","[2048, 2048, 2048, 2048, 2048, 2048, 2048, 2048, 2048]",339.0,Kimi ANTONELLI,ANT,Mercedes,00D7B6,2026-09-26 11:09:36.529000+00:00,2026-09-26 11:11:26.480000+00:00,True,False,1,1.0,MEDIUM,5.0,False,PENDING_TIME_INTERVAL_REVIEW,,Finalize after checking temporal overlap with race-control periods
1295,11377,12,5,2026-09-26T11:11:26.556000+00:00,39.214,44.711,24.988,191.0,195.0,False,108.913,"[2048, 2048, 2048, 2048, 2049, 2049, 2049, 2049]","[2049, 2049, 2049, 2049, 2048, 2048, 2049, 2049, 2049, 2049]","[2048, 2049, 2049, 2048, 2048, 2048, 2048, 2048, 2048]",338.0,Kimi ANTONELLI,ANT,Mercedes,00D7B6,2026-09-26 11:11:26.556000+00:00,2026-09-26 11:13:15.469000+00:00,True,False,1,1.0,MEDIUM,6.0,False,PENDING_TIME_INTERVAL_REVIEW,,Finalize after checking temporal overlap with race-control periods
1295,11377,12,6,2026-09-26T11:13:15.526000+00:00,39.094,44.275,24.876,194.0,194.0,False,108.245,"[None, 2048, 2049, 2048, 2048, 2048, 2048, 2049]","[2049, 2049, 2049, 2048, 2049, 2049, 2049, 2049, 2049, 2048]","[2049, 2049, 2049, 2049, 2048, 2048, 2048, 2048, 2048]",339.0,Kimi ANTONELLI,ANT,Mercedes,00D7B6,2026-09-26 11:13:15.526000+00:00,2026-09-26 11:15:03.771000+00:00,True,False,1,1.0,MEDIUM,7.0,False,PENDING_TIME_INTERVAL_REVIEW,,Finalize after checking temporal overlap with race-control periods
1295,11377,12,7,2026-09-26T11:15:03.727000+00:00,39.291,45.208,24.934,187.0,193.0,False,109.433,"[None, 2048, 2048, 2048, 2048, 2048, 2048, 2048]","[2048, 2048, 2048, 2048, 2048, 2048, 2048, 2048, 2048, 2048]","[2048, 2048, 2048, 2048, 2048, 2048, 2048, 2048, 2048]",340.0,Kimi ANTONELLI,ANT,Mercedes,00D7B6,2026-09-26 11:15:03.727000+00:00,2026-09-26 11:16:53.160000+00:00,True,False,1,1.0,MEDIUM,8.0,False,PENDING_TIME_INTERVAL_REVIEW,,Finalize after checking temporal overlap with race-control periods
1295,11377,12,8,2026-09-26T11:16:53.169000+00:00,39.549,45.08,24.847,180.0,195.0,False,109.476,"[None, 2049, 2048, 2049, 2048, 2048, 2048, 2048]","[2048, 2048, 2048, 2048, 2048, 2048, 2048, 2048, 2048, 2048]","[2049, 2049, 2049, 2048, 2048, 2048, 2048, 2048, 2048]",339.0,Kimi ANTONELLI,ANT,Mercedes,00D7B6,2026-09-26 11:16:53.169000+00:00,2026-09-26 11:18:42.645000+00:00,True,False,1,1.0,MEDIUM,9.0,False,PENDING_TIME_INTERVAL_REVIEW,,Finalize after checking temporal overlap with race-control periods
1295,11377,12,9,2026-09-26T11:18:42.666000+00:00,39.408,45.612,24.851,183.0,191.0,False,109.871,"[None, 2049, 2048, 2049, 2048, 2048, 2048, 2048]","[2048, 2048, 2048, 2048, 2048, 2048, 2049, 2048, 2048, 2048]","[2048, 2049, 2049, 2048, 2048, 2048, 2048, 2048, 2048]",341.0,Kimi ANTONELLI,ANT,Mercedes,00D7B6,2026-09-26 11:18:42.666000+00:00,2026-09-26 11:20:32.537000+00:00,True,False,1,1.0,MEDIUM,10.0,False,PENDING_TIME_INTERVAL_REVIEW,,Finalize after checking temporal overlap with race-control periods
1295,11377,12,10,2026-09-26T11:20:32.492000+00:00,39.056,44.507,24.555,193.0,196.0,False,108.118,"[2049, 2048, 2049, 2048, 2049, 2048, 2048, 2049]","[2048, 2048, 2048, 2048, 2048, 2048, 2048, 2049, 2049, 2048]","[2049, 2049, 2049, 2049, 2051, 2048, 2048, 2048, 2048]",345.0,Kimi ANTONELLI,ANT,Mercedes,00D7B6,2026-09-26 11:20:32.492000+00:00,2026-09-26 11:22:20.610000+00:00,True,False,1,1.0,MEDIUM,11.0,False,PENDING_TIME_INTERVAL_REVIEW,,Finalize after checking temporal overlap with race-control periods
1295,11377,12,11,2026-09-26T11:22:20.535000+00:00,40.393,45.241,24.678,182.0,196.0,False,110.312,"[2048, 2048, 2048, 2048, 2048, 2048, 2048, 2048]","[2048, 2048, 2048, 2048, 2048, 2048, 2049, 2048, 2048, 2048]","[2048, 2048, 2048, 2048, 2048, 2048, 2048, 2048, 2048]",344.0,Kimi ANTONELLI,ANT,Mercedes,00D7B6,2026-09-26 11:22:20.535000+00:00,2026-09-26 11:24:10.847000+00:00,True,False,1,1.0,MEDIUM,12.0,False,PENDING_TIME_INTERVAL_REVIEW,,Finalize after checking temporal overlap with race-control periods
1295,11377,12,12,2026-09-26T11:24:10.913000+00:00,39.575,44.723,24.938,185.0,200.0,False,109.236,"[None, 2048, 2048, 2048, 2049, 2048, 2048, 2048]","[2048, 2048, 2048, 2049, 2048, 2048, 2048, 2048, 2048, 2048]","[2048, 2048, 2048, 2048, 2048, 2048, 2048, 2048]",338.0,Kimi ANTONELLI,ANT,Mercedes,00D7B6,2026-09-26 11:24:10.913000+00:00,2026-09-26 11:26:00.149000+00:00,True,False,1,1.0,MEDIUM,13.0,False,PENDING_TIME_INTERVAL_REVIEW,,Finalize after checking temporal overlap with race-control periods
1295,11377,12,13,2026-09-26T11:26:00.104000+00:00,38.766,44.14,25.229,196.0,201.0,False,108.135,"[None, 2048, 2049, 2048, 2048, 2048, 2049, 2049]","[2049, 2048, 2048, 2049, 2048, 2048, 2048, 2051, 2049, 2048]","[2049, 2048, 2048, 2048, 2048, 2048, 2048, 2048, 2048]",330.0,Kimi ANTONELLI,ANT,Mercedes,00D7B6,2026-09-26 11:26:00.104000+00:00,2026-09-26 11:27:48.239000+00:00,True,False,1,1.0,MEDIUM,14.0,False,PENDING_TIME_INTERVAL_REVIEW,,Finalize after checking temporal overlap with race-control periods
1295,11377,12,14,2026-09-26T11:27:48.268000+00:00,38.799,44.122,25.145,197.0,205.0,False,108.066,"[None, 2049, 2048, 2048, 2048, 2048, 2048, 2048]","[2048, 2048, 2049, 2049, 2049, 2048, 2048, 2048, 2049, 2049]","[2049, 2049, 2048, 2048, 2048, 2048, 2048, 2048, 2048]",331.0,Kimi ANTONELLI,ANT,Mercedes,00D7B6,2026-09-26 11:27:48.268000+00:00,2026-09-26 11:29:36.334000+00:00,True,False,1,1.0,MEDIUM,15.0,False,PENDING_TIME_INTERVAL_REVIEW,,Finalize after checking temporal overlap with race-control periods
1295,11377,12,15,2026-09-26T11:29:36.350000+00:00,38.628,44.372,25.062,195.0,205.0,False,108.062,"[None, 2048, 2049, 2048, 2048, 2049, 2048, 2048]","[2048, 2048, 2048, 2048, 2048, 2048, 2048, 2048, 2049, 2048]","[2048, 2048, 2048, 2048, 2048, 2048, 2048, 2048, 2048]",334.0,Kimi ANTONELLI,ANT,Mercedes,00D7B6,2026-09-26 11:29:36.350000+00:00,2026-09-26 11:31:24.412000+00:00,True,False,1,1.0,MEDIUM,16.0,False,PENDING_TIME_INTERVAL_REVIEW,,Finalize after checking temporal overlap with race-control periods
1295,11377,12,16,2026-09-26T11:31:24.472000+00:00,38.902,44.598,24.972,192.0,202.0,False,108.472,"[None, 2048, 2048, 2048, 2048, 2048, 2048, 2048]","[2048, 2048, 2048, 2048, 2048, 2048, 2048, 2048, 2048, 2049]","[2048, 2048, 2048, 2048, 2048, 2048, 2048, 2048, 2048]",336.0,Kimi ANTONELLI,ANT,Mercedes,00D7B6,2026-09-26 11:31:24.472000+00:00,2026-09-26 11:33:12.944000+00:00,True,False,1,1.0,MEDIUM,17.0,False,PENDING_TIME_INTERVAL_REVIEW,,Finalize after checking temporal overlap with race-control periods
1295,11377,12,17,2026-09-26T11:33:12.940000+00:00,38.731,43.767,25.354,198.0,203.0,False,107.852,"[None, 2048, 2048, 2048, 2048, 2048, 2048, 2049]","[2049, 2049, 2049, 2049, 2049, 2049, 2048, 2048, 2048, 2049]","[2049, 2049, 2048, 2048, 2048, 2048, 2048, 2048]",324.0,Kimi ANTONELLI,ANT,Mercedes,00D7B6,2026-09-26 11:33:12.940000+00:00,2026-09-26 11:35:00.792000+00:00,True,False,1,1.0,MEDIUM,18.0,False,PENDING_TIME_INTERVAL_REVIEW,,Finalize after checking temporal overlap with race-control periods
1295,11377,12,18,2026-09-26T11:35:00.808000+00:00,38.63,44.079,25.344,200.0,207.0,False,108.053,"[None, 2049, 2049, 2048, 2048, 2048, 2048, 2048]","[2048, 2048, 2048, 2048, 2048, 2048, 2048, 2048, 2048, 2048]","[2048, 2048, 2048, 2048, 2048, 2048, 2048, 2048, 2048]",326.0,Kimi ANTONELLI,ANT,Mercedes,00D7B6,2026-09-26 11:35:00.808000+00:00,2026-09-26 11:36:48.861000+00:00,True,False,1,1.0,MEDIUM,19.0,False,PENDING_TIME_INTERVAL_REVIEW,,Finalize after checking temporal overlap with race-control periods
1295,11377,12,19,2026-09-26T11:36:48.897000+00:00,38.519,44.038,25.303,,204.0,False,107.86,"[None, 2049, 2048, 2048, 2048, 2049, 2048, 2048]","[2049, 2048, 2048, 2049, 2048, 2048, 2048, 2048, 2048, 2048]","[2048, 2049, 2049, 2048, 2048, 2048, 2048, 2048]",326.0,Kimi ANTONELLI,ANT,Mercedes,00D7B6,2026-09-26 11:36:48.897000+00:00,2026-09-26 11:38:36.757000+00:00,True,False,1,1.0,MEDIUM,20.0,False,PENDING_TIME_INTERVAL_REVIEW,,Finalize after checking temporal overlap with race-control periods
1295,11377,12,20,2026-09-26T11:38:36.680000+00:00,38.524,44.213,25.272,196.0,205.0,False,108.009,"[None, 2048, 2048, 2048, 2048, 2049, 2048, 2048]","[2048, 2048, 2048, 2048, 2048, 2048, 2048, 2048, 2048, 2049]","[2048, 2048, 2048, 2048, 2048, 2048, 2048, 2048, 2048]",329.0,Kimi ANTONELLI,ANT,Mercedes,00D7B6,2026-09-26 11:38:36.680000+00:00,2026-09-26 11:40:24.689000+00:00,True,False,1,1.0,MEDIUM,21.0,False,PENDING_TIME_INTERVAL_REVIEW,,Finalize after checking temporal overlap with race-control periods
1295,11377,12,21,2026-09-26T11:40:24.689000+00:00,38.341,44.336,25.055,199.0,204.0,False,107.732,"[None, 2048, 2049, 2048, 2048, 2048, 2048, 2048]","[2048, 2048, 2048, 2048, 2048, 2048, 2048, 2048, 2048, 2049]","[2048, 2048, 2049, 2048, 2048, 2048, 2048, 2048, 2048]",331.0,Kimi ANTONELLI,ANT,Mercedes,00D7B6,2026-09-26 11:40:24.689000+00:00,2026-09-26 11:42:12.421000+00:00,True,False,1,1.0,MEDIUM,22.0,False,PENDING_TIME_INTERVAL_REVIEW,,Finalize after checking temporal overlap with race-control periods
1295,11377,12,22,2026-09-26T11:42:12.449000+00:00,39.109,44.488,24.734,188.0,205.0,False,108.331,"[None, 2048, 2048, 2048, 2048, 2048, 2048, 2048]","[2048, 2049, 2048, 2048, 2048, 2048, 2048, 2048, 2048, 2048]","[2048, 2048, 2049, 2051, 2048, 2048, 2048, 2048, 2048]",334.0,Kimi ANTONELLI,ANT,Mercedes,00D7B6,2026-09-26 11:42:12.449000+00:00,2026-09-26 11:44:00.780000+00:00,True,False,1,1.0,MEDIUM,23.0,False,PENDING_TIME_INTERVAL_REVIEW,,Finalize after checking temporal overlap with race-control periods
1295,11377,12,23,2026-09-26T11:44:00.756000+00:00,38.701,43.737,25.463,203.0,208.0,False,107.901,"[None, 2048, 2048, 2048, 2048, 2048, 2048, 2051]","[2049, 2048, 2049, 2048, 2048, 2049, 2048, 2049, 2049, 2049]","[2048, 2048, 2048, 2048, 2048, 2048, 2048, 2048, 2048]",327.0,Kimi ANTONELLI,ANT,Mercedes,00D7B6,2026-09-26 11:44:00.756000+00:00,2026-09-26 11:45:48.657000+00:00,True,False,1,1.0,MEDIUM,24.0,False,PENDING_TIME_INTERVAL_REVIEW,,Finalize after checking temporal overlap with race-control periods
1295,11377,12,24,2026-09-26T11:45:48.656000+00:00,38.3,43.889,25.329,199.0,208.0,False,107.518,"[None, 2049, 2049, 2048, 2048, 2048, 2048, 2048]","[2048, 2048, 2048, 2048, 2049, 2048, 2048, 2048, 2048, 2048]","[2048, 2048, 2048, 2048, 2048, 2048, 2048, 2048, 2048]",329.0,Kimi ANTONELLI,ANT,Mercedes,00D7B6,2026-09-26 11:45:48.656000+00:00,2026-09-26 11:47:36.174000+00:00,True,False,1,1.0,MEDIUM,25.0,False,PENDING_TIME_INTERVAL_REVIEW,,Finalize after checking temporal overlap with race-control periods
1295,11377,12,25,2026-09-26T11:47:36.207000+00:00,38.459,44.144,25.296,201.0,207.0,False,107.899,"[None, 2048, 2048, 2048, 2048, 2048, 2048, 2048]","[2048, 2048, 2048, 2048, 2048, 2048, 2048, 2048, 2048, 2049]","[2048, 2049, 2048, 2048, 2048, 2048, 2048, 2048, 2048]",326.0,Kimi ANTONELLI,ANT,Mercedes,00D7B6,2026-09-26 11:47:36.207000+00:00,2026-09-26 11:49:24.106000+00:00,True,False,1,1.0,MEDIUM,26.0,False,PENDING_TIME_INTERVAL_REVIEW,,Finalize after checking temporal overlap with race-control periods
1295,11377,12,26,2026-09-26T11:49:24.025000+00:00,38.276,43.929,25.377,204.0,207.0,False,107.582,"[None, 2048, 2049, 2048, 2048, 2048, 2048, 2048]","[2049, 2048, 2048, 2048, 2048, 2048, 2048, 2048, 2048, 2048]","[2048, 2048, 2048, 2048, 2048, 2048, 2048, 2048, 2048]",325.0,Kimi ANTONELLI,ANT,Mercedes,00D7B6,2026-09-26 11:49:24.025000+00:00,2026-09-26 11:51:11.607000+00:00,True,False,1,1.0,MEDIUM,27.0,False,PENDING_TIME_INTERVAL_REVIEW,,Finalize after checking temporal overlap with race-control periods
1295,11377,12,27,2026-09-26T11:51:11.640000+00:00,38.083,44.157,25.314,205.0,211.0,False,107.554,"[None, 2049, 2049, 2048, 2048, 2048, 2048, 2048]","[2048, 2048, 2048, 2048, 2048, 2048, 2048, 2048, 2048, 2049]","[2048, 2048, 2048, 2048, 2048, 2048, 2048, 2048, 2048]",326.0,Kimi ANTONELLI,ANT,Mercedes,00D7B6,2026-09-26 11:51:11.640000+00:00,2026-09-26 11:52:59.194000+00:00,True,False,1,1.0,MEDIUM,28.0,False,PENDING_TIME_INTERVAL_REVIEW,,Finalize after checking temporal overlap with race-control periods
1295,11377,12,28,2026-09-26T11:52:59.255000+00:00,38.121,43.827,25.341,204.0,207.0,False,107.289,"[None, 2048, 2048, 2048, 2048, 2049, 2048, 2048]","[2049, 2048, 2048, 2048, 2048, 2049, 2048, 2048, 2048, 2048]","[2048, 2048, 2048, 2048, 2048, 2048, 2048, 2048, 2048]",327.0,Kimi ANTONELLI,ANT,Mercedes,00D7B6,2026-09-26 11:52:59.255000+00:00,2026-09-26 11:54:46.544000+00:00,True,False,1,1.0,MEDIUM,29.0,False,PENDING_TIME_INTERVAL_REVIEW,,Finalize after checking temporal overlap with race-control periods
1295,11377,12,29,2026-09-26T11:54:46.517000+00:00,38.248,43.878,25.326,200.0,209.0,False,107.452,"[None, 2049, 2048, 2048, 2048, 2048, 2048, 2048]","[2048, 2048, 2048, 2048, 2048, 2048, 2048, 2048, 2048, 2048]","[2048, 2048, 2048, 2048, 2048, 2048, 2048, 2048, 2048]",326.0,Kimi ANTONELLI,ANT,Mercedes,00D7B6,2026-09-26 11:54:46.517000+00:00,2026-09-26 11:56:33.969000+00:00,True,False,1,1.0,MEDIUM,30.0,False,PENDING_TIME_INTERVAL_REVIEW,,Finalize after checking temporal overlap with race-control periods
1295,11377,12,30,2026-09-26T11:56:34.010000+00:00,38.703,44.177,39.589,197.0,201.0,False,122.469,"[None, 2048, 2048, 2048, 2048, 2048, 2048, 2048]","[2048, 2048, 2048, 2048, 2048, 2048, 2048, 2048, 2048, 2048]","[2048, 2048, 2048, 2048, 2048, 2048, 2048, 2064, 2064]",122.0,Kimi ANTONELLI,ANT,Mercedes,00D7B6,2026-09-26 11:56:34.010000+00:00,2026-09-26 11:58:36.479000+00:00,True,False,1,1.0,MEDIUM,31.0,True,PENDING_TIME_INTERVAL_REVIEW,,Finalize after checking temporal overlap with race-control periods
1295,11377,12,31,2026-09-26T11:58:36.297000+00:00,65.511,60.375,37.517,102.0,169.0,True,163.403,"[2064, 2064, 2048, 2048, 2048, 2048, 2048, 2048]","[2048, 2048, 2048, 2048, 2048, 2048, 2048, 2048, 2048, 2048]","[2048, 2048, 2048, 2048, 2048, 2048, 2048, 2048, 2048]",169.0,Kimi ANTONELLI,ANT,Mercedes,00D7B6,2026-09-26 11:58:36.297000+00:00,2026-09-26 12:01:19.700000+00:00,True,False,1,2.0,SOFT,0.0,False,PENDING_TIME_INTERVAL_REVIEW,,Finalize after checking temporal overlap with race-control periods
1295,11377,12,32,2026-09-26T12:01:19.843000+00:00,46.082,54.015,32.448,113.0,184.0,False,132.545,"[2048, 2048, 2048, 2048, 2048, 2048, 2048, 2048]","[2048, 2048, 2048, 2048, 2048, 2048, 2048, 2048, 2048, 2048]","[2048, 2048, 2048, 2048, 2048, 2048, 2048, 2048, 2048]",209.0,Kimi ANTONELLI,ANT,Mercedes,00D7B6,2026-09-26 12:01:19.843000+00:00,2026-09-26 12:03:32.388000+00:00,True,False,1,2.0,SOFT,1.0,False,PENDING_TIME_INTERVAL_REVIEW,,Finalize after checking temporal overlap with race-control periods
1295,11377,12,33,2026-09-26T12:03:32.476000+00:00,53.456,68.357,37.78,79.0,166.0,False,159.593,"[None, 2048, 2048, 2048, 2048, 2048, 2048, 2048]","[2048, 2048, 2048, 2048, 2048, 2048, 2048, 2048, 2048, 2048]","[2048, 2048, 2048, 2048, 2048, 2048, 2048, 2048, 2048]",178.0,Kimi ANTONELLI,ANT,Mercedes,00D7B6,2026-09-26 12:03:32.476000+00:00,2026-09-26 12:06:12.069000+00:00,True,False,1,2.0,SOFT,2.0,False,PENDING_TIME_INTERVAL_REVIEW,,Finalize after checking temporal overlap with race-control periods
1295,11377,12,34,2026-09-26T12:06:11.962000+00:00,63.354,62.653,38.071,150.0,170.0,False,164.078,"[None, 2048, 2048, 2048, 2048, 2048, 2048, 2048]","[2048, 2048, 2048, 2048, 2048, 2048, 2048, 2048, 2048, 2048]","[2048, 2048, 2048, 2048, 2048, 2048, 2048, 2048, 2048]",217.0,Kimi ANTONELLI,ANT,Mercedes,00D7B6,2026-09-26 12:06:11.962000+00:00,2026-09-26 12:08:56.040000+00:00,True,False,1,2.0,SOFT,3.0,False,PENDING_TIME_INTERVAL_REVIEW,,Finalize after checking temporal overlap with race-control periods
1295,11377,12,35,2026-09-26T12:08:55.988000+00:00,52.904,62.765,35.615,154.0,154.0,False,151.284,"[None, 2048, 2048, 2048, 2048, 2048, 2048, 2048]","[2048, 2048, 2048, 2048, 2048, 2048, 2048, 2048, 2048, 2048]","[2048, 2048, 2048, 2048, 2048, 2048, 2048, 2048, 2048]",228.0,Kimi ANTONELLI,ANT,Mercedes,00D7B6,2026-09-26 12:08:55.988000+00:00,2026-09-26 12:11:27.272000+00:00,True,False,1,2.0,SOFT,4.0,False,PENDING_TIME_INTERVAL_REVIEW,,Finalize after checking temporal overlap with race-control periods
1295,11377,12,36,2026-09-26T12:11:27.520000+00:00,41.282,55.663,43.566,187.0,145.0,False,140.511,"[None, 2048, 2048, 2048, 2048, 2048, 2048, 2048]","[2048, 2049, 2048, 2048, 2048, 2048, 2048, 2048, 2048, 2048]","[2048, 2048, 2048, 2048, 2048, 2048, 2048, 2064, 2064]",212.0,Kimi ANTONELLI,ANT,Mercedes,00D7B6,2026-09-26 12:11:27.520000+00:00,2026-09-26 12:13:48.031000+00:00,True,False,1,2.0,SOFT,5.0,True,PENDING_TIME_INTERVAL_REVIEW,,Finalize after checking temporal overlap with race-control periods
1295,11377,12,37,2026-09-26T12:13:47.777000+00:00,60.692,61.332,39.932,151.0,160.0,True,161.956,"[2064, 2064, 2048, 2048, 2048, 2048, 2048, 2048]","[2048, 2048, 2048, 2048, 2048, 2048, 2048, 2048, 2048, 2048]","[2048, 2048, 2048, 2048, 2048, 2048, 2048, 2048, 2048]",199.0,Kimi ANTONELLI,ANT,Mercedes,00D7B6,2026-09-26 12:13:47.777000+00:00,2026-09-26 12:16:29.733000+00:00,True,False,1,3.0,SOFT,6.0,False,PENDING_TIME_INTERVAL_REVIEW,,Finalize after checking temporal overlap with race-control periods
1295,11377,12,38,2026-09-26T12:16:29.775000+00:00,55.019,64.406,33.546,153.0,157.0,False,152.971,"[2048, 2048, 2048, 2048, 2048, 2048, 2048, 2048]","[2048, 2048, 2048, 2048, 2048, 2048, 2048, 2048, 2048, 2048]","[2048, 2048, 2048, 2048, 2048, 2048, 2048, 2048, 2048]",245.0,Kimi ANTONELLI,ANT,Mercedes,00D7B6,2026-09-26 12:16:29.775000+00:00,2026-09-26 12:19:02.746000+00:00,True,False,1,3.0,SOFT,7.0,False,PENDING_TIME_INTERVAL_REVIEW,,Finalize after checking temporal overlap with race-control periods
1295,11377,12,39,2026-09-26T12:19:02.863000+00:00,40.061,44.569,24.705,186.0,205.0,False,109.335,"[None, 2048, 2048, 2051, 2048, 2048, 2048, 2049]","[2048, 2049, 2048, 2048, 2048, 2049, 2049, 2048, 2048, 2049]","[2048, 2048, 2048, 2048, 2048, 2048, 2048, 2048, 2048]",342.0,Kimi ANTONELLI,ANT,Mercedes,00D7B6,2026-09-26 12:19:02.863000+00:00,2026-09-26 12:20:52.198000+00:00,True,False,1,3.0,SOFT,8.0,False,PENDING_TIME_INTERVAL_REVIEW,,Finalize after checking temporal overlap with race-control periods
1295,11377,12,40,2026-09-26T12:20:52.223000+00:00,38.821,43.901,24.527,198.0,201.0,False,107.249,"[None, 2048, 2048, 2048, 2048, 2048, 2048, 2048]","[2048, 2048, 2048, 2048, 2049, 2049, 2049, 2048, 2048, 2049]","[2048, 2049, 2049, 2048, 2048, 2048, 2048, 2048, 2048]",343.0,Kimi ANTONELLI,ANT,Mercedes,00D7B6,2026-09-26 12:20:52.223000+00:00,2026-09-26 12:22:39.472000+00:00,True,False,1,3.0,SOFT,9.0,False,PENDING_TIME_INTERVAL_REVIEW,,Finalize after checking temporal overlap with race-control periods
1295,11377,12,41,2026-09-26T12:22:39.362000+00:00,38.505,44.081,24.48,194.0,205.0,False,107.066,"[None, 2048, 2048, 2048, 2048, 2048, 2048, 2048]","[2048, 2048, 2048, 2048, 2048, 2048, 2048, 2048, 2048, 2049]","[2048, 2048, 2049, 2048, 2048, 2048, 2048, 2048, 2048]",343.0,Kimi ANTONELLI,ANT,Mercedes,00D7B6,2026-09-26 12:22:39.362000+00:00,2026-09-26 12:24:26.428000+00:00,True,False,1,3.0,SOFT,10.0,False,PENDING_TIME_INTERVAL_REVIEW,,Finalize after checking temporal overlap with race-control periods
1295,11377,12,42,2026-09-26T12:24:26.693000+00:00,39.062,43.875,24.473,193.0,207.0,False,107.41,"[None, 2048, 2048, 2048, 2048, 2048, 2048, 2048]","[2048, 2048, 2048, 2048, 2048, 2048, 2048, 2048, 2048, 2048]","[2049, 2048, 2049, 2051, 2051, 2048, 2048, 2048, 2048]",343.0,Kimi ANTONELLI,ANT,Mercedes,00D7B6,2026-09-26 12:24:26.693000+00:00,2026-09-26 12:26:14.103000+00:00,True,False,1,3.0,SOFT,11.0,False,PENDING_TIME_INTERVAL_REVIEW,,Finalize after checking temporal overlap with race-control periods
1295,11377,12,43,2026-09-26T12:26:13.860000+00:00,37.759,43.372,24.925,205.0,210.0,False,106.056,"[None, 2048, 2049, 2048, 2048, 2049, 2049, 2049]","[2049, 2048, 2048, 2048, 2048, 2048, 2048, 2049, 2049, 2048]","[2049, 2048, 2048, 2048, 2048, 2048, 2048, 2048, 2048]",332.0,Kimi ANTONELLI,ANT,Mercedes,00D7B6,2026-09-26 12:26:13.860000+00:00,2026-09-26 12:27:59.916000+00:00,True,False,1,3.0,SOFT,12.0,False,PENDING_TIME_INTERVAL_REVIEW,,Finalize after checking temporal overlap with race-control periods
1295,11377,12,44,2026-09-26T12:27:59.866000+00:00,37.946,43.273,24.99,204.0,212.0,False,106.209,"[None, 2049, 2048, 2048, 2048, 2049, 2048, 2048]","[2049, 2048, 2049, 2048, 2049, 2048, 2048, 2048, 2048, 2049]","[2049, 2049, 2048, 2048, 2048, 2048, 2048, 2048, 2048]",329.0,Kimi ANTONELLI,ANT,Mercedes,00D7B6,2026-09-26 12:27:59.866000+00:00,2026-09-26 12:29:46.075000+00:00,True,False,1,3.0,SOFT,13.0,False,PENDING_TIME_INTERVAL_REVIEW,,Finalize after checking temporal overlap with race-control periods
1295,11377,12,45,2026-09-26T12:29:46.096000+00:00,37.602,43.072,24.964,203.0,213.0,False,105.638,"[None, 2049, 2048, 2048, 2048, 2049, 2048, 2048]","[2048, 2048, 2049, 2048, 2049, 2048, 2048, 2049, 2049, 2048]","[2049, 2049, 2048, 2048, 2048, 2048, 2048, 2048, 2048]",329.0,Kimi ANTONELLI,ANT,Mercedes,00D7B6,2026-09-26 12:29:46.096000+00:00,2026-09-26 12:31:31.734000+00:00,True,False,1,3.0,SOFT,14.0,False,PENDING_TIME_INTERVAL_REVIEW,,Finalize after checking temporal overlap with race-control periods
1295,11377,12,46,2026-09-26T12:31:31.770000+00:00,37.551,42.992,25.008,205.0,212.0,False,105.551,"[None, 2048, 2049, 2048, 2048, 2048, 2048, 2048]","[2048, 2048, 2049, 2049, 2048, 2048, 2048, 2049, 2048, 2049]","[2048, 2048, 2048, 2048, 2048, 2048, 2048, 2048, 2048]",329.0,Kimi ANTONELLI,ANT,Mercedes,00D7B6,2026-09-26 12:31:31.770000+00:00,2026-09-26 12:33:17.321000+00:00,True,False,1,3.0,SOFT,15.0,False,PENDING_TIME_INTERVAL_REVIEW,,Finalize after checking temporal overlap with race-control periods
1295,11377,12,47,2026-09-26T12:33:17.237000+00:00,37.664,43.168,24.971,203.0,212.0,False,105.803,"[None, 2048, 2048, 2048, 2048, 2048, 2048, 2048]","[2048, 2048, 2048, 2048, 2048, 2048, 2048, 2048, 2048, 2048]","[2048, 2048, 2048, 2048, 2048, 2048, 2048, 2048, 2048]",328.0,Kimi ANTONELLI,ANT,Mercedes,00D7B6,2026-09-26 12:33:17.237000+00:00,2026-09-26 12:35:03.040000+00:00,True,False,1,3.0,SOFT,16.0,False,PENDING_TIME_INTERVAL_REVIEW,,Finalize after checking temporal overlap with race-control periods
1295,11377,12,48,2026-09-26T12:35:03.130000+00:00,37.704,43.044,24.968,,211.0,False,105.716,"[None, 2048, 2048, 2048, 2048, 2048, 2048, 2048]","[2048, 2048, 2048, 2049, 2049, 2048, 2048, 2049, 2048, 2049]","[2048, 2048, 2048, 2048, 2048, 2048, 2048, 2048, 2048]",331.0,Kimi ANTONELLI,ANT,Mercedes,00D7B6,2026-09-26 12:35:03.130000+00:00,2026-09-26 12:36:48.846000+00:00,True,False,1,3.0,SOFT,17.0,False,PENDING_TIME_INTERVAL_REVIEW,,Finalize after checking temporal overlap with race-control periods
1295,11377,12,49,2026-09-26T12:36:48.852000+00:00,37.548,43.127,24.858,207.0,208.0,False,105.533,"[None, 2048, 2048, 2048, 2048, 2048, 2049, 2048]","[2048, 2048, 2048, 2048, 2048, 2048, 2048, 2048, 2048, 2049]","[2048, 2049, 2048, 2048, 2048, 2048, 2048, 2048, 2048]",334.0,Kimi ANTONELLI,ANT,Mercedes,00D7B6,2026-09-26 12:36:48.852000+00:00,2026-09-26 12:38:34.385000+00:00,True,False,1,3.0,SOFT,18.0,False,PENDING_TIME_INTERVAL_REVIEW,,Finalize after checking temporal overlap with race-control periods
1295,11377,12,50,2026-09-26T12:38:34.381000+00:00,37.588,43.077,24.748,203.0,206.0,False,105.413,"[None, 2048, 2048, 2048, 2048, 2048, 2048, 2048]","[2048, 2048, 2048, 2048, 2048, 2048, 2048, 2049, 2048, 2048]","[2048, 2049, 2048, 2048, 2048, 2048, 2048, 2048, 2048]",335.0,Kimi ANTONELLI,ANT,Mercedes,00D7B6,2026-09-26 12:38:34.381000+00:00,2026-09-26 12:40:19.794000+00:00,True,False,1,3.0,SOFT,19.0,False,PENDING_TIME_INTERVAL_REVIEW,,Finalize after checking temporal overlap with race-control periods
1295,11377,12,51,2026-09-26T12:40:19.726000+00:00,37.558,45.801,24.673,206.0,204.0,False,108.032,"[None, 2048, 2048, 2048, 2048, 2048, 2048, 2048]","[2048, 2048, 2048, 2048, 2048, 2049, 2048, 2048, 2048, 2048]","[2048, 2048, 2049, 2048, 2048, 2048, 2048, 2048, 2048]",331.0,Kimi ANTONELLI,ANT,Mercedes,00D7B6,2026-09-26 12:40:19.726000+00:00,2026-09-26 12:42:07.758000+00:00,True,False,1,3.0,SOFT,20.0,False,PENDING_TIME_INTERVAL_REVIEW,,Finalize after checking temporal overlap with race-control periods
1295,11377,16,1,2026-09-26T11:03:50.711000+00:00,43.869,45.031,25.243,181.0,195.0,False,114.143,"[2048, 2049, 2049, 2049, 2049, 2049, 2051, 2049]","[2049, 2049, 2049, 2049, 2049, 2049, 2049, 2049, 2049, 2049]","[2049, 2049, 2049, 2049, 2049, 2049, 2049, 2051, 2051]",336.0,Charles LECLERC,LEC,Ferrari,ED1131,2026-09-26 11:03:50.711000+00:00,2026-09-26 11:05:44.854000+00:00,True,False,1,1.0,SOFT,0.0,False,PENDING_TIME_INTERVAL_REVIEW,,Finalize after checking temporal overlap with race-control periods
1295,11377,16,2,2026-09-26T11:05:44.854000+00:00,39.909,45.123,25.351,183.0,208.0,False,110.383,"[2049, 2049, 2049, 2049, 2048, 2049, 2049, 2048]","[2049, 2048, 2049, 2049, 2049, 2048, 2048, 2048, 2048, 2049]","[2049, 2049, 2048, 2048, 2048, 2048, 2048, 2048, 2048]",330.0,Charles LECLERC,LEC,Ferrari,ED1131,2026-09-26 11:05:44.854000+00:00,2026-09-26 11:07:35.237000+00:00,True,False,1,1.0,SOFT,1.0,False,PENDING_TIME_INTERVAL_REVIEW,,Finalize after checking temporal overlap with race-control periods
1295,11377,16,3,2026-09-26T11:07:35.169000+00:00,39.246,44.631,25.397,193.0,211.0,False,109.274,"[None, 2049, 2049, 2048, 2048, 2049, 2051, 2048]","[2049, 2048, 2049, 2048, 2049, 2048, 2048, 2049, 2049, 2051]","[2048, 2048, 2049, 2049, 2048, 2048, 2048, 2048, 2048]",329.0,Charles LECLERC,LEC,Ferrari,ED1131,2026-09-26 11:07:35.169000+00:00,2026-09-26 11:09:24.443000+00:00,True,False,1,1.0,SOFT,2.0,False,PENDING_TIME_INTERVAL_REVIEW,,Finalize after checking temporal overlap with race-control periods
1295,11377,16,4,2026-09-26T11:09:24.409000+00:00,40.234,44.959,25.394,185.0,204.0,False,110.587,"[2048, 2048, 2048, 2048, 2048, 2048, 2048, 2048]","[2048, 2048, 2048, 2048, 2048, 2048, 2048, 2048, 2049, 2048]","[2048, 2048, 2048, 2048, 2048, 2048, 2048, 2048, 2048]",329.0,Charles LECLERC,LEC,Ferrari,ED1131,2026-09-26 11:09:24.409000+00:00,2026-09-26 11:11:14.996000+00:00,True,False,1,1.0,SOFT,3.0,False,PENDING_TIME_INTERVAL_REVIEW,,Finalize after checking temporal overlap with race-control periods
1295,11377,16,5,2026-09-26T11:11:15.034000+00:00,39.402,44.562,25.199,190.0,205.0,False,109.163,"[None, 2048, 2049, 2048, 2048, 2049, 2048, 2048]","[2048, 2048, 2048, 2049, 2048, 2048, 2048, 2049, 2049, 2048]","[2049, 2049, 2049, 2049, 2048, 2048, 2048, 2048, 2048]",328.0,Charles LECLERC,LEC,Ferrari,ED1131,2026-09-26 11:11:15.034000+00:00,2026-09-26 11:13:04.197000+00:00,True,False,1,1.0,SOFT,4.0,False,PENDING_TIME_INTERVAL_REVIEW,,Finalize after checking temporal overlap with race-control periods
1295,11377,16,6,2026-09-26T11:13:04.251000+00:00,38.859,44.501,25.249,194.0,209.0,False,108.609,"[2049, 2049, 2049, 2048, 2048, 2048, 2049, 2049]","[2048, 2048, 2049, 2048, 2049, 2048, 2048, 2048, 2049, 2051]","[2051, 2049, 2048, 2048, 2048, 2048, 2048, 2048, 2048]",330.0,Charles LECLERC,LEC,Ferrari,ED1131,2026-09-26 11:13:04.251000+00:00,2026-09-26 11:14:52.860000+00:00,True,False,1,1.0,SOFT,5.0,False,PENDING_TIME_INTERVAL_REVIEW,,Finalize after checking temporal overlap with race-control periods
1295,11377,16,7,2026-09-26T11:14:52.900000+00:00,38.731,44.302,25.347,197.0,205.0,False,108.38,"[2048, 2048, 2049, 2048, 2048, 2049, 2051, 2049]","[2049, 2048, 2049, 2049, 2049, 2048, 2048, 2049, 2049, 2048]","[2048, 2048, 2048, 2048, 2048, 2048, 2048, 2048, 2048]",330.0,Charles LECLERC,LEC,Ferrari,ED1131,2026-09-26 11:14:52.900000+00:00,2026-09-26 11:16:41.280000+00:00,True,False,1,1.0,SOFT,6.0,False,PENDING_TIME_INTERVAL_REVIEW,,Finalize after checking temporal overlap with race-control periods
1295,11377,16,8,2026-09-26T11:16:41.206000+00:00,38.709,44.529,25.382,199.0,210.0,False,108.62,"[2049, 2049, 2048, 2048, 2048, 2049, 2051, 2048]","[2048, 2048, 2048, 2048, 2048, 2048, 2048, 2048, 2048, 2048]","[2048, 2048, 2048, 2048, 2048, 2048, 2048, 2048, 2048]",330.0,Charles LECLERC,LEC,Ferrari,ED1131,2026-09-26 11:16:41.206000+00:00,2026-09-26 11:18:29.826000+00:00,True,False,1,1.0,SOFT,7.0,False,PENDING_TIME_INTERVAL_REVIEW,,Finalize after checking temporal overlap with race-control periods
1295,11377,16,9,2026-09-26T11:18:29.848000+00:00,38.671,44.814,25.44,197.0,203.0,False,108.925,"[2048, 2049, 2049, 2048, 2048, 2048, 2048, 2048]","[2048, 2048, 2049, 2049, 2048, 2048, 2048, 2048, 2048, 2048]","[2048, 2048, 2048, 2048, 2048, 2048, 2048, 2048, 2048]",328.0,Charles LECLERC,LEC,Ferrari,ED1131,2026-09-26 11:18:29.848000+00:00,2026-09-26 11:20:18.773000+00:00,True,False,1,1.0,SOFT,8.0,False,PENDING_TIME_INTERVAL_REVIEW,,Finalize after checking temporal overlap with race-control periods
1295,11377,16,10,2026-09-26T11:20:18.671000+00:00,38.751,44.338,25.322,198.0,205.0,False,108.411,"[None, 2049, 2048, 2048, 2048, 2048, 2051, 2049]","[2048, 2048, 2048, 2048, 2048, 2049, 2048, 2048, 2048, 2048]","[2048, 2049, 2048, 2048, 2048, 2048, 2048, 2048, 2048]",327.0,Charles LECLERC,LEC,Ferrari,ED1131,2026-09-26 11:20:18.671000+00:00,2026-09-26 11:22:07.082000+00:00,True,False,1,1.0,SOFT,9.0,False,PENDING_TIME_INTERVAL_REVIEW,,Finalize after checking temporal overlap with race-control periods
1295,11377,16,11,2026-09-26T11:22:07.105000+00:00,38.637,44.362,25.423,201.0,206.0,False,108.422,"[None, 2049, 2049, 2048, 2048, 2048, 2048, 2049]","[2048, 2048, 2049, 2048, 2048, 2048, 2048, 2049, 2048, 2048]","[2048, 2048, 2048, 2048, 2048, 2048, 2048, 2048, 2048]",326.0,Charles LECLERC,LEC,Ferrari,ED1131,2026-09-26 11:22:07.105000+00:00,2026-09-26 11:23:55.527000+00:00,True,False,1,1.0,SOFT,10.0,False,PENDING_TIME_INTERVAL_REVIEW,,Finalize after checking temporal overlap with race-control periods
1295,11377,16,12,2026-09-26T11:23:55.471000+00:00,38.689,44.123,25.295,198.0,208.0,False,108.107,"[2049, 2048, 2048, 2048, 2048, 2049, 2048, 2048]","[2048, 2048, 2049, 2048, 2049, 2048, 2048, 2049, 2049, 2048]","[2048, 2048, 2048, 2048, 2048, 2048, 2048, 2048, 2048]",329.0,Charles LECLERC,LEC,Ferrari,ED1131,2026-09-26 11:23:55.471000+00:00,2026-09-26 11:25:43.578000+00:00,True,False,1,1.0,SOFT,11.0,False,PENDING_TIME_INTERVAL_REVIEW,,Finalize after checking temporal overlap with race-control periods
1295,11377,16,13,2026-09-26T11:25:43.722000+00:00,38.618,44.193,25.261,,213.0,False,108.072,"[2048, 2048, 2049, 2048, 2048, 2048, 2049, 2048]","[2048, 2048, 2049, 2049, 2048, 2048, 2048, 2048, 2048, 2048]","[2051, 2048, 2048, 2048, 2048, 2048, 2048, 2048, 2048]",328.0,Charles LECLERC,LEC,Ferrari,ED1131,2026-09-26 11:25:43.722000+00:00,2026-09-26 11:27:31.794000+00:00,True,False,1,1.0,SOFT,12.0,False,PENDING_TIME_INTERVAL_REVIEW,,Finalize after checking temporal overlap with race-control periods
1295,11377,16,14,2026-09-26T11:27:31.803000+00:00,38.516,44.256,25.336,200.0,208.0,False,108.108,"[2049, 2048, 2048, 2048, 2048, 2048, 2051, 2048]","[2048, 2048, 2048, 2048, 2048, 2048, 2048, 2049, 2048, 2048]","[2048, 2048, 2048, 2048, 2048, 2048, 2048, 2048, 2048]",328.0,Charles LECLERC,LEC,Ferrari,ED1131,2026-09-26 11:27:31.803000+00:00,2026-09-26 11:29:19.911000+00:00,True,False,1,1.0,SOFT,13.0,False,PENDING_TIME_INTERVAL_REVIEW,,Finalize after checking temporal overlap with race-control periods
1295,11377,16,15,2026-09-26T11:29:19.821000+00:00,38.522,44.106,25.182,199.0,210.0,False,107.81,"[2048, 2049, 2049, 2048, 2048, 2048, 2048, 2048]","[2048, 2048, 2049, 2048, 2048, 2048, 2048, 2049, 2048, 2048]","[2049, 2049, 2049, 2048, 2048, 2048, 2048, 2048, 2048]",331.0,Charles LECLERC,LEC,Ferrari,ED1131,2026-09-26 11:29:19.821000+00:00,2026-09-26 11:31:07.631000+00:00,True,False,1,1.0,SOFT,14.0,False,PENDING_TIME_INTERVAL_REVIEW,,Finalize after checking temporal overlap with race-control periods
1295,11377,16,16,2026-09-26T11:31:07.714000+00:00,38.861,44.013,25.343,198.0,210.0,False,108.217,"[None, 2048, 2048, 2048, 2048, 2048, 2048, 2048]","[2048, 2048, 2048, 2049, 2049, 2049, 2048, 2049, 2048, 2048]","[2048, 2048, 2048, 2048, 2048, 2048, 2048, 2048, 2048]",328.0,Charles LECLERC,LEC,Ferrari,ED1131,2026-09-26 11:31:07.714000+00:00,2026-09-26 11:32:55.931000+00:00,True,False,1,1.0,SOFT,15.0,False,PENDING_TIME_INTERVAL_REVIEW,,Finalize after checking temporal overlap with race-control periods
1295,11377,16,17,2026-09-26T11:32:55.929000+00:00,38.706,44.048,25.328,,212.0,False,108.082,"[None, 2048, 2048, 2048, 2048, 2048, 2048, 2048]","[2048, 2048, 2048, 2048, 2048, 2048, 2048, 2048, 2049, 2048]","[2048, 2048, 2048, 2048, 2048, 2048, 2048, 2048, 2048]",327.0,Charles LECLERC,LEC,Ferrari,ED1131,2026-09-26 11:32:55.929000+00:00,2026-09-26 11:34:44.011000+00:00,True,False,1,1.0,SOFT,16.0,False,PENDING_TIME_INTERVAL_REVIEW,,Finalize after checking temporal overlap with race-control periods
1295,11377,16,18,2026-09-26T11:34:44.035000+00:00,38.559,44.101,25.393,199.0,212.0,False,108.053,"[2049, 2049, 2048, 2048, 2048, 2049, 2048, 2048]","[2048, 2048, 2048, 2049, 2048, 2049, 2048, 2048, 2048, 2048]","[2048, 2048, 2048, 2048, 2048, 2048, 2048, 2048, 2048]",327.0,Charles LECLERC,LEC,Ferrari,ED1131,2026-09-26 11:34:44.035000+00:00,2026-09-26 11:36:32.088000+00:00,True,False,1,1.0,SOFT,17.0,False,PENDING_TIME_INTERVAL_REVIEW,,Finalize after checking temporal overlap with race-control periods
1295,11377,16,19,2026-09-26T11:36:32.070000+00:00,38.557,44.061,25.305,201.0,212.0,False,107.923,"[2048, 2048, 2048, 2048, 2048, 2048, 2051, 2048]","[2048, 2048, 2048, 2048, 2049, 2048, 2048, 2048, 2048, 2048]","[2048, 2048, 2048, 2048, 2048, 2048, 2048, 2048, 2048]",328.0,Charles LECLERC,LEC,Ferrari,ED1131,2026-09-26 11:36:32.070000+00:00,2026-09-26 11:38:19.993000+00:00,True,False,1,1.0,SOFT,18.0,False,PENDING_TIME_INTERVAL_REVIEW,,Finalize after checking temporal overlap with race-control periods
1295,11377,16,20,2026-09-26T11:38:20.014000+00:00,38.781,44.079,25.264,198.0,214.0,False,108.124,"[None, 2048, 2048, 2048, 2048, 2048, 2048, 2048]","[2048, 2048, 2048, 2049, 2048, 2048, 2048, 2048, 2048, 2048]","[2048, 2048, 2048, 2048, 2048, 2048, 2048, 2048, 2048]",330.0,Charles LECLERC,LEC,Ferrari,ED1131,2026-09-26 11:38:20.014000+00:00,2026-09-26 11:40:08.138000+00:00,True,False,1,1.0,SOFT,19.0,False,PENDING_TIME_INTERVAL_REVIEW,,Finalize after checking temporal overlap with race-control periods
1295,11377,16,21,2026-09-26T11:40:08.010000+00:00,38.46,44.118,25.202,200.0,211.0,False,107.78,"[None, 2048, 2048, 2048, 2048, 2048, 2051, 2048]","[2048, 2048, 2048, 2048, 2048, 2048, 2048, 2048, 2048, 2048]","[2049, 2049, 2049, 2048, 2048, 2048, 2048, 2048, 2048]",329.0,Charles LECLERC,LEC,Ferrari,ED1131,2026-09-26 11:40:08.010000+00:00,2026-09-26 11:41:55.790000+00:00,True,False,1,1.0,SOFT,20.0,False,PENDING_TIME_INTERVAL_REVIEW,,Finalize after checking temporal overlap with race-control periods
1295,11377,16,22,2026-09-26T11:41:55.774000+00:00,38.519,43.988,25.312,205.0,208.0,False,107.819,"[None, 2048, 2048, 2048, 2048, 2048, 2048, 2048]","[2048, 2048, 2048, 2048, 2048, 2049, 2048, 2049, 2048, 2048]","[2048, 2048, 2048, 2048, 2048, 2048, 2048, 2048, 2048]",328.0,Charles LECLERC,LEC,Ferrari,ED1131,2026-09-26 11:41:55.774000+00:00,2026-09-26 11:43:43.593000+00:00,True,False,1,1.0,SOFT,21.0,False,PENDING_TIME_INTERVAL_REVIEW,,Finalize after checking temporal overlap with race-control periods
1295,11377,16,23,2026-09-26T11:43:43.631000+00:00,38.435,43.829,25.305,202.0,213.0,False,107.569,"[2049, 2049, 2048, 2048, 2048, 2048, 2048, 2048]","[2049, 2048, 2048, 2048, 2048, 2049, 2048, 2049, 2049, 2048]","[2048, 2048, 2048, 2048, 2048, 2048, 2048, 2048, 2048]",330.0,Charles LECLERC,LEC,Ferrari,ED1131,2026-09-26 11:43:43.631000+00:00,2026-09-26 11:45:31.200000+00:00,True,False,1,1.0,SOFT,22.0,False,PENDING_TIME_INTERVAL_REVIEW,,Finalize after checking temporal overlap with race-control periods
1295,11377,16,24,2026-09-26T11:45:31.291000+00:00,38.441,43.869,25.363,204.0,211.0,False,107.673,"[None, 2048, 2049, 2048, 2048, 2048, 2048, 2048]","[2048, 2048, 2049, 2049, 2049, 2048, 2048, 2048, 2048, 2048]","[2048, 2048, 2048, 2048, 2048, 2048, 2048, 2048, 2048]",329.0,Charles LECLERC,LEC,Ferrari,ED1131,2026-09-26 11:45:31.291000+00:00,2026-09-26 11:47:18.964000+00:00,True,False,1,1.0,SOFT,23.0,False,PENDING_TIME_INTERVAL_REVIEW,,Finalize after checking temporal overlap with race-control periods
1295,11377,16,25,2026-09-26T11:47:18.893000+00:00,38.414,44.003,25.282,206.0,206.0,False,107.699,"[2048, 2048, 2048, 2048, 2048, 2049, 2048, 2049]","[2048, 2048, 2048, 2048, 2048, 2049, 2048, 2048, 2048, 2048]","[2048, 2048, 2049, 2048, 2048, 2048, 2048, 2048, 2048]",330.0,Charles LECLERC,LEC,Ferrari,ED1131,2026-09-26 11:47:18.893000+00:00,2026-09-26 11:49:06.592000+00:00,True,False,1,1.0,SOFT,24.0,False,PENDING_TIME_INTERVAL_REVIEW,,Finalize after checking temporal overlap with race-control periods
1295,11377,16,26,2026-09-26T11:49:06.590000+00:00,38.498,43.943,25.288,201.0,212.0,False,107.729,"[None, 2049, 2048, 2048, 2048, 2048, 2048, 2048]","[2048, 2048, 2048, 2048, 2048, 2048, 2048, 2048, 2048, 2048]","[2048, 2048, 2048, 2048, 2048, 2048, 2048, 2048, 2048]",330.0,Charles LECLERC,LEC,Ferrari,ED1131,2026-09-26 11:49:06.590000+00:00,2026-09-26 11:50:54.319000+00:00,True,False,1,1.0,SOFT,25.0,False,PENDING_TIME_INTERVAL_REVIEW,,Finalize after checking temporal overlap with race-control periods
1295,11377,16,27,2026-09-26T11:50:54.342000+00:00,38.504,44.071,25.146,204.0,206.0,False,107.721,"[None, 2048, 2048, 2048, 2048, 2048, 2048, 2048]","[2048, 2048, 2048, 2048, 2048, 2049, 2049, 2048, 2048, 2048]","[2048, 2048, 2048, 2048, 2049, 2048, 2048, 2048, 2048]",333.0,Charles LECLERC,LEC,Ferrari,ED1131,2026-09-26 11:50:54.342000+00:00,2026-09-26 11:52:42.063000+00:00,True,False,1,1.0,SOFT,26.0,False,PENDING_TIME_INTERVAL_REVIEW,,Finalize after checking temporal overlap with race-control periods
1295,11377,16,28,2026-09-26T11:52:42.113000+00:00,38.453,43.966,25.329,,211.0,False,107.748,"[None, 2048, 2048, 2048, 2048, 2048, 2048, 2048]","[2048, 2048, 2048, 2048, 2048, 2048, 2048, 2048, 2048, 2048]","[2048, 2048, 2048, 2048, 2048, 2048, 2048, 2048, 2048]",329.0,Charles LECLERC,LEC,Ferrari,ED1131,2026-09-26 11:52:42.113000+00:00,2026-09-26 11:54:29.861000+00:00,True,False,1,1.0,SOFT,27.0,False,PENDING_TIME_INTERVAL_REVIEW,,Finalize after checking temporal overlap with race-control periods
1295,11377,16,29,2026-09-26T11:54:29.801000+00:00,38.276,43.686,25.246,203.0,209.0,False,107.208,"[2049, 2048, 2049, 2048, 2048, 2048, 2051, 2048]","[2049, 2048, 2049, 2049, 2048, 2048, 2048, 2049, 2048, 2048]","[2048, 2048, 2048, 2048, 2048, 2048, 2048, 2048, 2048]",329.0,Charles LECLERC,LEC,Ferrari,ED1131,2026-09-26 11:54:29.801000+00:00,2026-09-26 11:56:17.009000+00:00,True,False,1,1.0,SOFT,28.0,False,PENDING_TIME_INTERVAL_REVIEW,,Finalize after checking temporal overlap with race-control periods
1295,11377,16,30,2026-09-26T11:56:16.972000+00:00,38.252,43.809,25.355,206.0,208.0,False,107.416,"[2048, 2049, 2049, 2048, 2048, 2048, 2051, 2049]","[2048, 2048, 2048, 2048, 2048, 2049, 2048, 2048, 2048, 2048]","[2048, 2048, 2048, 2048, 2048, 2048, 2048, 2048, 2048]",330.0,Charles LECLERC,LEC,Ferrari,ED1131,2026-09-26 11:56:16.972000+00:00,2026-09-26 11:58:04.388000+00:00,True,False,1,1.0,SOFT,29.0,False,PENDING_TIME_INTERVAL_REVIEW,,Finalize after checking temporal overlap with race-control periods
1295,11377,16,31,2026-09-26T11:58:04.694000+00:00,54.019,59.314,41.607,124.0,135.0,False,154.94,"[None, 2048, 2048, 2048, 2048, 2048, 2048, 2048]","[2048, 2048, 2048, 2048, 2048, 2048, 2048, 2048, 2048, 2048]","[2048, 2048, 2048, 2048, 2048, 2048, 2048, 2064, 2064]",194.0,Charles LECLERC,LEC,Ferrari,ED1131,2026-09-26 11:58:04.694000+00:00,2026-09-26 12:00:39.634000+00:00,True,False,1,1.0,SOFT,30.0,True,PENDING_TIME_INTERVAL_REVIEW,,Finalize after checking temporal overlap with race-control periods
1295,11377,16,32,2026-09-26T12:00:39.314000+00:00,68.772,59.982,38.311,114.0,175.0,True,167.065,"[2064, 2064, 2048, 2048, 2048, 2048, 2048, 2048]","[2048, 2048, 2048, 2048, 2048, 2048, 2048, 2048, 2048, 2048]","[2048, 2048, 2048, 2048, 2048, 2048, 2048, 2048, 2048]",198.0,Charles LECLERC,LEC,Ferrari,ED1131,2026-09-26 12:00:39.314000+00:00,2026-09-26 12:03:26.379000+00:00,True,False,1,2.0,MEDIUM,0.0,False,PENDING_TIME_INTERVAL_REVIEW,,Finalize after checking temporal overlap with race-control periods
1295,11377,16,33,2026-09-26T12:03:26.467000+00:00,55.177,68.576,36.391,81.0,163.0,False,160.144,"[2048, 2048, 2048, 2048, 2048, 2048, 2048, 2048]","[2048, 2048, 2048, 2048, 2048, 2048, 2048, 2048, 2048, 2048]","[2048, 2048, 2048, 2048, 2048, 2048, 2048, 2048, 2048]",206.0,Charles LECLERC,LEC,Ferrari,ED1131,2026-09-26 12:03:26.467000+00:00,2026-09-26 12:06:06.611000+00:00,True,False,1,2.0,MEDIUM,1.0,False,PENDING_TIME_INTERVAL_REVIEW,,Finalize after checking temporal overlap with race-control periods
1295,11377,16,34,2026-09-26T12:06:06.638000+00:00,65.111,63.424,37.368,98.0,170.0,False,165.903,"[None, 2048, 2048, 2048, 2048, 2048, 2048, 2048]","[2048, 2048, 2048, 2048, 2048, 2048, 2048, 2048, 2048, 2048]","[2048, 2048, 2048, 2048, 2048, 2048, 2048, 2048, 2048]",215.0,Charles LECLERC,LEC,Ferrari,ED1131,2026-09-26 12:06:06.638000+00:00,2026-09-26 12:08:52.541000+00:00,True,False,1,2.0,MEDIUM,2.0,False,PENDING_TIME_INTERVAL_REVIEW,,Finalize after checking temporal overlap with race-control periods
1295,11377,16,35,2026-09-26T12:08:52.518000+00:00,52.728,62.796,38.937,166.0,145.0,False,154.461,"[None, 2048, 2048, 2048, 2048, 2048, 2048, 2048]","[2048, 2048, 2048, 2048, 2048, 2048, 2048, 2048, 2048, 2048]","[2048, 2048, 2048, 2048, 2048, 2048, 2048, 2048, 2048]",205.0,Charles LECLERC,LEC,Ferrari,ED1131,2026-09-26 12:08:52.518000+00:00,2026-09-26 12:11:26.979000+00:00,True,False,1,2.0,MEDIUM,3.0,False,PENDING_TIME_INTERVAL_REVIEW,,Finalize after checking temporal overlap with race-control periods
1295,11377,16,36,2026-09-26T12:11:27.079000+00:00,40.376,54.147,44.173,185.0,124.0,False,138.696,"[None, 2048, 2048, 2049, 2049, 2048, 2048, 2048]","[2048, 2048, 2048, 2048, 2048, 2048, 2048, 2048, 2048, 2048]","[2048, 2048, 2048, 2048, 2048, 2048, 2048, 2064, 2064]",253.0,Charles LECLERC,LEC,Ferrari,ED1131,2026-09-26 12:11:27.079000+00:00,2026-09-26 12:13:45.775000+00:00,True,False,1,2.0,MEDIUM,4.0,True,PENDING_TIME_INTERVAL_REVIEW,,Finalize after checking temporal overlap with race-control periods
1295,11377,16,37,2026-09-26T12:13:45.538000+00:00,60.25,60.979,38.956,127.0,182.0,True,160.185,"[2064, 2064, 2048, 2048, 2048, 2048, 2048, 2048]","[2048, 2048, 2048, 2048, 2048, 2048, 2048, 2048, 2048, 2048]","[2048, 2048, 2048, 2048, 2048, 2048, 2048, 2048, 2048]",182.0,Charles LECLERC,LEC,Ferrari,ED1131,2026-09-26 12:13:45.538000+00:00,2026-09-26 12:16:25.723000+00:00,True,False,1,3.0,MEDIUM,5.0,False,PENDING_TIME_INTERVAL_REVIEW,,Finalize after checking temporal overlap with race-control periods
1295,11377,16,38,2026-09-26T12:16:25.859000+00:00,56.678,63.886,35.895,139.0,140.0,False,156.459,"[2048, 2048, 2048, 2048, 2048, 2048, 2048, 2048]","[2048, 2048, 2048, 2048, 2048, 2048, 2048, 2048, 2048, 2048]","[2048, 2048, 2048, 2048, 2048, 2048, 2048, 2049, 2049]",213.0,Charles LECLERC,LEC,Ferrari,ED1131,2026-09-26 12:16:25.859000+00:00,2026-09-26 12:19:02.318000+00:00,True,False,1,3.0,MEDIUM,6.0,False,PENDING_TIME_INTERVAL_REVIEW,,Finalize after checking temporal overlap with race-control periods
1295,11377,16,39,2026-09-26T12:19:02.268000+00:00,39.688,44.162,24.753,185.0,206.0,False,108.603,"[None, 2048, 2048, 2049, 2048, 2048, 2048, 2049]","[2048, 2049, 2048, 2048, 2048, 2051, 2049, 2048, 2048, 2048]","[2048, 2049, 2049, 2048, 2049, 2049, 2049, 2049, 2048]",339.0,Charles LECLERC,LEC,Ferrari,ED1131,2026-09-26 12:19:02.268000+00:00,2026-09-26 12:20:50.871000+00:00,True,False,1,3.0,MEDIUM,7.0,False,PENDING_TIME_INTERVAL_REVIEW,,Finalize after checking temporal overlap with race-control periods
1295,11377,16,40,2026-09-26T12:20:50.926000+00:00,38.708,43.457,24.878,201.0,210.0,False,107.043,"[None, 2048, 2048, 2048, 2048, 2048, 2048, 2048]","[2049, 2048, 2048, 2048, 2049, 2048, 2048, 2048, 2048, 2048]","[2048, 2049, 2049, 2049, 2049, 2048, 2048, 2048, 2048]",332.0,Charles LECLERC,LEC,Ferrari,ED1131,2026-09-26 12:20:50.926000+00:00,2026-09-26 12:22:37.969000+00:00,True,False,1,3.0,MEDIUM,8.0,False,PENDING_TIME_INTERVAL_REVIEW,,Finalize after checking temporal overlap with race-control periods
1295,11377,16,41,2026-09-26T12:22:37.873000+00:00,37.979,43.503,24.87,202.0,213.0,False,106.352,"[None, 2049, 2049, 2048, 2048, 2048, 2049, 2048]","[2048, 2048, 2048, 2048, 2049, 2048, 2048, 2048, 2048, 2049]","[2048, 2049, 2049, 2049, 2049, 2048, 2048, 2048, 2048]",330.0,Charles LECLERC,LEC,Ferrari,ED1131,2026-09-26 12:22:37.873000+00:00,2026-09-26 12:24:24.225000+00:00,True,False,1,3.0,MEDIUM,9.0,False,PENDING_TIME_INTERVAL_REVIEW,,Finalize after checking temporal overlap with race-control periods
1295,11377,16,42,2026-09-26T12:24:24.263000+00:00,38.044,43.223,24.754,204.0,212.0,False,106.021,"[None, 2049, 2048, 2048, 2048, 2048, 2048, 2048]","[2049, 2048, 2049, 2049, 2048, 2048, 2048, 2049, 2049, 2048]","[2049, 2048, 2048, 2049, 2049, 2048, 2048, 2048, 2048]",333.0,Charles LECLERC,LEC,Ferrari,ED1131,2026-09-26 12:24:24.263000+00:00,2026-09-26 12:26:10.284000+00:00,True,False,1,3.0,MEDIUM,10.0,False,PENDING_TIME_INTERVAL_REVIEW,,Finalize after checking temporal overlap with race-control periods
1295,11377,16,43,2026-09-26T12:26:10.318000+00:00,37.893,43.447,24.862,201.0,215.0,False,106.202,"[None, 2048, 2048, 2048, 2048, 2049, 2048, 2048]","[2048, 2048, 2048, 2048, 2048, 2048, 2048, 2048, 2049, 2049]","[2048, 2048, 2048, 2048, 2048, 2048, 2048, 2048, 2048]",331.0,Charles LECLERC,LEC,Ferrari,ED1131,2026-09-26 12:26:10.318000+00:00,2026-09-26 12:27:56.520000+00:00,True,False,1,3.0,MEDIUM,11.0,False,PENDING_TIME_INTERVAL_REVIEW,,Finalize after checking temporal overlap with race-control periods
1295,11377,16,44,2026-09-26T12:27:56.482000+00:00,37.787,43.185,24.812,205.0,213.0,False,105.784,"[None, 2048, 2049, 2048, 2048, 2049, 2049, 2049]","[2048, 2048, 2049, 2048, 2048, 2048, 2048, 2049, 2049, 2048]","[2049, 2049, 2049, 2048, 2048, 2048, 2048, 2048, 2048]",329.0,Charles LECLERC,LEC,Ferrari,ED1131,2026-09-26 12:27:56.482000+00:00,2026-09-26 12:29:42.266000+00:00,True,False,1,3.0,MEDIUM,12.0,False,PENDING_TIME_INTERVAL_REVIEW,,Finalize after checking temporal overlap with race-control periods
1295,11377,16,45,2026-09-26T12:29:42.560000+00:00,37.821,43.263,24.848,204.0,209.0,False,105.932,"[None, 2049, 2048, 2048, 2048, 2048, 2048, 2049]","[2048, 2048, 2048, 2048, 2048, 2048, 2048, 2048, 2048, 2048]","[2048, 2048, 2048, 2048, 2048, 2048, 2048, 2048, 2048]",331.0,Charles LECLERC,LEC,Ferrari,ED1131,2026-09-26 12:29:42.560000+00:00,2026-09-26 12:31:28.492000+00:00,True,False,1,3.0,MEDIUM,13.0,False,PENDING_TIME_INTERVAL_REVIEW,,Finalize after checking temporal overlap with race-control periods
1295,11377,16,46,2026-09-26T12:31:28.192000+00:00,37.848,43.255,24.934,,213.0,False,106.037,"[None, 2048, 2048, 2048, 2048, 2049, 2048, 2048]","[2048, 2048, 2048, 2048, 2048, 2048, 2048, 2048, 2048, 2048]","[2048, 2048, 2048, 2048, 2048, 2048, 2048, 2048, 2048]",330.0,Charles LECLERC,LEC,Ferrari,ED1131,2026-09-26 12:31:28.192000+00:00,2026-09-26 12:33:14.229000+00:00,True,False,1,3.0,MEDIUM,14.0,False,PENDING_TIME_INTERVAL_REVIEW,,Finalize after checking temporal overlap with race-control periods
1295,11377,16,47,2026-09-26T12:33:14.207000+00:00,37.804,43.27,24.898,203.0,212.0,False,105.972,"[None, 2048, 2048, 2048, 2048, 2049, 2048, 2048]","[2048, 2048, 2048, 2049, 2049, 2048, 2048, 2048, 2048, 2048]","[2048, 2048, 2048, 2049, 2048, 2048, 2048, 2048, 2048]",329.0,Charles LECLERC,LEC,Ferrari,ED1131,2026-09-26 12:33:14.207000+00:00,2026-09-26 12:35:00.179000+00:00,True,False,1,3.0,MEDIUM,15.0,False,PENDING_TIME_INTERVAL_REVIEW,,Finalize after checking temporal overlap with race-control periods
1295,11377,16,48,2026-09-26T12:35:00.341000+00:00,37.901,43.201,24.973,207.0,210.0,False,106.075,"[None, 2048, 2048, 2048, 2048, 2048, 2048, 2049]","[2048, 2048, 2049, 2048, 2048, 2049, 2048, 2048, 2048, 2048]","[2048, 2048, 2048, 2048, 2048, 2048, 2048, 2048, 2048]",329.0,Charles LECLERC,LEC,Ferrari,ED1131,2026-09-26 12:35:00.341000+00:00,2026-09-26 12:36:46.416000+00:00,True,False,1,3.0,MEDIUM,16.0,False,PENDING_TIME_INTERVAL_REVIEW,,Finalize after checking temporal overlap with race-control periods
1295,11377,16,49,2026-09-26T12:36:46.286000+00:00,37.851,43.36,24.912,202.0,213.0,False,106.123,"[None, 2049, 2048, 2048, 2048, 2048, 2048, 2048]","[2048, 2048, 2048, 2048, 2048, 2048, 2048, 2049, 2048, 2048]","[2048, 2048, 2048, 2048, 2048, 2048, 2048, 2048, 2048]",330.0,Charles LECLERC,LEC,Ferrari,ED1131,2026-09-26 12:36:46.286000+00:00,2026-09-26 12:38:32.409000+00:00,True,False,1,3.0,MEDIUM,17.0,False,PENDING_TIME_INTERVAL_REVIEW,,Finalize after checking temporal overlap with race-control periods
1295,11377,16,50,2026-09-26T12:38:32.411000+00:00,38.036,43.289,24.959,206.0,210.0,False,106.284,"[None, 2048, 2048, 2048, 2048, 2048, 2048, 2049]","[2048, 2048, 2048, 2048, 2048, 2048, 2048, 2048, 2048, 2048]","[2049, 2049, 2049, 2048, 2048, 2048, 2048, 2048, 2048]",325.0,Charles LECLERC,LEC,Ferrari,ED1131,2026-09-26 12:38:32.411000+00:00,2026-09-26 12:40:18.695000+00:00,True,False,1,3.0,MEDIUM,18.0,False,PENDING_TIME_INTERVAL_REVIEW,,Finalize after checking temporal overlap with race-control periods
1295,11377,16,51,2026-09-26T12:40:18.680000+00:00,37.93,45.487,25.282,205.0,206.0,False,108.699,"[None, 2048, 2048, 2048, 2048, 2048, 2048, 2048]","[2048, 2048, 2048, 2048, 2048, 2049, 2048, 2048, 2048, 2048]","[2048, 2048, 2048, 2048, 2048, 2048, 2048, 2048, 2048]",323.0,Charles LECLERC,LEC,Ferrari,ED1131,2026-09-26 12:40:18.680000+00:00,2026-09-26 12:42:07.379000+00:00,True,False,1,3.0,MEDIUM,19.0,False,PENDING_TIME_INTERVAL_REVIEW,,Finalize after checking temporal overlap with race-control periods
1295,11377,31,1,2026-09-26T11:03:50.711000+00:00,48.454,47.224,25.307,169.0,190.0,False,120.985,"[2048, 2049, 2049, 2049, 2049, 2049, 2049, 2049]","[2049, 2049, 2049, 2049, 2049, 2049, 2051, 2049, 2049, 2049]","[2049, 2049, 2049, 2049, 2049, 2049, 2049, 2049, 2049]",340.0,Esteban OCON,OCO,Haas F1 Team,9C9FA2,2026-09-26 11:03:50.711000+00:00,2026-09-26 11:05:51.696000+00:00,True,False,1,1.0,SOFT,0.0,False,PENDING_TIME_INTERVAL_REVIEW,,Finalize after checking temporal overlap with race-control periods
1295,11377,31,2,2026-09-26T11:05:51.696000+00:00,40.454,45.56,25.078,166.0,192.0,False,111.092,"[2049, 2049, 2049, 2049, 2049, 2049, 2049, 2048]","[2049, 2048, 2049, 2049, 2049, 2049, 2051, 2049, 2049, 2049]","[2049, 2049, 2049, 2049, 2048, 2048, 2049, 2049, 2049]",341.0,Esteban OCON,OCO,Haas F1 Team,9C9FA2,2026-09-26 11:05:51.696000+00:00,2026-09-26 11:07:42.788000+00:00,True,False,1,1.0,SOFT,1.0,False,PENDING_TIME_INTERVAL_REVIEW,,Finalize after checking temporal overlap with race-control periods
1295,11377,31,3,2026-09-26T11:07:42.800000+00:00,40.16,45.234,25.354,176.0,187.0,False,110.748,"[2048, 2049, 2049, 2049, 2049, 2049, 2049, 2049]","[2049, 2048, 2049, 2049, 2048, 2048, 2048, 2048, 2049, 2048]","[2049, 2048, 2048, 2048, 2048, 2049, 2049, 2048, 2048]",340.0,Esteban OCON,OCO,Haas F1 Team,9C9FA2,2026-09-26 11:07:42.800000+00:00,2026-09-26 11:09:33.548000+00:00,True,False,1,1.0,SOFT,2.0,False,PENDING_TIME_INTERVAL_REVIEW,,Finalize after checking temporal overlap with race-control periods
1295,11377,31,4,2026-09-26T11:09:33.650000+00:00,39.539,45.16,25.076,184.0,189.0,False,109.775,"[2049, 2049, 2049, 2048, 2049, 2049, 2049, 2049]","[2049, 2048, 2048, 2049, 2049, 2049, 2048, 2049, 2048, 2048]","[2049, 2049, 2049, 2049, 2049, 2048, 2048, 2048, 2048]",340.0,Esteban OCON,OCO,Haas F1 Team,9C9FA2,2026-09-26 11:09:33.650000+00:00,2026-09-26 11:11:23.425000+00:00,True,False,1,1.0,SOFT,3.0,False,PENDING_TIME_INTERVAL_REVIEW,,Finalize after checking temporal overlap with race-control periods
1295,11377,31,5,2026-09-26T11:11:23.317000+00:00,39.598,44.773,25.074,,196.0,False,109.445,"[None, 2049, 2048, 2048, 2049, 2048, 2048, 2048]","[2048, 2048, 2049, 2049, 2048, 2051, 2051, 2049, 2049, 2049]","[2049, 2049, 2049, 2048, 2048, 2048, 2048, 2048, 2048]",338.0,Esteban OCON,OCO,Haas F1 Team,9C9FA2,2026-09-26 11:11:23.317000+00:00,2026-09-26 11:13:12.762000+00:00,True,False,1,1.0,SOFT,4.0,False,PENDING_TIME_INTERVAL_REVIEW,,Finalize after checking temporal overlap with race-control periods
1295,11377,31,6,2026-09-26T11:13:12.863000+00:00,39.644,45.261,25.259,182.0,188.0,False,110.164,"[None, 2048, 2048, 2048, 2048, 2048, 2048, 2049]","[2048, 2048, 2048, 2048, 2048, 2048, 2051, 2048, 2048, 2048]","[2048, 2048, 2048, 2048, 2048, 2049, 2049, 2048, 2048]",342.0,Esteban OCON,OCO,Haas F1 Team,9C9FA2,2026-09-26 11:13:12.863000+00:00,2026-09-26 11:15:03.027000+00:00,True,False,1,1.0,SOFT,5.0,False,PENDING_TIME_INTERVAL_REVIEW,,Finalize after checking temporal overlap with race-control periods
1295,11377,31,7,2026-09-26T11:15:02.918000+00:00,39.577,45.076,25.123,,196.0,False,109.776,"[2048, 2048, 2048, 2048, 2048, 2049, 2049, 2048]","[2049, 2048, 2048, 2049, 2048, 2048, 2048, 2048, 2048, 2048]","[2048, 2048, 2048, 2048, 2049, 2048, 2048, 2048, 2048]",341.0,Esteban OCON,OCO,Haas F1 Team,9C9FA2,2026-09-26 11:15:02.918000+00:00,2026-09-26 11:16:52.694000+00:00,True,False,1,1.0,SOFT,6.0,False,PENDING_TIME_INTERVAL_REVIEW,,Finalize after checking temporal overlap with race-control periods
1295,11377,31,8,2026-09-26T11:16:52.820000+00:00,39.478,44.888,25.133,180.0,197.0,False,109.499,"[None, 2048, 2049, 2048, 2048, 2049, 2049, 2048]","[2048, 2048, 2049, 2049, 2048, 2048, 2048, 2048, 2048, 2049]","[2048, 2048, 2048, 2048, 2048, 2048, 2048, 2048, 2048]",339.0,Esteban OCON,OCO,Haas F1 Team,9C9FA2,2026-09-26 11:16:52.820000+00:00,2026-09-26 11:18:42.319000+00:00,True,False,1,1.0,SOFT,7.0,False,PENDING_TIME_INTERVAL_REVIEW,,Finalize after checking temporal overlap with race-control periods
1295,11377,31,9,2026-09-26T11:18:42.193000+00:00,39.483,45.247,25.307,176.0,193.0,False,110.037,"[None, 2048, 2048, 2049, 2049, 2048, 2048, 2048]","[2049, 2048, 2048, 2049, 2048, 2048, 2048, 2048, 2048, 2048]","[2048, 2048, 2048, 2048, 2048, 2048, 2048, 2048, 2048]",336.0,Esteban OCON,OCO,Haas F1 Team,9C9FA2,2026-09-26 11:18:42.193000+00:00,2026-09-26 11:20:32.230000+00:00,True,False,1,1.0,SOFT,8.0,False,PENDING_TIME_INTERVAL_REVIEW,,Finalize after checking temporal overlap with race-control periods
1295,11377,31,10,2026-09-26T11:20:32.271000+00:00,40.26,44.845,25.391,180.0,196.0,False,110.496,"[None, 2048, 2048, 2048, 2048, 2048, 2049, 2048]","[2048, 2048, 2048, 2048, 2048, 2048, 2048, 2048, 2048, 2048]","[2049, 2049, 2048, 2048, 2048, 2048, 2048, 2048, 2048]",329.0,Esteban OCON,OCO,Haas F1 Team,9C9FA2,2026-09-26 11:20:32.271000+00:00,2026-09-26 11:22:22.767000+00:00,True,False,1,1.0,SOFT,9.0,False,PENDING_TIME_INTERVAL_REVIEW,,Finalize after checking temporal overlap with race-control periods
1295,11377,31,11,2026-09-26T11:22:22.799000+00:00,39.527,44.832,25.256,183.0,195.0,False,109.615,"[None, 2049, 2048, 2048, 2048, 2049, 2048, 2048]","[2048, 2048, 2048, 2049, 2048, 2048, 2048, 2048, 2049, 2049]","[2048, 2048, 2048, 2048, 2048, 2048, 2048, 2048, 2048]",335.0,Esteban OCON,OCO,Haas F1 Team,9C9FA2,2026-09-26 11:22:22.799000+00:00,2026-09-26 11:24:12.414000+00:00,True,False,1,1.0,SOFT,10.0,False,PENDING_TIME_INTERVAL_REVIEW,,Finalize after checking temporal overlap with race-control periods
1295,11377,31,12,2026-09-26T11:24:12.396000+00:00,39.437,44.845,24.93,180.0,192.0,False,109.212,"[None, 2048, 2049, 2048, 2048, 2048, 2048, 2048]","[2048, 2048, 2048, 2048, 2048, 2048, 2048, 2049, 2049, 2048]","[2048, 2049, 2049, 2049, 2049, 2048, 2048, 2048, 2048]",341.0,Esteban OCON,OCO,Haas F1 Team,9C9FA2,2026-09-26 11:24:12.396000+00:00,2026-09-26 11:26:01.608000+00:00,True,False,1,1.0,SOFT,11.0,False,PENDING_TIME_INTERVAL_REVIEW,,Finalize after checking temporal overlap with race-control periods
1295,11377,31,13,2026-09-26T11:26:01.610000+00:00,39.577,45.187,25.1,181.0,197.0,False,109.864,"[None, 2048, 2048, 2048, 2048, 2048, 2048, 2049]","[2048, 2049, 2048, 2048, 2048, 2048, 2048, 2048, 2048, 2048]","[2048, 2048, 2048, 2048, 2048, 2048, 2048, 2048, 2048]",337.0,Esteban OCON,OCO,Haas F1 Team,9C9FA2,2026-09-26 11:26:01.610000+00:00,2026-09-26 11:27:51.474000+00:00,True,False,1,1.0,SOFT,12.0,False,PENDING_TIME_INTERVAL_REVIEW,,Finalize after checking temporal overlap with race-control periods
1295,11377,31,14,2026-09-26T11:27:51.467000+00:00,39.561,44.743,25.23,176.0,201.0,False,109.534,"[None, 2048, 2048, 2048, 2048, 2048, 2048, 2048]","[2048, 2048, 2049, 2048, 2048, 2048, 2048, 2048, 2048, 2049]","[2049, 2048, 2048, 2048, 2048, 2048, 2048, 2048]",335.0,Esteban OCON,OCO,Haas F1 Team,9C9FA2,2026-09-26 11:27:51.467000+00:00,2026-09-26 11:29:41.001000+00:00,True,False,1,1.0,SOFT,13.0,False,PENDING_TIME_INTERVAL_REVIEW,,Finalize after checking temporal overlap with race-control periods
1295,11377,31,15,2026-09-26T11:29:41.172000+00:00,39.31,44.717,25.292,185.0,194.0,False,109.319,"[None, 2048, 2049, 2048, 2048, 2048, 2048, 2048]","[2048, 2048, 2048, 2048, 2048, 2048, 2048, 2048, 2049, 2048]","[2049, 2048, 2048, 2048, 2048, 2048, 2048, 2048, 2048]",331.0,Esteban OCON,OCO,Haas F1 Team,9C9FA2,2026-09-26 11:29:41.172000+00:00,2026-09-26 11:31:30.491000+00:00,True,False,1,1.0,SOFT,14.0,False,PENDING_TIME_INTERVAL_REVIEW,,Finalize after checking temporal overlap with race-control periods
1295,11377,31,16,2026-09-26T11:31:30.321000+00:00,39.258,44.781,25.385,190.0,199.0,False,109.424,"[None, 2048, 2049, 2048, 2048, 2049, 2049, 2048]","[2049, 2048, 2048, 2049, 2048, 2048, 2048, 2048, 2048, 2049]","[2048, 2048, 2048, 2048, 2048, 2048, 2048, 2048, 2048]",330.0,Esteban OCON,OCO,Haas F1 Team,9C9FA2,2026-09-26 11:31:30.321000+00:00,2026-09-26 11:33:19.745000+00:00,True,False,1,1.0,SOFT,15.0,False,PENDING_TIME_INTERVAL_REVIEW,,Finalize after checking temporal overlap with race-control periods
1295,11377,31,17,2026-09-26T11:33:19.719000+00:00,39.188,44.554,25.438,188.0,199.0,False,109.18,"[None, 2048, 2049, 2048, 2048, 2048, 2049, 2048]","[2049, 2048, 2048, 2049, 2049, 2048, 2048, 2048, 2049, 2048]","[2048, 2048, 2048, 2048, 2048, 2048, 2048, 2048, 2048]",327.0,Esteban OCON,OCO,Haas F1 Team,9C9FA2,2026-09-26 11:33:19.719000+00:00,2026-09-26 11:35:08.899000+00:00,True,False,1,1.0,SOFT,16.0,False,PENDING_TIME_INTERVAL_REVIEW,,Finalize after checking temporal overlap with race-control periods
1295,11377,31,18,2026-09-26T11:35:08.916000+00:00,39.009,44.542,25.464,197.0,199.0,False,109.015,"[None, 2048, 2049, 2048, 2048, 2048, 2049, 2048]","[2049, 2048, 2048, 2049, 2048, 2048, 2048, 2048, 2048, 2049]","[2048, 2048, 2048, 2048, 2048, 2048, 2048, 2048, 2048]",327.0,Esteban OCON,OCO,Haas F1 Team,9C9FA2,2026-09-26 11:35:08.916000+00:00,2026-09-26 11:36:57.931000+00:00,True,False,1,1.0,SOFT,17.0,False,PENDING_TIME_INTERVAL_REVIEW,,Finalize after checking temporal overlap with race-control periods
1295,11377,31,19,2026-09-26T11:36:58.016000+00:00,39.079,44.55,25.448,191.0,205.0,False,109.077,"[None, 2048, 2048, 2048, 2048, 2049, 2048, 2048]","[2048, 2048, 2049, 2048, 2048, 2048, 2048, 2048, 2048, 2051]","[2048, 2048, 2048, 2048, 2048, 2048, 2048, 2048, 2048]",327.0,Esteban OCON,OCO,Haas F1 Team,9C9FA2,2026-09-26 11:36:58.016000+00:00,2026-09-26 11:38:47.093000+00:00,True,False,1,1.0,SOFT,18.0,False,PENDING_TIME_INTERVAL_REVIEW,,Finalize after checking temporal overlap with race-control periods
1295,11377,31,20,2026-09-26T11:38:46.993000+00:00,39.028,44.515,25.357,186.0,201.0,False,108.9,"[None, 2048, 2048, 2048, 2048, 2048, 2048, 2048]","[2048, 2048, 2049, 2048, 2048, 2048, 2048, 2048, 2048, 2048]","[2049, 2048, 2048, 2048, 2048, 2048, 2048, 2048, 2048]",330.0,Esteban OCON,OCO,Haas F1 Team,9C9FA2,2026-09-26 11:38:46.993000+00:00,2026-09-26 11:40:35.893000+00:00,True,False,1,1.0,SOFT,19.0,False,PENDING_TIME_INTERVAL_REVIEW,,Finalize after checking temporal overlap with race-control periods
1295,11377,31,21,2026-09-26T11:40:35.936000+00:00,38.832,44.368,25.305,191.0,203.0,False,108.505,"[2049, 2048, 2048, 2048, 2048, 2049, 2049, 2048]","[2048, 2048, 2048, 2048, 2049, 2048, 2048, 2048, 2048, 2048]","[2048, 2049, 2049, 2048, 2048, 2048, 2048, 2048, 2048]",330.0,Esteban OCON,OCO,Haas F1 Team,9C9FA2,2026-09-26 11:40:35.936000+00:00,2026-09-26 11:42:24.441000+00:00,True,False,1,1.0,SOFT,20.0,False,PENDING_TIME_INTERVAL_REVIEW,,Finalize after checking temporal overlap with race-control periods
1295,11377,31,22,2026-09-26T11:42:24.394000+00:00,38.982,44.534,25.324,190.0,202.0,False,108.84,"[2048, 2048, 2048, 2048, 2048, 2048, 2048, 2048]","[2048, 2048, 2048, 2048, 2048, 2048, 2048, 2048, 2048, 2048]","[2048, 2048, 2048, 2048, 2048, 2048, 2048, 2048]",331.0,Esteban OCON,OCO,Haas F1 Team,9C9FA2,2026-09-26 11:42:24.394000+00:00,2026-09-26 11:44:13.234000+00:00,True,False,1,1.0,SOFT,21.0,False,PENDING_TIME_INTERVAL_REVIEW,,Finalize after checking temporal overlap with race-control periods
1295,11377,31,23,2026-09-26T11:44:13.217000+00:00,38.984,44.551,25.308,187.0,201.0,False,108.843,"[None, 2048, 2048, 2048, 2048, 2048, 2048, 2048]","[2048, 2048, 2048, 2049, 2048, 2048, 2048, 2048, 2048, 2048]","[2048, 2048, 2048, 2048, 2048, 2048, 2048, 2048, 2048]",333.0,Esteban OCON,OCO,Haas F1 Team,9C9FA2,2026-09-26 11:44:13.217000+00:00,2026-09-26 11:46:02.060000+00:00,True,False,1,1.0,SOFT,22.0,False,PENDING_TIME_INTERVAL_REVIEW,,Finalize after checking temporal overlap with race-control periods
1295,11377,31,24,2026-09-26T11:46:02.127000+00:00,39.04,44.507,25.133,188.0,204.0,False,108.68,"[None, 2048, 2048, 2048, 2048, 2048, 2048, 2048]","[2048, 2048, 2048, 2049, 2048, 2048, 2048, 2048, 2048, 2048]","[2048, 2048, 2048, 2048, 2048, 2048, 2048, 2048, 2048]",339.0,Esteban OCON,OCO,Haas F1 Team,9C9FA2,2026-09-26 11:46:02.127000+00:00,2026-09-26 11:47:50.807000+00:00,True,False,1,1.0,SOFT,23.0,False,PENDING_TIME_INTERVAL_REVIEW,,Finalize after checking temporal overlap with race-control periods
1295,11377,31,25,2026-09-26T11:47:50.818000+00:00,39.107,44.6,24.893,,208.0,False,108.6,"[None, 2048, 2048, 2048, 2048, 2048, 2048, 2048]","[2048, 2048, 2048, 2048, 2048, 2048, 2048, 2049, 2048, 2051]","[2048, 2049, 2049, 2049, 2049, 2048, 2048, 2048, 2048]",340.0,Esteban OCON,OCO,Haas F1 Team,9C9FA2,2026-09-26 11:47:50.818000+00:00,2026-09-26 11:49:39.418000+00:00,True,False,1,1.0,SOFT,24.0,False,PENDING_TIME_INTERVAL_REVIEW,,Finalize after checking temporal overlap with race-control periods
1295,11377,31,26,2026-09-26T11:49:39.329000+00:00,39.175,44.684,25.166,187.0,200.0,False,109.025,"[2049, 2048, 2048, 2048, 2049, 2048, 2048, 2048]","[2048, 2048, 2048, 2048, 2048, 2048, 2048, 2048, 2048, 2048]","[2048, 2048, 2048, 2048, 2048, 2048, 2048, 2048, 2048]",337.0,Esteban OCON,OCO,Haas F1 Team,9C9FA2,2026-09-26 11:49:39.329000+00:00,2026-09-26 11:51:28.354000+00:00,True,False,1,1.0,SOFT,25.0,False,PENDING_TIME_INTERVAL_REVIEW,,Finalize after checking temporal overlap with race-control periods
1295,11377,31,27,2026-09-26T11:51:28.391000+00:00,38.931,44.309,24.781,182.0,203.0,False,108.021,"[2048, 2048, 2048, 2048, 2048, 2048, 2048, 2048]","[2048, 2048, 2049, 2048, 2048, 2049, 2048, 2049, 2048, 2048]","[2048, 2049, 2049, 2049, 2049, 2049, 2048, 2049, 2049]",343.0,Esteban OCON,OCO,Haas F1 Team,9C9FA2,2026-09-26 11:51:28.391000+00:00,2026-09-26 11:53:16.412000+00:00,True,False,1,1.0,SOFT,26.0,False,PENDING_TIME_INTERVAL_REVIEW,,Finalize after checking temporal overlap with race-control periods
1295,11377,31,28,2026-09-26T11:53:16.476000+00:00,40.832,44.858,25.144,175.0,203.0,False,110.834,"[2049, 2048, 2048, 2048, 2049, 2048, 2048, 2048]","[2048, 2048, 2048, 2048, 2048, 2048, 2048, 2048, 2048, 2048]","[2048, 2048, 2048, 2048, 2048, 2048, 2048, 2048, 2048]",337.0,Esteban OCON,OCO,Haas F1 Team,9C9FA2,2026-09-26 11:53:16.476000+00:00,2026-09-26 11:55:07.310000+00:00,True,False,1,1.0,SOFT,27.0,False,PENDING_TIME_INTERVAL_REVIEW,,Finalize after checking temporal overlap with race-control periods
1295,11377,31,29,2026-09-26T11:55:07.278000+00:00,39.083,44.237,24.98,184.0,200.0,False,108.3,"[2048, 2048, 2048, 2048, 2048, 2048, 2048, 2048]","[2048, 2048, 2049, 2048, 2048, 2049, 2049, 2048, 2048, 2048]","[2048, 2049, 2048, 2048, 2048, 2048, 2048, 2048, 2048]",338.0,Esteban OCON,OCO,Haas F1 Team,9C9FA2,2026-09-26 11:55:07.278000+00:00,2026-09-26 11:56:55.578000+00:00,True,False,1,1.0,SOFT,28.0,False,PENDING_TIME_INTERVAL_REVIEW,,Finalize after checking temporal overlap with race-control periods
1295,11377,31,30,2026-09-26T11:56:55.557000+00:00,39.09,51.35,40.636,192.0,155.0,False,131.076,"[None, 2048, 2048, 2048, 2048, 2048, 2048, 2048]","[2048, 2048, 2048, 2048, 2048, 2048, 2048, 2048, 2048, 2048]","[2048, 2048, 2048, 2048, 2048, 2048, 2048, 2064, 2064]",240.0,Esteban OCON,OCO,Haas F1 Team,9C9FA2,2026-09-26 11:56:55.557000+00:00,2026-09-26 11:59:06.633000+00:00,True,False,1,1.0,SOFT,29.0,True,PENDING_TIME_INTERVAL_REVIEW,,Finalize after checking temporal overlap with race-control periods
1295,11377,31,31,2026-09-26T11:59:06.620000+00:00,68.218,59.61,36.958,104.0,137.0,True,164.786,"[2064, 2064, 2048, 2048, 2048, 2048, 2048, 2048]","[2048, 2048, 2048, 2048, 2048, 2048, 2048, 2048, 2048, 2048]","[2048, 2048, 2048, 2048, 2048, 2048, 2048, 2048, 2048]",224.0,Esteban OCON,OCO,Haas F1 Team,9C9FA2,2026-09-26 11:59:06.620000+00:00,2026-09-26 12:01:51.406000+00:00,True,False,1,2.0,MEDIUM,0.0,False,PENDING_TIME_INTERVAL_REVIEW,,Finalize after checking temporal overlap with race-control periods
1295,11377,31,32,2026-09-26T12:01:51.500000+00:00,46.348,54.473,28.569,102.0,174.0,False,129.39,"[2048, 2048, 2048, 2048, 2048, 2048, 2048, 2048]","[2048, 2048, 2048, 2048, 2048, 2048, 2048, 2048, 2048, 2048]","[2048, 2048, 2048, 2048, 2048, 2048, 2048, 2048, 2048]",280.0,Esteban OCON,OCO,Haas F1 Team,9C9FA2,2026-09-26 12:01:51.500000+00:00,2026-09-26 12:04:00.890000+00:00,True,False,1,2.0,MEDIUM,1.0,False,PENDING_TIME_INTERVAL_REVIEW,,Finalize after checking temporal overlap with race-control periods
1295,11377,31,33,2026-09-26T12:04:00.850000+00:00,43.875,56.219,37.642,113.0,124.0,False,137.736,"[None, 2049, 2048, 2048, 2048, 2048, 2048, 2048]","[2048, 2048, 2048, 2048, 2048, 2048, 2048, 2048, 2048, 2048]","[2048, 2048, 2048, 2048, 2048, 2048, 2048, 2048, 2048]",179.0,Esteban OCON,OCO,Haas F1 Team,9C9FA2,2026-09-26 12:04:00.850000+00:00,2026-09-26 12:06:18.586000+00:00,True,False,1,2.0,MEDIUM,2.0,False,PENDING_TIME_INTERVAL_REVIEW,,Finalize after checking temporal overlap with race-control periods
1295,11377,31,34,2026-09-26T12:06:18.579000+00:00,63.168,64.095,37.291,154.0,140.0,False,164.554,"[None, 2048, 2048, 2048, 2048, 2048, 2048, 2048]","[2048, 2048, 2048, 2048, 2048, 2048, 2048, 2048, 2048, 2048]","[2048, 2048, 2048, 2048, 2048, 2048, 2048, 2048, 2048]",228.0,Esteban OCON,OCO,Haas F1 Team,9C9FA2,2026-09-26 12:06:18.579000+00:00,2026-09-26 12:09:03.133000+00:00,True,False,1,2.0,MEDIUM,3.0,False,PENDING_TIME_INTERVAL_REVIEW,,Finalize after checking temporal overlap with race-control periods
1295,11377,31,35,2026-09-26T12:09:03.076000+00:00,51.924,60.574,32.608,175.0,149.0,False,145.106,"[None, 2048, 2048, 2048, 2048, 2048, 2048, 2048]","[2048, 2048, 2048, 2048, 2048, 2048, 2048, 2048, 2048, 2048]","[2048, 2048, 2048, 2048, 2048, 2048, 2048, 2048, 2048]",278.0,Esteban OCON,OCO,Haas F1 Team,9C9FA2,2026-09-26 12:09:03.076000+00:00,2026-09-26 12:11:28.182000+00:00,True,False,1,2.0,MEDIUM,4.0,False,PENDING_TIME_INTERVAL_REVIEW,,Finalize after checking temporal overlap with race-control periods
1295,11377,31,36,2026-09-26T12:11:28.121000+00:00,41.285,55.981,43.561,174.0,149.0,False,140.827,"[None, 2048, 2048, 2048, 2048, 2048, 2048, 2048]","[2048, 2048, 2048, 2048, 2048, 2048, 2048, 2048, 2048, 2048]","[2048, 2048, 2048, 2048, 2048, 2048, 2048, 2064, 2064]",223.0,Esteban OCON,OCO,Haas F1 Team,9C9FA2,2026-09-26 12:11:28.121000+00:00,2026-09-26 12:13:48.948000+00:00,True,False,1,2.0,MEDIUM,5.0,True,PENDING_TIME_INTERVAL_REVIEW,,Finalize after checking temporal overlap with race-control periods
1295,11377,31,37,2026-09-26T12:13:48.998000+00:00,60.593,61.555,39.67,146.0,132.0,True,161.818,"[2064, 2064, 2048, 2048, 2048, 2048, 2048, 2048]","[2048, 2048, 2048, 2048, 2048, 2048, 2048, 2048, 2048, 2048]","[2048, 2048, 2048, 2048, 2048, 2048, 2048, 2048, 2048]",200.0,Esteban OCON,OCO,Haas F1 Team,9C9FA2,2026-09-26 12:13:48.998000+00:00,2026-09-26 12:16:30.816000+00:00,True,False,1,3.0,MEDIUM,0.0,False,PENDING_TIME_INTERVAL_REVIEW,,Finalize after checking temporal overlap with race-control periods
1295,11377,31,38,2026-09-26T12:16:30.782000+00:00,55.266,64.072,33.75,135.0,133.0,False,153.088,"[2048, 2048, 2048, 2048, 2048, 2048, 2048, 2048]","[2048, 2048, 2048, 2048, 2048, 2048, 2048, 2048, 2048, 2048]","[2048, 2048, 2048, 2048, 2048, 2048, 2048, 2048, 2048]",233.0,Esteban OCON,OCO,Haas F1 Team,9C9FA2,2026-09-26 12:16:30.782000+00:00,2026-09-26 12:19:03.870000+00:00,True,False,1,3.0,MEDIUM,1.0,False,PENDING_TIME_INTERVAL_REVIEW,,Finalize after checking temporal overlap with race-control periods
1295,11377,31,39,2026-09-26T12:19:04.115000+00:00,39.548,44.435,24.925,187.0,198.0,False,108.908,"[None, 2048, 2048, 2049, 2048, 2048, 2048, 2049]","[2048, 2049, 2048, 2048, 2048, 2049, 2049, 2048, 2048, 2048]","[2048, 2049, 2049, 2048, 2048, 2048, 2048, 2048, 2048]",338.0,Esteban OCON,OCO,Haas F1 Team,9C9FA2,2026-09-26 12:19:04.115000+00:00,2026-09-26 12:20:53.023000+00:00,True,False,1,3.0,MEDIUM,2.0,False,PENDING_TIME_INTERVAL_REVIEW,,Finalize after checking temporal overlap with race-control periods
1295,11377,31,40,2026-09-26T12:20:52.898000+00:00,39.388,43.896,25.247,191.0,207.0,False,108.531,"[None, 2048, 2048, 2048, 2048, 2048, 2048, 2048]","[2049, 2048, 2048, 2049, 2049, 2048, 2048, 2048, 2048, 2051]","[2049, 2049, 2049, 2048, 2048, 2048, 2048, 2048]",330.0,Esteban OCON,OCO,Haas F1 Team,9C9FA2,2026-09-26 12:20:52.898000+00:00,2026-09-26 12:22:41.429000+00:00,True,False,1,3.0,MEDIUM,3.0,False,PENDING_TIME_INTERVAL_REVIEW,,Finalize after checking temporal overlap with race-control periods
1295,11377,31,41,2026-09-26T12:22:41.243000+00:00,38.8,43.745,25.315,189.0,205.0,False,107.86,"[None, 2048, 2048, 2048, 2048, 2049, 2048, 2048]","[2048, 2048, 2049, 2049, 2049, 2048, 2048, 2048, 2049, 2048]","[2049, 2048, 2049, 2048, 2048, 2048, 2048, 2048, 2048]",327.0,Esteban OCON,OCO,Haas F1 Team,9C9FA2,2026-09-26 12:22:41.243000+00:00,2026-09-26 12:24:29.103000+00:00,True,False,1,3.0,MEDIUM,4.0,False,PENDING_TIME_INTERVAL_REVIEW,,Finalize after checking temporal overlap with race-control periods
1295,11377,31,42,2026-09-26T12:24:29.313000+00:00,38.618,43.605,25.273,193.0,216.0,False,107.496,"[None, 2049, 2048, 2048, 2048, 2048, 2048, 2048]","[2049, 2048, 2048, 2049, 2049, 2048, 2048, 2048, 2049, 2051]","[2049, 2048, 2048, 2048, 2048, 2048, 2048, 2048, 2048]",328.0,Esteban OCON,OCO,Haas F1 Team,9C9FA2,2026-09-26 12:24:29.313000+00:00,2026-09-26 12:26:16.809000+00:00,True,False,1,3.0,MEDIUM,5.0,False,PENDING_TIME_INTERVAL_REVIEW,,Finalize after checking temporal overlap with race-control periods
1295,11377,31,43,2026-09-26T12:26:16.708000+00:00,38.504,43.528,25.164,196.0,210.0,False,107.196,"[None, 2049, 2049, 2048, 2048, 2049, 2049, 2048]","[2049, 2048, 2049, 2048, 2048, 2048, 2048, 2048, 2049, 2048]","[2049, 2049, 2049, 2049, 2048, 2048, 2048, 2048, 2048]",329.0,Esteban OCON,OCO,Haas F1 Team,9C9FA2,2026-09-26 12:26:16.708000+00:00,2026-09-26 12:28:03.904000+00:00,True,False,1,3.0,MEDIUM,6.0,False,PENDING_TIME_INTERVAL_REVIEW,,Finalize after checking temporal overlap with race-control periods
1295,11377,31,44,2026-09-26T12:28:03.998000+00:00,38.379,43.447,25.242,201.0,209.0,False,107.068,"[None, 2049, 2048, 2048, 2048, 2049, 2049, 2048]","[2048, 2048, 2048, 2049, 2049, 2048, 2048, 2049, 2048, 2048]","[2049, 2049, 2049, 2048, 2048, 2048, 2048, 2048, 2048]",327.0,Esteban OCON,OCO,Haas F1 Team,9C9FA2,2026-09-26 12:28:03.998000+00:00,2026-09-26 12:29:51.066000+00:00,True,False,1,3.0,MEDIUM,7.0,False,PENDING_TIME_INTERVAL_REVIEW,,Finalize after checking temporal overlap with race-control periods
1295,11377,31,45,2026-09-26T12:29:51.055000+00:00,38.296,43.571,25.307,196.0,202.0,False,107.174,"[None, 2049, 2049, 2048, 2048, 2049, 2049, 2048]","[2049, 2048, 2048, 2049, 2048, 2048, 2048, 2048, 2048, 2048]","[2048, 2048, 2048, 2048, 2048, 2048, 2048, 2048, 2048]",327.0,Esteban OCON,OCO,Haas F1 Team,9C9FA2,2026-09-26 12:29:51.055000+00:00,2026-09-26 12:31:38.229000+00:00,True,False,1,3.0,MEDIUM,8.0,False,PENDING_TIME_INTERVAL_REVIEW,,Finalize after checking temporal overlap with race-control periods
1295,11377,31,46,2026-09-26T12:31:38.186000+00:00,38.36,43.616,25.352,198.0,210.0,False,107.328,"[None, 2048, 2048, 2048, 2048, 2049, 2049, 2048]","[2048, 2048, 2048, 2048, 2048, 2048, 2048, 2048, 2048, 2048]","[2048, 2048, 2048, 2048, 2048, 2048, 2048, 2048, 2048]",326.0,Esteban OCON,OCO,Haas F1 Team,9C9FA2,2026-09-26 12:31:38.186000+00:00,2026-09-26 12:33:25.514000+00:00,True,False,1,3.0,MEDIUM,9.0,False,PENDING_TIME_INTERVAL_REVIEW,,Finalize after checking temporal overlap with race-control periods
1295,11377,31,47,2026-09-26T12:33:25.526000+00:00,38.507,43.702,25.352,190.0,210.0,False,107.561,"[None, 2048, 2049, 2048, 2048, 2048, 2048, 2048]","[2048, 2048, 2048, 2048, 2048, 2048, 2048, 2048, 2048, 2048]","[2048, 2048, 2048, 2048, 2048, 2048, 2048, 2048, 2048]",325.0,Esteban OCON,OCO,Haas F1 Team,9C9FA2,2026-09-26 12:33:25.526000+00:00,2026-09-26 12:35:13.087000+00:00,True,False,1,3.0,MEDIUM,10.0,False,PENDING_TIME_INTERVAL_REVIEW,,Finalize after checking temporal overlap with race-control periods
1295,11377,31,48,2026-09-26T12:35:13.151000+00:00,38.631,43.698,25.369,192.0,208.0,False,107.698,"[None, 2048, 2048, 2048, 2048, 2048, 2048, 2048]","[2048, 2048, 2048, 2048, 2049, 2048, 2048, 2048, 2048, 2048]","[2048, 2048, 2048, 2048, 2048, 2048, 2048, 2048, 2048]",326.0,Esteban OCON,OCO,Haas F1 Team,9C9FA2,2026-09-26 12:35:13.151000+00:00,2026-09-26 12:37:00.849000+00:00,True,False,1,3.0,MEDIUM,11.0,False,PENDING_TIME_INTERVAL_REVIEW,,Finalize after checking temporal overlap with race-control periods
1295,11377,31,49,2026-09-26T12:37:00.756000+00:00,38.343,43.434,25.356,199.0,208.0,False,107.133,"[None, 2048, 2049, 2048, 2048, 2048, 2048, 2048]","[2048, 2048, 2049, 2048, 2048, 2048, 2048, 2048, 2048, 2048]","[2048, 2048, 2048, 2048, 2048, 2048, 2048, 2048, 2048]",326.0,Esteban OCON,OCO,Haas F1 Team,9C9FA2,2026-09-26 12:37:00.756000+00:00,2026-09-26 12:38:47.889000+00:00,True,False,1,3.0,MEDIUM,12.0,False,PENDING_TIME_INTERVAL_REVIEW,,Finalize after checking temporal overlap with race-control periods
1295,11377,31,50,2026-09-26T12:38:47.902000+00:00,38.808,43.341,25.475,196.0,212.0,False,107.624,"[None, 2049, 2049, 2048, 2048, 2048, 2048, 2048]","[2048, 2048, 2049, 2049, 2048, 2048, 2048, 2048, 2049, 2048]","[2049, 2048, 2048, 2048, 2048, 2048, 2048, 2048, 2048]",322.0,Esteban OCON,OCO,Haas F1 Team,9C9FA2,2026-09-26 12:38:47.902000+00:00,2026-09-26 12:40:35.526000+00:00,True,False,1,3.0,MEDIUM,13.0,False,PENDING_TIME_INTERVAL_REVIEW,,Finalize after checking temporal overlap with race-control periods
1295,11377,31,51,2026-09-26T12:40:35.532000+00:00,38.421,44.673,25.831,195.0,193.0,False,108.925,"[None, 2048, 2048, 2048, 2048, 2048, 2048, 2048]","[2048, 2048, 2048, 2048, 2048, 2048, 2048, 2048, 2048, 2048]","[2048, 2048, 2048, 2048, 2048, 2048, 2048, 2048, 2048]",322.0,Esteban OCON,OCO,Haas F1 Team,9C9FA2,2026-09-26 12:40:35.532000+00:00,2026-09-26 12:42:24.457000+00:00,True,False,1,3.0,MEDIUM,14.0,False,PENDING_TIME_INTERVAL_REVIEW,,Finalize after checking temporal overlap with race-control periods
1295,11377,41,1,2026-09-26T11:03:50.711000+00:00,48.856,47.844,25.044,161.0,192.0,False,121.744,"[2049, 2049, 2049, 2049, 2049, 2049, 2049, 2049]","[2049, 2049, 2049, 2049, 2049, 2049, 2049, 2049, 2049, 2049]","[2049, 2049, 2049, 2051, 2049, 2049, 2049, 2049, 0]",338.0,Arvid LINDBLAD,LIN,Racing Bulls,6C98FF,2026-09-26 11:03:50.711000+00:00,2026-09-26 11:05:52.455000+00:00,True,False,1,1.0,MEDIUM,0.0,False,PENDING_TIME_INTERVAL_REVIEW,,Finalize after checking temporal overlap with race-control periods
1295,11377,41,2,2026-09-26T11:05:52.455000+00:00,40.51,46.072,25.087,170.0,200.0,False,111.669,"[None, 2049, 2049, 2049, 2048, 2049, 2049, 2048]","[2049, 2048, 2049, 2049, 2049, 2049, 2049, 2049, 2049, 2049]","[2049, 2049, 2049, 2048, 2048, 2048, 2048, 2048, 2048]",333.0,Arvid LINDBLAD,LIN,Racing Bulls,6C98FF,2026-09-26 11:05:52.455000+00:00,2026-09-26 11:07:44.124000+00:00,True,False,1,1.0,MEDIUM,1.0,False,PENDING_TIME_INTERVAL_REVIEW,,Finalize after checking temporal overlap with race-control periods
1295,11377,41,3,2026-09-26T11:07:44.136000+00:00,39.868,45.767,25.154,179.0,199.0,False,110.789,"[None, 2049, 2049, 2048, 2049, 2049, 2049, 2049]","[2049, 2048, 2049, 2049, 2049, 2048, 2048, 2049, 2049, 2048]","[2048, 2048, 2049, 2049, 2048, 2048, 2048, 2048, 2048]",331.0,Arvid LINDBLAD,LIN,Racing Bulls,6C98FF,2026-09-26 11:07:44.136000+00:00,2026-09-26 11:09:34.925000+00:00,True,False,1,1.0,MEDIUM,2.0,False,PENDING_TIME_INTERVAL_REVIEW,,Finalize after checking temporal overlap with race-control periods
1295,11377,41,4,2026-09-26T11:09:34.955000+00:00,39.539,45.512,25.205,186.0,195.0,False,110.256,"[None, 2049, 2049, 2048, 2049, 2049, 2049, 2049]","[2049, 2048, 2049, 2049, 2049, 2049, 2048, 2049, 2048, 2048]","[2048, 2048, 2048, 2048, 2048, 2048, 2048, 2048, 2048]",332.0,Arvid LINDBLAD,LIN,Racing Bulls,6C98FF,2026-09-26 11:09:34.955000+00:00,2026-09-26 11:11:25.211000+00:00,True,False,1,1.0,MEDIUM,3.0,False,PENDING_TIME_INTERVAL_REVIEW,,Finalize after checking temporal overlap with race-control periods
1295,11377,41,5,2026-09-26T11:11:25.155000+00:00,39.508,45.309,25.434,189.0,193.0,False,110.251,"[2048, 2048, 2049, 2048, 2049, 2049, 2049, 2049]","[2049, 2048, 2049, 2049, 2048, 2048, 2048, 2049, 2049, 2048]","[2048, 2048, 2048, 2048, 2048, 2048, 2048, 2048, 2048]",328.0,Arvid LINDBLAD,LIN,Racing Bulls,6C98FF,2026-09-26 11:11:25.155000+00:00,2026-09-26 11:13:15.406000+00:00,True,False,1,1.0,MEDIUM,4.0,False,PENDING_TIME_INTERVAL_REVIEW,,Finalize after checking temporal overlap with race-control periods
1295,11377,41,6,2026-09-26T11:13:15.526000+00:00,40.342,45.362,25.266,185.0,193.0,False,110.97,"[None, 2048, 2048, 2048, 2048, 2048, 2048, 2048]","[2048, 2048, 2049, 2048, 2049, 2048, 2048, 2049, 2048, 2048]","[2048, 2048, 2048, 2048, 2048, 2048, 2048, 2048, 2048]",330.0,Arvid LINDBLAD,LIN,Racing Bulls,6C98FF,2026-09-26 11:13:15.526000+00:00,2026-09-26 11:15:06.496000+00:00,True,False,1,1.0,MEDIUM,5.0,False,PENDING_TIME_INTERVAL_REVIEW,,Finalize after checking temporal overlap with race-control periods
1295,11377,41,7,2026-09-26T11:15:06.457000+00:00,39.351,45.214,25.416,192.0,197.0,False,109.981,"[2049, 2049, 2048, 2048, 2049, 2048, 2049, 2048]","[2049, 2048, 2048, 2048, 2048, 2048, 2048, 2048, 2048, 2048]","[2048, 2048, 2048, 2048, 2048, 2048, 2048, 2048, 2048]",329.0,Arvid LINDBLAD,LIN,Racing Bulls,6C98FF,2026-09-26 11:15:06.457000+00:00,2026-09-26 11:16:56.438000+00:00,True,False,1,1.0,MEDIUM,6.0,False,PENDING_TIME_INTERVAL_REVIEW,,Finalize after checking temporal overlap with race-control periods
1295,11377,41,8,2026-09-26T11:16:56.366000+00:00,39.319,45.073,25.418,190.0,198.0,False,109.81,"[2048, 2049, 2049, 2048, 2048, 2049, 2049, 2049]","[2049, 2048, 2049, 2049, 2049, 2048, 2048, 2049, 2048, 2048]","[2048, 2048, 2048, 2048, 2048, 2048, 2048, 2048, 2048]",327.0,Arvid LINDBLAD,LIN,Racing Bulls,6C98FF,2026-09-26 11:16:56.366000+00:00,2026-09-26 11:18:46.176000+00:00,True,False,1,1.0,MEDIUM,7.0,False,PENDING_TIME_INTERVAL_REVIEW,,Finalize after checking temporal overlap with race-control periods
1295,11377,41,9,2026-09-26T11:18:46.236000+00:00,39.079,45.406,25.372,192.0,199.0,False,109.857,"[None, 2048, 2048, 2048, 2049, 2049, 2049, 2049]","[2048, 2048, 2049, 2049, 2048, 2048, 2048, 2049, 2048, 2048]","[2048, 2049, 2049, 2048, 2048, 2048, 2048, 2048, 2048]",328.0,Arvid LINDBLAD,LIN,Racing Bulls,6C98FF,2026-09-26 11:18:46.236000+00:00,2026-09-26 11:20:36.093000+00:00,True,False,1,1.0,MEDIUM,8.0,False,PENDING_TIME_INTERVAL_REVIEW,,Finalize after checking temporal overlap with race-control periods
1295,11377,41,10,2026-09-26T11:20:36.148000+00:00,39.155,45.147,25.352,200.0,197.0,False,109.654,"[None, 2048, 2048, 2048, 2048, 2049, 2049, 2049]","[2048, 2048, 2049, 2048, 2048, 2048, 2048, 2048, 2049, 2049]","[2049, 2049, 2048, 2048, 2048, 2048, 2048, 2048, 2048]",327.0,Arvid LINDBLAD,LIN,Racing Bulls,6C98FF,2026-09-26 11:20:36.148000+00:00,2026-09-26 11:22:25.802000+00:00,True,False,1,1.0,MEDIUM,9.0,False,PENDING_TIME_INTERVAL_REVIEW,,Finalize after checking temporal overlap with race-control periods
1295,11377,41,11,2026-09-26T11:22:25.729000+00:00,39.018,44.959,25.388,194.0,193.0,False,109.365,"[2049, 2049, 2048, 2048, 2049, 2049, 2048, 2048]","[2049, 2048, 2049, 2049, 2048, 2048, 2048, 2048, 2049, 2048]","[2048, 2048, 2048, 2048, 2048, 2048, 2048, 2048, 2048]",327.0,Arvid LINDBLAD,LIN,Racing Bulls,6C98FF,2026-09-26 11:22:25.729000+00:00,2026-09-26 11:24:15.094000+00:00,True,False,1,1.0,MEDIUM,10.0,False,PENDING_TIME_INTERVAL_REVIEW,,Finalize after checking temporal overlap with race-control periods
1295,11377,41,12,2026-09-26T11:24:15.094000+00:00,39.005,45.09,25.244,,197.0,False,109.339,"[None, 2048, 2048, 2048, 2049, 2048, 2048, 2048]","[2048, 2048, 2048, 2048, 2048, 2048, 2048, 2049, 2048, 2048]","[2048, 2048, 2048, 2048, 2048, 2048, 2048, 2048, 2048]",329.0,Arvid LINDBLAD,LIN,Racing Bulls,6C98FF,2026-09-26 11:24:15.094000+00:00,2026-09-26 11:26:04.433000+00:00,True,False,1,1.0,MEDIUM,11.0,False,PENDING_TIME_INTERVAL_REVIEW,,Finalize after checking temporal overlap with race-control periods
1295,11377,41,13,2026-09-26T11:26:04.412000+00:00,39.066,44.995,25.242,197.0,208.0,False,109.303,"[None, 2048, 2048, 2049, 2048, 2048, 2048, 2048]","[2048, 2048, 2048, 2049, 2048, 2048, 2048, 2048, 2048, 2048]","[2048, 2048, 2048, 2048, 2048, 2048, 2048, 2048, 2048]",330.0,Arvid LINDBLAD,LIN,Racing Bulls,6C98FF,2026-09-26 11:26:04.412000+00:00,2026-09-26 11:27:53.715000+00:00,True,False,1,1.0,MEDIUM,12.0,False,PENDING_TIME_INTERVAL_REVIEW,,Finalize after checking temporal overlap with race-control periods
1295,11377,41,14,2026-09-26T11:27:53.724000+00:00,38.93,45.103,25.282,195.0,198.0,False,109.315,"[None, 2048, 2048, 2048, 2048, 2048, 2048, 2048]","[2048, 2048, 2048, 2048, 2048, 2048, 2048, 2048, 2048, 2048]","[2048, 2048, 2048, 2048, 2048, 2048, 2048, 2048, 2048]",331.0,Arvid LINDBLAD,LIN,Racing Bulls,6C98FF,2026-09-26 11:27:53.724000+00:00,2026-09-26 11:29:43.039000+00:00,True,False,1,1.0,MEDIUM,13.0,False,PENDING_TIME_INTERVAL_REVIEW,,Finalize after checking temporal overlap with race-control periods
1295,11377,41,15,2026-09-26T11:29:43.084000+00:00,39.199,45.218,25.258,191.0,198.0,False,109.675,"[2048, 2048, 2048, 2048, 2048, 2048, 2048, 2048]","[2048, 2048, 2048, 2048, 2048, 2048, 2048, 2048, 2048, 2048]","[2049, 2048, 2048, 2048, 2048, 2048, 2048, 2048, 2048]",330.0,Arvid LINDBLAD,LIN,Racing Bulls,6C98FF,2026-09-26 11:29:43.084000+00:00,2026-09-26 11:31:32.759000+00:00,True,False,1,1.0,MEDIUM,14.0,False,PENDING_TIME_INTERVAL_REVIEW,,Finalize after checking temporal overlap with race-control periods
1295,11377,41,16,2026-09-26T11:31:32.890000+00:00,39.161,44.962,25.376,194.0,202.0,False,109.499,"[None, 2048, 2048, 2048, 2048, 2049, 2048, 2048]","[2048, 2048, 2048, 2048, 2048, 2049, 2048, 2048, 2048, 2049]","[2048, 2048, 2048, 2048, 2048, 2048, 2048, 2048, 2048]",329.0,Arvid LINDBLAD,LIN,Racing Bulls,6C98FF,2026-09-26 11:31:32.890000+00:00,2026-09-26 11:33:22.389000+00:00,True,False,1,1.0,MEDIUM,15.0,False,PENDING_TIME_INTERVAL_REVIEW,,Finalize after checking temporal overlap with race-control periods
1295,11377,41,17,2026-09-26T11:33:22.235000+00:00,38.997,44.835,25.27,198.0,200.0,False,109.102,"[None, 2048, 2048, 2048, 2048, 2048, 2048, 2048]","[2049, 2048, 2048, 2049, 2048, 2048, 2048, 2048, 2048, 2048]","[2048, 2049, 2049, 2049, 2048, 2048, 2048, 2048, 2048]",328.0,Arvid LINDBLAD,LIN,Racing Bulls,6C98FF,2026-09-26 11:33:22.235000+00:00,2026-09-26 11:35:11.337000+00:00,True,False,1,1.0,MEDIUM,16.0,False,PENDING_TIME_INTERVAL_REVIEW,,Finalize after checking temporal overlap with race-control periods
1295,11377,41,18,2026-09-26T11:35:11.259000+00:00,38.953,44.959,25.468,196.0,199.0,False,109.38,"[None, 2048, 2048, 2048, 2049, 2048, 2048, 2048]","[2048, 2048, 2048, 2048, 2048, 2048, 2048, 2048, 2048, 2048]","[2048, 2048, 2048, 2048, 2048, 2048, 2048, 2048, 2048]",327.0,Arvid LINDBLAD,LIN,Racing Bulls,6C98FF,2026-09-26 11:35:11.259000+00:00,2026-09-26 11:37:00.639000+00:00,True,False,1,1.0,MEDIUM,17.0,False,PENDING_TIME_INTERVAL_REVIEW,,Finalize after checking temporal overlap with race-control periods
1295,11377,41,19,2026-09-26T11:37:00.660000+00:00,39.09,44.865,25.325,198.0,198.0,False,109.28,"[None, 2048, 2048, 2048, 2048, 2048, 2048, 2048]","[2048, 2048, 2048, 2048, 2048, 2049, 2048, 2049, 2048, 2048]","[2048, 2049, 2049, 2048, 2048, 2048, 2048, 2048, 2048]",328.0,Arvid LINDBLAD,LIN,Racing Bulls,6C98FF,2026-09-26 11:37:00.660000+00:00,2026-09-26 11:38:49.940000+00:00,True,False,1,1.0,MEDIUM,18.0,False,PENDING_TIME_INTERVAL_REVIEW,,Finalize after checking temporal overlap with race-control periods
1295,11377,41,20,2026-09-26T11:38:49.952000+00:00,39.039,44.884,25.32,,204.0,False,109.243,"[None, 2048, 2048, 2048, 2048, 2048, 2049, 2048]","[2048, 2048, 2048, 2048, 2048, 2049, 2048, 2048, 2048, 2049]","[2048, 2048, 2048, 2048, 2048, 2048, 2048, 2048, 2048]",328.0,Arvid LINDBLAD,LIN,Racing Bulls,6C98FF,2026-09-26 11:38:49.952000+00:00,2026-09-26 11:40:39.195000+00:00,True,False,1,1.0,MEDIUM,19.0,False,PENDING_TIME_INTERVAL_REVIEW,,Finalize after checking temporal overlap with race-control periods
1295,11377,41,21,2026-09-26T11:40:39.207000+00:00,38.851,44.92,25.355,187.0,206.0,False,109.126,"[None, 2048, 2048, 2049, 2049, 2048, 2048, 2048]","[2048, 2048, 2048, 2048, 2048, 2048, 2048, 2049, 2048, 2049]","[2048, 2048, 2048, 2048, 2048, 2048, 2048, 2048, 2048]",328.0,Arvid LINDBLAD,LIN,Racing Bulls,6C98FF,2026-09-26 11:40:39.207000+00:00,2026-09-26 11:42:28.333000+00:00,True,False,1,1.0,MEDIUM,20.0,False,PENDING_TIME_INTERVAL_REVIEW,,Finalize after checking temporal overlap with race-control periods
1295,11377,41,22,2026-09-26T11:42:28.429000+00:00,39.014,44.798,25.33,194.0,201.0,False,109.142,"[None, 2048, 2048, 2048, 2048, 2048, 2048, 2048]","[2049, 2048, 2048, 2048, 2048, 2049, 2048, 2048, 2048, 2048]","[2048, 2049, 2049, 2048, 2048, 2048, 2048, 2048, 2048]",327.0,Arvid LINDBLAD,LIN,Racing Bulls,6C98FF,2026-09-26 11:42:28.429000+00:00,2026-09-26 11:44:17.571000+00:00,True,False,1,1.0,MEDIUM,21.0,False,PENDING_TIME_INTERVAL_REVIEW,,Finalize after checking temporal overlap with race-control periods
1295,11377,41,23,2026-09-26T11:44:17.600000+00:00,38.917,44.812,25.443,195.0,201.0,False,109.172,"[None, 2049, 2048, 2048, 2048, 2049, 2048, 2048]","[2048, 2048, 2048, 2048, 2048, 2048, 2048, 2048, 2048, 2048]","[2048, 2048, 2048, 2048, 2048, 2048, 2048, 2048, 2048]",327.0,Arvid LINDBLAD,LIN,Racing Bulls,6C98FF,2026-09-26 11:44:17.600000+00:00,2026-09-26 11:46:06.772000+00:00,True,False,1,1.0,MEDIUM,22.0,False,PENDING_TIME_INTERVAL_REVIEW,,Finalize after checking temporal overlap with race-control periods
1295,11377,41,24,2026-09-26T11:46:06.616000+00:00,38.971,44.981,25.459,194.0,202.0,False,109.411,"[None, 2048, 2048, 2048, 2048, 2048, 2048, 2048]","[2048, 2048, 2048, 2048, 2048, 2048, 2048, 2048, 2048, 2048]","[2048, 2048, 2048, 2048, 2048, 2048, 2048, 2048, 2048]",327.0,Arvid LINDBLAD,LIN,Racing Bulls,6C98FF,2026-09-26 11:46:06.616000+00:00,2026-09-26 11:47:56.027000+00:00,True,False,1,1.0,MEDIUM,23.0,False,PENDING_TIME_INTERVAL_REVIEW,,Finalize after checking temporal overlap with race-control periods
1295,11377,41,25,2026-09-26T11:47:56.004000+00:00,38.955,44.91,25.359,197.0,207.0,False,109.224,"[None, 2048, 2048, 2048, 2048, 2049, 2048, 2048]","[2048, 2048, 2048, 2048, 2048, 2048, 2048, 2048, 2048, 2049]","[2048, 2048, 2049, 2048, 2048, 2048, 2048, 2048, 2048]",327.0,Arvid LINDBLAD,LIN,Racing Bulls,6C98FF,2026-09-26 11:47:56.004000+00:00,2026-09-26 11:49:45.228000+00:00,True,False,1,1.0,MEDIUM,24.0,False,PENDING_TIME_INTERVAL_REVIEW,,Finalize after checking temporal overlap with race-control periods
1295,11377,41,26,2026-09-26T11:49:45.286000+00:00,38.84,44.726,25.527,195.0,204.0,False,109.093,"[None, 2048, 2048, 2048, 2048, 2048, 2048, 2048]","[2048, 2048, 2049, 2048, 2048, 2048, 2048, 2048, 2048, 2048]","[2048, 2048, 2048, 2048, 2048, 2048, 2048, 2048, 2048]",326.0,Arvid LINDBLAD,LIN,Racing Bulls,6C98FF,2026-09-26 11:49:45.286000+00:00,2026-09-26 11:51:34.379000+00:00,True,False,1,1.0,MEDIUM,25.0,False,PENDING_TIME_INTERVAL_REVIEW,,Finalize after checking temporal overlap with race-control periods
1295,11377,41,27,2026-09-26T11:51:34.370000+00:00,38.807,44.688,25.394,,201.0,False,108.889,"[None, 2049, 2048, 2049, 2049, 2048, 2048, 2048]","[2048, 2048, 2049, 2048, 2048, 2048, 2049, 2048, 2049, 2048]","[2048, 2049, 2049, 2048, 2048, 2048, 2048, 2048, 2048]",326.0,Arvid LINDBLAD,LIN,Racing Bulls,6C98FF,2026-09-26 11:51:34.370000+00:00,2026-09-26 11:53:23.259000+00:00,True,False,1,1.0,MEDIUM,26.0,False,PENDING_TIME_INTERVAL_REVIEW,,Finalize after checking temporal overlap with race-control periods
1295,11377,41,28,2026-09-26T11:53:23.342000+00:00,38.919,44.685,25.437,192.0,198.0,False,109.041,"[None, 2049, 2048, 2048, 2048, 2049, 2048, 2048]","[2048, 2048, 2048, 2049, 2048, 2049, 2048, 2048, 2048, 2048]","[2048, 2048, 2048, 2048, 2048, 2048, 2048, 2048, 2048]",327.0,Arvid LINDBLAD,LIN,Racing Bulls,6C98FF,2026-09-26 11:53:23.342000+00:00,2026-09-26 11:55:12.383000+00:00,True,False,1,1.0,MEDIUM,27.0,False,PENDING_TIME_INTERVAL_REVIEW,,Finalize after checking temporal overlap with race-control periods
1295,11377,41,29,2026-09-26T11:55:12.391000+00:00,38.853,44.671,25.419,200.0,204.0,False,108.943,"[None, 2049, 2048, 2048, 2048, 2048, 2048, 2048]","[2048, 2048, 2048, 2048, 2048, 2048, 2049, 2048, 2048, 2048]","[2048, 2048, 2048, 2048, 2048, 2048, 2048, 2048, 2048]",326.0,Arvid LINDBLAD,LIN,Racing Bulls,6C98FF,2026-09-26 11:55:12.391000+00:00,2026-09-26 11:57:01.334000+00:00,True,False,1,1.0,MEDIUM,28.0,False,PENDING_TIME_INTERVAL_REVIEW,,Finalize after checking temporal overlap with race-control periods
1295,11377,41,30,2026-09-26T11:57:01.294000+00:00,38.9,53.37,41.735,186.0,159.0,False,134.005,"[None, 2048, 2048, 2048, 2048, 2049, 2049, 2048]","[2048, 2048, 2048, 2048, 2048, 2048, 2048, 2048, 2048, 2048]","[2048, 2048, 2048, 2048, 2048, 2048, 2048, 2064, 2064]",214.0,Arvid LINDBLAD,LIN,Racing Bulls,6C98FF,2026-09-26 11:57:01.294000+00:00,2026-09-26 11:59:15.299000+00:00,True,False,1,1.0,MEDIUM,29.0,True,PENDING_TIME_INTERVAL_REVIEW,,Finalize after checking temporal overlap with race-control periods
1295,11377,41,31,2026-09-26T11:59:15.201000+00:00,68.757,59.636,37.319,101.0,154.0,True,165.712,"[2064, 2064, 2048, 2048, 2048, 2048, 2048, 2048]","[2048, 2048, 2048, 2048, 2048, 2048, 2048, 2048, 2048, 2048]","[2048, 2048, 2048, 2048, 2048, 2048, 2048, 2048, 2048]",181.0,Arvid LINDBLAD,LIN,Racing Bulls,6C98FF,2026-09-26 11:59:15.201000+00:00,2026-09-26 12:02:00.913000+00:00,True,False,1,2.0,SOFT,0.0,False,PENDING_TIME_INTERVAL_REVIEW,,Finalize after checking temporal overlap with race-control periods
1295,11377,41,32,2026-09-26T12:02:01.074000+00:00,43.281,53.968,28.734,94.0,191.0,False,125.983,"[2048, 2048, 2048, 2048, 2048, 2048, 2048, 2048]","[2048, 2048, 2048, 2048, 2048, 2048, 2048, 2048, 2048, 2048]","[2048, 2048, 2048, 2048, 2048, 2048, 2048, 2048, 2048]",268.0,Arvid LINDBLAD,LIN,Racing Bulls,6C98FF,2026-09-26 12:02:01.074000+00:00,2026-09-26 12:04:07.057000+00:00,True,False,1,2.0,SOFT,1.0,False,PENDING_TIME_INTERVAL_REVIEW,,Finalize after checking temporal overlap with race-control periods
1295,11377,41,33,2026-09-26T12:04:06.916000+00:00,40.515,54.337,37.822,135.0,129.0,False,132.674,"[None, 2049, 2048, 2048, 2048, 2048, 2048, 2048]","[2048, 2048, 2048, 2048, 2048, 2048, 2048, 2048, 2048, 2048]","[2048, 2048, 2048, 2048, 2048, 2048, 2048, 2048, 2048]",183.0,Arvid LINDBLAD,LIN,Racing Bulls,6C98FF,2026-09-26 12:04:06.916000+00:00,2026-09-26 12:06:19.590000+00:00,True,False,1,2.0,SOFT,2.0,False,PENDING_TIME_INTERVAL_REVIEW,,Finalize after checking temporal overlap with race-control periods
1295,11377,41,34,2026-09-26T12:06:19.582000+00:00,63.015,63.844,37.544,170.0,141.0,False,164.403,"[None, 2048, 2048, 2048, 2048, 2048, 2048, 2048]","[2048, 2048, 2048, 2048, 2048, 2048, 2048, 2048, 2048, 2048]","[2048, 2048, 2048, 2048, 2048, 2048, 2048, 2048, 2048]",217.0,Arvid LINDBLAD,LIN,Racing Bulls,6C98FF,2026-09-26 12:06:19.582000+00:00,2026-09-26 12:09:03.985000+00:00,True,False,1,2.0,SOFT,3.0,False,PENDING_TIME_INTERVAL_REVIEW,,Finalize after checking temporal overlap with race-control periods
1295,11377,41,35,2026-09-26T12:09:04.033000+00:00,52.101,60.199,32.096,190.0,141.0,False,144.396,"[None, 2048, 2048, 2048, 2048, 2048, 2048, 2048]","[2048, 2048, 2048, 2048, 2048, 2048, 2048, 2048, 2048, 2048]","[2048, 2048, 2048, 2048, 2048, 2048, 2048, 2048, 2048]",278.0,Arvid LINDBLAD,LIN,Racing Bulls,6C98FF,2026-09-26 12:09:04.033000+00:00,2026-09-26 12:11:28.429000+00:00,True,False,1,2.0,SOFT,4.0,False,PENDING_TIME_INTERVAL_REVIEW,,Finalize after checking temporal overlap with race-control periods
1295,11377,41,36,2026-09-26T12:11:28.685000+00:00,43.184,56.313,43.158,149.0,123.0,False,142.655,"[None, 2048, 2048, 2049, 2048, 2048, 2048, 2048]","[2048, 2048, 2048, 2048, 2048, 2048, 2048, 2048, 2048, 2048]","[2048, 2048, 2048, 2048, 2048, 2048, 2048, 2064, 2064]",207.0,Arvid LINDBLAD,LIN,Racing Bulls,6C98FF,2026-09-26 12:11:28.685000+00:00,2026-09-26 12:13:51.340000+00:00,True,False,1,2.0,SOFT,5.0,True,PENDING_TIME_INTERVAL_REVIEW,,Finalize after checking temporal overlap with race-control periods
1295,11377,41,37,2026-09-26T12:13:51.022000+00:00,62.25,59.833,40.106,131.0,157.0,True,162.189,"[2064, 2064, 2048, 2048, 2048, 2048, 2048, 2048]","[2048, 2048, 2048, 2048, 2048, 2048, 2048, 2048, 2048, 2048]","[2048, 2048, 2048, 2048, 2048, 2048, 2048, 2048, 2048]",231.0,Arvid LINDBLAD,LIN,Racing Bulls,6C98FF,2026-09-26 12:13:51.022000+00:00,2026-09-26 12:16:33.211000+00:00,True,False,1,3.0,SOFT,6.0,False,PENDING_TIME_INTERVAL_REVIEW,,Finalize after checking temporal overlap with race-control periods
1295,11377,41,38,2026-09-26T12:16:33.296000+00:00,54.714,63.57,32.807,172.0,151.0,False,151.091,"[2048, 2048, 2048, 2048, 2048, 2048, 2048, 2048]","[2048, 2048, 2048, 2048, 2048, 2048, 2048, 2048, 2048, 2048]","[2048, 2048, 2048, 2048, 2048, 2048, 2048, 2049, 2051]",246.0,Arvid LINDBLAD,LIN,Racing Bulls,6C98FF,2026-09-26 12:16:33.296000+00:00,2026-09-26 12:19:04.387000+00:00,True,False,1,3.0,SOFT,7.0,False,PENDING_TIME_INTERVAL_REVIEW,,Finalize after checking temporal overlap with race-control periods
1295,11377,41,39,2026-09-26T12:19:04.434000+00:00,40.076,44.778,24.437,193.0,204.0,False,109.291,"[None, 2048, 2048, 2049, 2049, 2048, 2048, 2049]","[2048, 2049, 2048, 2048, 2048, 2048, 2049, 2049, 2048, 2048]","[2048, 2049, 2051, 2049, 2051, 2049, 2049, 2049, 2051]",344.0,Arvid LINDBLAD,LIN,Racing Bulls,6C98FF,2026-09-26 12:19:04.434000+00:00,2026-09-26 12:20:53.725000+00:00,True,False,1,3.0,SOFT,8.0,False,PENDING_TIME_INTERVAL_REVIEW,,Finalize after checking temporal overlap with race-control periods
1295,11377,41,40,2026-09-26T12:20:53.759000+00:00,39.718,44.436,24.49,186.0,209.0,False,108.644,"[None, 2048, 2048, 2049, 2049, 2048, 2048, 2048]","[2048, 2048, 2048, 2048, 2049, 2049, 2048, 2048, 2048, 2049]","[2049, 2049, 2048, 2048, 2048, 2049, 2048, 2048]",345.0,Arvid LINDBLAD,LIN,Racing Bulls,6C98FF,2026-09-26 12:20:53.759000+00:00,2026-09-26 12:22:42.403000+00:00,True,False,1,3.0,SOFT,9.0,False,PENDING_TIME_INTERVAL_REVIEW,,Finalize after checking temporal overlap with race-control periods
1295,11377,41,41,2026-09-26T12:22:42.187000+00:00,38.95,44.428,24.551,182.0,204.0,False,107.929,"[None, 2048, 2048, 2051, 2048, 2048, 2048, 2048]","[2048, 2048, 2048, 2049, 2048, 2048, 2048, 2048, 2049, 2048]","[2048, 2049, 2049, 2048, 2048, 2048, 2048, 2048, 2048]",344.0,Arvid LINDBLAD,LIN,Racing Bulls,6C98FF,2026-09-26 12:22:42.187000+00:00,2026-09-26 12:24:30.116000+00:00,True,False,1,3.0,SOFT,10.0,False,PENDING_TIME_INTERVAL_REVIEW,,Finalize after checking temporal overlap with race-control periods
1295,11377,41,42,2026-09-26T12:24:30.190000+00:00,38.77,44.211,24.463,189.0,201.0,False,107.444,"[None, 2048, 2048, 2048, 2048, 2048, 2048, 2048]","[2048, 2048, 2049, 2048, 2048, 2051, 2048, 2048, 2048, 2049]","[2049, 2049, 2048, 2048, 2049, 2048, 2048, 2048, 2048]",344.0,Arvid LINDBLAD,LIN,Racing Bulls,6C98FF,2026-09-26 12:24:30.190000+00:00,2026-09-26 12:26:17.634000+00:00,True,False,1,3.0,SOFT,11.0,False,PENDING_TIME_INTERVAL_REVIEW,,Finalize after checking temporal overlap with race-control periods
1295,11377,41,43,2026-09-26T12:26:17.738000+00:00,38.709,44.322,24.528,186.0,209.0,False,107.559,"[None, 2048, 2048, 2048, 2048, 2048, 2048, 2048]","[2048, 2048, 2048, 2048, 2048, 2048, 2048, 2048, 2048, 2048]","[2048, 2049, 2049, 2049, 2048, 2048, 2048, 2048, 2048]",343.0,Arvid LINDBLAD,LIN,Racing Bulls,6C98FF,2026-09-26 12:26:17.738000+00:00,2026-09-26 12:28:05.297000+00:00,True,False,1,3.0,SOFT,12.0,False,PENDING_TIME_INTERVAL_REVIEW,,Finalize after checking temporal overlap with race-control periods
1295,11377,41,44,2026-09-26T12:28:05.296000+00:00,38.398,44.026,24.425,188.0,209.0,False,106.849,"[None, 2048, 2049, 2048, 2048, 2048, 2049, 2048]","[2048, 2048, 2049, 2049, 2049, 2048, 2048, 2049, 2049, 2048]","[2048, 2049, 2049, 2048, 2049, 2048, 2048, 2048, 2048]",344.0,Arvid LINDBLAD,LIN,Racing Bulls,6C98FF,2026-09-26 12:28:05.296000+00:00,2026-09-26 12:29:52.145000+00:00,True,False,1,3.0,SOFT,13.0,False,PENDING_TIME_INTERVAL_REVIEW,,Finalize after checking temporal overlap with race-control periods
1295,11377,41,45,2026-09-26T12:29:52.180000+00:00,38.546,44.111,24.559,,206.0,False,107.216,"[None, 2048, 2048, 2051, 2049, 2048, 2048, 2048]","[2048, 2048, 2049, 2048, 2049, 2048, 2048, 2048, 2049, 2048]","[2048, 2048, 2048, 2048, 2048, 2048, 2048, 2048, 2048]",343.0,Arvid LINDBLAD,LIN,Racing Bulls,6C98FF,2026-09-26 12:29:52.180000+00:00,2026-09-26 12:31:39.396000+00:00,True,False,1,3.0,SOFT,14.0,False,PENDING_TIME_INTERVAL_REVIEW,,Finalize after checking temporal overlap with race-control periods
1295,11377,41,46,2026-09-26T12:31:39.283000+00:00,38.376,44.2,24.419,,208.0,False,106.995,"[2049, 2048, 2048, 2048, 2048, 2048, 2048, 2048]","[2048, 2048, 2048, 2048, 2048, 2048, 2048, 2048, 2049, 2048]","[2049, 2048, 2048, 2048, 2048, 2048, 2048, 2048, 2048]",344.0,Arvid LINDBLAD,LIN,Racing Bulls,6C98FF,2026-09-26 12:31:39.283000+00:00,2026-09-26 12:33:26.278000+00:00,True,False,1,3.0,SOFT,15.0,False,PENDING_TIME_INTERVAL_REVIEW,,Finalize after checking temporal overlap with race-control periods
1295,11377,41,47,2026-09-26T12:33:26.457000+00:00,38.846,44.344,24.554,185.0,204.0,False,107.744,"[2048, 2048, 2048, 2051, 2051, 2048, 2048, 2048]","[2048, 2048, 2048, 2049, 2048, 2048, 2048, 2048, 2048, 2048]","[2048, 2048, 2048, 2048, 2048, 2048, 2048, 2048, 2048]",343.0,Arvid LINDBLAD,LIN,Racing Bulls,6C98FF,2026-09-26 12:33:26.457000+00:00,2026-09-26 12:35:14.201000+00:00,True,False,1,3.0,SOFT,16.0,False,PENDING_TIME_INTERVAL_REVIEW,,Finalize after checking temporal overlap with race-control periods
1295,11377,41,48,2026-09-26T12:35:14.139000+00:00,38.561,43.928,24.92,194.0,209.0,False,107.409,"[None, 2048, 2049, 2048, 2051, 2048, 2048, 2048]","[2048, 2048, 2049, 2048, 2049, 2048, 2048, 2048, 2049, 2048]","[2049, 2048, 2048, 2048, 2048, 2048, 2048, 2048, 2048]",331.0,Arvid LINDBLAD,LIN,Racing Bulls,6C98FF,2026-09-26 12:35:14.139000+00:00,2026-09-26 12:37:01.548000+00:00,True,False,1,3.0,SOFT,17.0,False,PENDING_TIME_INTERVAL_REVIEW,,Finalize after checking temporal overlap with race-control periods
1295,11377,41,49,2026-09-26T12:37:01.517000+00:00,38.352,43.816,24.689,200.0,209.0,False,106.857,"[None, 2049, 2049, 2048, 2048, 2049, 2049, 2048]","[2049, 2048, 2048, 2049, 2048, 2048, 2048, 2049, 2048, 2048]","[2048, 2048, 2048, 2048, 2048, 2048, 2048, 2048, 2048]",336.0,Arvid LINDBLAD,LIN,Racing Bulls,6C98FF,2026-09-26 12:37:01.517000+00:00,2026-09-26 12:38:48.374000+00:00,True,False,1,3.0,SOFT,18.0,False,PENDING_TIME_INTERVAL_REVIEW,,Finalize after checking temporal overlap with race-control periods
1295,11377,41,50,2026-09-26T12:38:48.225000+00:00,38.885,44.175,24.735,194.0,202.0,False,107.795,"[None, 2048, 2048, 2048, 2048, 2048, 2048, 2048]","[2048, 2048, 2048, 2048, 2048, 2048, 2048, 2049, 2048, 2048]","[2049, 2048, 2048, 2048, 2048, 2048, 2048, 2048, 2048]",334.0,Arvid LINDBLAD,LIN,Racing Bulls,6C98FF,2026-09-26 12:38:48.225000+00:00,2026-09-26 12:40:36.020000+00:00,True,False,1,3.0,SOFT,19.0,False,PENDING_TIME_INTERVAL_REVIEW,,Finalize after checking temporal overlap with race-control periods
1295,11377,41,51,2026-09-26T12:40:36.119000+00:00,38.403,45.039,24.881,,200.0,False,108.323,"[2049, 2048, 2048, 2048, 2048, 2048, 2048, 2048]","[2048, 2048, 2048, 2048, 2048, 2048, 2048, 2048, 2048, 2048]","[2048, 2048, 2048, 2048, 2048, 2049, 2048, 2048, 2048]",345.0,Arvid LINDBLAD,LIN,Racing Bulls,6C98FF,2026-09-26 12:40:36.119000+00:00,2026-09-26 12:42:24.442000+00:00,True,False,1,3.0,SOFT,20.0,False,PENDING_TIME_INTERVAL_REVIEW,,Finalize after checking temporal overlap with race-control periods
1295,11377,44,1,2026-09-26T11:03:50.711000+00:00,45.601,45.252,25.43,185.0,198.0,False,116.283,"[2048, 2049, 2049, 2049, 2049, 2049, 2049, 2049]","[2049, 2049, 2049, 2049, 2049, 2049, 2049, 2049, 2049, 2051]","[2049, 2049, 2049, 2049, 2049, 2049, 2049, 2049, 2049]",341.0,Lewis HAMILTON,HAM,Ferrari,ED1131,2026-09-26 11:03:50.711000+00:00,2026-09-26 11:05:46.994000+00:00,True,False,1,1.0,SOFT,0.0,False,PENDING_TIME_INTERVAL_REVIEW,,Finalize after checking temporal overlap with race-control periods
1295,11377,44,2,2026-09-26T11:05:46.994000+00:00,40.386,45.122,25.22,176.0,198.0,False,110.728,"[2051, 2049, 2049, 2049, 2048, 2048, 2049, 2048]","[2049, 2048, 2049, 2049, 2049, 2049, 2048, 2048, 2049, 2051]","[2051, 2049, 2049, 2049, 2048, 2048, 2048, 2048, 2048]",334.0,Lewis HAMILTON,HAM,Ferrari,ED1131,2026-09-26 11:05:46.994000+00:00,2026-09-26 11:07:37.722000+00:00,True,False,1,1.0,SOFT,1.0,False,PENDING_TIME_INTERVAL_REVIEW,,Finalize after checking temporal overlap with race-control periods
1295,11377,44,3,2026-09-26T11:07:37.668000+00:00,39.272,45.05,25.077,185.0,198.0,False,109.399,"[2048, 2049, 2049, 2049, 2048, 2049, 2049, 2048]","[2049, 2048, 2049, 2049, 2048, 2049, 2048, 2048, 2048, 2048]","[2048, 2048, 2048, 2049, 2049, 2048, 2048, 2049, 2049]",338.0,Lewis HAMILTON,HAM,Ferrari,ED1131,2026-09-26 11:07:37.668000+00:00,2026-09-26 11:09:27.067000+00:00,True,False,1,1.0,SOFT,2.0,False,PENDING_TIME_INTERVAL_REVIEW,,Finalize after checking temporal overlap with race-control periods
1295,11377,44,4,2026-09-26T11:09:27.130000+00:00,39.582,45.172,25.155,180.0,209.0,False,109.909,"[None, 2048, 2048, 2049, 2048, 2048, 2048, 2048]","[2048, 2048, 2048, 2049, 2048, 2048, 2048, 2048, 2049, 2049]","[2048, 2048, 2049, 2051, 2049, 2048, 2048, 2048, 2048]",328.0,Lewis HAMILTON,HAM,Ferrari,ED1131,2026-09-26 11:09:27.130000+00:00,2026-09-26 11:11:17.039000+00:00,True,False,1,1.0,SOFT,3.0,False,PENDING_TIME_INTERVAL_REVIEW,,Finalize after checking temporal overlap with race-control periods
1295,11377,44,5,2026-09-26T11:11:16.973000+00:00,39.217,44.534,25.11,190.0,210.0,False,108.861,"[None, 2049, 2049, 2048, 2048, 2049, 2049, 2048]","[2048, 2048, 2049, 2049, 2048, 2048, 2048, 2049, 2049, 2051]","[2048, 2048, 2048, 2048, 2048, 2048, 2048, 2048, 2048]",336.0,Lewis HAMILTON,HAM,Ferrari,ED1131,2026-09-26 11:11:16.973000+00:00,2026-09-26 11:13:05.834000+00:00,True,False,1,1.0,SOFT,4.0,False,PENDING_TIME_INTERVAL_REVIEW,,Finalize after checking temporal overlap with race-control periods
1295,11377,44,6,2026-09-26T11:13:05.768000+00:00,39.004,44.698,25.173,188.0,199.0,False,108.875,"[None, 2048, 2048, 2048, 2049, 2048, 2048, 2048]","[2049, 2048, 2049, 2048, 2049, 2049, 2048, 2049, 2049, 2048]","[2048, 2048, 2048, 2048, 2048, 2048, 2048, 2048, 2048]",332.0,Lewis HAMILTON,HAM,Ferrari,ED1131,2026-09-26 11:13:05.768000+00:00,2026-09-26 11:14:54.643000+00:00,True,False,1,1.0,SOFT,5.0,False,PENDING_TIME_INTERVAL_REVIEW,,Finalize after checking temporal overlap with race-control periods
1295,11377,44,7,2026-09-26T11:14:54.650000+00:00,38.841,44.874,25.346,194.0,204.0,False,109.061,"[None, 2048, 2049, 2048, 2048, 2049, 2049, 2048]","[2049, 2048, 2048, 2048, 2048, 2048, 2048, 2048, 2049, 2048]","[2048, 2048, 2048, 2048, 2048, 2048, 2048, 2048, 2048]",330.0,Lewis HAMILTON,HAM,Ferrari,ED1131,2026-09-26 11:14:54.650000+00:00,2026-09-26 11:16:43.711000+00:00,True,False,1,1.0,SOFT,6.0,False,PENDING_TIME_INTERVAL_REVIEW,,Finalize after checking temporal overlap with race-control periods
1295,11377,44,8,2026-09-26T11:16:43.756000+00:00,38.919,44.494,25.375,196.0,212.0,False,108.788,"[None, 2049, 2049, 2048, 2048, 2049, 2048, 2048]","[2049, 2048, 2048, 2048, 2048, 2048, 2048, 2048, 2048, 2048]","[2048, 2048, 2048, 2048, 2048, 2048, 2048, 2048, 2048]",330.0,Lewis HAMILTON,HAM,Ferrari,ED1131,2026-09-26 11:16:43.756000+00:00,2026-09-26 11:18:32.544000+00:00,True,False,1,1.0,SOFT,7.0,False,PENDING_TIME_INTERVAL_REVIEW,,Finalize after checking temporal overlap with race-control periods
1295,11377,44,9,2026-09-26T11:18:32.580000+00:00,38.643,44.684,25.258,198.0,204.0,False,108.585,"[None, 2049, 2048, 2048, 2048, 2049, 2049, 2048]","[2048, 2048, 2049, 2049, 2048, 2048, 2049, 2048, 2048, 2048]","[2048, 2048, 2048, 2048, 2048, 2048, 2048, 2048, 2048]",331.0,Lewis HAMILTON,HAM,Ferrari,ED1131,2026-09-26 11:18:32.580000+00:00,2026-09-26 11:20:21.165000+00:00,True,False,1,1.0,SOFT,8.0,False,PENDING_TIME_INTERVAL_REVIEW,,Finalize after checking temporal overlap with race-control periods
1295,11377,44,10,2026-09-26T11:20:21.170000+00:00,39.318,44.136,25.254,194.0,210.0,False,108.708,"[None, 2048, 2048, 2048, 2048, 2048, 2048, 2048]","[2049, 2048, 2049, 2048, 2049, 2048, 2048, 2048, 2048, 2048]","[2048, 2048, 2048, 2048, 2048, 2048, 2048, 2048, 2048]",330.0,Lewis HAMILTON,HAM,Ferrari,ED1131,2026-09-26 11:20:21.170000+00:00,2026-09-26 11:22:09.878000+00:00,True,False,1,1.0,SOFT,9.0,False,PENDING_TIME_INTERVAL_REVIEW,,Finalize after checking temporal overlap with race-control periods
1295,11377,44,11,2026-09-26T11:22:09.843000+00:00,38.66,44.457,25.232,189.0,208.0,False,108.349,"[None, 2049, 2049, 2048, 2048, 2048, 2048, 2048]","[2048, 2048, 2048, 2048, 2048, 2048, 2048, 2048, 2048, 2048]","[2048, 2049, 2048, 2048, 2048, 2048, 2048, 2048, 2048]",329.0,Lewis HAMILTON,HAM,Ferrari,ED1131,2026-09-26 11:22:09.843000+00:00,2026-09-26 11:23:58.192000+00:00,True,False,1,1.0,SOFT,10.0,False,PENDING_TIME_INTERVAL_REVIEW,,Finalize after checking temporal overlap with race-control periods
1295,11377,44,12,2026-09-26T11:23:58.169000+00:00,38.771,44.451,25.162,192.0,212.0,False,108.384,"[None, 2048, 2048, 2048, 2048, 2048, 2048, 2048]","[2048, 2048, 2048, 2048, 2048, 2048, 2048, 2048, 2048, 2048]","[2049, 2048, 2049, 2048, 2048, 2048, 2048, 2048, 2048]",331.0,Lewis HAMILTON,HAM,Ferrari,ED1131,2026-09-26 11:23:58.169000+00:00,2026-09-26 11:25:46.553000+00:00,True,False,1,1.0,SOFT,11.0,False,PENDING_TIME_INTERVAL_REVIEW,,Finalize after checking temporal overlap with race-control periods
1295,11377,44,13,2026-09-26T11:25:46.544000+00:00,38.724,44.158,25.16,196.0,208.0,False,108.042,"[None, 2048, 2048, 2048, 2048, 2048, 2048, 2048]","[2048, 2048, 2049, 2048, 2048, 2049, 2049, 2049, 2049, 2048]","[2048, 2048, 2048, 2048, 2048, 2048, 2048, 2048, 2048]",332.0,Lewis HAMILTON,HAM,Ferrari,ED1131,2026-09-26 11:25:46.544000+00:00,2026-09-26 11:27:34.586000+00:00,True,False,1,1.0,SOFT,12.0,False,PENDING_TIME_INTERVAL_REVIEW,,Finalize after checking temporal overlap with race-control periods
1295,11377,44,14,2026-09-26T11:27:34.630000+00:00,38.612,44.446,25.026,191.0,210.0,False,108.084,"[None, 2049, 2048, 2048, 2048, 2048, 2048, 2048]","[2048, 2048, 2048, 2048, 2048, 2048, 2048, 2048, 2048, 2048]","[2049, 2049, 2049, 2048, 2048, 2048, 2048, 2048, 2048]",334.0,Lewis HAMILTON,HAM,Ferrari,ED1131,2026-09-26 11:27:34.630000+00:00,2026-09-26 11:29:22.714000+00:00,True,False,1,1.0,SOFT,13.0,False,PENDING_TIME_INTERVAL_REVIEW,,Finalize after checking temporal overlap with race-control periods
1295,11377,44,15,2026-09-26T11:29:22.651000+00:00,38.69,44.432,24.996,,207.0,False,108.118,"[None, 2048, 2048, 2048, 2049, 2048, 2048, 2048]","[2048, 2048, 2048, 2048, 2048, 2048, 2048, 2048, 2048, 2048]","[2048, 2048, 2049, 2048, 2048, 2048, 2048, 2048, 2048]",338.0,Lewis HAMILTON,HAM,Ferrari,ED1131,2026-09-26 11:29:22.651000+00:00,2026-09-26 11:31:10.769000+00:00,True,False,1,1.0,SOFT,14.0,False,PENDING_TIME_INTERVAL_REVIEW,,Finalize after checking temporal overlap with race-control periods
1295,11377,44,16,2026-09-26T11:31:10.809000+00:00,38.971,45.365,24.997,189.0,190.0,False,109.333,"[None, 2048, 2048, 2049, 2048, 2048, 2048, 2048]","[2048, 2048, 2048, 2048, 2048, 2048, 2048, 2048, 2048, 2048]","[2048, 2049, 2049, 2049, 2049, 2048, 2048, 2048, 2048]",332.0,Lewis HAMILTON,HAM,Ferrari,ED1131,2026-09-26 11:31:10.809000+00:00,2026-09-26 11:33:00.142000+00:00,True,False,1,1.0,SOFT,15.0,False,PENDING_TIME_INTERVAL_REVIEW,,Finalize after checking temporal overlap with race-control periods
1295,11377,44,17,2026-09-26T11:33:00.108000+00:00,38.72,44.098,25.432,192.0,207.0,False,108.25,"[None, 2048, 2049, 2048, 2048, 2048, 2048, 2048]","[2048, 2048, 2049, 2048, 2049, 2049, 2049, 2049, 2049, 2048]","[2048, 2048, 2048, 2048, 2048, 2048, 2048, 2048, 2048]",327.0,Lewis HAMILTON,HAM,Ferrari,ED1131,2026-09-26 11:33:00.108000+00:00,2026-09-26 11:34:48.358000+00:00,True,False,1,1.0,SOFT,16.0,False,PENDING_TIME_INTERVAL_REVIEW,,Finalize after checking temporal overlap with race-control periods
1295,11377,44,18,2026-09-26T11:34:48.469000+00:00,38.771,44.281,25.524,191.0,208.0,False,108.576,"[None, 2048, 2048, 2048, 2049, 2048, 2048, 2048]","[2048, 2048, 2048, 2049, 2049, 2049, 2048, 2048, 2048, 2048]","[2048, 2048, 2048, 2048, 2048, 2048, 2048, 2048, 2048]",324.0,Lewis HAMILTON,HAM,Ferrari,ED1131,2026-09-26 11:34:48.469000+00:00,2026-09-26 11:36:37.045000+00:00,True,False,1,1.0,SOFT,17.0,False,PENDING_TIME_INTERVAL_REVIEW,,Finalize after checking temporal overlap with race-control periods
1295,11377,44,19,2026-09-26T11:36:37.060000+00:00,38.83,44.039,25.468,193.0,214.0,False,108.337,"[None, 2048, 2049, 2048, 2048, 2048, 2048, 2048]","[2048, 2048, 2049, 2048, 2049, 2048, 2048, 2048, 2048, 2048]","[2049, 2048, 2048, 2048, 2048, 2048, 2048, 2048, 2048]",325.0,Lewis HAMILTON,HAM,Ferrari,ED1131,2026-09-26 11:36:37.060000+00:00,2026-09-26 11:38:25.397000+00:00,True,False,1,1.0,SOFT,18.0,False,PENDING_TIME_INTERVAL_REVIEW,,Finalize after checking temporal overlap with race-control periods
1295,11377,44,20,2026-09-26T11:38:25.363000+00:00,38.69,43.932,25.441,194.0,216.0,False,108.063,"[None, 2049, 2049, 2048, 2048, 2048, 2049, 2048]","[2049, 2048, 2048, 2048, 2048, 2048, 2048, 2048, 2049, 2048]","[2048, 2048, 2048, 2048, 2048, 2048, 2048, 2048, 2048]",326.0,Lewis HAMILTON,HAM,Ferrari,ED1131,2026-09-26 11:38:25.363000+00:00,2026-09-26 11:40:13.426000+00:00,True,False,1,1.0,SOFT,19.0,False,PENDING_TIME_INTERVAL_REVIEW,,Finalize after checking temporal overlap with race-control periods
1295,11377,44,21,2026-09-26T11:40:13.473000+00:00,38.619,44.022,25.428,196.0,213.0,False,108.069,"[None, 2049, 2048, 2048, 2048, 2048, 2048, 2048]","[2048, 2048, 2048, 2048, 2049, 2048, 2048, 2048, 2049, 2048]","[2048, 2048, 2048, 2048, 2048, 2048, 2048, 2048, 2048]",327.0,Lewis HAMILTON,HAM,Ferrari,ED1131,2026-09-26 11:40:13.473000+00:00,2026-09-26 11:42:01.542000+00:00,True,False,1,1.0,SOFT,20.0,False,PENDING_TIME_INTERVAL_REVIEW,,Finalize after checking temporal overlap with race-control periods
1295,11377,44,22,2026-09-26T11:42:01.406000+00:00,38.707,43.847,25.426,191.0,211.0,False,107.98,"[None, 2048, 2048, 2048, 2048, 2049, 2048, 2048]","[2048, 2048, 2049, 2049, 2048, 2049, 2048, 2049, 2048, 2048]","[2049, 2049, 2048, 2048, 2048, 2048, 2048, 2048, 2048]",325.0,Lewis HAMILTON,HAM,Ferrari,ED1131,2026-09-26 11:42:01.406000+00:00,2026-09-26 11:43:49.386000+00:00,True,False,1,1.0,SOFT,21.0,False,PENDING_TIME_INTERVAL_REVIEW,,Finalize after checking temporal overlap with race-control periods
1295,11377,44,23,2026-09-26T11:43:49.460000+00:00,38.649,43.875,25.537,197.0,212.0,False,108.061,"[None, 2048, 2048, 2048, 2048, 2048, 2048, 2048]","[2048, 2048, 2048, 2048, 2049, 2048, 2048, 2048, 2048, 2048]","[2048, 2048, 2048, 2048, 2048, 2048, 2048, 2048, 2048]",326.0,Lewis HAMILTON,HAM,Ferrari,ED1131,2026-09-26 11:43:49.460000+00:00,2026-09-26 11:45:37.521000+00:00,True,False,1,1.0,SOFT,22.0,False,PENDING_TIME_INTERVAL_REVIEW,,Finalize after checking temporal overlap with race-control periods
1295,11377,44,24,2026-09-26T11:45:37.452000+00:00,38.494,43.866,25.575,198.0,214.0,False,107.935,"[None, 2048, 2048, 2048, 2048, 2049, 2049, 2048]","[2048, 2048, 2048, 2048, 2048, 2048, 2048, 2048, 2048, 2048]","[2048, 2048, 2048, 2048, 2048, 2048, 2048, 2048, 2048]",326.0,Lewis HAMILTON,HAM,Ferrari,ED1131,2026-09-26 11:45:37.452000+00:00,2026-09-26 11:47:25.387000+00:00,True,False,1,1.0,SOFT,23.0,False,PENDING_TIME_INTERVAL_REVIEW,,Finalize after checking temporal overlap with race-control periods
1295,11377,44,25,2026-09-26T11:47:25.741000+00:00,38.703,43.991,25.432,192.0,210.0,False,108.126,"[None, 2048, 2048, 2048, 2048, 2048, 2048, 2048]","[2048, 2048, 2048, 2048, 2048, 2048, 2048, 2048, 2048, 2048]","[2048, 2049, 2048, 2048, 2048, 2048, 2048, 2048, 2048]",327.0,Lewis HAMILTON,HAM,Ferrari,ED1131,2026-09-26 11:47:25.741000+00:00,2026-09-26 11:49:13.867000+00:00,True,False,1,1.0,SOFT,24.0,False,PENDING_TIME_INTERVAL_REVIEW,,Finalize after checking temporal overlap with race-control periods
1295,11377,44,26,2026-09-26T11:49:13.579000+00:00,38.526,43.881,25.522,197.0,210.0,False,107.929,"[None, 2048, 2049, 2048, 2048, 2048, 2048, 2048]","[2048, 2048, 2048, 2048, 2048, 2048, 2048, 2048, 2048, 2048]","[2048, 2048, 2048, 2048, 2048, 2048, 2048, 2048, 2048]",325.0,Lewis HAMILTON,HAM,Ferrari,ED1131,2026-09-26 11:49:13.579000+00:00,2026-09-26 11:51:01.508000+00:00,True,False,1,1.0,SOFT,25.0,False,PENDING_TIME_INTERVAL_REVIEW,,Finalize after checking temporal overlap with race-control periods
1295,11377,44,27,2026-09-26T11:51:01.410000+00:00,38.451,43.691,25.465,,211.0,False,107.607,"[None, 2049, 2049, 2048, 2048, 2049, 2048, 2048]","[2048, 2048, 2049, 2048, 2049, 2051, 2048, 2049, 2048, 2048]","[2048, 2049, 2048, 2048, 2048, 2048, 2048, 2048, 2048]",324.0,Lewis HAMILTON,HAM,Ferrari,ED1131,2026-09-26 11:51:01.410000+00:00,2026-09-26 11:52:49.017000+00:00,True,False,1,1.0,SOFT,26.0,False,PENDING_TIME_INTERVAL_REVIEW,,Finalize after checking temporal overlap with race-control periods
1295,11377,44,28,2026-09-26T11:52:49.108000+00:00,38.457,43.56,25.47,204.0,208.0,False,107.487,"[None, 2049, 2048, 2048, 2048, 2048, 2049, 2049]","[2049, 2048, 2048, 2048, 2049, 2048, 2048, 2048, 2048, 2048]","[2048, 2048, 2048, 2048, 2048, 2048, 2048, 2048, 2048]",326.0,Lewis HAMILTON,HAM,Ferrari,ED1131,2026-09-26 11:52:49.108000+00:00,2026-09-26 11:54:36.595000+00:00,True,False,1,1.0,SOFT,27.0,False,PENDING_TIME_INTERVAL_REVIEW,,Finalize after checking temporal overlap with race-control periods
1295,11377,44,29,2026-09-26T11:54:36.495000+00:00,38.446,43.679,25.476,206.0,211.0,False,107.601,"[None, 2048, 2048, 2048, 2048, 2049, 2048, 2048]","[2048, 2048, 2049, 2049, 2048, 2048, 2048, 2049, 2048, 2048]","[2048, 2048, 2048, 2048, 2048, 2048, 2048, 2048, 2048]",326.0,Lewis HAMILTON,HAM,Ferrari,ED1131,2026-09-26 11:54:36.495000+00:00,2026-09-26 11:56:24.096000+00:00,True,False,1,1.0,SOFT,28.0,False,PENDING_TIME_INTERVAL_REVIEW,,Finalize after checking temporal overlap with race-control periods
1295,11377,44,30,2026-09-26T11:56:24.137000+00:00,38.345,43.775,31.789,197.0,210.0,False,113.909,"[None, 2048, 2048, 2048, 2048, 2048, 2049, 2048]","[2048, 2048, 2048, 2048, 2048, 2048, 2048, 2048, 2048, 2048]","[2048, 2048, 2048, 2048, 2048, 2048, 2048, 2048, 2048]",327.0,Lewis HAMILTON,HAM,Ferrari,ED1131,2026-09-26 11:56:24.137000+00:00,2026-09-26 11:58:18.046000+00:00,True,False,1,1.0,SOFT,29.0,False,PENDING_TIME_INTERVAL_REVIEW,,Finalize after checking temporal overlap with race-control periods
1295,11377,44,31,2026-09-26T11:58:18.026000+00:00,51.444,60.464,41.368,144.0,153.0,False,153.276,"[None, 2048, 2048, 2048, 2048, 2048, 2048, 2048]","[2048, 2048, 2048, 2048, 2048, 2048, 2048, 2048, 2048, 2048]","[2048, 2048, 2048, 2048, 2048, 2048, 2048, 2064, 2064]",182.0,Lewis HAMILTON,HAM,Ferrari,ED1131,2026-09-26 11:58:18.026000+00:00,2026-09-26 12:00:51.302000+00:00,True,False,1,1.0,SOFT,30.0,True,PENDING_TIME_INTERVAL_REVIEW,,Finalize after checking temporal overlap with race-control periods
1295,11377,44,32,2026-09-26T12:00:51.278000+00:00,59.199,60.6,37.713,119.0,167.0,True,157.512,"[2064, 2064, 2048, 2048, 2048, 2048, 2048, 2048]","[2048, 2048, 2048, 2048, 2048, 2048, 2048, 2048, 2048, 2048]","[2048, 2048, 2048, 2048, 2048, 2048, 2048, 2048, 2048]",150.0,Lewis HAMILTON,HAM,Ferrari,ED1131,2026-09-26 12:00:51.278000+00:00,2026-09-26 12:03:28.790000+00:00,True,False,1,2.0,MEDIUM,0.0,False,PENDING_TIME_INTERVAL_REVIEW,,Finalize after checking temporal overlap with race-control periods
1295,11377,44,33,2026-09-26T12:03:28.878000+00:00,53.65,69.331,36.081,87.0,169.0,False,159.062,"[2048, 2048, 2048, 2048, 2048, 2048, 2048, 2048]","[2048, 2048, 2048, 2048, 2048, 2048, 2048, 2048, 2048, 2048]","[2048, 2048, 2048, 2048, 2048, 2048, 2048, 2048, 2048]",206.0,Lewis HAMILTON,HAM,Ferrari,ED1131,2026-09-26 12:03:28.878000+00:00,2026-09-26 12:06:07.940000+00:00,True,False,1,2.0,MEDIUM,1.0,False,PENDING_TIME_INTERVAL_REVIEW,,Finalize after checking temporal overlap with race-control periods
1295,11377,44,34,2026-09-26T12:06:07.960000+00:00,64.582,63.429,37.398,123.0,172.0,False,165.409,"[None, 2048, 2048, 2048, 2048, 2048, 2048, 2048]","[2048, 2048, 2048, 2048, 2048, 2048, 2048, 2048, 2048, 2048]","[2048, 2048, 2048, 2048, 2048, 2048, 2048, 2048, 2048]",232.0,Lewis HAMILTON,HAM,Ferrari,ED1131,2026-09-26 12:06:07.960000+00:00,2026-09-26 12:08:53.369000+00:00,True,False,1,2.0,MEDIUM,2.0,False,PENDING_TIME_INTERVAL_REVIEW,,Finalize after checking temporal overlap with race-control periods
1295,11377,44,35,2026-09-26T12:08:53.313000+00:00,52.702,64.211,36.889,160.0,160.0,False,153.802,"[None, 2048, 2048, 2048, 2048, 2048, 2048, 2048]","[2048, 2048, 2048, 2048, 2048, 2048, 2048, 2048, 2048, 2048]","[2048, 2048, 2048, 2048, 2048, 2048, 2048, 2048, 2048]",223.0,Lewis HAMILTON,HAM,Ferrari,ED1131,2026-09-26 12:08:53.313000+00:00,2026-09-26 12:11:27.115000+00:00,True,False,1,2.0,MEDIUM,3.0,False,PENDING_TIME_INTERVAL_REVIEW,,Finalize after checking temporal overlap with race-control periods
1295,11377,44,36,2026-09-26T12:11:27.269000+00:00,40.663,54.981,43.708,177.0,157.0,False,139.352,"[None, 2048, 2048, 2049, 2049, 2048, 2048, 2048]","[2048, 2049, 2048, 2048, 2048, 2048, 2048, 2048, 2048, 2048]","[2048, 2048, 2048, 2048, 2048, 2048, 2048, 2064, 2064]",205.0,Lewis HAMILTON,HAM,Ferrari,ED1131,2026-09-26 12:11:27.269000+00:00,2026-09-26 12:13:46.621000+00:00,True,False,1,2.0,MEDIUM,4.0,True,PENDING_TIME_INTERVAL_REVIEW,,Finalize after checking temporal overlap with race-control periods
1295,11377,44,37,2026-09-26T12:13:46.482000+00:00,60.818,61.768,38.72,165.0,176.0,True,161.306,"[2064, 2064, 2048, 2048, 2048, 2048, 2048, 2048]","[2048, 2048, 2048, 2048, 2048, 2048, 2048, 2048, 2048, 2048]","[2048, 2048, 2048, 2048, 2048, 2048, 2048, 2048, 2048]",204.0,Lewis HAMILTON,HAM,Ferrari,ED1131,2026-09-26 12:13:46.482000+00:00,2026-09-26 12:16:27.788000+00:00,True,False,1,3.0,MEDIUM,5.0,False,PENDING_TIME_INTERVAL_REVIEW,,Finalize after checking temporal overlap with race-control periods
1295,11377,44,38,2026-09-26T12:16:27.781000+00:00,55.488,64.835,34.495,148.0,149.0,False,154.818,"[2048, 2048, 2048, 2048, 2048, 2048, 2048, 2048]","[2048, 2048, 2048, 2048, 2048, 2048, 2048, 2048, 2048, 2048]","[2048, 2048, 2048, 2048, 2048, 2048, 2048, 2048, 2049]",232.0,Lewis HAMILTON,HAM,Ferrari,ED1131,2026-09-26 12:16:27.781000+00:00,2026-09-26 12:19:02.599000+00:00,True,False,1,3.0,MEDIUM,6.0,False,PENDING_TIME_INTERVAL_REVIEW,,Finalize after checking temporal overlap with race-control periods
1295,11377,44,39,2026-09-26T12:19:02.743000+00:00,39.837,44.277,24.76,193.0,204.0,False,108.874,"[None, 2048, 2048, 2048, 2049, 2048, 2048, 2049]","[2048, 2049, 2048, 2048, 2048, 2049, 2049, 2048, 2048, 2049]","[2048, 2051, 2048, 2048, 2048, 2048, 2049, 2049, 2048]",339.0,Lewis HAMILTON,HAM,Ferrari,ED1131,2026-09-26 12:19:02.743000+00:00,2026-09-26 12:20:51.617000+00:00,True,False,1,3.0,MEDIUM,7.0,False,PENDING_TIME_INTERVAL_REVIEW,,Finalize after checking temporal overlap with race-control periods
1295,11377,44,40,2026-09-26T12:20:51.549000+00:00,38.811,43.812,24.935,195.0,216.0,False,107.558,"[None, 2048, 2048, 2048, 2048, 2048, 2048, 2048]","[2048, 2048, 2048, 2048, 2048, 2048, 2048, 2048, 2048, 2049]","[2048, 2048, 2048, 2048, 2048, 2048, 2048, 2048, 2048]",334.0,Lewis HAMILTON,HAM,Ferrari,ED1131,2026-09-26 12:20:51.549000+00:00,2026-09-26 12:22:39.107000+00:00,True,False,1,3.0,MEDIUM,8.0,False,PENDING_TIME_INTERVAL_REVIEW,,Finalize after checking temporal overlap with race-control periods
1295,11377,44,41,2026-09-26T12:22:38.981000+00:00,38.385,43.832,25.108,198.0,210.0,False,107.325,"[None, 2048, 2048, 2048, 2048, 2048, 2049, 2048]","[2048, 2048, 2048, 2048, 2048, 2048, 2048, 2048, 2048, 2048]","[2048, 2049, 2048, 2048, 2048, 2048, 2048, 2048, 2048]",330.0,Lewis HAMILTON,HAM,Ferrari,ED1131,2026-09-26 12:22:38.981000+00:00,2026-09-26 12:24:26.306000+00:00,True,False,1,3.0,MEDIUM,9.0,False,PENDING_TIME_INTERVAL_REVIEW,,Finalize after checking temporal overlap with race-control periods
1295,11377,44,42,2026-09-26T12:24:26.406000+00:00,38.659,43.773,25.144,201.0,217.0,False,107.576,"[None, 2048, 2048, 2048, 2049, 2048, 2049, 2048]","[2048, 2048, 2049, 2048, 2049, 2048, 2048, 2048, 2048, 2048]","[2049, 2049, 2049, 2048, 2048, 2048, 2048, 2048, 2048]",328.0,Lewis HAMILTON,HAM,Ferrari,ED1131,2026-09-26 12:24:26.406000+00:00,2026-09-26 12:26:13.982000+00:00,True,False,1,3.0,MEDIUM,10.0,False,PENDING_TIME_INTERVAL_REVIEW,,Finalize after checking temporal overlap with race-control periods
1295,11377,44,43,2026-09-26T12:26:13.996000+00:00,38.545,44.06,24.951,196.0,211.0,False,107.556,"[None, 2048, 2048, 2049, 2049, 2048, 2048, 2048]","[2048, 2048, 2048, 2048, 2049, 2048, 2048, 2048, 2048, 2048]","[2048, 2049, 2049, 2048, 2048, 2048, 2048, 2048, 2048]",332.0,Lewis HAMILTON,HAM,Ferrari,ED1131,2026-09-26 12:26:13.996000+00:00,2026-09-26 12:28:01.552000+00:00,True,False,1,3.0,MEDIUM,11.0,False,PENDING_TIME_INTERVAL_REVIEW,,Finalize after checking temporal overlap with race-control periods
1295,11377,44,44,2026-09-26T12:28:01.533000+00:00,38.066,43.382,24.975,203.0,218.0,False,106.423,"[2049, 2048, 2048, 2048, 2048, 2049, 2049, 2048]","[2048, 2048, 2048, 2048, 2048, 2048, 2048, 2049, 2048, 2048]","[2049, 2048, 2048, 2048, 2048, 2048, 2048, 2048, 2048]",330.0,Lewis HAMILTON,HAM,Ferrari,ED1131,2026-09-26 12:28:01.533000+00:00,2026-09-26 12:29:47.956000+00:00,True,False,1,3.0,MEDIUM,12.0,False,PENDING_TIME_INTERVAL_REVIEW,,Finalize after checking temporal overlap with race-control periods
1295,11377,44,45,2026-09-26T12:29:47.914000+00:00,38.036,43.179,25.076,204.0,214.0,False,106.291,"[2048, 2049, 2048, 2048, 2048, 2049, 2048, 2048]","[2049, 2048, 2049, 2048, 2049, 2048, 2048, 2049, 2048, 2048]","[2048, 2048, 2048, 2048, 2048, 2048, 2048, 2048, 2048]",329.0,Lewis HAMILTON,HAM,Ferrari,ED1131,2026-09-26 12:29:47.914000+00:00,2026-09-26 12:31:34.205000+00:00,True,False,1,3.0,MEDIUM,13.0,False,PENDING_TIME_INTERVAL_REVIEW,,Finalize after checking temporal overlap with race-control periods
1295,11377,44,46,2026-09-26T12:31:34.180000+00:00,37.999,43.177,25.048,,214.0,False,106.224,"[None, 2049, 2048, 2048, 2048, 2049, 2049, 2048]","[2048, 2048, 2049, 2048, 2048, 2049, 2048, 2049, 2048, 2048]","[2049, 2048, 2048, 2048, 2048, 2048, 2048, 2048, 2048]",329.0,Lewis HAMILTON,HAM,Ferrari,ED1131,2026-09-26 12:31:34.180000+00:00,2026-09-26 12:33:20.404000+00:00,True,False,1,3.0,MEDIUM,14.0,False,PENDING_TIME_INTERVAL_REVIEW,,Finalize after checking temporal overlap with race-control periods
1295,11377,44,47,2026-09-26T12:33:20.509000+00:00,38.131,43.264,25.115,202.0,214.0,False,106.51,"[None, 2048, 2049, 2048, 2048, 2048, 2048, 2048]","[2049, 2048, 2048, 2048, 2048, 2048, 2048, 2048, 2049, 2048]","[2048, 2048, 2048, 2048, 2048, 2048, 2048, 2048, 2048]",328.0,Lewis HAMILTON,HAM,Ferrari,ED1131,2026-09-26 12:33:20.509000+00:00,2026-09-26 12:35:07.019000+00:00,True,False,1,3.0,MEDIUM,15.0,False,PENDING_TIME_INTERVAL_REVIEW,,Finalize after checking temporal overlap with race-control periods
1295,11377,44,48,2026-09-26T12:35:07.007000+00:00,38.118,43.182,25.176,,214.0,False,106.476,"[None, 2048, 2048, 2048, 2048, 2048, 2048, 2048]","[2048, 2048, 2048, 2048, 2049, 2048, 2048, 2048, 2049, 2048]","[2048, 2048, 2048, 2048, 2048, 2048, 2048, 2048, 2048]",329.0,Lewis HAMILTON,HAM,Ferrari,ED1131,2026-09-26 12:35:07.007000+00:00,2026-09-26 12:36:53.483000+00:00,True,False,1,3.0,MEDIUM,16.0,False,PENDING_TIME_INTERVAL_REVIEW,,Finalize after checking temporal overlap with race-control periods
1295,11377,44,49,2026-09-26T12:36:53.421000+00:00,37.964,43.086,25.12,204.0,212.0,False,106.17,"[None, 2049, 2049, 2048, 2048, 2048, 2048, 2048]","[2049, 2048, 2048, 2048, 2048, 2048, 2048, 2048, 2049, 2048]","[2048, 2048, 2048, 2048, 2048, 2048, 2048, 2048, 2048]",329.0,Lewis HAMILTON,HAM,Ferrari,ED1131,2026-09-26 12:36:53.421000+00:00,2026-09-26 12:38:39.591000+00:00,True,False,1,3.0,MEDIUM,17.0,False,PENDING_TIME_INTERVAL_REVIEW,,Finalize after checking temporal overlap with race-control periods
1295,11377,44,50,2026-09-26T12:38:39.650000+00:00,37.977,43.126,25.203,208.0,213.0,False,106.306,"[None, 2049, 2048, 2048, 2048, 2048, 2048, 2049]","[2048, 2048, 2048, 2048, 2048, 2048, 2048, 2048, 2049, 2048]","[2048, 2049, 2048, 2048, 2048, 2048, 2048, 2048, 2048]",327.0,Lewis HAMILTON,HAM,Ferrari,ED1131,2026-09-26 12:38:39.650000+00:00,2026-09-26 12:40:25.956000+00:00,True,False,1,3.0,MEDIUM,18.0,False,PENDING_TIME_INTERVAL_REVIEW,,Finalize after checking temporal overlap with race-control periods
1295,11377,44,51,2026-09-26T12:40:25.934000+00:00,38.239,45.239,26.261,198.0,185.0,False,109.739,"[None, 2048, 2048, 2048, 2048, 2048, 2048, 2048]","[2048, 2048, 2048, 2048, 2048, 2048, 2048, 2048, 2048, 2048]","[2048, 2048, 2048, 2048, 2048, 2048, 2048, 2048, 2048]",328.0,Lewis HAMILTON,HAM,Ferrari,ED1131,2026-09-26 12:40:25.934000+00:00,2026-09-26 12:42:15.673000+00:00,True,False,1,3.0,MEDIUM,19.0,False,PENDING_TIME_INTERVAL_REVIEW,,Finalize after checking temporal overlap with race-control periods
1295,11377,55,1,2026-09-26T11:03:50.711000+00:00,49.376,48.751,25.027,150.0,185.0,False,123.154,"[2048, 2049, 2049, 2049, 2049, 2049, 2049, 2049]","[2049, 2049, 2049, 2049, 2049, 2049, 2049, 2049, 2049, 2049]","[2049, 2049, 2049, 2049, 2049, 2049, 2049, 2049, 2049]",343.0,Carlos SAINZ,SAI,Williams,1868DB,2026-09-26 11:03:50.711000+00:00,2026-09-26 11:05:53.865000+00:00,True,False,1,1.0,MEDIUM,0.0,False,PENDING_TIME_INTERVAL_REVIEW,,Finalize after checking temporal overlap with race-control periods
1295,11377,55,2,2026-09-26T11:05:53.865000+00:00,40.694,45.869,24.819,175.0,188.0,False,111.382,"[2049, 2049, 2049, 2049, 2049, 2049, 2049, 2049]","[2049, 2049, 2049, 2049, 2049, 2048, 2049, 2049, 2049, 2049]","[2049, 2049, 2049, 2049, 2049, 2049, 2049, 2048, 2048]",344.0,Carlos SAINZ,SAI,Williams,1868DB,2026-09-26 11:05:53.865000+00:00,2026-09-26 11:07:45.247000+00:00,True,False,1,1.0,MEDIUM,1.0,False,PENDING_TIME_INTERVAL_REVIEW,,Finalize after checking temporal overlap with race-control periods
1295,11377,55,3,2026-09-26T11:07:45.301000+00:00,39.724,45.7,25.376,176.0,189.0,False,110.8,"[None, 2049, 2049, 2048, 2049, 2049, 2049, 2049]","[2049, 2049, 2049, 2049, 2048, 2048, 2049, 2049, 2048, 2048]","[2048, 2048, 2048, 2049, 2048, 2048, 2048, 2048, 2048]",326.0,Carlos SAINZ,SAI,Williams,1868DB,2026-09-26 11:07:45.301000+00:00,2026-09-26 11:09:36.101000+00:00,True,False,1,1.0,MEDIUM,2.0,False,PENDING_TIME_INTERVAL_REVIEW,,Finalize after checking temporal overlap with race-control periods
1295,11377,55,4,2026-09-26T11:09:36.136000+00:00,39.488,45.62,25.19,,194.0,False,110.298,"[None, 2049, 2049, 2048, 2049, 2048, 2048, 2048]","[2049, 2048, 2049, 2049, 2048, 2048, 2048, 2049, 2048, 2048]","[2048, 2048, 2048, 2048, 2048, 2048, 2048, 2048, 2048]",335.0,Carlos SAINZ,SAI,Williams,1868DB,2026-09-26 11:09:36.136000+00:00,2026-09-26 11:11:26.434000+00:00,True,False,1,1.0,MEDIUM,3.0,False,PENDING_TIME_INTERVAL_REVIEW,,Finalize after checking temporal overlap with race-control periods
1295,11377,55,5,2026-09-26T11:11:26.341000+00:00,40.385,45.259,25.415,,193.0,False,111.059,"[None, 2048, 2048, 2048, 2048, 2048, 2048, 2048]","[2048, 2048, 2049, 2049, 2048, 2048, 2049, 2049, 2049, 2048]","[2048, 2048, 2048, 2048, 2048, 2048, 2048, 2048, 2048]",331.0,Carlos SAINZ,SAI,Williams,1868DB,2026-09-26 11:11:26.341000+00:00,2026-09-26 11:13:17.400000+00:00,True,False,1,1.0,MEDIUM,4.0,False,PENDING_TIME_INTERVAL_REVIEW,,Finalize after checking temporal overlap with race-control periods
1295,11377,55,6,2026-09-26T11:13:17.499000+00:00,39.5,45.364,25.325,183.0,191.0,False,110.189,"[2048, 2049, 2048, 2048, 2048, 2048, 2049, 2048]","[2049, 2048, 2049, 2048, 2048, 2048, 2048, 2048, 2048, 2048]","[2048, 2048, 2048, 2049, 2048, 2048, 2048, 2048, 2048]",329.0,Carlos SAINZ,SAI,Williams,1868DB,2026-09-26 11:13:17.499000+00:00,2026-09-26 11:15:07.688000+00:00,True,False,1,1.0,MEDIUM,5.0,False,PENDING_TIME_INTERVAL_REVIEW,,Finalize after checking temporal overlap with race-control periods
1295,11377,55,7,2026-09-26T11:15:07.665000+00:00,39.775,45.358,25.281,192.0,194.0,False,110.414,"[None, 2048, 2048, 2048, 2049, 2048, 2049, 2048]","[2049, 2048, 2048, 2048, 2049, 2048, 2048, 2048, 2048, 2048]","[2048, 2048, 2048, 2048, 2048, 2048, 2048, 2048, 2048]",334.0,Carlos SAINZ,SAI,Williams,1868DB,2026-09-26 11:15:07.665000+00:00,2026-09-26 11:16:58.079000+00:00,True,False,1,1.0,MEDIUM,6.0,False,PENDING_TIME_INTERVAL_REVIEW,,Finalize after checking temporal overlap with race-control periods
1295,11377,55,8,2026-09-26T11:16:58.031000+00:00,39.251,45.366,25.308,186.0,191.0,False,109.925,"[None, 2048, 2049, 2048, 2049, 2049, 2049, 2048]","[2048, 2048, 2048, 2049, 2048, 2048, 2048, 2048, 2048, 2048]","[2048, 2048, 2048, 2049, 2048, 2048, 2048, 2048, 2048]",333.0,Carlos SAINZ,SAI,Williams,1868DB,2026-09-26 11:16:58.031000+00:00,2026-09-26 11:18:47.956000+00:00,True,False,1,1.0,MEDIUM,7.0,False,PENDING_TIME_INTERVAL_REVIEW,,Finalize after checking temporal overlap with race-control periods
1295,11377,55,9,2026-09-26T11:18:47.993000+00:00,40.069,45.656,25.457,187.0,184.0,False,111.182,"[None, 2048, 2048, 2048, 2049, 2048, 2048, 2048]","[2048, 2048, 2048, 2049, 2048, 2048, 2048, 2048, 2048, 2048]","[2048, 2048, 2048, 2048, 2048, 2048, 2048, 2048, 2048]",333.0,Carlos SAINZ,SAI,Williams,1868DB,2026-09-26 11:18:47.993000+00:00,2026-09-26 11:20:39.175000+00:00,True,False,1,1.0,MEDIUM,8.0,False,PENDING_TIME_INTERVAL_REVIEW,,Finalize after checking temporal overlap with race-control periods
1295,11377,55,10,2026-09-26T11:20:39.094000+00:00,39.334,45.384,25.217,192.0,192.0,False,109.935,"[2049, 2048, 2048, 2048, 2049, 2048, 2048, 2049]","[2048, 2048, 2049, 2048, 2048, 2048, 2048, 2048, 2048, 2048]","[2048, 2048, 2048, 2048, 2048, 2048, 2048, 2048, 2048]",333.0,Carlos SAINZ,SAI,Williams,1868DB,2026-09-26 11:20:39.094000+00:00,2026-09-26 11:22:29.029000+00:00,True,False,1,1.0,MEDIUM,9.0,False,PENDING_TIME_INTERVAL_REVIEW,,Finalize after checking temporal overlap with race-control periods
1295,11377,55,11,2026-09-26T11:22:29.148000+00:00,39.391,45.158,25.28,177.0,194.0,False,109.829,"[2048, 2048, 2048, 2048, 2048, 2049, 2048, 2048]","[2048, 2048, 2048, 2048, 2049, 2048, 2048, 2048, 2048, 2048]","[2049, 2048, 2049, 2048, 2048, 2048, 2048, 2048, 2048]",330.0,Carlos SAINZ,SAI,Williams,1868DB,2026-09-26 11:22:29.148000+00:00,2026-09-26 11:24:18.977000+00:00,True,False,1,1.0,MEDIUM,10.0,False,PENDING_TIME_INTERVAL_REVIEW,,Finalize after checking temporal overlap with race-control periods
1295,11377,55,12,2026-09-26T11:24:18.862000+00:00,39.259,45.377,25.208,189.0,191.0,False,109.844,"[None, 2048, 2048, 2048, 2049, 2048, 2048, 2048]","[2048, 2048, 2048, 2048, 2048, 2048, 2048, 2048, 2048, 2048]","[2048, 2048, 2049, 2049, 2048, 2048, 2048, 2048, 2048]",334.0,Carlos SAINZ,SAI,Williams,1868DB,2026-09-26 11:24:18.862000+00:00,2026-09-26 11:26:08.706000+00:00,True,False,1,1.0,MEDIUM,11.0,False,PENDING_TIME_INTERVAL_REVIEW,,Finalize after checking temporal overlap with race-control periods
1295,11377,55,13,2026-09-26T11:26:08.746000+00:00,40.222,45.167,25.448,186.0,192.0,False,110.837,"[None, 2048, 2048, 2048, 2048, 2048, 2048, 2048]","[2048, 2048, 2049, 2048, 2048, 2048, 2048, 2049, 2048, 2048]","[2048, 2048, 2048, 2048, 2048, 2048, 2048, 2048, 2048]",329.0,Carlos SAINZ,SAI,Williams,1868DB,2026-09-26 11:26:08.746000+00:00,2026-09-26 11:27:59.583000+00:00,True,False,1,1.0,MEDIUM,12.0,False,PENDING_TIME_INTERVAL_REVIEW,,Finalize after checking temporal overlap with race-control periods
1295,11377,55,14,2026-09-26T11:27:59.607000+00:00,39.038,44.918,25.363,188.0,198.0,False,109.319,"[None, 2049, 2049, 2048, 2048, 2048, 2049, 2048]","[2048, 2048, 2049, 2049, 2048, 2049, 2048, 2049, 2049, 2049]","[2048, 2048, 2048, 2048, 2048, 2048, 2048, 2048, 2048]",332.0,Carlos SAINZ,SAI,Williams,1868DB,2026-09-26 11:27:59.607000+00:00,2026-09-26 11:29:48.926000+00:00,True,False,1,1.0,MEDIUM,13.0,False,PENDING_TIME_INTERVAL_REVIEW,,Finalize after checking temporal overlap with race-control periods
1295,11377,55,15,2026-09-26T11:29:48.962000+00:00,39.162,44.983,25.202,189.0,197.0,False,109.347,"[None, 2048, 2048, 2048, 2048, 2048, 2048, 2048]","[2048, 2048, 2048, 2048, 2048, 2048, 2048, 2048, 2049, 2049]","[2049, 2048, 2049, 2048, 2048, 2048, 2048, 2048, 2048]",333.0,Carlos SAINZ,SAI,Williams,1868DB,2026-09-26 11:29:48.962000+00:00,2026-09-26 11:31:38.309000+00:00,True,False,1,1.0,MEDIUM,14.0,False,PENDING_TIME_INTERVAL_REVIEW,,Finalize after checking temporal overlap with race-control periods
1295,11377,55,16,2026-09-26T11:31:38.260000+00:00,39.64,45.069,25.32,194.0,201.0,False,110.029,"[2049, 2048, 2048, 2048, 2048, 2048, 2048, 2048]","[2048, 2048, 2049, 2048, 2048, 2048, 2048, 2048, 2049, 2049]","[2048, 2048, 2048, 2048, 2048, 2048, 2048, 2048, 2048]",330.0,Carlos SAINZ,SAI,Williams,1868DB,2026-09-26 11:31:38.260000+00:00,2026-09-26 11:33:28.289000+00:00,True,False,1,1.0,MEDIUM,15.0,False,PENDING_TIME_INTERVAL_REVIEW,,Finalize after checking temporal overlap with race-control periods
1295,11377,55,17,2026-09-26T11:33:28.672000+00:00,39.107,45.059,25.391,190.0,191.0,False,109.557,"[2048, 2048, 2048, 2048, 2048, 2048, 2049, 2049]","[2048, 2048, 2048, 2049, 2048, 2049, 2049, 2048, 2048, 2048]","[2048, 2048, 2048, 2048, 2048, 2048, 2048, 2048, 2048]",325.0,Carlos SAINZ,SAI,Williams,1868DB,2026-09-26 11:33:28.672000+00:00,2026-09-26 11:35:18.229000+00:00,True,False,1,1.0,MEDIUM,16.0,False,PENDING_TIME_INTERVAL_REVIEW,,Finalize after checking temporal overlap with race-control periods
1295,11377,55,18,2026-09-26T11:35:17.845000+00:00,40.077,45.431,25.588,185.0,192.0,False,111.096,"[None, 2048, 2048, 2048, 2048, 2048, 2048, 2048]","[2048, 2048, 2048, 2048, 2048, 2048, 2048, 2048, 2048, 2048]","[2048, 2048, 2048, 2048, 2048, 2048, 2048, 2048, 2048]",328.0,Carlos SAINZ,SAI,Williams,1868DB,2026-09-26 11:35:17.845000+00:00,2026-09-26 11:37:08.941000+00:00,True,False,1,1.0,MEDIUM,17.0,False,PENDING_TIME_INTERVAL_REVIEW,,Finalize after checking temporal overlap with race-control periods
1295,11377,55,19,2026-09-26T11:37:08.898000+00:00,39.327,45.195,25.433,189.0,192.0,False,109.955,"[None, 2048, 2048, 2048, 2048, 2048, 2048, 2048]","[2048, 2048, 2048, 2048, 2048, 2049, 2048, 2048, 2048, 2048]","[2048, 2048, 2048, 2048, 2048, 2048, 2048, 2048, 2048]",330.0,Carlos SAINZ,SAI,Williams,1868DB,2026-09-26 11:37:08.898000+00:00,2026-09-26 11:38:58.853000+00:00,True,False,1,1.0,MEDIUM,18.0,False,PENDING_TIME_INTERVAL_REVIEW,,Finalize after checking temporal overlap with race-control periods
1295,11377,55,20,2026-09-26T11:38:58.930000+00:00,39.612,45.108,28.735,185.0,194.0,False,113.455,"[None, 2048, 2048, 2048, 2048, 2048, 2048, 2048]","[2048, 2048, 2048, 2048, 2048, 2049, 2049, 2048, 2048, 2048]","[2048, 2048, 2048, 2048, 2048, 2048, 2048, 2064, 2064]",330.0,Carlos SAINZ,SAI,Williams,1868DB,2026-09-26 11:38:58.930000+00:00,2026-09-26 11:40:52.385000+00:00,True,False,1,1.0,MEDIUM,19.0,True,PENDING_TIME_INTERVAL_REVIEW,,Finalize after checking temporal overlap with race-control periods
1295,11377,55,21,2026-09-26T11:40:52.274000+00:00,57.001,45.077,25.649,181.0,194.0,True,127.727,"[2064, 2064, 2048, 2048, 2048, 2048, 2048, 2048]","[2048, 2048, 2048, 2048, 2049, 2049, 2048, 2048, 2048, 2048]","[2049, 2049, 2048, 2048, 2048, 2048, 2048, 2048, 2048]",320.0,Carlos SAINZ,SAI,Williams,1868DB,2026-09-26 11:40:52.274000+00:00,2026-09-26 11:43:00.001000+00:00,True,False,1,2.0,SOFT,4.0,False,PENDING_TIME_INTERVAL_REVIEW,,Finalize after checking temporal overlap with race-control periods
1295,11377,55,22,2026-09-26T11:43:00.078000+00:00,39.088,44.3,25.535,194.0,197.0,False,108.923,"[2048, 2049, 2049, 2048, 2048, 2049, 2048, 2049]","[2049, 2048, 2049, 2049, 2049, 2051, 2048, 2048, 2049, 2049]","[2048, 2049, 2049, 2048, 2048, 2048, 2048, 2048, 2048]",327.0,Carlos SAINZ,SAI,Williams,1868DB,2026-09-26 11:43:00.078000+00:00,2026-09-26 11:44:49.001000+00:00,True,False,1,2.0,SOFT,5.0,False,PENDING_TIME_INTERVAL_REVIEW,,Finalize after checking temporal overlap with race-control periods
1295,11377,55,23,2026-09-26T11:44:49.090000+00:00,39.044,44.345,25.537,,195.0,False,108.926,"[None, 2048, 2048, 2048, 2048, 2049, 2049, 2049]","[2048, 2048, 2048, 2048, 2049, 2051, 2048, 2048, 2049, 2048]","[2048, 2048, 2048, 2048, 2048, 2048, 2048, 2048, 2048]",327.0,Carlos SAINZ,SAI,Williams,1868DB,2026-09-26 11:44:49.090000+00:00,2026-09-26 11:46:38.016000+00:00,True,False,1,2.0,SOFT,6.0,False,PENDING_TIME_INTERVAL_REVIEW,,Finalize after checking temporal overlap with race-control periods
1295,11377,55,24,2026-09-26T11:46:37.866000+00:00,38.989,44.292,25.573,192.0,200.0,False,108.854,"[None, 2048, 2049, 2048, 2048, 2049, 2049, 2049]","[2048, 2048, 2049, 2049, 2049, 2051, 2048, 2048, 2048, 2049]","[2048, 2048, 2048, 2048, 2048, 2048, 2048, 2048, 2048]",323.0,Carlos SAINZ,SAI,Williams,1868DB,2026-09-26 11:46:37.866000+00:00,2026-09-26 11:48:26.720000+00:00,True,False,1,2.0,SOFT,7.0,False,PENDING_TIME_INTERVAL_REVIEW,,Finalize after checking temporal overlap with race-control periods
1295,11377,55,25,2026-09-26T11:48:26.726000+00:00,38.785,44.209,25.617,197.0,201.0,False,108.611,"[None, 2049, 2049, 2048, 2048, 2049, 2048, 2049]","[2048, 2048, 2049, 2048, 2048, 2051, 2048, 2049, 2048, 2048]","[2048, 2048, 2048, 2048, 2048, 2048, 2048, 2048, 2048]",326.0,Carlos SAINZ,SAI,Williams,1868DB,2026-09-26 11:48:26.726000+00:00,2026-09-26 11:50:15.337000+00:00,True,False,1,2.0,SOFT,8.0,False,PENDING_TIME_INTERVAL_REVIEW,,Finalize after checking temporal overlap with race-control periods
1295,11377,55,26,2026-09-26T11:50:15.411000+00:00,38.868,44.416,25.443,193.0,201.0,False,108.727,"[None, 2048, 2048, 2048, 2048, 2048, 2049, 2049]","[2048, 2048, 2048, 2048, 2048, 2048, 2048, 2048, 2048, 2049]","[2049, 2049, 2049, 2048, 2048, 2048, 2048, 2048, 2048]",328.0,Carlos SAINZ,SAI,Williams,1868DB,2026-09-26 11:50:15.411000+00:00,2026-09-26 11:52:04.138000+00:00,True,False,1,2.0,SOFT,9.0,False,PENDING_TIME_INTERVAL_REVIEW,,Finalize after checking temporal overlap with race-control periods
1295,11377,55,27,2026-09-26T11:52:04.100000+00:00,38.886,44.234,25.535,194.0,203.0,False,108.655,"[None, 2048, 2048, 2048, 2048, 2048, 2048, 2048]","[2048, 2048, 2048, 2049, 2048, 2048, 2049, 2048, 2048, 2048]","[2048, 2049, 2049, 2048, 2048, 2048, 2048, 2048, 2048]",326.0,Carlos SAINZ,SAI,Williams,1868DB,2026-09-26 11:52:04.100000+00:00,2026-09-26 11:53:52.755000+00:00,True,False,1,2.0,SOFT,10.0,False,PENDING_TIME_INTERVAL_REVIEW,,Finalize after checking temporal overlap with race-control periods
1295,11377,55,28,2026-09-26T11:53:52.724000+00:00,38.749,44.431,25.517,198.0,201.0,False,108.697,"[None, 2049, 2048, 2048, 2048, 2048, 2048, 2049]","[2048, 2048, 2048, 2048, 2048, 2048, 2048, 2049, 2048, 2048]","[2048, 2048, 2048, 2048, 2048, 2048, 2048, 2048, 2048]",327.0,Carlos SAINZ,SAI,Williams,1868DB,2026-09-26 11:53:52.724000+00:00,2026-09-26 11:55:41.421000+00:00,True,False,1,2.0,SOFT,11.0,False,PENDING_TIME_INTERVAL_REVIEW,,Finalize after checking temporal overlap with race-control periods
1295,11377,55,29,2026-09-26T11:55:41.417000+00:00,38.856,44.465,25.382,194.0,202.0,False,108.703,"[None, 2049, 2048, 2048, 2048, 2048, 2048, 2048]","[2048, 2048, 2048, 2048, 2048, 2048, 2048, 2048, 2048, 2049]","[2048, 2048, 2048, 2049, 2048, 2048, 2048, 2048, 2048]",329.0,Carlos SAINZ,SAI,Williams,1868DB,2026-09-26 11:55:41.417000+00:00,2026-09-26 11:57:30.120000+00:00,True,False,1,2.0,SOFT,12.0,False,PENDING_TIME_INTERVAL_REVIEW,,Finalize after checking temporal overlap with race-control periods
1295,11377,55,30,2026-09-26T11:57:30.196000+00:00,40.105,63.64,39.844,125.0,145.0,False,143.589,"[None, 2048, 2048, 2048, 2048, 2048, 2048, 2048]","[2048, 2048, 2048, 2048, 2048, 2048, 2048, 2048, 2048, 2048]","[2048, 2048, 2048, 2048, 2048, 2048, 2048, 2064, 2064]",144.0,Carlos SAINZ,SAI,Williams,1868DB,2026-09-26 11:57:30.196000+00:00,2026-09-26 11:59:53.785000+00:00,True,False,1,2.0,SOFT,13.0,True,PENDING_TIME_INTERVAL_REVIEW,,Finalize after checking temporal overlap with race-control periods
1295,11377,55,31,2026-09-26T11:59:53.767000+00:00,68.605,62.78,36.124,115.0,113.0,True,167.509,"[2064, 2064, 2048, 2048, 2048, 2048, 2048, 2048]","[2048, 2048, 2048, 2048, 2048, 2048, 2048, 2048, 2048, 2048]","[2048, 2048, 2048, 2048, 2048, 2048, 2048, 2048, 2048]",188.0,Carlos SAINZ,SAI,Williams,1868DB,2026-09-26 11:59:53.767000+00:00,2026-09-26 12:02:41.276000+00:00,True,False,1,3.0,SOFT,0.0,False,PENDING_TIME_INTERVAL_REVIEW,,Finalize after checking temporal overlap with race-control periods
1295,11377,55,32,2026-09-26T12:02:41.217000+00:00,45.52,58.884,29.488,125.0,167.0,False,133.892,"[2048, 2048, 2048, 2048, 2048, 2048, 2048, 2048]","[2048, 2048, 2048, 2048, 2048, 2048, 2048, 2048, 2048, 2048]","[2048, 2048, 2048, 2048, 2048, 2048, 2048, 2048, 2048]",252.0,Carlos SAINZ,SAI,Williams,1868DB,2026-09-26 12:02:41.217000+00:00,2026-09-26 12:04:55.109000+00:00,True,False,1,3.0,SOFT,1.0,False,PENDING_TIME_INTERVAL_REVIEW,,Finalize after checking temporal overlap with race-control periods
1295,11377,55,33,2026-09-26T12:04:55.140000+00:00,42.942,50.042,26.106,101.0,187.0,False,119.09,"[None, 2048, 2048, 2048, 2048, 2048, 2048, 2048]","[2048, 2048, 2048, 2048, 2048, 2048, 2048, 2048, 2048, 2048]","[2048, 2048, 2048, 2048, 2048, 2048, 2048, 2048, 2048]",320.0,Carlos SAINZ,SAI,Williams,1868DB,2026-09-26 12:04:55.140000+00:00,2026-09-26 12:06:54.230000+00:00,True,False,1,3.0,SOFT,2.0,False,PENDING_TIME_INTERVAL_REVIEW,,Finalize after checking temporal overlap with race-control periods
1295,11377,55,34,2026-09-26T12:06:54.302000+00:00,40.03,56.991,38.004,172.0,128.0,False,135.025,"[None, 2048, 2048, 2048, 2048, 2048, 2048, 2048]","[2048, 2048, 2048, 2048, 2048, 2048, 2048, 2048, 2048, 2048]","[2048, 2048, 2048, 2048, 2048, 2048, 2048, 2048, 2048]",180.0,Carlos SAINZ,SAI,Williams,1868DB,2026-09-26 12:06:54.302000+00:00,2026-09-26 12:09:09.327000+00:00,True,False,1,3.0,SOFT,3.0,False,PENDING_TIME_INTERVAL_REVIEW,,Finalize after checking temporal overlap with race-control periods
1295,11377,55,35,2026-09-26T12:09:09.261000+00:00,53.111,57.966,28.965,163.0,157.0,False,140.042,"[None, 2048, 2048, 2048, 2048, 2048, 2048, 2048]","[2048, 2048, 2048, 2048, 2048, 2048, 2048, 2048, 2048, 2048]","[2048, 2048, 2048, 2048, 2048, 2048, 2048, 2048, 2048]",315.0,Carlos SAINZ,SAI,Williams,1868DB,2026-09-26 12:09:09.261000+00:00,2026-09-26 12:11:29.303000+00:00,True,False,1,3.0,SOFT,4.0,False,PENDING_TIME_INTERVAL_REVIEW,,Finalize after checking temporal overlap with race-control periods
1295,11377,55,36,2026-09-26T12:11:29.339000+00:00,42.888,59.224,42.453,152.0,141.0,False,144.565,"[None, 2048, 2048, 2049, 2048, 2048, 2048, 2048]","[2048, 2048, 2048, 2048, 2048, 2048, 2048, 2048, 2048, 2048]","[2048, 2048, 2048, 2048, 2048, 2048, 2048, 2064, 2064]",198.0,Carlos SAINZ,SAI,Williams,1868DB,2026-09-26 12:11:29.339000+00:00,2026-09-26 12:13:53.904000+00:00,True,False,1,3.0,SOFT,5.0,True,PENDING_TIME_INTERVAL_REVIEW,,Finalize after checking temporal overlap with race-control periods
1295,11377,55,37,2026-09-26T12:13:53.866000+00:00,61.099,61.362,39.251,97.0,142.0,True,161.712,"[2064, 2064, 2048, 2048, 2048, 2048, 2048, 2048]","[2048, 2048, 2048, 2048, 2048, 2048, 2048, 2048, 2048, 2048]","[2048, 2048, 2048, 2048, 2048, 2048, 2048, 2048, 2048]",201.0,Carlos SAINZ,SAI,Williams,1868DB,2026-09-26 12:13:53.866000+00:00,2026-09-26 12:16:35.578000+00:00,True,False,1,4.0,SOFT,0.0,False,PENDING_TIME_INTERVAL_REVIEW,,Finalize after checking temporal overlap with race-control periods
1295,11377,55,38,2026-09-26T12:16:35.537000+00:00,54.985,62.62,31.555,163.0,100.0,False,149.16,"[2048, 2048, 2048, 2048, 2048, 2048, 2048, 2048]","[2048, 2048, 2048, 2048, 2048, 2048, 2048, 2048, 2048, 2048]","[2048, 2048, 2048, 2048, 2048, 2048, 2048, 2048, 2051]",297.0,Carlos SAINZ,SAI,Williams,1868DB,2026-09-26 12:16:35.537000+00:00,2026-09-26 12:19:04.697000+00:00,True,False,1,4.0,SOFT,1.0,False,PENDING_TIME_INTERVAL_REVIEW,,Finalize after checking temporal overlap with race-control periods
1295,11377,55,39,2026-09-26T12:19:04.814000+00:00,40.868,45.16,24.743,181.0,189.0,False,110.771,"[None, 2048, 2048, 2048, 2049, 2048, 2048, 2048]","[2048, 2048, 2048, 2048, 2048, 2048, 2048, 2048, 2048, 2048]","[2048, 2049, 2049, 2049, 2048, 2048, 2048, 2049]",340.0,Carlos SAINZ,SAI,Williams,1868DB,2026-09-26 12:19:04.814000+00:00,2026-09-26 12:20:55.585000+00:00,True,False,1,4.0,SOFT,2.0,False,PENDING_TIME_INTERVAL_REVIEW,,Finalize after checking temporal overlap with race-control periods
1295,11377,55,40,2026-09-26T12:20:55.632000+00:00,39.663,44.633,24.932,186.0,196.0,False,109.228,"[None, 2048, 2048, 2048, 2048, 2048, 2048, 2048]","[2048, 2049, 2048, 2048, 2049, 2048, 2048, 2048, 2048, 2049]","[2048, 2048, 2048, 2048, 2048, 2048, 2048, 2048, 2048]",335.0,Carlos SAINZ,SAI,Williams,1868DB,2026-09-26 12:20:55.632000+00:00,2026-09-26 12:22:44.860000+00:00,True,False,1,4.0,SOFT,3.0,False,PENDING_TIME_INTERVAL_REVIEW,,Finalize after checking temporal overlap with race-control periods
1295,11377,55,41,2026-09-26T12:22:44.682000+00:00,38.524,44.34,24.855,191.0,202.0,False,107.719,"[None, 2049, 2049, 2048, 2048, 2048, 2048, 2048]","[2048, 2049, 2048, 2048, 2048, 2048, 2048, 2048, 2048, 2049]","[2049, 2049, 2049, 2049, 2048, 2048, 2048, 2048, 2048]",337.0,Carlos SAINZ,SAI,Williams,1868DB,2026-09-26 12:22:44.682000+00:00,2026-09-26 12:24:32.401000+00:00,True,False,1,4.0,SOFT,4.0,False,PENDING_TIME_INTERVAL_REVIEW,,Finalize after checking temporal overlap with race-control periods
1295,11377,55,42,2026-09-26T12:24:32.794000+00:00,38.489,44.094,24.755,192.0,203.0,False,107.338,"[None, 2048, 2048, 2048, 2049, 2048, 2049, 2049]","[2048, 2049, 2048, 2048, 2048, 2048, 2048, 2048, 2049, 2049]","[2048, 2048, 2049, 2048, 2048, 2048, 2048, 2048, 2048]",338.0,Carlos SAINZ,SAI,Williams,1868DB,2026-09-26 12:24:32.794000+00:00,2026-09-26 12:26:20.132000+00:00,True,False,1,4.0,SOFT,5.0,False,PENDING_TIME_INTERVAL_REVIEW,,Finalize after checking temporal overlap with race-control periods
1295,11377,55,43,2026-09-26T12:26:19.754000+00:00,38.379,44.082,24.731,199.0,205.0,False,107.192,"[2049, 2048, 2048, 2048, 2049, 2048, 2048, 2049]","[2048, 2048, 2048, 2048, 2048, 2049, 2048, 2048, 2048, 2049]","[2049, 2049, 2049, 2049, 2048, 2048, 2048, 2048, 2048]",339.0,Carlos SAINZ,SAI,Williams,1868DB,2026-09-26 12:26:19.754000+00:00,2026-09-26 12:28:06.946000+00:00,True,False,1,4.0,SOFT,6.0,False,PENDING_TIME_INTERVAL_REVIEW,,Finalize after checking temporal overlap with race-control periods
1295,11377,55,44,2026-09-26T12:28:07.326000+00:00,38.401,44.123,24.837,195.0,204.0,False,107.361,"[None, 2048, 2048, 2048, 2048, 2049, 2049, 2048]","[2048, 2048, 2048, 2048, 2048, 2048, 2048, 2048, 2048, 2049]","[2049, 2048, 2048, 2048, 2048, 2048, 2048, 2048, 2048]",336.0,Carlos SAINZ,SAI,Williams,1868DB,2026-09-26 12:28:07.326000+00:00,2026-09-26 12:29:54.687000+00:00,True,False,1,4.0,SOFT,7.0,False,PENDING_TIME_INTERVAL_REVIEW,,Finalize after checking temporal overlap with race-control periods
1295,11377,55,45,2026-09-26T12:29:54.362000+00:00,38.292,44.067,24.816,,198.0,False,107.175,"[None, 2049, 2048, 2048, 2048, 2049, 2048, 2048]","[2048, 2048, 2048, 2048, 2048, 2048, 2048, 2048, 2048, 2048]","[2048, 2048, 2048, 2048, 2048, 2048, 2048, 2048, 2048]",337.0,Carlos SAINZ,SAI,Williams,1868DB,2026-09-26 12:29:54.362000+00:00,2026-09-26 12:31:41.537000+00:00,True,False,1,4.0,SOFT,8.0,False,PENDING_TIME_INTERVAL_REVIEW,,Finalize after checking temporal overlap with race-control periods
1295,11377,55,46,2026-09-26T12:31:41.737000+00:00,38.178,44.131,24.769,199.0,202.0,False,107.078,"[None, 2049, 2049, 2048, 2048, 2049, 2049, 2049]","[2048, 2048, 2048, 2048, 2048, 2048, 2048, 2048, 2049, 2048]","[2048, 2049, 2049, 2048, 2048, 2048, 2048, 2048, 2048]",337.0,Carlos SAINZ,SAI,Williams,1868DB,2026-09-26 12:31:41.737000+00:00,2026-09-26 12:33:28.815000+00:00,True,False,1,4.0,SOFT,9.0,False,PENDING_TIME_INTERVAL_REVIEW,,Finalize after checking temporal overlap with race-control periods
1295,11377,55,47,2026-09-26T12:33:28.653000+00:00,38.379,44.236,24.774,196.0,201.0,False,107.389,"[None, 2048, 2048, 2048, 2048, 2048, 2048, 2048]","[2048, 2048, 2048, 2048, 2048, 2048, 2048, 2048, 2048, 2048]","[2048, 2048, 2048, 2049, 2048, 2048, 2048, 2048, 2048]",338.0,Carlos SAINZ,SAI,Williams,1868DB,2026-09-26 12:33:28.653000+00:00,2026-09-26 12:35:16.042000+00:00,True,False,1,4.0,SOFT,10.0,False,PENDING_TIME_INTERVAL_REVIEW,,Finalize after checking temporal overlap with race-control periods
1295,11377,55,48,2026-09-26T12:35:16.104000+00:00,38.396,44.42,24.524,195.0,204.0,False,107.34,"[2048, 2048, 2048, 2048, 2049, 2048, 2048, 2048]","[2048, 2048, 2048, 2048, 2048, 2048, 2048, 2049, 2048, 2048]","[2048, 2048, 2048, 2049, 2049, 2049, 2049, 2049, 2048]",347.0,Carlos SAINZ,SAI,Williams,1868DB,2026-09-26 12:35:16.104000+00:00,2026-09-26 12:37:03.444000+00:00,True,False,1,4.0,SOFT,11.0,False,PENDING_TIME_INTERVAL_REVIEW,,Finalize after checking temporal overlap with race-control periods
1295,11377,55,49,2026-09-26T12:37:03.371000+00:00,38.31,43.869,24.558,200.0,204.0,False,106.737,"[None, 2048, 2048, 2048, 2049, 2048, 2048, 2049]","[2048, 2049, 2048, 2048, 2048, 2049, 2051, 2049, 2048, 2048]","[2048, 2048, 2049, 2049, 2049, 2048, 2048, 2048]",344.0,Carlos SAINZ,SAI,Williams,1868DB,2026-09-26 12:37:03.371000+00:00,2026-09-26 12:38:50.108000+00:00,True,False,1,4.0,SOFT,12.0,False,PENDING_TIME_INTERVAL_REVIEW,,Finalize after checking temporal overlap with race-control periods
1295,11377,55,50,2026-09-26T12:38:50.289000+00:00,38.531,44.201,24.503,193.0,200.0,False,107.235,"[None, 2048, 2048, 2048, 2048, 2048, 2048, 2048]","[2048, 2048, 2048, 2048, 2048, 2049, 2048, 2048, 2048, 2048]","[2048, 2049, 2049, 2048, 2049, 2048, 2048, 2048, 2048]",345.0,Carlos SAINZ,SAI,Williams,1868DB,2026-09-26 12:38:50.289000+00:00,2026-09-26 12:40:37.524000+00:00,True,False,1,4.0,SOFT,13.0,False,PENDING_TIME_INTERVAL_REVIEW,,Finalize after checking temporal overlap with race-control periods
1295,11377,55,51,2026-09-26T12:40:37.294000+00:00,38.699,44.899,24.771,191.0,186.0,False,108.369,"[None, 2048, 2048, 2048, 2048, 2048, 2048, 2048]","[2048, 2048, 2048, 2048, 2048, 2048, 2048, 2048, 2049, 2048]","[2048, 2048, 2048, 2048, 2048, 2048, 2048, 2048, 2048]",343.0,Carlos SAINZ,SAI,Williams,1868DB,2026-09-26 12:40:37.294000+00:00,2026-09-26 12:42:25.663000+00:00,True,False,1,4.0,SOFT,14.0,False,PENDING_TIME_INTERVAL_REVIEW,,Finalize after checking temporal overlap with race-control periods
1295,11377,63,1,2026-09-26T11:03:50.711000+00:00,42.132,44.47,25.661,187.0,201.0,False,112.263,"[None, 2051, 2051, 2051, 2051, 2051, 2049, 2051]","[2049, 2049, 2051, 2051, 2049, 2049, 2049, 2051, 2049, 2049]","[2051, 2049, 2049, 2049, 2049, 2049, 2049, 2051, 2051]",322.0,George RUSSELL,RUS,Mercedes,00D7B6,2026-09-26 11:03:50.711000+00:00,2026-09-26 11:05:42.974000+00:00,True,True,1,1.0,MEDIUM,2.0,False,PENDING_TIME_INTERVAL_REVIEW,,Finalize after checking temporal overlap with race-control periods
1295,11377,63,2,2026-09-26T11:05:42.974000+00:00,39.418,44.492,25.625,188.0,208.0,False,109.535,"[2049, 2051, 2051, 2048, 2048, 2048, 2051, 2048]","[2049, 2048, 2048, 2048, 2051, 2048, 2048, 2048, 2049, 2048]","[2049, 2048, 2048, 2049, 2049, 2049, 2049, 2049, 2049]",322.0,George RUSSELL,RUS,Mercedes,00D7B6,2026-09-26 11:05:42.974000+00:00,2026-09-26 11:07:32.509000+00:00,True,True,1,1.0,MEDIUM,3.0,False,PENDING_TIME_INTERVAL_REVIEW,,Finalize after checking temporal overlap with race-control periods
1295,11377,63,3,2026-09-26T11:07:32.654000+00:00,38.852,44.227,25.779,192.0,206.0,False,108.858,"[None, 2051, 2051, 2048, 2048, 2049, 2049, 2048]","[2051, 2048, 2048, 2048, 2051, 2048, 2048, 2051, 2048, 2048]","[2048, 2048, 2048, 2049, 2049, 2049, 2048, 2049, 2049]",322.0,George RUSSELL,RUS,Mercedes,00D7B6,2026-09-26 11:07:32.654000+00:00,2026-09-26 11:09:21.512000+00:00,True,True,1,1.0,MEDIUM,4.0,False,PENDING_TIME_INTERVAL_REVIEW,,Finalize after checking temporal overlap with race-control periods
1295,11377,63,4,2026-09-26T11:09:21.455000+00:00,38.904,44.135,25.58,191.0,203.0,False,108.619,"[2048, 2048, 2048, 2048, 2048, 2049, 2048, 2048]","[2048, 2048, 2048, 2048, 2051, 2048, 2048, 2048, 2051, 2049]","[2049, 2049, 2049, 2049, 2049, 2048, 2048, 2048, 2049]",321.0,George RUSSELL,RUS,Mercedes,00D7B6,2026-09-26 11:09:21.455000+00:00,2026-09-26 11:11:10.074000+00:00,True,True,1,1.0,MEDIUM,5.0,False,PENDING_TIME_INTERVAL_REVIEW,,Finalize after checking temporal overlap with race-control periods
1295,11377,63,5,2026-09-26T11:11:09.968000+00:00,38.55,44.074,25.545,199.0,202.0,False,108.169,"[None, 2051, 2049, 2048, 2048, 2049, 2051, 2048]","[2048, 2048, 2051, 2049, 2048, 2049, 2048, 2049, 2051, 2049]","[2049, 2048, 2048, 2048, 2048, 2048, 2049, 2049, 2049]",322.0,George RUSSELL,RUS,Mercedes,00D7B6,2026-09-26 11:11:09.968000+00:00,2026-09-26 11:12:58.137000+00:00,True,True,1,1.0,MEDIUM,6.0,False,PENDING_TIME_INTERVAL_REVIEW,,Finalize after checking temporal overlap with race-control periods
1295,11377,63,6,2026-09-26T11:12:58.169000+00:00,38.614,43.892,25.426,196.0,204.0,False,107.932,"[2049, 2048, 2048, 2048, 2048, 2049, 2048, 2048]","[2048, 2048, 2051, 2048, 2051, 2049, 2049, 2048, 2048, 2048]","[2049, 2048, 2049, 2049, 2049, 2049, 2049, 2049, 2049]",326.0,George RUSSELL,RUS,Mercedes,00D7B6,2026-09-26 11:12:58.169000+00:00,2026-09-26 11:14:46.101000+00:00,True,True,1,1.0,MEDIUM,7.0,False,PENDING_TIME_INTERVAL_REVIEW,,Finalize after checking temporal overlap with race-control periods
1295,11377,63,7,2026-09-26T11:14:46.130000+00:00,38.434,43.907,25.471,,207.0,False,107.812,"[None, 2048, 2049, 2048, 2048, 2049, 2048, 2051]","[2049, 2048, 2051, 2049, 2048, 2048, 2048, 2048, 2048, 2049]","[2049, 2048, 2048, 2048, 2048, 2048, 2048, 2048, 2048]",324.0,George RUSSELL,RUS,Mercedes,00D7B6,2026-09-26 11:14:46.130000+00:00,2026-09-26 11:16:33.942000+00:00,True,True,1,1.0,MEDIUM,8.0,False,PENDING_TIME_INTERVAL_REVIEW,,Finalize after checking temporal overlap with race-control periods
1295,11377,63,8,2026-09-26T11:16:33.993000+00:00,38.33,43.835,25.522,197.0,202.0,False,107.687,"[2048, 2051, 2049, 2048, 2048, 2048, 2048, 2048]","[2048, 2048, 2048, 2048, 2051, 2048, 2048, 2049, 2051, 2048]","[2048, 2048, 2049, 2048, 2048, 2048, 2048, 2048, 2048]",323.0,George RUSSELL,RUS,Mercedes,00D7B6,2026-09-26 11:16:33.993000+00:00,2026-09-26 11:18:21.680000+00:00,True,True,1,1.0,MEDIUM,9.0,False,PENDING_TIME_INTERVAL_REVIEW,,Finalize after checking temporal overlap with race-control periods
1295,11377,63,9,2026-09-26T11:18:21.670000+00:00,38.235,44.178,25.603,,199.0,False,108.016,"[None, 2051, 2051, 2048, 2048, 2049, 2048, 2048]","[2049, 2048, 2048, 2051, 2048, 2048, 2048, 2048, 2048, 2048]","[2048, 2048, 2048, 2048, 2048, 2048, 2048, 2048, 2048]",323.0,George RUSSELL,RUS,Mercedes,00D7B6,2026-09-26 11:18:21.670000+00:00,2026-09-26 11:20:09.686000+00:00,True,True,1,1.0,MEDIUM,10.0,False,PENDING_TIME_INTERVAL_REVIEW,,Finalize after checking temporal overlap with race-control periods
1295,11377,63,10,2026-09-26T11:20:09.713000+00:00,38.468,43.927,25.496,192.0,205.0,False,107.891,"[None, 2048, 2048, 2048, 2048, 2048, 2048, 2048]","[2048, 2048, 2048, 2048, 2048, 2048, 2048, 2048, 2048, 2048]","[2048, 2049, 2049, 2048, 2048, 2048, 2048, 2048, 2048]",322.0,George RUSSELL,RUS,Mercedes,00D7B6,2026-09-26 11:20:09.713000+00:00,2026-09-26 11:21:57.604000+00:00,True,True,1,1.0,MEDIUM,11.0,False,PENDING_TIME_INTERVAL_REVIEW,,Finalize after checking temporal overlap with race-control periods
1295,11377,63,11,2026-09-26T11:21:57.565000+00:00,38.395,43.958,25.516,197.0,206.0,False,107.869,"[None, 2048, 2048, 2048, 2048, 2048, 2048, 2048]","[2048, 2048, 2051, 2051, 2048, 2048, 2048, 2048, 2048, 2048]","[2049, 2048, 2048, 2048, 2048, 2048, 2048, 2048, 2048]",322.0,George RUSSELL,RUS,Mercedes,00D7B6,2026-09-26 11:21:57.565000+00:00,2026-09-26 11:23:45.434000+00:00,True,True,1,1.0,MEDIUM,12.0,False,PENDING_TIME_INTERVAL_REVIEW,,Finalize after checking temporal overlap with race-control periods
1295,11377,63,12,2026-09-26T11:23:45.415000+00:00,38.178,43.901,25.418,195.0,206.0,False,107.497,"[None, 2048, 2051, 2048, 2048, 2049, 2048, 2048]","[2048, 2048, 2048, 2048, 2048, 2048, 2048, 2048, 2048, 2048]","[2051, 2049, 2049, 2048, 2048, 2048, 2048, 2048, 2048]",323.0,George RUSSELL,RUS,Mercedes,00D7B6,2026-09-26 11:23:45.415000+00:00,2026-09-26 11:25:32.912000+00:00,True,True,1,1.0,MEDIUM,13.0,False,PENDING_TIME_INTERVAL_REVIEW,,Finalize after checking temporal overlap with race-control periods
1295,11377,63,13,2026-09-26T11:25:33.101000+00:00,38.265,43.885,25.457,194.0,206.0,False,107.607,"[None, 2048, 2048, 2048, 2048, 2048, 2049, 2048]","[2048, 2048, 2048, 2048, 2048, 2048, 2048, 2048, 2048, 2048]","[2048, 2048, 2048, 2048, 2048, 2048, 2048, 2048, 2048]",322.0,George RUSSELL,RUS,Mercedes,00D7B6,2026-09-26 11:25:33.101000+00:00,2026-09-26 11:27:20.708000+00:00,True,True,1,1.0,MEDIUM,14.0,False,PENDING_TIME_INTERVAL_REVIEW,,Finalize after checking temporal overlap with race-control periods
1295,11377,63,14,2026-09-26T11:27:20.554000+00:00,38.35,43.749,25.467,200.0,208.0,False,107.566,"[None, 2048, 2048, 2048, 2048, 2048, 2048, 2049]","[2048, 2048, 2049, 2049, 2048, 2048, 2048, 2049, 2048, 2048]","[2048, 2048, 2048, 2048, 2049, 2048, 2048, 2048, 2048]",325.0,George RUSSELL,RUS,Mercedes,00D7B6,2026-09-26 11:27:20.554000+00:00,2026-09-26 11:29:08.120000+00:00,True,True,1,1.0,MEDIUM,15.0,False,PENDING_TIME_INTERVAL_REVIEW,,Finalize after checking temporal overlap with race-control periods
1295,11377,63,15,2026-09-26T11:29:08.124000+00:00,38.617,44.042,25.352,195.0,205.0,False,108.011,"[None, 2048, 2048, 2048, 2048, 2048, 2048, 2048]","[2048, 2048, 2048, 2048, 2048, 2048, 2048, 2048, 2048, 2048]","[2048, 2049, 2049, 2049, 2049, 2049, 2048, 2048, 2048]",325.0,George RUSSELL,RUS,Mercedes,00D7B6,2026-09-26 11:29:08.124000+00:00,2026-09-26 11:30:56.135000+00:00,True,True,1,1.0,MEDIUM,16.0,False,PENDING_TIME_INTERVAL_REVIEW,,Finalize after checking temporal overlap with race-control periods
1295,11377,63,16,2026-09-26T11:30:55.981000+00:00,38.311,43.817,25.375,197.0,205.0,False,107.503,"[None, 2048, 2048, 2048, 2048, 2048, 2048, 2048]","[2048, 2048, 2048, 2048, 2048, 2049, 2048, 2048, 2048, 2048]","[2048, 2049, 2049, 2048, 2048, 2048, 2048, 2048, 2048]",324.0,George RUSSELL,RUS,Mercedes,00D7B6,2026-09-26 11:30:55.981000+00:00,2026-09-26 11:32:43.484000+00:00,True,True,1,1.0,MEDIUM,17.0,False,PENDING_TIME_INTERVAL_REVIEW,,Finalize after checking temporal overlap with race-control periods
1295,11377,63,17,2026-09-26T11:32:43.588000+00:00,38.444,44.061,25.42,191.0,207.0,False,107.925,"[None, 2048, 2048, 2048, 2048, 2048, 2048, 2048]","[2048, 2048, 2048, 2048, 2048, 2048, 2048, 2048, 2048, 2048]","[2048, 2048, 2048, 2048, 2048, 2048, 2048, 2048, 2048]",325.0,George RUSSELL,RUS,Mercedes,00D7B6,2026-09-26 11:32:43.588000+00:00,2026-09-26 11:34:31.513000+00:00,True,True,1,1.0,MEDIUM,18.0,False,PENDING_TIME_INTERVAL_REVIEW,,Finalize after checking temporal overlap with race-control periods
1295,11377,63,18,2026-09-26T11:34:31.649000+00:00,38.457,43.953,25.46,197.0,207.0,False,107.87,"[None, 2048, 2048, 2048, 2048, 2048, 2048, 2048]","[2048, 2048, 2048, 2048, 2048, 2048, 2048, 2048, 2048, 2049]","[2048, 2048, 2048, 2048, 2048, 2048, 2048, 2048, 2048]",323.0,George RUSSELL,RUS,Mercedes,00D7B6,2026-09-26 11:34:31.649000+00:00,2026-09-26 11:36:19.519000+00:00,True,True,1,1.0,MEDIUM,19.0,False,PENDING_TIME_INTERVAL_REVIEW,,Finalize after checking temporal overlap with race-control periods
1295,11377,63,19,2026-09-26T11:36:19.422000+00:00,38.193,43.935,25.452,199.0,207.0,False,107.58,"[None, 2048, 2048, 2048, 2048, 2048, 2049, 2051]","[2048, 2048, 2048, 2048, 2048, 2048, 2048, 2049, 2048, 2048]","[2048, 2048, 2048, 2048, 2048, 2048, 2048, 2048, 2048]",324.0,George RUSSELL,RUS,Mercedes,00D7B6,2026-09-26 11:36:19.422000+00:00,2026-09-26 11:38:07.002000+00:00,True,True,1,1.0,MEDIUM,20.0,False,PENDING_TIME_INTERVAL_REVIEW,,Finalize after checking temporal overlap with race-control periods
1295,11377,63,20,2026-09-26T11:38:06.960000+00:00,38.229,43.933,25.41,200.0,207.0,False,107.572,"[None, 2048, 2049, 2048, 2048, 2048, 2048, 2048]","[2048, 2048, 2049, 2048, 2048, 2048, 2048, 2049, 2048, 2048]","[2048, 2048, 2048, 2048, 2048, 2048, 2048, 2048, 2048]",324.0,George RUSSELL,RUS,Mercedes,00D7B6,2026-09-26 11:38:06.960000+00:00,2026-09-26 11:39:54.532000+00:00,True,True,1,1.0,MEDIUM,21.0,False,PENDING_TIME_INTERVAL_REVIEW,,Finalize after checking temporal overlap with race-control periods
1295,11377,63,21,2026-09-26T11:39:54.524000+00:00,38.183,43.967,25.315,201.0,212.0,False,107.465,"[None, 2048, 2048, 2048, 2048, 2048, 2048, 2051]","[2048, 2048, 2048, 2048, 2048, 2048, 2048, 2048, 2048, 2048]","[2051, 2051, 2049, 2048, 2048, 2048, 2048, 2048, 2048]",323.0,George RUSSELL,RUS,Mercedes,00D7B6,2026-09-26 11:39:54.524000+00:00,2026-09-26 11:41:41.989000+00:00,True,True,1,1.0,MEDIUM,22.0,False,PENDING_TIME_INTERVAL_REVIEW,,Finalize after checking temporal overlap with race-control periods
1295,11377,63,22,2026-09-26T11:41:42.033000+00:00,38.171,43.704,25.316,,209.0,False,107.191,"[None, 2048, 2048, 2048, 2048, 2048, 2048, 2051]","[2048, 2048, 2048, 2048, 2048, 2048, 2048, 2048, 2048, 2049]","[2048, 2048, 2048, 2048, 2048, 2048, 2048, 2048, 2049]",325.0,George RUSSELL,RUS,Mercedes,00D7B6,2026-09-26 11:41:42.033000+00:00,2026-09-26 11:43:29.224000+00:00,True,True,1,1.0,MEDIUM,23.0,False,PENDING_TIME_INTERVAL_REVIEW,,Finalize after checking temporal overlap with race-control periods
1295,11377,63,23,2026-09-26T11:43:29.227000+00:00,38.069,43.65,25.39,200.0,209.0,False,107.109,"[None, 2048, 2048, 2048, 2048, 2048, 2048, 2049]","[2048, 2048, 2048, 2048, 2048, 2048, 2048, 2049, 2048, 2049]","[2048, 2048, 2048, 2048, 2049, 2049, 2049, 2049, 2049]",326.0,George RUSSELL,RUS,Mercedes,00D7B6,2026-09-26 11:43:29.227000+00:00,2026-09-26 11:45:16.336000+00:00,True,True,1,1.0,MEDIUM,24.0,False,PENDING_TIME_INTERVAL_REVIEW,,Finalize after checking temporal overlap with race-control periods
1295,11377,63,24,2026-09-26T11:45:16.408000+00:00,38.228,43.768,25.367,197.0,204.0,False,107.363,"[None, 2048, 2048, 2048, 2048, 2048, 2048, 2048]","[2048, 2048, 2048, 2048, 2048, 2048, 2048, 2048, 2048, 2048]","[2048, 2048, 2048, 2048, 2048, 2048, 2049, 2049, 2049]",325.0,George RUSSELL,RUS,Mercedes,00D7B6,2026-09-26 11:45:16.408000+00:00,2026-09-26 11:47:03.771000+00:00,True,True,1,1.0,MEDIUM,25.0,False,PENDING_TIME_INTERVAL_REVIEW,,Finalize after checking temporal overlap with race-control periods
1295,11377,63,25,2026-09-26T11:47:03.668000+00:00,38.166,43.777,25.421,,210.0,False,107.364,"[None, 2048, 2048, 2049, 2048, 2048, 2048, 2048]","[2048, 2048, 2051, 2048, 2048, 2048, 2048, 2048, 2048, 2048]","[2048, 2048, 2048, 2048, 2048, 2048, 2048, 2048, 2048]",324.0,George RUSSELL,RUS,Mercedes,00D7B6,2026-09-26 11:47:03.668000+00:00,2026-09-26 11:48:51.032000+00:00,True,True,1,1.0,MEDIUM,26.0,False,PENDING_TIME_INTERVAL_REVIEW,,Finalize after checking temporal overlap with race-control periods
1295,11377,63,26,2026-09-26T11:48:51.018000+00:00,38.04,43.74,25.396,200.0,208.0,False,107.176,"[None, 2048, 2048, 2048, 2048, 2048, 2048, 2048]","[2048, 2048, 2048, 2048, 2048, 2049, 2048, 2048, 2048, 2048]","[2048, 2048, 2048, 2048, 2048, 2048, 2048, 2048, 2048]",325.0,George RUSSELL,RUS,Mercedes,00D7B6,2026-09-26 11:48:51.018000+00:00,2026-09-26 11:50:38.194000+00:00,True,True,1,1.0,MEDIUM,27.0,False,PENDING_TIME_INTERVAL_REVIEW,,Finalize after checking temporal overlap with race-control periods
1295,11377,63,27,2026-09-26T11:50:38.210000+00:00,37.957,43.731,25.37,203.0,208.0,False,107.058,"[None, 2051, 2048, 2048, 2048, 2048, 2048, 2051]","[2048, 2048, 2048, 2048, 2048, 2048, 2048, 2048, 2048, 2048]","[2048, 2048, 2048, 2048, 2048, 2048, 2048, 2048, 2048]",324.0,George RUSSELL,RUS,Mercedes,00D7B6,2026-09-26 11:50:38.210000+00:00,2026-09-26 11:52:25.268000+00:00,True,True,1,1.0,MEDIUM,28.0,False,PENDING_TIME_INTERVAL_REVIEW,,Finalize after checking temporal overlap with race-control periods
1295,11377,63,28,2026-09-26T11:52:25.352000+00:00,37.837,43.786,25.382,196.0,212.0,False,107.005,"[None, 2051, 2049, 2049, 2048, 2048, 2048, 2048]","[2048, 2048, 2048, 2049, 2048, 2048, 2048, 2048, 2048, 2048]","[2048, 2048, 2048, 2048, 2048, 2048, 2048, 2048, 2048]",324.0,George RUSSELL,RUS,Mercedes,00D7B6,2026-09-26 11:52:25.352000+00:00,2026-09-26 11:54:12.357000+00:00,True,True,1,1.0,MEDIUM,29.0,False,PENDING_TIME_INTERVAL_REVIEW,,Finalize after checking temporal overlap with race-control periods
1295,11377,63,29,2026-09-26T11:54:12.326000+00:00,37.986,43.656,25.349,200.0,212.0,False,106.991,"[None, 2048, 2048, 2048, 2048, 2048, 2048, 2048]","[2048, 2048, 2048, 2048, 2048, 2048, 2048, 2048, 2048, 2048]","[2048, 2048, 2048, 2049, 2049, 2048, 2048, 2048, 2048]",326.0,George RUSSELL,RUS,Mercedes,00D7B6,2026-09-26 11:54:12.326000+00:00,2026-09-26 11:55:59.317000+00:00,True,True,1,1.0,MEDIUM,30.0,False,PENDING_TIME_INTERVAL_REVIEW,,Finalize after checking temporal overlap with race-control periods
1295,11377,63,30,2026-09-26T11:55:59.255000+00:00,37.927,43.65,25.36,197.0,208.0,False,106.937,"[None, 2048, 2048, 2048, 2048, 2048, 2048, 2048]","[2048, 2048, 2048, 2049, 2048, 2048, 2048, 2048, 2051, 2048]","[2048, 2048, 2048, 2048, 2049, 2048, 2048, 2048, 2048]",325.0,George RUSSELL,RUS,Mercedes,00D7B6,2026-09-26 11:55:59.255000+00:00,2026-09-26 11:57:46.192000+00:00,True,True,1,1.0,MEDIUM,31.0,False,PENDING_TIME_INTERVAL_REVIEW,,Finalize after checking temporal overlap with race-control periods
1295,11377,63,31,2026-09-26T11:57:46.205000+00:00,46.717,59.279,42.252,106.0,162.0,False,148.248,"[None, 2048, 2048, 2048, 2048, 2048, 2048, 2048]","[2048, 2048, 2048, 2048, 2048, 2048, 2048, 2048, 2048, 2048]","[2048, 2048, 2048, 2048, 2048, 2048, 2048, 2064, 2064]",187.0,George RUSSELL,RUS,Mercedes,00D7B6,2026-09-26 11:57:46.205000+00:00,2026-09-26 12:00:14.453000+00:00,True,True,1,1.0,MEDIUM,32.0,True,PENDING_TIME_INTERVAL_REVIEW,,Finalize after checking temporal overlap with race-control periods
1295,11377,63,32,2026-09-26T12:00:14.410000+00:00,69.98,68.433,42.633,75.0,130.0,True,181.046,"[2064, 2064, 2048, 2048, 2048, 2048, 2048, 2048]","[2048, 2048, 2048, 2048, 2048, 2048, 2048, 2048, 2048, 2048]","[2048, 2048, 2048, 2048, 2048, 2048, 2048, 2048, 2048]",181.0,George RUSSELL,RUS,Mercedes,00D7B6,2026-09-26 12:00:14.410000+00:00,2026-09-26 12:03:15.456000+00:00,True,True,1,2.0,SOFT,0.0,False,PENDING_TIME_INTERVAL_REVIEW,,Finalize after checking temporal overlap with race-control periods
1295,11377,63,33,2026-09-26T12:03:15.514000+00:00,60.133,67.147,40.039,70.0,149.0,False,167.319,"[2048, 2048, 2048, 2048, 2048, 2048, 2048, 2048]","[2048, 2048, 2048, 2048, 2048, 2048, 2048, 2048, 2048, 2048]","[2048, 2048, 2048, 2048, 2048, 2048, 2048, 2048, 2048]",213.0,George RUSSELL,RUS,Mercedes,00D7B6,2026-09-26 12:03:15.514000+00:00,2026-09-26 12:06:02.833000+00:00,True,True,1,2.0,SOFT,1.0,False,PENDING_TIME_INTERVAL_REVIEW,,Finalize after checking temporal overlap with race-control periods
1295,11377,63,34,2026-09-26T12:06:02.868000+00:00,64.481,61.047,39.106,154.0,137.0,False,164.634,"[None, 2048, 2048, 2048, 2048, 2048, 2048, 2048]","[2048, 2048, 2048, 2048, 2048, 2048, 2048, 2048, 2048, 2048]","[2048, 2048, 2048, 2048, 2048, 2048, 2048, 2048, 2048]",221.0,George RUSSELL,RUS,Mercedes,00D7B6,2026-09-26 12:06:02.868000+00:00,2026-09-26 12:08:47.502000+00:00,True,True,1,2.0,SOFT,2.0,False,PENDING_TIME_INTERVAL_REVIEW,,Finalize after checking temporal overlap with race-control periods
1295,11377,63,35,2026-09-26T12:08:47.322000+00:00,53.49,62.156,42.972,137.0,118.0,False,158.618,"[None, 2048, 2048, 2048, 2048, 2048, 2048, 2048]","[2048, 2048, 2048, 2048, 2048, 2048, 2048, 2048, 2048, 2048]","[2048, 2048, 2048, 2048, 2048, 2048, 2048, 2048, 2048]",183.0,George RUSSELL,RUS,Mercedes,00D7B6,2026-09-26 12:08:47.322000+00:00,2026-09-26 12:11:25.940000+00:00,True,True,1,2.0,SOFT,3.0,False,PENDING_TIME_INTERVAL_REVIEW,,Finalize after checking temporal overlap with race-control periods
1295,11377,63,36,2026-09-26T12:11:26.116000+00:00,37.957,49.594,41.448,193.0,131.0,False,128.999,"[None, 2048, 2048, 2049, 2049, 2048, 2048, 2051]","[2048, 2049, 2049, 2048, 2048, 2049, 2048, 2048, 2048, 2048]","[2048, 2048, 2048, 2048, 2048, 2048, 2048, 2064, 2064]",119.0,George RUSSELL,RUS,Mercedes,00D7B6,2026-09-26 12:11:26.116000+00:00,2026-09-26 12:13:35.115000+00:00,True,True,1,2.0,SOFT,4.0,True,PENDING_TIME_INTERVAL_REVIEW,,Finalize after checking temporal overlap with race-control periods
1295,11377,63,37,2026-09-26T12:13:35.180000+00:00,63.316,61.528,39.93,99.0,142.0,True,164.774,"[2064, 2064, 2048, 2048, 2048, 2048, 2048, 2048]","[2048, 2048, 2048, 2048, 2048, 2048, 2048, 2048, 2048, 2048]","[2048, 2048, 2048, 2048, 2048, 2048, 2048, 2048, 2048]",215.0,George RUSSELL,RUS,Mercedes,00D7B6,2026-09-26 12:13:35.180000+00:00,2026-09-26 12:16:19.954000+00:00,True,True,1,3.0,SOFT,0.0,False,PENDING_TIME_INTERVAL_REVIEW,,Finalize after checking temporal overlap with race-control periods
1295,11377,63,38,2026-09-26T12:16:19.922000+00:00,59.141,62.459,39.969,120.0,141.0,False,161.569,"[2048, 2048, 2048, 2048, 2048, 2048, 2048, 2048]","[2048, 2048, 2048, 2048, 2048, 2048, 2048, 2048, 2048, 2048]","[2048, 2048, 2048, 2048, 2048, 2048, 2048, 2049, 2049]",186.0,George RUSSELL,RUS,Mercedes,00D7B6,2026-09-26 12:16:19.922000+00:00,2026-09-26 12:19:01.491000+00:00,True,True,1,3.0,SOFT,1.0,False,PENDING_TIME_INTERVAL_REVIEW,,Finalize after checking temporal overlap with race-control periods
1295,11377,63,39,2026-09-26T12:19:01.502000+00:00,37.835,43.243,25.254,200.0,207.0,False,106.332,"[None, 2048, 2048, 2048, 2049, 2048, 2048, 2048]","[2049, 2048, 2051, 2048, 2051, 2049, 2049, 2049, 2048, 2048]","[2048, 2048, 2049, 2049, 2048, 2049, 2048, 2048, 2048]",327.0,George RUSSELL,RUS,Mercedes,00D7B6,2026-09-26 12:19:01.502000+00:00,2026-09-26 12:20:47.834000+00:00,True,True,1,3.0,SOFT,2.0,False,PENDING_TIME_INTERVAL_REVIEW,,Finalize after checking temporal overlap with race-control periods
1295,11377,63,40,2026-09-26T12:20:47.806000+00:00,37.949,42.852,25.238,205.0,209.0,False,106.039,"[None, 2048, 2048, 2048, 2048, 2048, 2051, 2051]","[2051, 2048, 2051, 2051, 2051, 2051, 2048, 2048, 2051, 2048]","[2048, 2049, 2049, 2048, 2048, 2048, 2048, 2048, 2048]",325.0,George RUSSELL,RUS,Mercedes,00D7B6,2026-09-26 12:20:47.806000+00:00,2026-09-26 12:22:33.845000+00:00,True,True,1,3.0,SOFT,3.0,False,PENDING_TIME_INTERVAL_REVIEW,,Finalize after checking temporal overlap with race-control periods
1295,11377,63,41,2026-09-26T12:22:33.723000+00:00,37.545,42.867,25.208,206.0,211.0,False,105.62,"[None, 2048, 2051, 2048, 2048, 2049, 2051, 2051]","[2048, 2048, 2048, 2051, 2048, 2048, 2048, 2049, 2049, 2048]","[2051, 2048, 2048, 2048, 2049, 2048, 2048, 2048, 2048]",326.0,George RUSSELL,RUS,Mercedes,00D7B6,2026-09-26 12:22:33.723000+00:00,2026-09-26 12:24:19.343000+00:00,True,True,1,3.0,SOFT,4.0,False,PENDING_TIME_INTERVAL_REVIEW,,Finalize after checking temporal overlap with race-control periods
1295,11377,63,42,2026-09-26T12:24:19.432000+00:00,37.418,42.903,25.159,203.0,212.0,False,105.48,"[None, 2051, 2048, 2048, 2048, 2048, 2051, 2051]","[2048, 2049, 2051, 2051, 2051, 2048, 2048, 2048, 2051, 2048]","[2051, 2049, 2049, 2049, 2048, 2048, 2048, 2048, 2048]",325.0,George RUSSELL,RUS,Mercedes,00D7B6,2026-09-26 12:24:19.432000+00:00,2026-09-26 12:26:04.912000+00:00,True,True,1,3.0,SOFT,5.0,False,PENDING_TIME_INTERVAL_REVIEW,,Finalize after checking temporal overlap with race-control periods
1295,11377,63,43,2026-09-26T12:26:04.897000+00:00,37.408,43.067,25.246,205.0,212.0,False,105.721,"[2049, 2048, 2051, 2048, 2048, 2049, 2048, 2051]","[2051, 2048, 2048, 2048, 2048, 2048, 2048, 2049, 2048, 2048]","[2048, 2048, 2048, 2048, 2048, 2048, 2048, 2048, 2048]",324.0,George RUSSELL,RUS,Mercedes,00D7B6,2026-09-26 12:26:04.897000+00:00,2026-09-26 12:27:50.618000+00:00,True,True,1,3.0,SOFT,6.0,False,PENDING_TIME_INTERVAL_REVIEW,,Finalize after checking temporal overlap with race-control periods
1295,11377,63,44,2026-09-26T12:27:50.619000+00:00,37.13,42.863,25.171,203.0,217.0,False,105.164,"[2048, 2048, 2051, 2048, 2048, 2051, 2051, 2051]","[2048, 2048, 2048, 2048, 2048, 2048, 2048, 2048, 2048, 2048]","[2048, 2048, 2048, 2048, 2049, 2048, 2048, 2048]",325.0,George RUSSELL,RUS,Mercedes,00D7B6,2026-09-26 12:27:50.619000+00:00,2026-09-26 12:29:35.783000+00:00,True,True,1,3.0,SOFT,7.0,False,PENDING_TIME_INTERVAL_REVIEW,,Finalize after checking temporal overlap with race-control periods
1295,11377,63,45,2026-09-26T12:29:35.661000+00:00,37.244,42.646,25.165,208.0,217.0,False,105.055,"[None, 2048, 2051, 2048, 2048, 2048, 2048, 2051]","[2048, 2048, 2051, 2051, 2048, 2048, 2048, 2051, 2048, 2049]","[2051, 2048, 2048, 2049, 2048, 2048, 2048, 2048, 2048]",324.0,George RUSSELL,RUS,Mercedes,00D7B6,2026-09-26 12:29:35.661000+00:00,2026-09-26 12:31:20.716000+00:00,True,True,1,3.0,SOFT,8.0,False,PENDING_TIME_INTERVAL_REVIEW,,Finalize after checking temporal overlap with race-control periods
1295,11377,63,46,2026-09-26T12:31:20.934000+00:00,37.253,42.802,25.204,209.0,217.0,False,105.259,"[None, 2048, 2048, 2048, 2048, 2048, 2051, 2048]","[2048, 2048, 2048, 2048, 2051, 2048, 2048, 2048, 2048, 2049]","[2048, 2048, 2048, 2048, 2048, 2048, 2048, 2048, 2048]",324.0,George RUSSELL,RUS,Mercedes,00D7B6,2026-09-26 12:31:20.934000+00:00,2026-09-26 12:33:06.193000+00:00,True,True,1,3.0,SOFT,9.0,False,PENDING_TIME_INTERVAL_REVIEW,,Finalize after checking temporal overlap with race-control periods
1295,11377,63,47,2026-09-26T12:33:06.107000+00:00,37.095,42.663,25.279,,214.0,False,105.037,"[2049, 2048, 2051, 2048, 2048, 2048, 2048, 2051]","[2048, 2049, 2048, 2048, 2048, 2048, 2048, 2048, 2049, 2048]","[2048, 2049, 2048, 2048, 2048, 2048, 2048, 2048, 2048]",321.0,George RUSSELL,RUS,Mercedes,00D7B6,2026-09-26 12:33:06.107000+00:00,2026-09-26 12:34:51.144000+00:00,True,True,1,3.0,SOFT,10.0,False,PENDING_TIME_INTERVAL_REVIEW,,Finalize after checking temporal overlap with race-control periods
1295,11377,63,48,2026-09-26T12:34:51.284000+00:00,37.083,42.693,25.22,205.0,217.0,False,104.996,"[2048, 2051, 2048, 2048, 2048, 2048, 2048, 2048]","[2048, 2048, 2048, 2048, 2048, 2048, 2048, 2051, 2051, 2048]","[2049, 2048, 2048, 2048, 2048, 2048, 2048, 2048, 2048]",322.0,George RUSSELL,RUS,Mercedes,00D7B6,2026-09-26 12:34:51.284000+00:00,2026-09-26 12:36:36.280000+00:00,True,True,1,3.0,SOFT,11.0,False,PENDING_TIME_INTERVAL_REVIEW,,Finalize after checking temporal overlap with race-control periods
1295,11377,63,49,2026-09-26T12:36:36.222000+00:00,37.056,42.656,25.204,207.0,217.0,False,104.916,"[None, 2051, 2048, 2048, 2049, 2048, 2049, 2048]","[2051, 2048, 2048, 2048, 2048, 2048, 2048, 2048, 2048, 2049]","[2048, 2048, 2048, 2048, 2048, 2048, 2048, 2048, 2048]",323.0,George RUSSELL,RUS,Mercedes,00D7B6,2026-09-26 12:36:36.222000+00:00,2026-09-26 12:38:21.138000+00:00,True,True,1,3.0,SOFT,12.0,False,PENDING_TIME_INTERVAL_REVIEW,,Finalize after checking temporal overlap with race-control periods
1295,11377,63,50,2026-09-26T12:38:21.179000+00:00,37.143,42.615,25.247,208.0,215.0,False,105.005,"[None, 2048, 2048, 2048, 2048, 2048, 2051, 2051]","[2048, 2051, 2048, 2051, 2048, 2048, 2048, 2048, 2048, 2048]","[2048, 2049, 2049, 2048, 2048, 2048, 2048, 2048, 2048]",322.0,George RUSSELL,RUS,Mercedes,00D7B6,2026-09-26 12:38:21.179000+00:00,2026-09-26 12:40:06.184000+00:00,True,True,1,3.0,SOFT,13.0,False,PENDING_TIME_INTERVAL_REVIEW,,Finalize after checking temporal overlap with race-control periods
1295,11377,63,51,2026-09-26T12:40:06.236000+00:00,37.324,44.674,25.232,204.0,209.0,False,107.23,"[None, 2048, 2048, 2048, 2048, 2048, 2048, 2048]","[2048, 2048, 2048, 2048, 2048, 2048, 2048, 2048, 2048, 2048]","[2048, 2048, 2049, 2049, 2049, 2048, 2048, 2048, 2048]",317.0,George RUSSELL,RUS,Mercedes,00D7B6,2026-09-26 12:40:06.236000+00:00,2026-09-26 12:41:53.466000+00:00,True,True,1,3.0,SOFT,14.0,False,PENDING_TIME_INTERVAL_REVIEW,,Finalize after checking temporal overlap with race-control periods
1295,11377,87,1,2026-09-26T11:03:50.711000+00:00,48.514,46.804,24.781,167.0,188.0,False,120.099,"[2048, 2049, 2049, 2049, 2049, 2049, 2049, 2049]","[2049, 2049, 2049, 2049, 2049, 2049, 2049, 2049, 2049, 2049]","[2049, 2049, 2049, 2049, 2049, 2051, 2051, 2051, 2051]",348.0,Oliver BEARMAN,BEA,Haas F1 Team,9C9FA2,2026-09-26 11:03:50.711000+00:00,2026-09-26 11:05:50.810000+00:00,True,False,1,1.0,SOFT,0.0,False,PENDING_TIME_INTERVAL_REVIEW,,Finalize after checking temporal overlap with race-control periods
1295,11377,87,2,2026-09-26T11:05:50.810000+00:00,40.536,45.212,25.253,176.0,189.0,False,111.001,"[2049, 2049, 2049, 2049, 2049, 2049, 2049, 2049]","[2049, 2048, 2049, 2049, 2049, 2048, 2048, 2049, 2049, 2049]","[2049, 2049, 2048, 2048, 2048, 2048, 2048, 2048, 2048]",335.0,Oliver BEARMAN,BEA,Haas F1 Team,9C9FA2,2026-09-26 11:05:50.810000+00:00,2026-09-26 11:07:41.811000+00:00,True,False,1,1.0,SOFT,1.0,False,PENDING_TIME_INTERVAL_REVIEW,,Finalize after checking temporal overlap with race-control periods
1295,11377,87,3,2026-09-26T11:07:41.549000+00:00,39.794,45.087,25.099,181.0,197.0,False,109.98,"[2048, 2049, 2049, 2048, 2048, 2049, 2049, 2049]","[2049, 2048, 2048, 2049, 2048, 2048, 2049, 2049, 2049, 2049]","[2049, 2048, 2048, 2049, 2048, 2048, 2048, 2048, 2048]",337.0,Oliver BEARMAN,BEA,Haas F1 Team,9C9FA2,2026-09-26 11:07:41.549000+00:00,2026-09-26 11:09:31.529000+00:00,True,False,1,1.0,SOFT,2.0,False,PENDING_TIME_INTERVAL_REVIEW,,Finalize after checking temporal overlap with race-control periods
1295,11377,87,4,2026-09-26T11:09:31.609000+00:00,39.854,45.037,25.168,184.0,191.0,False,110.059,"[None, 2048, 2048, 2048, 2048, 2049, 2049, 2049]","[2049, 2048, 2048, 2049, 2048, 2048, 2049, 2048, 2048, 2048]","[2048, 2048, 2048, 2049, 2048, 2048, 2048, 2048, 2048]",336.0,Oliver BEARMAN,BEA,Haas F1 Team,9C9FA2,2026-09-26 11:09:31.609000+00:00,2026-09-26 11:11:21.668000+00:00,True,False,1,1.0,SOFT,3.0,False,PENDING_TIME_INTERVAL_REVIEW,,Finalize after checking temporal overlap with race-control periods
1295,11377,87,5,2026-09-26T11:11:21.578000+00:00,39.584,44.698,25.022,182.0,195.0,False,109.304,"[None, 2049, 2049, 2048, 2048, 2049, 2048, 2048]","[2049, 2048, 2049, 2049, 2048, 2049, 2048, 2049, 2049, 2049]","[2048, 2049, 2049, 2049, 2048, 2048, 2048, 2048, 2048]",331.0,Oliver BEARMAN,BEA,Haas F1 Team,9C9FA2,2026-09-26 11:11:21.578000+00:00,2026-09-26 11:13:10.882000+00:00,True,False,1,1.0,SOFT,4.0,False,PENDING_TIME_INTERVAL_REVIEW,,Finalize after checking temporal overlap with race-control periods
1295,11377,87,6,2026-09-26T11:13:11.078000+00:00,39.633,44.732,25.465,189.0,208.0,False,109.83,"[None, 2048, 2049, 2048, 2048, 2048, 2049, 2049]","[2049, 2048, 2048, 2049, 2049, 2048, 2048, 2048, 2048, 2049]","[2049, 2048, 2048, 2048, 2048, 2048, 2048, 2048, 2048]",327.0,Oliver BEARMAN,BEA,Haas F1 Team,9C9FA2,2026-09-26 11:13:11.078000+00:00,2026-09-26 11:15:00.908000+00:00,True,False,1,1.0,SOFT,5.0,False,PENDING_TIME_INTERVAL_REVIEW,,Finalize after checking temporal overlap with race-control periods
1295,11377,87,7,2026-09-26T11:15:00.756000+00:00,39.477,44.551,25.643,,207.0,False,109.671,"[None, 2049, 2049, 2048, 2048, 2049, 2049, 2049]","[2049, 2048, 2048, 2049, 2049, 2048, 2048, 2048, 2049, 2049]","[2048, 2048, 2048, 2048, 2048, 2048, 2048, 2048, 2048]",326.0,Oliver BEARMAN,BEA,Haas F1 Team,9C9FA2,2026-09-26 11:15:00.756000+00:00,2026-09-26 11:16:50.427000+00:00,True,False,1,1.0,SOFT,6.0,False,PENDING_TIME_INTERVAL_REVIEW,,Finalize after checking temporal overlap with race-control periods
1295,11377,87,8,2026-09-26T11:16:50.396000+00:00,39.15,44.487,25.537,,205.0,False,109.174,"[None, 2048, 2048, 2048, 2048, 2049, 2049, 2049]","[2049, 2048, 2049, 2048, 2048, 2048, 2048, 2048, 2048, 2048]","[2048, 2048, 2048, 2048, 2048, 2048, 2048, 2048, 2048]",326.0,Oliver BEARMAN,BEA,Haas F1 Team,9C9FA2,2026-09-26 11:16:50.396000+00:00,2026-09-26 11:18:39.570000+00:00,True,False,1,1.0,SOFT,7.0,False,PENDING_TIME_INTERVAL_REVIEW,,Finalize after checking temporal overlap with race-control periods
1295,11377,87,9,2026-09-26T11:18:39.653000+00:00,38.918,44.967,25.573,193.0,207.0,False,109.458,"[None, 2049, 2049, 2048, 2048, 2048, 2048, 2049]","[2048, 2048, 2048, 2049, 2048, 2048, 2048, 2048, 2048, 2048]","[2048, 2048, 2048, 2048, 2048, 2048, 2048, 2048, 2048]",325.0,Oliver BEARMAN,BEA,Haas F1 Team,9C9FA2,2026-09-26 11:18:39.653000+00:00,2026-09-26 11:20:29.111000+00:00,True,False,1,1.0,SOFT,8.0,False,PENDING_TIME_INTERVAL_REVIEW,,Finalize after checking temporal overlap with race-control periods
1295,11377,87,10,2026-09-26T11:20:29.116000+00:00,39.028,44.737,25.552,192.0,213.0,False,109.317,"[None, 2048, 2048, 2048, 2048, 2049, 2049, 2048]","[2048, 2048, 2048, 2049, 2048, 2048, 2048, 2048, 2048, 2048]","[2048, 2049, 2048, 2048, 2048, 2048, 2048, 2048, 2048]",324.0,Oliver BEARMAN,BEA,Haas F1 Team,9C9FA2,2026-09-26 11:20:29.116000+00:00,2026-09-26 11:22:18.433000+00:00,True,False,1,1.0,SOFT,9.0,False,PENDING_TIME_INTERVAL_REVIEW,,Finalize after checking temporal overlap with race-control periods
1295,11377,87,11,2026-09-26T11:22:18.374000+00:00,39.016,44.696,25.622,193.0,212.0,False,109.334,"[None, 2048, 2048, 2048, 2048, 2048, 2048, 2048]","[2048, 2048, 2048, 2048, 2048, 2048, 2048, 2048, 2048, 2051]","[2048, 2048, 2048, 2048, 2048, 2048, 2048, 2048, 2048]",324.0,Oliver BEARMAN,BEA,Haas F1 Team,9C9FA2,2026-09-26 11:22:18.374000+00:00,2026-09-26 11:24:07.708000+00:00,True,False,1,1.0,SOFT,10.0,False,PENDING_TIME_INTERVAL_REVIEW,,Finalize after checking temporal overlap with race-control periods
1295,11377,87,12,2026-09-26T11:24:07.746000+00:00,38.962,44.489,25.508,192.0,208.0,False,108.959,"[None, 2048, 2048, 2048, 2048, 2048, 2048, 2049]","[2049, 2048, 2049, 2049, 2048, 2048, 2048, 2048, 2049, 2048]","[2048, 2048, 2048, 2048, 2048, 2048, 2048, 2048, 2048]",325.0,Oliver BEARMAN,BEA,Haas F1 Team,9C9FA2,2026-09-26 11:24:07.746000+00:00,2026-09-26 11:25:56.705000+00:00,True,False,1,1.0,SOFT,11.0,False,PENDING_TIME_INTERVAL_REVIEW,,Finalize after checking temporal overlap with race-control periods
1295,11377,87,13,2026-09-26T11:25:56.658000+00:00,38.915,44.669,25.555,189.0,213.0,False,109.139,"[None, 2048, 2048, 2048, 2048, 2048, 2048, 2048]","[2048, 2048, 2048, 2048, 2048, 2048, 2048, 2049, 2048, 2048]","[2048, 2048, 2048, 2048, 2048, 2048, 2048, 2048, 2048]",324.0,Oliver BEARMAN,BEA,Haas F1 Team,9C9FA2,2026-09-26 11:25:56.658000+00:00,2026-09-26 11:27:45.797000+00:00,True,False,1,1.0,SOFT,12.0,False,PENDING_TIME_INTERVAL_REVIEW,,Finalize after checking temporal overlap with race-control periods
1295,11377,87,14,2026-09-26T11:27:45.871000+00:00,38.869,44.522,25.6,196.0,213.0,False,108.991,"[None, 2049, 2048, 2048, 2048, 2049, 2048, 2049]","[2048, 2048, 2048, 2048, 2048, 2048, 2048, 2048, 2048, 2048]","[2048, 2048, 2048, 2048, 2048, 2048, 2048, 2048, 2048]",325.0,Oliver BEARMAN,BEA,Haas F1 Team,9C9FA2,2026-09-26 11:27:45.871000+00:00,2026-09-26 11:29:34.862000+00:00,True,False,1,1.0,SOFT,13.0,False,PENDING_TIME_INTERVAL_REVIEW,,Finalize after checking temporal overlap with race-control periods
1295,11377,87,15,2026-09-26T11:29:34.841000+00:00,38.918,44.429,25.479,194.0,213.0,False,108.826,"[None, 2048, 2048, 2048, 2048, 2048, 2048, 2048]","[2049, 2048, 2049, 2048, 2048, 2048, 2048, 2048, 2048, 2048]","[2049, 2048, 2048, 2048, 2048, 2048, 2048, 2048, 2048]",327.0,Oliver BEARMAN,BEA,Haas F1 Team,9C9FA2,2026-09-26 11:29:34.841000+00:00,2026-09-26 11:31:23.667000+00:00,True,False,1,1.0,SOFT,14.0,False,PENDING_TIME_INTERVAL_REVIEW,,Finalize after checking temporal overlap with race-control periods
1295,11377,87,16,2026-09-26T11:31:23.570000+00:00,39.066,44.443,25.626,195.0,206.0,False,109.135,"[None, 2048, 2048, 2048, 2048, 2048, 2048, 2048]","[2048, 2048, 2048, 2048, 2048, 2048, 2048, 2049, 2049, 2048]","[2048, 2048, 2048, 2048, 2048, 2048, 2048, 2048, 2048]",324.0,Oliver BEARMAN,BEA,Haas F1 Team,9C9FA2,2026-09-26 11:31:23.570000+00:00,2026-09-26 11:33:12.705000+00:00,True,False,1,1.0,SOFT,15.0,False,PENDING_TIME_INTERVAL_REVIEW,,Finalize after checking temporal overlap with race-control periods
1295,11377,87,17,2026-09-26T11:33:12.872000+00:00,39.863,44.736,25.43,189.0,215.0,False,110.029,"[None, 2048, 2048, 2048, 2049, 2048, 2048, 2048]","[2048, 2048, 2048, 2048, 2048, 2048, 2048, 2048, 2048, 2048]","[2048, 2048, 2048, 2048, 2048, 2048, 2048, 2048, 2048]",326.0,Oliver BEARMAN,BEA,Haas F1 Team,9C9FA2,2026-09-26 11:33:12.872000+00:00,2026-09-26 11:35:02.901000+00:00,True,False,1,1.0,SOFT,16.0,False,PENDING_TIME_INTERVAL_REVIEW,,Finalize after checking temporal overlap with race-control periods
1295,11377,87,18,2026-09-26T11:35:02.769000+00:00,38.935,44.591,25.578,195.0,206.0,False,109.104,"[None, 2048, 2048, 2048, 2048, 2048, 2048, 2049]","[2048, 2048, 2048, 2048, 2048, 2048, 2048, 2048, 2048, 2048]","[2048, 2048, 2048, 2048, 2048, 2048, 2048, 2048, 2048]",324.0,Oliver BEARMAN,BEA,Haas F1 Team,9C9FA2,2026-09-26 11:35:02.769000+00:00,2026-09-26 11:36:51.873000+00:00,True,False,1,1.0,SOFT,17.0,False,PENDING_TIME_INTERVAL_REVIEW,,Finalize after checking temporal overlap with race-control periods
1295,11377,87,19,2026-09-26T11:36:51.989000+00:00,38.944,44.338,25.511,196.0,214.0,False,108.793,"[None, 2048, 2048, 2048, 2048, 2048, 2048, 2049]","[2048, 2048, 2048, 2049, 2048, 2048, 2048, 2048, 2048, 2048]","[2048, 2049, 2048, 2048, 2048, 2048, 2048, 2048, 2048]",324.0,Oliver BEARMAN,BEA,Haas F1 Team,9C9FA2,2026-09-26 11:36:51.989000+00:00,2026-09-26 11:38:40.782000+00:00,True,False,1,1.0,SOFT,18.0,False,PENDING_TIME_INTERVAL_REVIEW,,Finalize after checking temporal overlap with race-control periods
1295,11377,87,20,2026-09-26T11:38:40.773000+00:00,38.84,44.333,25.465,194.0,215.0,False,108.638,"[None, 2048, 2048, 2048, 2049, 2048, 2048, 2048]","[2048, 2048, 2048, 2048, 2048, 2048, 2048, 2048, 2048, 2048]","[2049, 2048, 2048, 2048, 2048, 2048, 2048, 2048, 2048]",325.0,Oliver BEARMAN,BEA,Haas F1 Team,9C9FA2,2026-09-26 11:38:40.773000+00:00,2026-09-26 11:40:29.411000+00:00,True,False,1,1.0,SOFT,19.0,False,PENDING_TIME_INTERVAL_REVIEW,,Finalize after checking temporal overlap with race-control periods
1295,11377,87,21,2026-09-26T11:40:29.284000+00:00,38.677,44.447,26.048,198.0,212.0,False,109.172,"[None, 2049, 2048, 2048, 2048, 2049, 2049, 2048]","[2048, 2048, 2048, 2048, 2048, 2048, 2048, 2048, 2048, 2048]","[2048, 2048, 2048, 2048, 2048, 2048, 2048, 2048, 2048]",327.0,Oliver BEARMAN,BEA,Haas F1 Team,9C9FA2,2026-09-26 11:40:29.284000+00:00,2026-09-26 11:42:18.456000+00:00,True,False,1,1.0,SOFT,20.0,False,PENDING_TIME_INTERVAL_REVIEW,,Finalize after checking temporal overlap with race-control periods
1295,11377,87,22,2026-09-26T11:42:18.508000+00:00,38.885,44.605,25.565,196.0,208.0,False,109.055,"[None, 2048, 2048, 2048, 2049, 2048, 2048, 2048]","[2048, 2048, 2048, 2048, 2048, 2048, 2048, 2048, 2048, 2048]","[2048, 2049, 2048, 2048, 2048, 2048, 2048, 2048, 2048]",325.0,Oliver BEARMAN,BEA,Haas F1 Team,9C9FA2,2026-09-26 11:42:18.508000+00:00,2026-09-26 11:44:07.563000+00:00,True,False,1,1.0,SOFT,21.0,False,PENDING_TIME_INTERVAL_REVIEW,,Finalize after checking temporal overlap with race-control periods
1295,11377,87,23,2026-09-26T11:44:07.590000+00:00,38.881,44.503,25.645,198.0,211.0,False,109.029,"[None, 2048, 2048, 2048, 2048, 2048, 2048, 2048]","[2048, 2048, 2048, 2048, 2048, 2048, 2048, 2048, 2048, 2048]","[2048, 2048, 2048, 2048, 2048, 2048, 2048, 2048, 2048]",324.0,Oliver BEARMAN,BEA,Haas F1 Team,9C9FA2,2026-09-26 11:44:07.590000+00:00,2026-09-26 11:45:56.619000+00:00,True,False,1,1.0,SOFT,22.0,False,PENDING_TIME_INTERVAL_REVIEW,,Finalize after checking temporal overlap with race-control periods
1295,11377,87,24,2026-09-26T11:45:56.510000+00:00,38.927,44.59,25.554,,215.0,False,109.071,"[None, 2048, 2048, 2048, 2048, 2048, 2048, 2048]","[2048, 2048, 2048, 2048, 2049, 2048, 2048, 2048, 2048, 2048]","[2048, 2048, 2048, 2048, 2048, 2048, 2048, 2048, 2048]",326.0,Oliver BEARMAN,BEA,Haas F1 Team,9C9FA2,2026-09-26 11:45:56.510000+00:00,2026-09-26 11:47:45.581000+00:00,True,False,1,1.0,SOFT,23.0,False,PENDING_TIME_INTERVAL_REVIEW,,Finalize after checking temporal overlap with race-control periods
1295,11377,87,25,2026-09-26T11:47:45.683000+00:00,38.743,44.412,25.588,192.0,213.0,False,108.743,"[None, 2048, 2048, 2048, 2048, 2049, 2048, 2048]","[2048, 2048, 2048, 2048, 2048, 2048, 2048, 2048, 2049, 2048]","[2048, 2048, 2048, 2048, 2048, 2048, 2048, 2048, 2048]",326.0,Oliver BEARMAN,BEA,Haas F1 Team,9C9FA2,2026-09-26 11:47:45.683000+00:00,2026-09-26 11:49:34.426000+00:00,True,False,1,1.0,SOFT,24.0,False,PENDING_TIME_INTERVAL_REVIEW,,Finalize after checking temporal overlap with race-control periods
1295,11377,87,26,2026-09-26T11:49:34.431000+00:00,38.644,44.244,25.66,197.0,211.0,False,108.548,"[None, 2048, 2048, 2048, 2048, 2049, 2049, 2049]","[2049, 2048, 2048, 2048, 2049, 2048, 2048, 2048, 2049, 2048]","[2048, 2048, 2048, 2048, 2048, 2048, 2048, 2048, 2048]",325.0,Oliver BEARMAN,BEA,Haas F1 Team,9C9FA2,2026-09-26 11:49:34.431000+00:00,2026-09-26 11:51:22.979000+00:00,True,False,1,1.0,SOFT,25.0,False,PENDING_TIME_INTERVAL_REVIEW,,Finalize after checking temporal overlap with race-control periods
1295,11377,87,27,2026-09-26T11:51:22.964000+00:00,38.633,44.435,25.561,196.0,212.0,False,108.629,"[None, 2048, 2048, 2048, 2049, 2048, 2048, 2049]","[2048, 2048, 2048, 2048, 2048, 2048, 2048, 2048, 2048, 2048]","[2048, 2048, 2048, 2048, 2048, 2048, 2048, 2048, 2048]",325.0,Oliver BEARMAN,BEA,Haas F1 Team,9C9FA2,2026-09-26 11:51:22.964000+00:00,2026-09-26 11:53:11.593000+00:00,True,False,1,1.0,SOFT,26.0,False,PENDING_TIME_INTERVAL_REVIEW,,Finalize after checking temporal overlap with race-control periods
1295,11377,87,28,2026-09-26T11:53:11.829000+00:00,,44.487,25.465,199.0,208.0,False,108.585,"[None, 2048, 2048, 2048, 2049, 2048, 2048, 2049]","[2049, 2048, 2048, 2048, 2048, 2048, 2048, 2048, 2048, 2048]","[2048, 2048, 2048, 2048, 2048, 2048, 2048, 2048, 2048]",326.0,Oliver BEARMAN,BEA,Haas F1 Team,9C9FA2,2026-09-26 11:53:11.829000+00:00,2026-09-26 11:55:00.414000+00:00,True,False,1,1.0,SOFT,27.0,False,PENDING_TIME_INTERVAL_REVIEW,,Finalize after checking temporal overlap with race-control periods
1295,11377,87,29,2026-09-26T11:55:00.200000+00:00,38.9,44.543,25.535,193.0,212.0,False,108.978,"[None, 2048, 2048, 2048, 2048, 2048, 2048, 2048]","[2048, 2048, 2048, 2048, 2048, 2048, 2048, 2048, 2048, 2048]","[2048, 2048, 2048, 2048, 2048, 2048, 2048, 2048, 2048]",325.0,Oliver BEARMAN,BEA,Haas F1 Team,9C9FA2,2026-09-26 11:55:00.200000+00:00,2026-09-26 11:56:49.178000+00:00,True,False,1,1.0,SOFT,28.0,False,PENDING_TIME_INTERVAL_REVIEW,,Finalize after checking temporal overlap with race-control periods
1295,11377,87,30,2026-09-26T11:56:49.179000+00:00,38.81,47.508,40.922,198.0,156.0,False,127.24,"[None, 2048, 2048, 2048, 2048, 2048, 2048, 2048]","[2048, 2048, 2048, 2048, 2048, 2048, 2048, 2048, 2048, 2048]","[2048, 2048, 2048, 2048, 2048, 2048, 2048, 2064, 2064]",226.0,Oliver BEARMAN,BEA,Haas F1 Team,9C9FA2,2026-09-26 11:56:49.179000+00:00,2026-09-26 11:58:56.419000+00:00,True,False,1,1.0,SOFT,29.0,True,PENDING_TIME_INTERVAL_REVIEW,,Finalize after checking temporal overlap with race-control periods
1295,11377,87,31,2026-09-26T11:58:56.307000+00:00,68.422,58.451,38.981,97.0,141.0,True,165.854,"[2064, 2064, 2048, 2048, 2048, 2048, 2048, 2048]","[2048, 2048, 2048, 2048, 2048, 2048, 2048, 2048, 2048, 2048]","[2048, 2048, 2048, 2048, 2048, 2048, 2048, 2048, 2048]",201.0,Oliver BEARMAN,BEA,Haas F1 Team,9C9FA2,2026-09-26 11:58:56.307000+00:00,2026-09-26 12:01:42.161000+00:00,True,False,1,2.0,MEDIUM,0.0,False,PENDING_TIME_INTERVAL_REVIEW,,Finalize after checking temporal overlap with race-control periods
1295,11377,87,32,2026-09-26T12:01:42.172000+00:00,43.799,54.341,30.205,119.0,185.0,False,128.345,"[2048, 2048, 2048, 2048, 2048, 2048, 2048, 2048]","[2048, 2048, 2048, 2048, 2048, 2048, 2048, 2048, 2048, 2048]","[2048, 2048, 2048, 2048, 2048, 2048, 2048, 2048, 2048]",256.0,Oliver BEARMAN,BEA,Haas F1 Team,9C9FA2,2026-09-26 12:01:42.172000+00:00,2026-09-26 12:03:50.517000+00:00,True,False,1,2.0,MEDIUM,1.0,False,PENDING_TIME_INTERVAL_REVIEW,,Finalize after checking temporal overlap with race-control periods
1295,11377,87,33,2026-09-26T12:03:50.561000+00:00,43.752,64.446,37.467,94.0,162.0,False,145.665,"[None, 2049, 2048, 2048, 2048, 2048, 2048, 2048]","[2048, 2048, 2048, 2048, 2048, 2048, 2048, 2048, 2048, 2048]","[2048, 2048, 2048, 2048, 2048, 2048, 2048, 2048, 2048]",193.0,Oliver BEARMAN,BEA,Haas F1 Team,9C9FA2,2026-09-26 12:03:50.561000+00:00,2026-09-26 12:06:16.226000+00:00,True,False,1,2.0,MEDIUM,2.0,False,PENDING_TIME_INTERVAL_REVIEW,,Finalize after checking temporal overlap with race-control periods
1295,11377,87,34,2026-09-26T12:06:16.271000+00:00,62.771,63.196,37.862,168.0,173.0,False,163.829,"[None, 2048, 2048, 2048, 2048, 2048, 2048, 2048]","[2048, 2048, 2048, 2048, 2048, 2048, 2048, 2048, 2048, 2048]","[2048, 2048, 2048, 2048, 2048, 2048, 2048, 2048, 2048]",225.0,Oliver BEARMAN,BEA,Haas F1 Team,9C9FA2,2026-09-26 12:06:16.271000+00:00,2026-09-26 12:09:00.100000+00:00,True,False,1,2.0,MEDIUM,3.0,False,PENDING_TIME_INTERVAL_REVIEW,,Finalize after checking temporal overlap with race-control periods
1295,11377,87,35,2026-09-26T12:09:00.076000+00:00,51.397,62.404,33.867,156.0,121.0,False,147.668,"[None, 2048, 2048, 2048, 2048, 2048, 2048, 2048]","[2048, 2048, 2048, 2048, 2048, 2048, 2048, 2048, 2048, 2048]","[2048, 2048, 2048, 2048, 2048, 2048, 2048, 2048, 2048]",237.0,Oliver BEARMAN,BEA,Haas F1 Team,9C9FA2,2026-09-26 12:09:00.076000+00:00,2026-09-26 12:11:27.744000+00:00,True,False,1,2.0,MEDIUM,4.0,False,PENDING_TIME_INTERVAL_REVIEW,,Finalize after checking temporal overlap with race-control periods
1295,11377,87,36,2026-09-26T12:11:27.836000+00:00,43.292,55.828,43.059,146.0,115.0,False,142.179,"[None, 2048, 2048, 2049, 2048, 2048, 2048, 2048]","[2048, 2048, 2048, 2048, 2048, 2048, 2048, 2048, 2048, 2048]","[2048, 2048, 2048, 2048, 2048, 2048, 2048, 2064, 2064]",209.0,Oliver BEARMAN,BEA,Haas F1 Team,9C9FA2,2026-09-26 12:11:27.836000+00:00,2026-09-26 12:13:50.015000+00:00,True,False,1,2.0,MEDIUM,5.0,True,PENDING_TIME_INTERVAL_REVIEW,,Finalize after checking temporal overlap with race-control periods
1295,11377,87,37,2026-09-26T12:13:49.858000+00:00,61.616,60.725,39.96,85.0,149.0,True,162.301,"[2064, 2064, 2048, 2048, 2048, 2048, 2048, 2048]","[2048, 2048, 2048, 2048, 2048, 2048, 2048, 2048, 2048, 2048]","[2048, 2048, 2048, 2048, 2048, 2048, 2048, 2048, 2048]",221.0,Oliver BEARMAN,BEA,Haas F1 Team,9C9FA2,2026-09-26 12:13:49.858000+00:00,2026-09-26 12:16:32.159000+00:00,True,False,1,3.0,MEDIUM,6.0,False,PENDING_TIME_INTERVAL_REVIEW,,Finalize after checking temporal overlap with race-control periods
1295,11377,87,38,2026-09-26T12:16:32.304000+00:00,54.579,63.828,33.503,151.0,141.0,False,151.91,"[2048, 2048, 2048, 2048, 2048, 2048, 2048, 2048]","[2048, 2048, 2048, 2048, 2048, 2048, 2048, 2048, 2048, 2048]","[2048, 2048, 2048, 2048, 2048, 2048, 2048, 2048, 2049]",234.0,Oliver BEARMAN,BEA,Haas F1 Team,9C9FA2,2026-09-26 12:16:32.304000+00:00,2026-09-26 12:19:04.214000+00:00,True,False,1,3.0,MEDIUM,7.0,False,PENDING_TIME_INTERVAL_REVIEW,,Finalize after checking temporal overlap with race-control periods
1295,11377,87,39,2026-09-26T12:19:04.195000+00:00,39.867,44.631,24.922,191.0,197.0,False,109.42,"[None, 2048, 2048, 2049, 2048, 2048, 2048, 2048]","[2048, 2049, 2048, 2048, 2048, 2048, 2048, 2048, 2048, 2048]","[2048, 2049, 2049, 2048, 2048, 2048, 2048, 2048, 2048]",337.0,Oliver BEARMAN,BEA,Haas F1 Team,9C9FA2,2026-09-26 12:19:04.195000+00:00,2026-09-26 12:20:53.615000+00:00,True,False,1,3.0,MEDIUM,8.0,False,PENDING_TIME_INTERVAL_REVIEW,,Finalize after checking temporal overlap with race-control periods
1295,11377,87,40,2026-09-26T12:20:53.739000+00:00,39.257,44.23,24.966,,208.0,False,108.453,"[None, 2048, 2048, 2048, 2048, 2048, 2048, 2049]","[2048, 2048, 2048, 2048, 2048, 2048, 2048, 2049, 2048, 2049]","[2048, 2049, 2049, 2048, 2048, 2048, 2048, 2048, 2048]",338.0,Oliver BEARMAN,BEA,Haas F1 Team,9C9FA2,2026-09-26 12:20:53.739000+00:00,2026-09-26 12:22:42.192000+00:00,True,False,1,3.0,MEDIUM,9.0,False,PENDING_TIME_INTERVAL_REVIEW,,Finalize after checking temporal overlap with race-control periods
1295,11377,87,41,2026-09-26T12:22:41.991000+00:00,38.816,43.991,24.977,190.0,208.0,False,107.784,"[None, 2048, 2048, 2048, 2048, 2048, 2048, 2048]","[2048, 2049, 2049, 2048, 2048, 2049, 2048, 2048, 2049, 2048]","[2048, 2049, 2049, 2048, 2048, 2048, 2048, 2048, 2048]",336.0,Oliver BEARMAN,BEA,Haas F1 Team,9C9FA2,2026-09-26 12:22:41.991000+00:00,2026-09-26 12:24:29.775000+00:00,True,False,1,3.0,MEDIUM,10.0,False,PENDING_TIME_INTERVAL_REVIEW,,Finalize after checking temporal overlap with race-control periods
1295,11377,87,42,2026-09-26T12:24:29.735000+00:00,38.581,44.011,24.924,195.0,212.0,False,107.516,"[None, 2048, 2048, 2048, 2049, 2048, 2048, 2049]","[2048, 2049, 2048, 2048, 2048, 2049, 2048, 2048, 2048, 2049]","[2048, 2049, 2048, 2048, 2048, 2048, 2048, 2048, 2048]",336.0,Oliver BEARMAN,BEA,Haas F1 Team,9C9FA2,2026-09-26 12:24:29.735000+00:00,2026-09-26 12:26:17.251000+00:00,True,False,1,3.0,MEDIUM,11.0,False,PENDING_TIME_INTERVAL_REVIEW,,Finalize after checking temporal overlap with race-control periods
1295,11377,87,43,2026-09-26T12:26:17.288000+00:00,38.602,43.912,24.95,192.0,210.0,False,107.464,"[None, 2048, 2048, 2048, 2048, 2048, 2048, 2048]","[2048, 2049, 2048, 2048, 2048, 2048, 2048, 2048, 2048, 2048]","[2048, 2049, 2049, 2048, 2048, 2048, 2048, 2048, 2048]",333.0,Oliver BEARMAN,BEA,Haas F1 Team,9C9FA2,2026-09-26 12:26:17.288000+00:00,2026-09-26 12:28:04.752000+00:00,True,False,1,3.0,MEDIUM,12.0,False,PENDING_TIME_INTERVAL_REVIEW,,Finalize after checking temporal overlap with race-control periods
1295,11377,87,44,2026-09-26T12:28:04.770000+00:00,38.275,43.801,24.963,,205.0,False,107.039,"[None, 2049, 2048, 2048, 2048, 2048, 2048, 2049]","[2048, 2048, 2049, 2048, 2048, 2049, 2048, 2049, 2049, 2048]","[2048, 2049, 2049, 2048, 2048, 2048, 2048, 2048, 2048]",333.0,Oliver BEARMAN,BEA,Haas F1 Team,9C9FA2,2026-09-26 12:28:04.770000+00:00,2026-09-26 12:29:51.809000+00:00,True,False,1,3.0,MEDIUM,13.0,False,PENDING_TIME_INTERVAL_REVIEW,,Finalize after checking temporal overlap with race-control periods
1295,11377,87,45,2026-09-26T12:29:51.836000+00:00,38.351,43.697,24.93,200.0,211.0,False,106.978,"[None, 2049, 2049, 2048, 2048, 2048, 2048, 2049]","[2048, 2048, 2048, 2048, 2049, 2049, 2048, 2048, 2048, 2048]","[2048, 2048, 2049, 2048, 2048, 2048, 2048, 2048, 2048]",336.0,Oliver BEARMAN,BEA,Haas F1 Team,9C9FA2,2026-09-26 12:29:51.836000+00:00,2026-09-26 12:31:38.814000+00:00,True,False,1,3.0,MEDIUM,14.0,False,PENDING_TIME_INTERVAL_REVIEW,,Finalize after checking temporal overlap with race-control periods
1295,11377,87,46,2026-09-26T12:31:38.912000+00:00,38.391,43.917,24.917,194.0,215.0,False,107.225,"[None, 2048, 2048, 2048, 2048, 2048, 2048, 2048]","[2048, 2048, 2048, 2048, 2048, 2048, 2048, 2048, 2048, 2048]","[2048, 2048, 2048, 2048, 2048, 2048, 2048, 2048, 2048]",336.0,Oliver BEARMAN,BEA,Haas F1 Team,9C9FA2,2026-09-26 12:31:38.912000+00:00,2026-09-26 12:33:26.137000+00:00,True,False,1,3.0,MEDIUM,15.0,False,PENDING_TIME_INTERVAL_REVIEW,,Finalize after checking temporal overlap with race-control periods
1295,11377,87,47,2026-09-26T12:33:26.026000+00:00,38.729,43.924,24.999,192.0,212.0,False,107.652,"[None, 2048, 2048, 2048, 2049, 2048, 2048, 2048]","[2048, 2048, 2048, 2048, 2048, 2048, 2048, 2048, 2048, 2048]","[2048, 2048, 2048, 2048, 2048, 2048, 2048, 2048, 2048]",335.0,Oliver BEARMAN,BEA,Haas F1 Team,9C9FA2,2026-09-26 12:33:26.026000+00:00,2026-09-26 12:35:13.678000+00:00,True,False,1,3.0,MEDIUM,16.0,False,PENDING_TIME_INTERVAL_REVIEW,,Finalize after checking temporal overlap with race-control periods
1295,11377,87,48,2026-09-26T12:35:13.784000+00:00,39.548,44.159,24.958,205.0,207.0,False,108.665,"[None, 2048, 2048, 2048, 2048, 2048, 2048, 2048]","[2048, 2048, 2048, 2048, 2048, 2048, 2049, 2048, 2048, 2048]","[2048, 2048, 2048, 2048, 2048, 2048, 2048, 2048, 2048]",337.0,Oliver BEARMAN,BEA,Haas F1 Team,9C9FA2,2026-09-26 12:35:13.784000+00:00,2026-09-26 12:37:02.449000+00:00,True,False,1,3.0,MEDIUM,17.0,False,PENDING_TIME_INTERVAL_REVIEW,,Finalize after checking temporal overlap with race-control periods
1295,11377,87,49,2026-09-26T12:37:02.307000+00:00,38.358,43.916,24.981,203.0,206.0,False,107.255,"[None, 2048, 2049, 2048, 2048, 2048, 2048, 2049]","[2048, 2048, 2048, 2048, 2048, 2048, 2048, 2048, 2048, 2048]","[2048, 2048, 2048, 2048, 2048, 2048, 2048, 2048, 2048]",336.0,Oliver BEARMAN,BEA,Haas F1 Team,9C9FA2,2026-09-26 12:37:02.307000+00:00,2026-09-26 12:38:49.562000+00:00,True,False,1,3.0,MEDIUM,18.0,False,PENDING_TIME_INTERVAL_REVIEW,,Finalize after checking temporal overlap with race-control periods
1295,11377,87,50,2026-09-26T12:38:49.586000+00:00,38.33,44.054,24.859,196.0,207.0,False,107.243,"[None, 2049, 2048, 2048, 2048, 2048, 2048, 2048]","[2048, 2048, 2048, 2048, 2048, 2048, 2049, 2048, 2048, 2048]","[2048, 2048, 2048, 2048, 2049, 2048, 2048, 2048, 2048]",340.0,Oliver BEARMAN,BEA,Haas F1 Team,9C9FA2,2026-09-26 12:38:49.586000+00:00,2026-09-26 12:40:36.829000+00:00,True,False,1,3.0,MEDIUM,19.0,False,PENDING_TIME_INTERVAL_REVIEW,,Finalize after checking temporal overlap with race-control periods
1295,11377,87,51,2026-09-26T12:40:36.810000+00:00,38.476,44.971,24.913,198.0,194.0,False,108.36,"[None, 2049, 2048, 2048, 2048, 2048, 2048, 2048]","[2048, 2048, 2048, 2048, 2048, 2049, 2051, 2048, 2048, 2048]","[2048, 2048, 2049, 2049, 2049, 2048, 2048, 2048, 2048]",334.0,Oliver BEARMAN,BEA,Haas F1 Team,9C9FA2,2026-09-26 12:40:36.810000+00:00,2026-09-26 12:42:25.170000+00:00,True,False,1,3.0,MEDIUM,20.0,False,PENDING_TIME_INTERVAL_REVIEW,,Finalize after checking temporal overlap with race-control periods
