date,home_team,away_team,home_score,away_score,tournament,city,country,neutral,result,goal_diff_home,fotmob_match_id,fotmob_date_query,fotmob_league_id,fotmob_league,fotmob_home_team,fotmob_home_long,fotmob_home_score,fotmob_away_team,fotmob_away_long,fotmob_away_score,fotmob_status,fotmob_utc_time,match_score,match_reversed,fotmob_match_status
2023-01-06,Iraq,Oman,0,0,Gulf Cup,Basra,Iraq,False,draw,0,4057048.0,20230107,881852.0,Gulf Cup Grp. A,Iraq,Iraq,0.0,Oman,Oman,0.0,FT,2023-01-06T16:00:00.000Z,1.08,False,matched
2023-01-06,Yemen,Saudi Arabia,0,2,Gulf Cup,Basra,Iraq,True,away_win,-2,4057059.0,20230107,881852.0,Gulf Cup Grp. A,Yemen,Yemen,0.0,Saudi Arabia,Saudi Arabia,2.0,FT,2023-01-06T18:45:00.000Z,1.08,False,matched
2023-01-07,Kuwait,Qatar,0,2,Gulf Cup,Basra,Iraq,True,away_win,-2,4057057.0,20230108,881853.0,Gulf Cup Grp. B,Kuwait,Kuwait,0.0,Qatar,Qatar,2.0,FT,2023-01-07T16:15:00.000Z,1.08,False,matched
2023-01-09,Sweden,Finland,2,0,Friendly,Faro-Loulé,Portugal,True,home_win,2,4071359.0,20230110,882729.0,Friendlies,Sweden,Sweden,2.0,Finland,Finland,0.0,FT,2023-01-09T18:45:00.000Z,1.08,False,matched
2023-01-09,Iraq,Saudi Arabia,2,0,Gulf Cup,Basra,Iraq,False,home_win,2,4057055.0,20230110,881852.0,Gulf Cup Grp. A,Saudi Arabia,Saudi Arabia,0.0,Iraq,Iraq,2.0,FT,2023-01-09T16:15:00.000Z,1.08,True,matched
2023-01-10,Qatar,Bahrain,1,2,Gulf Cup,Basra,Iraq,True,away_win,-1,4057054.0,20230111,881853.0,Gulf Cup Grp. B,Qatar,Qatar,1.0,Bahrain,Bahrain,2.0,FT,2023-01-10T16:15:00.000Z,1.08,False,matched
2023-01-12,Sweden,Iceland,2,1,Friendly,Faro-Loulé,Portugal,True,home_win,1,4071361.0,20230113,882729.0,Friendlies,Sweden,Sweden,2.0,Iceland,Iceland,1.0,FT,2023-01-12T18:00:00.000Z,1.08,False,matched
2023-01-12,Iraq,Yemen,5,0,Gulf Cup,Basra,Iraq,False,home_win,5,4057052.0,20230113,881852.0,Gulf Cup Grp. A,Iraq,Iraq,5.0,Yemen,Yemen,0.0,FT,2023-01-12T15:00:00.000Z,1.08,False,matched
2023-01-12,Saudi Arabia,Oman,1,2,Gulf Cup,Basra,Iraq,True,away_win,-1,4057051.0,20230113,881852.0,Gulf Cup Grp. A,Saudi Arabia,Saudi Arabia,1.0,Oman,Oman,2.0,FT,2023-01-12T15:00:00.000Z,1.08,False,matched
2023-01-13,Qatar,United Arab Emirates,1,1,Gulf Cup,Basra,Iraq,True,draw,0,,,,,,,,,,,,,,,not_matched
2023-01-16,Iraq,Qatar,2,1,Gulf Cup,Basra,Iraq,False,home_win,1,4095839.0,20230116,883540.0,Gulf Cup Final Stage,Iraq,Iraq,2.0,Qatar,Qatar,1.0,FT,2023-01-16T13:15:00.000Z,1.08,False,matched
2023-01-19,Iraq,Oman,3,2,Gulf Cup,Basra,Iraq,False,home_win,1,4095841.0,20230120,883540.0,Gulf Cup Final Stage,Iraq,Iraq,3.0,Oman,Oman,2.0,AET,2023-01-19T16:00:00.000Z,1.08,False,matched
2023-01-25,United States,Serbia,1,2,Friendly,Los Angeles,United States,False,away_win,-1,4086209.0,20230126,882729.0,Friendlies,USA,USA,1.0,Serbia,Serbia,2.0,FT,2023-01-26T03:05:00.000Z,1.08,False,matched
2023-01-28,United States,Colombia,0,0,Friendly,Carson,United States,False,draw,0,4086210.0,20230129,882729.0,Friendlies,USA,USA,0.0,Colombia,Colombia,0.0,FT,2023-01-29T00:40:00.000Z,1.08,False,matched
2023-03-12,Guatemala,Panama,1,1,Friendly,San Jose,United States,True,draw,0,4118863.0,20230313,882729.0,Friendlies,Guatemala,Guatemala,1.0,Panama,Panama,1.0,FT,2023-03-13T00:00:00.000Z,1.08,False,matched
2023-03-23,Argentina,Panama,2,0,Friendly,Buenos Aires,Argentina,False,home_win,2,4132094.0,20230324,882729.0,Friendlies,Argentina,Argentina,2.0,Panama,Panama,0.0,FT,2023-03-23T23:35:00.000Z,1.08,False,matched
2023-03-23,Iran,Russia,1,1,Friendly,Tehran,Iran,False,draw,0,4130081.0,20230324,882729.0,Friendlies,Iran,Iran,1.0,Russia,Russia,1.0,FT,2023-03-23T17:00:00.000Z,1.08,False,matched
2023-03-23,New Zealand,China,0,0,Friendly,Auckland,New Zealand,False,draw,0,4115349.0,20230323,882729.0,Friendlies,New Zealand,New Zealand,0.0,China,China,0.0,FT,2023-03-23T06:00:00.000Z,1.08,False,matched
2023-03-23,Ghana,Angola,1,0,African Cup of Nations qualification,Kumasi,Ghana,False,home_win,1,3876850.0,20230324,878892.0,Africa Cup of Nations Qualification Grp. E,Ghana,Ghana,1.0,Angola,Angola,0.0,FT,2023-03-23T16:00:00.000Z,1.08,False,matched
2023-03-23,Algeria,Niger,2,1,African Cup of Nations qualification,Algiers,Algeria,False,home_win,1,3876858.0,20230324,878893.0,Africa Cup of Nations Qualification Grp. F,Algeria,Algeria,2.0,Niger,Niger,1.0,FT,2023-03-23T21:00:00.000Z,1.08,False,matched
2023-03-23,Italy,England,1,2,UEFA Euro qualification,Napoli,Italy,False,away_win,-1,4044678.0,20230324,881524.0,EURO Qualification Grp. C,Italy,Italy,1.0,England,England,2.0,FT,2023-03-23T19:45:00.000Z,1.08,False,matched
2023-03-23,Portugal,Liechtenstein,4,0,UEFA Euro qualification,Lisbon,Portugal,False,home_win,4,4044578.0,20230324,881531.0,EURO Qualification Grp. J,Portugal,Portugal,4.0,Liechtenstein,Liechtenstein,0.0,FT,2023-03-23T19:45:00.000Z,1.08,False,matched
2023-03-23,Bosnia and Herzegovina,Iceland,3,0,UEFA Euro qualification,Zenica,Bosnia and Herzegovina,False,home_win,3,4044579.0,20230324,881531.0,EURO Qualification Grp. J,Bosnia and Herzegovina,Bosnia and Herzegovina,3.0,Iceland,Iceland,0.0,FT,2023-03-23T19:45:00.000Z,1.08,False,matched
2023-03-23,Suriname,Mexico,0,2,CONCACAF Nations League,Paramaribo,Suriname,False,away_win,-2,3859898.0,20230324,878603.0,CONCACAF Nations League A Grp. 1,Suriname,Suriname,0.0,Mexico,Mexico,2.0,FT,2023-03-24T00:00:00.000Z,1.08,False,matched
2023-03-24,Australia,Ecuador,3,1,Friendly,Sydney,Australia,False,home_win,2,4132639.0,20230324,882729.0,Friendlies,Australia,Australia,3.0,Ecuador,Ecuador,1.0,FT,2023-03-24T09:10:00.000Z,1.08,False,matched
2023-03-24,Japan,Uruguay,1,1,Friendly,Tokyo,Japan,False,draw,0,4127124.0,20230324,882729.0,Friendlies,Japan,Japan,1.0,Uruguay,Uruguay,1.0,FT,2023-03-24T10:35:00.000Z,1.08,False,matched
2023-03-24,South Korea,Colombia,2,2,Friendly,Ulsan,South Korea,False,draw,0,4118861.0,20230324,882729.0,Friendlies,South Korea,South Korea,2.0,Colombia,Colombia,2.0,FT,2023-03-24T11:20:00.000Z,1.08,False,matched
2023-03-24,Saudi Arabia,Venezuela,1,2,Friendly,Jeddah,Saudi Arabia,False,away_win,-1,4132636.0,20230325,882729.0,Friendlies,Saudi Arabia,Saudi Arabia,1.0,Venezuela,Venezuela,2.0,FT,2023-03-24T19:00:00.000Z,1.08,False,matched
2023-03-24,Uzbekistan,Bolivia,1,0,Friendly,Jeddah,Saudi Arabia,True,home_win,1,4143138.0,20230325,882729.0,Friendlies,Uzbekistan,Uzbekistan,1.0,Bolivia,Bolivia,0.0,FT,2023-03-24T18:00:00.000Z,1.08,False,matched
2023-03-24,Cape Verde,Eswatini,0,0,African Cup of Nations qualification,Praia,Cape Verde,False,draw,0,3876815.0,20230325,878889.0,Africa Cup of Nations Qualification Grp. B,Cape Verde,Cape Verde,0.0,Eswatini,Eswatini,0.0,FT,2023-03-24T16:00:00.000Z,1.08,False,matched
2023-03-24,Egypt,Malawi,2,0,African Cup of Nations qualification,Cairo,Egypt,False,home_win,2,3876829.0,20230325,878891.0,Africa Cup of Nations Qualification Grp. D,Egypt,Egypt,2.0,Malawi,Malawi,0.0,FT,2023-03-24T19:00:00.000Z,1.08,False,matched
2023-03-24,Ivory Coast,Comoros,3,1,African Cup of Nations qualification,Bouaké,Ivory Coast,False,home_win,2,3876873.0,20230325,878895.0,Africa Cup of Nations Qualification Grp. H,Ivory Coast,Ivory Coast,3.0,Comoros,Comoros,1.0,FT,2023-03-24T16:00:00.000Z,1.08,False,matched
2023-03-24,DR Congo,Mauritania,3,1,African Cup of Nations qualification,Douala,Cameroon,True,home_win,2,3876871.0,20230324,878896.0,Africa Cup of Nations Qualification Grp. I,DR Congo,DR Congo,3.0,Mauritania,Mauritania,1.0,FT,2023-03-24T13:00:00.000Z,1.08,False,matched
2023-03-24,Tunisia,Libya,3,0,African Cup of Nations qualification,Radès,Tunisia,False,home_win,3,3876867.0,20230325,878897.0,Africa Cup of Nations Qualification Grp. J,Tunisia,Tunisia,3.0,Libya,Libya,0.0,FT,2023-03-24T20:30:00.000Z,1.08,False,matched
2023-03-24,South Africa,Liberia,2,2,African Cup of Nations qualification,Johannesburg,South Africa,False,draw,0,3876884.0,20230325,878898.0,Africa Cup of Nations Qualification Grp. K,South Africa,South Africa,2.0,Liberia,Liberia,2.0,FT,2023-03-24T16:00:00.000Z,1.08,False,matched
2023-03-24,Senegal,Mozambique,5,1,African Cup of Nations qualification,Diamniadio,Senegal,False,home_win,4,3876894.0,20230325,878899.0,Africa Cup of Nations Qualification Grp. L,Senegal,Senegal,5.0,Mozambique,Mozambique,1.0,FT,2023-03-24T19:00:00.000Z,1.08,False,matched
2023-03-24,France,Netherlands,4,0,UEFA Euro qualification,Paris,France,False,home_win,4,4044666.0,20230325,881523.0,EURO Qualification Grp. B,France,France,4.0,Netherlands,Netherlands,0.0,FT,2023-03-24T19:45:00.000Z,1.08,False,matched
2023-03-24,Czech Republic,Poland,3,1,UEFA Euro qualification,Prague,Czech Republic,False,home_win,2,4044718.0,20230325,881526.0,EURO Qualification Grp. E,Czechia,Czechia,3.0,Poland,Poland,1.0,FT,2023-03-24T19:45:00.000Z,1.08,False,matched
2023-03-24,Austria,Azerbaijan,4,1,UEFA Euro qualification,Pasching,Austria,False,home_win,3,4044759.0,20230325,881527.0,EURO Qualification Grp. F,Austria,Austria,4.0,Azerbaijan,Azerbaijan,1.0,FT,2023-03-24T19:45:00.000Z,1.08,False,matched
2023-03-24,Sweden,Belgium,0,3,UEFA Euro qualification,Stockholm,Sweden,False,away_win,-3,4044758.0,20230325,881527.0,EURO Qualification Grp. F,Sweden,Sweden,0.0,Belgium,Belgium,3.0,FT,2023-03-24T19:45:00.000Z,1.08,False,matched
2023-03-24,Grenada,United States,1,7,CONCACAF Nations League,St. George's,Grenada,False,away_win,-6,3859879.0,20230325,878606.0,CONCACAF Nations League A Grp. 4,Grenada,Grenada,1.0,USA,USA,7.0,FT,2023-03-25T00:00:00.000Z,1.08,False,matched
2023-03-25,Germany,Peru,2,0,Friendly,Mainz,Germany,False,home_win,2,4111681.0,20230326,882729.0,Friendlies,Germany,Germany,2.0,Peru,Peru,0.0,FT,2023-03-25T19:45:00.000Z,1.08,False,matched
2023-03-25,Morocco,Brazil,2,1,Friendly,Tangier,Morocco,False,home_win,1,4123223.0,20230326,882729.0,Friendlies,Morocco,Morocco,2.0,Brazil,Brazil,1.0,FT,2023-03-25T22:05:00.000Z,1.08,False,matched
2023-03-25,Scotland,Cyprus,3,0,UEFA Euro qualification,Glasgow,Scotland,False,home_win,3,4044557.0,20230325,881522.0,EURO Qualification Grp. A,Scotland,Scotland,3.0,Cyprus,Cyprus,0.0,FT,2023-03-25T14:00:00.000Z,1.08,False,matched
2023-03-25,Spain,Norway,3,0,UEFA Euro qualification,Málaga,Spain,False,home_win,3,4044565.0,20230326,881522.0,EURO Qualification Grp. A,Spain,Spain,3.0,Norway,Norway,0.0,FT,2023-03-25T19:45:00.000Z,1.08,False,matched
2023-03-25,Croatia,Wales,1,1,UEFA Euro qualification,Split,Croatia,False,draw,0,4044699.0,20230326,881525.0,EURO Qualification Grp. D,Croatia,Croatia,1.0,Wales,Wales,1.0,FT,2023-03-25T19:50:00.000Z,1.08,False,matched
2023-03-25,Armenia,Turkey,1,2,UEFA Euro qualification,Yerevan,Armenia,False,away_win,-1,4044698.0,20230326,881525.0,EURO Qualification Grp. D,Armenia,Armenia,1.0,Turkiye,Turkiye,2.0,FT,2023-03-25T17:00:00.000Z,1.08,False,matched
2023-03-25,Belarus,Switzerland,0,5,UEFA Euro qualification,Novi Sad,Serbia,True,away_win,-5,4044634.0,20230326,881530.0,EURO Qualification Grp. I,Belarus,Belarus,0.0,Switzerland,Switzerland,5.0,FT,2023-03-25T17:00:00.000Z,1.08,False,matched
2023-03-25,Curaçao,Canada,0,2,CONCACAF Nations League,Willemstad,Curaçao,False,away_win,-2,3859904.0,20230326,878605.0,CONCACAF Nations League A Grp. 3,Curacao,Curacao,0.0,Canada,Canada,2.0,FT,2023-03-26T01:00:00.000Z,1.08,False,matched
2023-03-25,Montserrat,Haiti,0,4,CONCACAF Nations League,Lookout,Montserrat,False,away_win,-4,3859912.0,20230326,878608.0,CONCACAF Nations League B Grp. 2,Montserrat,Montserrat,0.0,Haiti,Haiti,4.0,FT,2023-03-25T21:00:00.000Z,1.08,False,matched
2023-03-26,New Zealand,China,2,1,Friendly,Wellington,New Zealand,False,home_win,1,4115350.0,20230326,882729.0,Friendlies,New Zealand,New Zealand,2.0,China,China,1.0,FT,2023-03-26T03:00:00.000Z,1.08,False,matched
2023-03-26,Russia,Iraq,2,0,Friendly,Saint Petersburg,Russia,False,home_win,2,4136696.0,20230327,882729.0,Friendlies,Russia,Russia,2.0,Iraq,Iraq,0.0,FT,2023-03-26T15:05:00.000Z,1.08,False,matched
2023-03-26,England,Ukraine,2,0,UEFA Euro qualification,London,England,False,home_win,2,4044680.0,20230327,881524.0,EURO Qualification Grp. C,England,England,2.0,Ukraine,Ukraine,0.0,FT,2023-03-26T16:00:00.000Z,1.08,False,matched
2023-03-26,Luxembourg,Portugal,0,6,UEFA Euro qualification,Luxembourg,Luxembourg,False,away_win,-6,4044582.0,20230327,881531.0,EURO Qualification Grp. J,Luxembourg,Luxembourg,0.0,Portugal,Portugal,6.0,FT,2023-03-26T18:45:00.000Z,1.08,False,matched
2023-03-26,Slovakia,Bosnia and Herzegovina,2,0,UEFA Euro qualification,Bratislava,Slovakia,False,home_win,2,4044581.0,20230327,881531.0,EURO Qualification Grp. J,Slovakia,Slovakia,2.0,Bosnia and Herzegovina,Bosnia and Herzegovina,0.0,FT,2023-03-26T18:45:00.000Z,1.08,False,matched
2023-03-26,Mexico,Jamaica,2,2,CONCACAF Nations League,Mexico City,Mexico,False,draw,0,3859899.0,20230327,878603.0,CONCACAF Nations League A Grp. 1,Mexico,Mexico,2.0,Jamaica,Jamaica,2.0,FT,2023-03-27T00:00:00.000Z,1.08,False,matched
2023-03-27,Chile,Paraguay,3,2,Friendly,Santiago,Chile,False,home_win,1,4132638.0,20230328,882729.0,Friendlies,Chile,Chile,3.0,Paraguay,Paraguay,2.0,FT,2023-03-28T00:40:00.000Z,1.08,False,matched
2023-03-27,Angola,Ghana,1,1,African Cup of Nations qualification,Luanda,Angola,False,draw,0,3876853.0,20230328,878892.0,Africa Cup of Nations Qualification Grp. E,Angola,Angola,1.0,Ghana,Ghana,1.0,FT,2023-03-27T16:00:00.000Z,1.08,False,matched
2023-03-27,Niger,Algeria,0,1,African Cup of Nations qualification,Radès,Tunisia,True,away_win,-1,3876837.0,20230328,878893.0,Africa Cup of Nations Qualification Grp. F,Niger,Niger,0.0,Algeria,Algeria,1.0,FT,2023-03-27T16:00:00.000Z,1.08,False,matched
2023-03-27,Republic of Ireland,France,0,1,UEFA Euro qualification,Dublin,Republic of Ireland,False,away_win,-1,4044668.0,20230328,881523.0,EURO Qualification Grp. B,Ireland,Ireland,0.0,France,France,1.0,FT,2023-03-27T18:45:00.000Z,1.04,False,matched
2023-03-27,Netherlands,Gibraltar,3,0,UEFA Euro qualification,Rotterdam,Netherlands,False,home_win,3,4044667.0,20230328,881523.0,EURO Qualification Grp. B,Netherlands,Netherlands,3.0,Gibraltar,Gibraltar,0.0,FT,2023-03-27T18:45:00.000Z,1.08,False,matched
2023-03-27,Moldova,Czech Republic,0,0,UEFA Euro qualification,Chișinău,Moldova,False,draw,0,4044721.0,20230328,881526.0,EURO Qualification Grp. E,Moldova,Moldova,0.0,Czechia,Czechia,0.0,FT,2023-03-27T18:45:00.000Z,1.08,False,matched
2023-03-27,Austria,Estonia,2,1,UEFA Euro qualification,Pasching,Austria,False,home_win,1,4044761.0,20230328,881527.0,EURO Qualification Grp. F,Austria,Austria,2.0,Estonia,Estonia,1.0,FT,2023-03-27T18:45:00.000Z,1.08,False,matched
2023-03-27,Sweden,Azerbaijan,5,0,UEFA Euro qualification,Stockholm,Sweden,False,home_win,5,4044760.0,20230328,881527.0,EURO Qualification Grp. F,Sweden,Sweden,5.0,Azerbaijan,Azerbaijan,0.0,FT,2023-03-27T18:45:00.000Z,1.08,False,matched
2023-03-27,United States,El Salvador,1,0,CONCACAF Nations League,Orlando,United States,False,home_win,1,3859880.0,20230328,878606.0,CONCACAF Nations League A Grp. 4,USA,USA,1.0,El Salvador,El Salvador,0.0,FT,2023-03-27T23:35:00.000Z,1.08,False,matched
2023-03-28,Argentina,Curaçao,7,0,Friendly,Santiago del Estero,Argentina,False,home_win,7,4132095.0,20230329,882729.0,Friendlies,Argentina,Argentina,7.0,Curacao,Curacao,0.0,FT,2023-03-28T23:30:00.000Z,1.08,False,matched
2023-03-28,Australia,Ecuador,1,2,Friendly,Melbourne,Australia,False,away_win,-1,4132640.0,20230328,882729.0,Friendlies,Australia,Australia,1.0,Ecuador,Ecuador,2.0,FT,2023-03-28T08:35:00.000Z,1.08,False,matched
2023-03-28,Germany,Belgium,2,3,Friendly,Cologne,Germany,False,away_win,-1,4111682.0,20230329,882729.0,Friendlies,Germany,Germany,2.0,Belgium,Belgium,3.0,FT,2023-03-28T18:45:00.000Z,1.08,False,matched
2023-03-28,Iran,Kenya,2,1,Friendly,Tehran,Iran,False,home_win,1,4141300.0,20230329,882729.0,Friendlies,Iran,Iran,2.0,Kenya,Kenya,1.0,FT,2023-03-28T17:00:00.000Z,1.08,False,matched
2023-03-28,Japan,Colombia,1,2,Friendly,Osaka,Japan,False,away_win,-1,4118862.0,20230328,882729.0,Friendlies,Japan,Japan,1.0,Colombia,Colombia,2.0,FT,2023-03-28T10:20:00.000Z,1.08,False,matched
2023-03-28,Jordan,Philippines,4,0,Friendly,Al Wakrah,Qatar,True,home_win,4,,,,,,,,,,,,,,,not_matched
2023-03-28,South Korea,Uruguay,1,2,Friendly,Seoul,South Korea,False,away_win,-1,4122920.0,20230328,882729.0,Friendlies,South Korea,South Korea,1.0,Uruguay,Uruguay,2.0,FT,2023-03-28T11:00:00.000Z,1.08,False,matched
2023-03-28,Morocco,Peru,0,0,Friendly,Madrid,Spain,True,draw,0,4115351.0,20230329,882729.0,Friendlies,Morocco,Morocco,0.0,Peru,Peru,0.0,FT,2023-03-28T19:30:00.000Z,1.08,False,matched
2023-03-28,Saudi Arabia,Bolivia,1,2,Friendly,Jeddah,Saudi Arabia,False,away_win,-1,4132637.0,20230329,882729.0,Friendlies,Saudi Arabia,Saudi Arabia,1.0,Bolivia,Bolivia,2.0,FT,2023-03-28T19:00:00.000Z,1.08,False,matched
2023-03-28,Uzbekistan,Venezuela,1,1,Friendly,Jeddah,Saudi Arabia,True,draw,0,4143139.0,20230329,882729.0,Friendlies,Uzbekistan,Uzbekistan,1.0,Venezuela,Venezuela,1.0,FT,2023-03-28T18:00:00.000Z,1.08,False,matched
2023-03-28,Eswatini,Cape Verde,0,1,African Cup of Nations qualification,Mbombela,South Africa,True,away_win,-1,3876818.0,20230328,878889.0,Africa Cup of Nations Qualification Grp. B,Eswatini,Eswatini,0.0,Cape Verde,Cape Verde,1.0,FT,2023-03-28T13:00:00.000Z,1.08,False,matched
2023-03-28,Malawi,Egypt,0,4,African Cup of Nations qualification,Lilongwe,Malawi,False,away_win,-4,3876826.0,20230328,878891.0,Africa Cup of Nations Qualification Grp. D,Malawi,Malawi,0.0,Egypt,Egypt,4.0,FT,2023-03-28T13:00:00.000Z,1.08,False,matched
2023-03-28,Comoros,Ivory Coast,0,2,African Cup of Nations qualification,Moroni,Comoros,False,away_win,-2,3876876.0,20230329,878895.0,Africa Cup of Nations Qualification Grp. H,Comoros,Comoros,0.0,Ivory Coast,Ivory Coast,2.0,FT,2023-03-28T19:00:00.000Z,1.08,False,matched
2023-03-28,Mauritania,DR Congo,1,1,African Cup of Nations qualification,Nouakchott,Mauritania,False,draw,0,3876862.0,20230329,878896.0,Africa Cup of Nations Qualification Grp. I,Mauritania,Mauritania,1.0,DR Congo,DR Congo,1.0,FT,2023-03-28T22:00:00.000Z,1.08,False,matched
2023-03-28,Libya,Tunisia,0,1,African Cup of Nations qualification,Benghazi,Libya,False,away_win,-1,3876890.0,20230329,878897.0,Africa Cup of Nations Qualification Grp. J,Libya,Libya,0.0,Tunisia,Tunisia,1.0,FT,2023-03-28T20:00:00.000Z,1.08,False,matched
2023-03-28,Liberia,South Africa,1,2,African Cup of Nations qualification,Monrovia,Liberia,False,away_win,-1,3876881.0,20230329,878898.0,Africa Cup of Nations Qualification Grp. K,Liberia,Liberia,1.0,South Africa,South Africa,2.0,FT,2023-03-28T16:00:00.000Z,1.08,False,matched
2023-03-28,Mozambique,Senegal,0,1,African Cup of Nations qualification,Maputo,Mozambique,False,away_win,-1,3876897.0,20230329,878899.0,Africa Cup of Nations Qualification Grp. L,Mozambique,Mozambique,0.0,Senegal,Senegal,1.0,FT,2023-03-28T16:00:00.000Z,1.08,False,matched
2023-03-28,Scotland,Spain,2,0,UEFA Euro qualification,Glasgow,Scotland,False,home_win,2,4044558.0,20230329,881522.0,EURO Qualification Grp. A,Scotland,Scotland,2.0,Spain,Spain,0.0,FT,2023-03-28T18:45:00.000Z,1.08,False,matched
2023-03-28,Georgia,Norway,1,1,UEFA Euro qualification,Batumi,Georgia,False,draw,0,4044571.0,20230329,881522.0,EURO Qualification Grp. A,Georgia,Georgia,1.0,Norway,Norway,1.0,FT,2023-03-28T16:00:00.000Z,1.08,False,matched
2023-03-28,Turkey,Croatia,0,2,UEFA Euro qualification,Bursa,Turkey,False,away_win,-2,4044700.0,20230329,881525.0,EURO Qualification Grp. D,Türkiye,Türkiye,0.0,Croatia,Croatia,2.0,FT,2023-03-28T18:45:00.000Z,1.08,False,matched
2023-03-28,Switzerland,Israel,3,0,UEFA Euro qualification,Geneva,Switzerland,False,home_win,3,4044639.0,20230329,881530.0,EURO Qualification Grp. I,Switzerland,Switzerland,3.0,Israel,Israel,0.0,FT,2023-03-28T18:45:00.000Z,1.08,False,matched
2023-03-28,Costa Rica,Panama,0,1,CONCACAF Nations League,San José,Costa Rica,False,away_win,-1,3859909.0,20230329,878604.0,CONCACAF Nations League A Grp. 2,Costa Rica,Costa Rica,0.0,Panama,Panama,1.0,FT,2023-03-29T02:00:00.000Z,1.08,False,matched
2023-03-28,Canada,Honduras,4,1,CONCACAF Nations League,Toronto,Canada,False,home_win,3,3859893.0,20230329,878605.0,CONCACAF Nations League A Grp. 3,Canada,Canada,4.0,Honduras,Honduras,1.0,FT,2023-03-29T00:00:00.000Z,1.08,False,matched
2023-03-28,Haiti,Bermuda,3,1,CONCACAF Nations League,San Cristóbal,Dominican Republic,True,home_win,2,3859922.0,20230329,878608.0,CONCACAF Nations League B Grp. 2,Haiti,Haiti,3.0,Bermuda,Bermuda,1.0,FT,2023-03-28T22:00:00.000Z,1.08,False,matched
2023-04-19,United States,Mexico,1,1,Friendly,Glendale,United States,False,draw,0,4140349.0,20230420,882729.0,Friendlies,USA,USA,1.0,Mexico,Mexico,1.0,FT,2023-04-20T02:20:00.000Z,1.08,False,matched
2023-06-07,Mexico,Guatemala,2,0,Friendly,Mazatlán,Mexico,False,home_win,2,4181987.0,20230608,882729.0,Friendlies,Mexico,Mexico,2.0,Guatemala,Guatemala,0.0,FT,2023-06-08T02:00:00.000Z,1.08,False,matched
2023-06-10,Mexico,Cameroon,2,2,Friendly,San Diego,United States,True,draw,0,4171808.0,20230611,882729.0,Friendlies,Mexico,Mexico,2.0,Cameroon,Cameroon,2.0,FT,2023-06-11T02:00:00.000Z,1.08,False,matched
2023-06-10,Panama,Nicaragua,3,2,Friendly,Penonomé,Panama,False,home_win,1,,,,,,,,,,,,,,,not_matched
2023-06-11,Uzbekistan,Oman,3,0,CAFA Nations Cup,Tashkent,Uzbekistan,False,home_win,3,,,,,,,,,,,,,,,not_matched
2023-06-12,Germany,Ukraine,3,3,Friendly,Bremen,Germany,False,draw,0,4162619.0,20230613,882729.0,Friendlies,Germany,Germany,3.0,Ukraine,Ukraine,3.0,FT,2023-06-12T16:05:00.000Z,1.08,False,matched
2023-06-12,Morocco,Cape Verde,0,0,Friendly,Rabat,Morocco,False,draw,0,4177301.0,20230613,882729.0,Friendlies,Morocco,Morocco,0.0,Cape Verde,Cape Verde,0.0,FT,2023-06-12T19:05:00.000Z,1.08,False,matched
2023-06-13,Iran,Afghanistan,6,1,CAFA Nations Cup,Bishkek,Kyrgyzstan,True,home_win,5,,,,,,,,,,,,,,,not_matched
2023-06-13,Curaçao,Costa Rica,0,0,Friendly,Fort Lauderdale,United States,True,draw,0,,,,,,,,,,,,,,,not_matched
2023-06-14,DR Congo,Uganda,1,0,Friendly,Douala,Cameroon,True,home_win,1,,,,,,,,,,,,,,,not_matched
2023-06-14,Uruguay,Nicaragua,4,1,Friendly,Montevideo,Uruguay,False,home_win,3,4177305.0,20230615,882729.0,Friendlies,Uruguay,Uruguay,4.0,Nicaragua,Nicaragua,1.0,FT,2023-06-14T23:30:00.000Z,1.08,False,matched
2023-06-14,Netherlands,Croatia,2,4,UEFA Nations League,Rotterdam,Netherlands,False,away_win,-2,4109689.0,20230615,881365.0,UEFA Nations League A Championship Playoff,Netherlands,Netherlands,2.0,Croatia,Croatia,4.0,AET,2023-06-14T18:45:00.000Z,1.08,False,matched
2023-06-14,Uzbekistan,Turkmenistan,2,0,CAFA Nations Cup,Tashkent,Uzbekistan,False,home_win,2,,,,,,,,,,,,,,,not_matched
2023-06-14,Guinea,Egypt,1,2,African Cup of Nations qualification,Marrakesh,Morocco,True,away_win,-1,3876913.0,20230615,878891.0,Africa Cup of Nations Qualification Grp. D,Guinea,Guinea,1.0,Egypt,Egypt,2.0,FT,2023-06-14T18:00:00.000Z,1.08,False,matched
2023-06-15,Panama,Canada,0,2,CONCACAF Nations League,Las Vegas,United States,True,away_win,-2,4149002.0,20230616,884652.0,CONCACAF Nations League A Championship Playoff,Panama,Panama,0.0,Canada,Canada,2.0,FT,2023-06-15T23:00:00.000Z,1.08,False,matched
2023-06-15,United States,Mexico,3,0,CONCACAF Nations League,Las Vegas,United States,False,home_win,3,4149003.0,20230616,884652.0,CONCACAF Nations League A Championship Playoff,USA,USA,3.0,Mexico,Mexico,0.0,FT,2023-06-16T02:00:00.000Z,1.08,False,matched
2023-06-15,Argentina,Australia,2,0,Friendly,Beijing,China,True,home_win,2,4176992.0,20230615,882729.0,Friendlies,Argentina,Argentina,2.0,Australia,Australia,0.0,FT,2023-06-15T12:05:00.000Z,1.08,False,matched
2023-06-15,Jamaica,Qatar,1,2,Friendly,Ritzing,Austria,True,away_win,-1,,,,,,,,,,,,,,,not_matched
2023-06-15,Japan,El Salvador,6,0,Friendly,Toyota,Japan,False,home_win,6,4163205.0,20230615,882729.0,Friendlies,Japan,Japan,6.0,El Salvador,El Salvador,0.0,FT,2023-06-15T10:10:00.000Z,1.08,False,matched
2023-06-15,Spain,Italy,2,1,UEFA Nations League,Enschede,Netherlands,True,home_win,1,4109688.0,20230616,881365.0,UEFA Nations League A Championship Playoff,Spain,Spain,2.0,Italy,Italy,1.0,FT,2023-06-15T18:45:00.000Z,1.08,False,matched
2023-06-16,Curaçao,Saint Kitts and Nevis,1,1,Gold Cup qualification,Fort Lauderdale,United States,True,draw,0,,,,,,,,,,,,,,,not_matched
2023-06-16,Colombia,Iraq,1,0,Friendly,Valencia,Spain,True,home_win,1,4162527.0,20230617,882729.0,Friendlies,Colombia,Colombia,1.0,Iraq,Iraq,0.0,FT,2023-06-16T19:00:00.000Z,1.08,False,matched
2023-06-16,South Korea,Peru,0,1,Friendly,Busan,South Korea,False,away_win,-1,4163861.0,20230616,882729.0,Friendlies,South Korea,South Korea,0.0,Peru,Peru,1.0,FT,2023-06-16T11:00:00.000Z,1.08,False,matched
2023-06-16,Poland,Germany,1,0,Friendly,Warsaw,Poland,False,home_win,1,4162620.0,20230617,882729.0,Friendlies,Poland,Poland,1.0,Germany,Germany,0.0,FT,2023-06-16T18:45:00.000Z,1.08,False,matched
2023-06-16,Serbia,Jordan,3,2,Friendly,Vienna,Austria,True,home_win,1,4171819.0,20230617,882729.0,Friendlies,Serbia,Serbia,3.0,Jordan,Jordan,2.0,FT,2023-06-16T18:30:00.000Z,1.08,False,matched
2023-06-16,Sweden,New Zealand,4,1,Friendly,Stockholm,Sweden,False,home_win,3,4132641.0,20230617,882729.0,Friendlies,Sweden,Sweden,4.0,New Zealand,New Zealand,1.0,FT,2023-06-16T17:00:00.000Z,1.08,False,matched
2023-06-16,Gibraltar,France,0,3,UEFA Euro qualification,Faro-Loulé,Portugal,True,away_win,-3,4044669.0,20230617,881523.0,EURO Qualification Grp. B,Gibraltar,Gibraltar,0.0,France,France,3.0,FT,2023-06-16T18:45:00.000Z,1.08,False,matched
2023-06-16,Malta,England,0,4,UEFA Euro qualification,Ta' Qali,Malta,False,away_win,-4,4044682.0,20230617,881524.0,EURO Qualification Grp. C,Malta,Malta,0.0,England,England,4.0,FT,2023-06-16T18:45:00.000Z,1.08,False,matched
2023-06-16,Latvia,Turkey,2,3,UEFA Euro qualification,Riga,Latvia,False,away_win,-1,4044703.0,20230617,881525.0,EURO Qualification Grp. D,Latvia,Latvia,2.0,Türkiye,Türkiye,3.0,FT,2023-06-16T18:45:00.000Z,1.08,False,matched
2023-06-16,Andorra,Switzerland,1,2,UEFA Euro qualification,Andorra la Vella,Andorra,False,away_win,-1,4044642.0,20230617,881530.0,EURO Qualification Grp. I,Andorra,Andorra,1.0,Switzerland,Switzerland,2.0,FT,2023-06-16T18:45:00.000Z,1.08,False,matched
2023-06-16,Kyrgyzstan,Iran,1,5,CAFA Nations Cup,Bishkek,Kyrgyzstan,False,away_win,-4,4188096.0,20230617,882729.0,Friendlies,Kyrgyzstan,Kyrgyzstan,1.0,Iran,Iran,5.0,FT,2023-06-16T15:00:00.000Z,1.08,False,matched
2023-06-17,Brazil,Guinea,4,1,Friendly,Barcelona,Spain,True,home_win,3,4185573.0,20230618,882729.0,Friendlies,Brazil,Brazil,4.0,Guinea,Guinea,1.0,FT,2023-06-17T19:35:00.000Z,1.08,False,matched
2023-06-17,Ecuador,Bolivia,1,0,Friendly,Harrison,United States,True,home_win,1,4177306.0,20230618,882729.0,Friendlies,Ecuador,Ecuador,1.0,Bolivia,Bolivia,0.0,FT,2023-06-17T23:30:00.000Z,1.08,False,matched
2023-06-17,Norway,Scotland,1,2,UEFA Euro qualification,Oslo,Norway,False,away_win,-1,4044559.0,20230618,881522.0,EURO Qualification Grp. A,Norway,Norway,1.0,Scotland,Scotland,2.0,FT,2023-06-17T16:00:00.000Z,1.08,False,matched
2023-06-17,Faroe Islands,Czech Republic,0,3,UEFA Euro qualification,Tórshavn,Faroe Islands,False,away_win,-3,4044723.0,20230618,881526.0,EURO Qualification Grp. E,Faroe Islands,Faroe Islands,0.0,Czechia,Czechia,3.0,FT,2023-06-17T18:45:00.000Z,1.08,False,matched
2023-06-17,Belgium,Austria,1,1,UEFA Euro qualification,Brussels,Belgium,False,draw,0,4044763.0,20230618,881527.0,EURO Qualification Grp. F,Belgium,Belgium,1.0,Austria,Austria,1.0,FT,2023-06-17T18:45:00.000Z,1.08,False,matched
2023-06-17,Portugal,Bosnia and Herzegovina,3,0,UEFA Euro qualification,Lisbon,Portugal,False,home_win,3,4044585.0,20230618,881531.0,EURO Qualification Grp. J,Portugal,Portugal,3.0,Bosnia and Herzegovina,Bosnia and Herzegovina,0.0,FT,2023-06-17T18:45:00.000Z,1.08,False,matched
2023-06-17,Uzbekistan,Tajikistan,5,1,CAFA Nations Cup,Tashkent,Uzbekistan,False,home_win,4,,,,,,,,,,,,,,,not_matched
2023-06-17,Zambia,Ivory Coast,3,0,African Cup of Nations qualification,Ndola,Zambia,False,home_win,3,3876929.0,20230617,878895.0,Africa Cup of Nations Qualification Grp. H,Zambia,Zambia,3.0,Ivory Coast,Ivory Coast,0.0,FT,2023-06-17T13:00:00.000Z,1.08,False,matched
2023-06-17,Equatorial Guinea,Tunisia,1,0,African Cup of Nations qualification,Malabo,Equatorial Guinea,False,home_win,1,3876921.0,20230618,878897.0,Africa Cup of Nations Qualification Grp. J,Equatorial Guinea,Equatorial Guinea,1.0,Tunisia,Tunisia,0.0,FT,2023-06-17T15:00:00.000Z,1.08,False,matched
2023-06-17,South Africa,Morocco,2,1,African Cup of Nations qualification,Johannesburg,South Africa,False,home_win,1,3876945.0,20230618,878898.0,Africa Cup of Nations Qualification Grp. K,South Africa,South Africa,2.0,Morocco,Morocco,1.0,FT,2023-06-17T15:00:00.000Z,1.08,False,matched
2023-06-17,Benin,Senegal,1,1,African Cup of Nations qualification,Cotonou,Benin,False,draw,0,3876941.0,20230618,878899.0,Africa Cup of Nations Qualification Grp. L,Benin,Benin,1.0,Senegal,Senegal,1.0,FT,2023-06-17T19:00:00.000Z,1.08,False,matched
2023-06-18,Panama,Mexico,0,1,CONCACAF Nations League,Las Vegas,United States,True,away_win,-1,4195244.0,20230619,884652.0,CONCACAF Nations League A Championship Playoff,Panama,Panama,0.0,Mexico,Mexico,1.0,FT,2023-06-18T22:00:00.000Z,1.08,False,matched
2023-06-18,United States,Canada,2,0,CONCACAF Nations League,Las Vegas,United States,False,home_win,2,4195245.0,20230619,884652.0,CONCACAF Nations League A Championship Playoff,Canada,Canada,0.0,USA,USA,2.0,FT,2023-06-19T00:30:00.000Z,1.08,True,matched
2023-06-18,Egypt,South Sudan,3,0,Friendly,Cairo,Egypt,False,home_win,3,4195821.0,20230619,882729.0,Friendlies,Egypt,Egypt,3.0,South Sudan,South Sudan,0.0,FT,2023-06-18T17:00:00.000Z,1.08,False,matched
2023-06-18,Paraguay,Nicaragua,2,0,Friendly,Asunción,Paraguay,False,home_win,2,4163863.0,20230618,882729.0,Friendlies,Paraguay,Paraguay,2.0,Nicaragua,Nicaragua,0.0,FT,2023-06-18T14:30:00.000Z,1.08,False,matched
2023-06-18,Netherlands,Italy,2,3,UEFA Nations League,Enschede,Netherlands,False,away_win,-1,4109690.0,20230618,881365.0,UEFA Nations League A Championship Playoff,Netherlands,Netherlands,2.0,Italy,Italy,3.0,FT,2023-06-18T13:00:00.000Z,1.08,False,matched
2023-06-18,Croatia,Spain,0,0,UEFA Nations League,Rotterdam,Netherlands,True,draw,0,4109691.0,20230619,881365.0,UEFA Nations League A Championship Playoff,Croatia,Croatia,0.0,Spain,Spain,0.0,Pen,2023-06-18T18:45:00.000Z,1.08,False,matched
2023-06-18,Cape Verde,Burkina Faso,3,1,African Cup of Nations qualification,Praia,Cape Verde,False,home_win,2,3876903.0,20230619,878889.0,Africa Cup of Nations Qualification Grp. B,Cape Verde,Cape Verde,3.0,Burkina Faso,Burkina Faso,1.0,FT,2023-06-18T16:00:00.000Z,1.08,False,matched
2023-06-18,Madagascar,Ghana,0,0,African Cup of Nations qualification,Antananarivo,Madagascar,False,draw,0,3876909.0,20230618,878892.0,Africa Cup of Nations Qualification Grp. E,Madagascar,Madagascar,0.0,Ghana,Ghana,0.0,FT,2023-06-18T14:00:00.000Z,1.08,False,matched
2023-06-18,Uganda,Algeria,1,2,African Cup of Nations qualification,Douala,Cameroon,True,away_win,-1,3876919.0,20230619,878893.0,Africa Cup of Nations Qualification Grp. F,Uganda,Uganda,1.0,Algeria,Algeria,2.0,FT,2023-06-18T15:00:00.000Z,1.08,False,matched
2023-06-18,Gabon,DR Congo,0,2,African Cup of Nations qualification,Franceville,Gabon,False,away_win,-2,3876925.0,20230619,878896.0,Africa Cup of Nations Qualification Grp. I,Gabon,Gabon,0.0,DR Congo,DR Congo,2.0,FT,2023-06-18T18:00:00.000Z,1.08,False,matched
2023-06-19,Indonesia,Argentina,0,2,Friendly,Jakarta,Indonesia,False,away_win,-2,4173816.0,20230619,882729.0,Friendlies,Indonesia,Indonesia,0.0,Argentina,Argentina,2.0,FT,2023-06-19T12:30:00.000Z,1.08,False,matched
2023-06-19,Jamaica,Jordan,1,2,Friendly,Wiener Neustadt,Austria,True,away_win,-1,,,,,,,,,,,,,,,not_matched
2023-06-19,France,Greece,1,0,UEFA Euro qualification,Paris,France,False,home_win,1,4044614.0,20230620,881523.0,EURO Qualification Grp. B,France,France,1.0,Greece,Greece,0.0,FT,2023-06-19T18:45:00.000Z,1.08,False,matched
2023-06-19,England,North Macedonia,7,0,UEFA Euro qualification,Manchester,England,False,home_win,7,4044684.0,20230620,881524.0,EURO Qualification Grp. C,England,England,7.0,North Macedonia,North Macedonia,0.0,FT,2023-06-19T18:45:00.000Z,1.08,False,matched
2023-06-19,Turkey,Wales,2,0,UEFA Euro qualification,Samsun,Turkey,False,home_win,2,4044705.0,20230620,881525.0,EURO Qualification Grp. D,Türkiye,Türkiye,2.0,Wales,Wales,0.0,FT,2023-06-19T18:45:00.000Z,1.08,False,matched
2023-06-19,Switzerland,Romania,2,2,UEFA Euro qualification,Lucerne,Switzerland,False,draw,0,4044643.0,20230620,881530.0,EURO Qualification Grp. I,Switzerland,Switzerland,2.0,Romania,Romania,2.0,FT,2023-06-19T18:45:00.000Z,1.08,False,matched
2023-06-20,Algeria,Tunisia,1,1,Friendly,Annaba,Algeria,False,draw,0,4198114.0,20230621,882729.0,Friendlies,Algeria,Algeria,1.0,Tunisia,Tunisia,1.0,FT,2023-06-20T19:00:00.000Z,1.08,False,matched
2023-06-20,Brazil,Senegal,2,4,Friendly,Lisbon,Portugal,True,away_win,-2,4185574.0,20230621,882729.0,Friendlies,Brazil,Brazil,2.0,Senegal,Senegal,4.0,FT,2023-06-20T19:00:00.000Z,1.08,False,matched
2023-06-20,Ecuador,Costa Rica,3,1,Friendly,Chester,United States,True,home_win,2,4177307.0,20230621,882729.0,Friendlies,Ecuador,Ecuador,3.0,Costa Rica,Costa Rica,1.0,FT,2023-06-21T00:20:00.000Z,1.08,False,matched
2023-06-20,Germany,Colombia,0,2,Friendly,Gelsenkirchen,Germany,False,away_win,-2,4162528.0,20230621,882729.0,Friendlies,Germany,Germany,0.0,Colombia,Colombia,2.0,FT,2023-06-20T18:45:00.000Z,1.08,False,matched
2023-06-20,Haiti,Trinidad and Tobago,0,0,Friendly,Palm Beach Gardens,United States,True,draw,0,,,,,,,,,,,,,,,not_matched
2023-06-20,Japan,Peru,4,1,Friendly,Suita,Japan,False,home_win,3,4163206.0,20230620,882729.0,Friendlies,Japan,Japan,4.0,Peru,Peru,1.0,FT,2023-06-20T09:55:00.000Z,1.08,False,matched
2023-06-20,South Korea,El Salvador,1,1,Friendly,Daejeon,South Korea,False,draw,0,4163862.0,20230620,882729.0,Friendlies,South Korea,South Korea,1.0,El Salvador,El Salvador,1.0,FT,2023-06-20T11:00:00.000Z,1.08,False,matched
2023-06-20,Montenegro,Czech Republic,1,4,Friendly,Podgorica,Montenegro,False,away_win,-3,4109644.0,20230621,882729.0,Friendlies,Montenegro,Montenegro,1.0,Czechia,Czechia,4.0,FT,2023-06-20T16:00:00.000Z,1.08,False,matched
2023-06-20,Uruguay,Cuba,2,0,Friendly,Montevideo,Uruguay,False,home_win,2,4195025.0,20230621,882729.0,Friendlies,Uruguay,Uruguay,2.0,Cuba,Cuba,0.0,FT,2023-06-20T23:30:00.000Z,1.08,False,matched
2023-06-20,Scotland,Georgia,2,0,UEFA Euro qualification,Glasgow,Scotland,False,home_win,2,4044560.0,20230621,881522.0,EURO Qualification Grp. A,Scotland,Scotland,2.0,Georgia,Georgia,0.0,FT,2023-06-20T18:45:00.000Z,1.08,False,matched
2023-06-20,Norway,Cyprus,3,1,UEFA Euro qualification,Oslo,Norway,False,home_win,2,4044572.0,20230621,881522.0,EURO Qualification Grp. A,Norway,Norway,3.0,Cyprus,Cyprus,1.0,FT,2023-06-20T18:45:00.000Z,1.08,False,matched
2023-06-20,Austria,Sweden,2,0,UEFA Euro qualification,Vienna,Austria,False,home_win,2,4044764.0,20230621,881527.0,EURO Qualification Grp. F,Austria,Austria,2.0,Sweden,Sweden,0.0,FT,2023-06-20T18:45:00.000Z,1.08,False,matched
2023-06-20,Estonia,Belgium,0,3,UEFA Euro qualification,Tallinn,Estonia,False,away_win,-3,4044765.0,20230621,881527.0,EURO Qualification Grp. F,Estonia,Estonia,0.0,Belgium,Belgium,3.0,FT,2023-06-20T18:45:00.000Z,1.08,False,matched
2023-06-20,Iceland,Portugal,0,1,UEFA Euro qualification,Reykjavík,Iceland,False,away_win,-1,4044588.0,20230621,881531.0,EURO Qualification Grp. J,Iceland,Iceland,0.0,Portugal,Portugal,1.0,FT,2023-06-20T18:45:00.000Z,1.08,False,matched
2023-06-20,Bosnia and Herzegovina,Luxembourg,0,2,UEFA Euro qualification,Zenica,Bosnia and Herzegovina,False,away_win,-2,4044586.0,20230621,881531.0,EURO Qualification Grp. J,Bosnia and Herzegovina,Bosnia and Herzegovina,0.0,Luxembourg,Luxembourg,2.0,FT,2023-06-20T18:45:00.000Z,1.08,False,matched
2023-06-20,Uzbekistan,Iran,0,1,CAFA Nations Cup,Tashkent,Uzbekistan,False,away_win,-1,4197126.0,20230621,882729.0,Friendlies,Uzbekistan,Uzbekistan,0.0,Iran,Iran,1.0,FT,2023-06-20T15:30:00.000Z,1.08,False,matched
2023-06-24,United States,Jamaica,1,1,Gold Cup,Chicago,United States,False,draw,0,4161224.0,20230625,884922.0,CONCACAF Gold Cup Grp. A,USA,USA,1.0,Jamaica,Jamaica,1.0,FT,2023-06-25T02:00:00.000Z,1.08,False,matched
2023-06-25,Haiti,Qatar,2,1,Gold Cup,Houston,United States,True,home_win,1,4161227.0,20230626,884923.0,CONCACAF Gold Cup Grp. B,Haiti,Haiti,2.0,Qatar,Qatar,1.0,FT,2023-06-25T22:00:00.000Z,1.08,False,matched
2023-06-25,Mexico,Honduras,4,0,Gold Cup,Houston,United States,True,home_win,4,4161228.0,20230626,884923.0,CONCACAF Gold Cup Grp. B,Mexico,Mexico,4.0,Honduras,Honduras,0.0,FT,2023-06-26T00:00:00.000Z,1.08,False,matched
2023-06-26,Costa Rica,Panama,1,2,Gold Cup,Fort Lauderdale,United States,True,away_win,-1,4161233.0,20230627,884924.0,CONCACAF Gold Cup Grp. C,Costa Rica,Costa Rica,1.0,Panama,Panama,2.0,FT,2023-06-27T00:30:00.000Z,1.08,False,matched
2023-06-27,Canada,Guadeloupe,2,2,Gold Cup,Toronto,Canada,False,draw,0,4200499.0,20230628,884925.0,CONCACAF Gold Cup Grp. D,Canada,Canada,2.0,Guadeloupe,Guadeloupe,2.0,FT,2023-06-27T23:00:00.000Z,1.08,False,matched
2023-06-28,United States,Saint Kitts and Nevis,6,0,Gold Cup,St. Louis,United States,False,home_win,6,4200504.0,20230629,884922.0,CONCACAF Gold Cup Grp. A,St. Kitts and Nevis,St. Kitts and Nevis,0.0,USA,USA,6.0,FT,2023-06-29T01:30:00.000Z,1.0415,True,matched
2023-06-29,Qatar,Honduras,1,1,Gold Cup,Glendale,United States,True,draw,0,4161229.0,20230630,884923.0,CONCACAF Gold Cup Grp. B,Qatar,Qatar,1.0,Honduras,Honduras,1.0,FT,2023-06-29T23:45:00.000Z,1.08,False,matched
2023-06-29,Haiti,Mexico,1,3,Gold Cup,Glendale,United States,True,away_win,-2,4161230.0,20230630,884923.0,CONCACAF Gold Cup Grp. B,Haiti,Haiti,1.0,Mexico,Mexico,3.0,FT,2023-06-30T02:00:00.000Z,1.08,False,matched
2023-06-30,Martinique,Panama,1,2,Gold Cup,Harrison,United States,True,away_win,-1,4200501.0,20230701,884924.0,CONCACAF Gold Cup Grp. C,Martinique,Martinique,1.0,Panama,Panama,2.0,FT,2023-06-30T22:30:00.000Z,1.08,False,matched
2023-07-01,Guatemala,Canada,0,0,Gold Cup,Houston,United States,True,draw,0,4161236.0,20230702,884925.0,CONCACAF Gold Cup Grp. D,Guatemala,Guatemala,0.0,Canada,Canada,0.0,FT,2023-07-02T01:30:00.000Z,1.08,False,matched
2023-07-02,United States,Trinidad and Tobago,6,0,Gold Cup,Charlotte,United States,False,home_win,6,4190936.0,20230703,884922.0,CONCACAF Gold Cup Grp. A,USA,USA,6.0,Trinidad and Tobago,Trinidad and Tobago,0.0,FT,2023-07-02T23:00:00.000Z,1.08,False,matched
2023-07-02,Honduras,Haiti,2,1,Gold Cup,Charlotte,United States,True,home_win,1,4161232.0,20230703,884923.0,CONCACAF Gold Cup Grp. B,Honduras,Honduras,2.0,Haiti,Haiti,1.0,FT,2023-07-03T01:00:00.000Z,1.08,False,matched
2023-07-02,Mexico,Qatar,0,1,Gold Cup,Santa Clara,United States,True,away_win,-1,4161231.0,20230703,884923.0,CONCACAF Gold Cup Grp. B,Mexico,Mexico,0.0,Qatar,Qatar,1.0,FT,2023-07-03T01:00:00.000Z,1.08,False,matched
2023-07-04,Panama,El Salvador,2,2,Gold Cup,Houston,United States,True,draw,0,4161237.0,20230705,884924.0,CONCACAF Gold Cup Grp. C,Panama,Panama,2.0,El Salvador,El Salvador,2.0,FT,2023-07-05T00:30:00.000Z,1.08,False,matched
2023-07-04,Canada,Cuba,4,2,Gold Cup,Houston,United States,True,home_win,2,4161238.0,20230705,884925.0,CONCACAF Gold Cup Grp. D,Canada,Canada,4.0,Cuba,Cuba,2.0,FT,2023-07-04T22:30:00.000Z,1.08,False,matched
2023-07-05,South Africa,Namibia,1,1,COSAFA Cup,Durban,South Africa,False,draw,0,,,,,,,,,,,,,,,not_matched
2023-07-08,Panama,Qatar,4,0,Gold Cup,Arlington,United States,True,home_win,4,4211898.0,20230709,886152.0,CONCACAF Gold Cup Final Stage,Panama,Panama,4.0,Qatar,Qatar,0.0,FT,2023-07-08T23:00:00.000Z,1.08,False,matched
2023-07-08,Mexico,Costa Rica,2,0,Gold Cup,Arlington,United States,True,home_win,2,4211899.0,20230709,886152.0,CONCACAF Gold Cup Final Stage,Mexico,Mexico,2.0,Costa Rica,Costa Rica,0.0,FT,2023-07-09T01:30:00.000Z,1.08,False,matched
2023-07-08,South Africa,Botswana,2,1,COSAFA Cup,Durban,South Africa,False,home_win,1,,,,,,,,,,,,,,,not_matched
2023-07-09,United States,Canada,2,2,Gold Cup,Cincinnati,United States,False,draw,0,4211901.0,20230710,886152.0,CONCACAF Gold Cup Final Stage,USA,USA,2.0,Canada,Canada,2.0,Pen,2023-07-09T23:30:00.000Z,1.08,False,matched
2023-07-11,South Africa,Eswatini,2,1,COSAFA Cup,KwaMashu,South Africa,False,home_win,1,,,,,,,,,,,,,,,not_matched
2023-07-12,United States,Panama,1,1,Gold Cup,San Diego,United States,False,draw,0,4211904.0,20230713,886152.0,CONCACAF Gold Cup Final Stage,USA,USA,1.0,Panama,Panama,1.0,Pen,2023-07-12T23:30:00.000Z,1.08,False,matched
2023-07-12,Jamaica,Mexico,0,3,Gold Cup,Paradise,United States,True,away_win,-3,4211903.0,20230713,886152.0,CONCACAF Gold Cup Final Stage,Jamaica,Jamaica,0.0,Mexico,Mexico,3.0,FT,2023-07-13T02:00:00.000Z,1.08,False,matched
2023-07-14,South Africa,Zambia,1,2,COSAFA Cup,Durban,South Africa,False,away_win,-1,,,,,,,,,,,,,,,not_matched
2023-07-16,Mexico,Panama,1,0,Gold Cup,Inglewood,United States,True,home_win,1,4211905.0,20230717,886152.0,CONCACAF Gold Cup Final Stage,Mexico,Mexico,1.0,Panama,Panama,0.0,FT,2023-07-16T23:30:00.000Z,1.08,False,matched
2023-07-16,South Africa,Malawi,0,0,COSAFA Cup,Durban,South Africa,False,draw,0,,,,,,,,,,,,,,,not_matched
2023-08-27,Bolivia,Panama,1,2,Friendly,Cochabamba,Bolivia,False,away_win,-1,4307590.0,20230828,882729.0,Friendlies,Bolivia,Bolivia,1.0,Panama,Panama,2.0,FT,2023-08-27T20:00:00.000Z,1.08,False,matched
2023-09-07,Trinidad and Tobago,Curaçao,1,0,CONCACAF Nations League,Port of Spain,Trinidad and Tobago,False,home_win,1,4258218.0,20230908,886557.0,CONCACAF Nations League A Grp. 1,Trinidad and Tobago,Trinidad and Tobago,1.0,Curacao,Curacao,0.0,FT,2023-09-07T22:00:00.000Z,1.08,False,matched
2023-09-07,Panama,Martinique,3,0,CONCACAF Nations League,Panama City,Panama,False,home_win,3,4258208.0,20230908,886557.0,CONCACAF Nations League A Grp. 1,Panama,Panama,3.0,Martinique,Martinique,0.0,FT,2023-09-08T00:06:00.000Z,1.08,False,matched
2023-09-07,Colombia,Venezuela,1,0,FIFA World Cup qualification,Barranquilla,Colombia,False,home_win,1,4196504.0,20230908,884579.0,World Cup Qualification CONMEBOL,Colombia,Colombia,1.0,Venezuela,Venezuela,0.0,FT,2023-09-07T23:00:00.000Z,1.08,False,matched
2023-09-07,Paraguay,Peru,0,0,FIFA World Cup qualification,Ciudad del Este,Paraguay,False,draw,0,4196502.0,20230908,884579.0,World Cup Qualification CONMEBOL,Paraguay,Paraguay,0.0,Peru,Peru,0.0,FT,2023-09-07T22:30:00.000Z,1.08,False,matched
2023-09-07,Argentina,Ecuador,1,0,FIFA World Cup qualification,Buenos Aires,Argentina,False,home_win,1,4196501.0,20230908,884579.0,World Cup Qualification CONMEBOL,Argentina,Argentina,1.0,Ecuador,Ecuador,0.0,FT,2023-09-08T00:00:00.000Z,1.08,False,matched
2023-09-07,Austria,Moldova,1,1,Friendly,Pasching,Austria,False,draw,0,4267354.0,20230908,882729.0,Friendlies,Austria,Austria,1.0,Moldova,Moldova,1.0,FT,2023-09-07T18:30:00.000Z,1.08,False,matched
2023-09-07,Bulgaria,Iran,0,1,Friendly,Plovdiv,Bulgaria,False,away_win,-1,4263074.0,20230908,882729.0,Friendlies,Bulgaria,Bulgaria,0.0,Iran,Iran,1.0,FT,2023-09-07T16:00:00.000Z,1.08,False,matched
2023-09-07,Norway,Jordan,6,0,Friendly,Oslo,Norway,False,home_win,6,4119143.0,20230908,882729.0,Friendlies,Norway,Norway,6.0,Jordan,Jordan,0.0,FT,2023-09-07T17:00:00.000Z,1.08,False,matched
2023-09-07,Qatar,Kenya,1,2,Friendly,Al Wakrah,Qatar,False,away_win,-1,,,,,,,,,,,,,,,not_matched
2023-09-07,Wales,South Korea,0,0,Friendly,Cardiff,Wales,False,draw,0,4181707.0,20230908,882729.0,Friendlies,Wales,Wales,0.0,South Korea,South Korea,0.0,FT,2023-09-07T18:45:00.000Z,1.08,False,matched
2023-09-07,Ghana,Central African Republic,2,1,African Cup of Nations qualification,Kumasi,Ghana,False,home_win,1,3876910.0,20230908,878892.0,Africa Cup of Nations Qualification Grp. E,Ghana,Ghana,2.0,Central African Republic,Central African Republic,1.0,FT,2023-09-07T16:00:00.000Z,1.08,False,matched
2023-09-07,Algeria,Tanzania,0,0,African Cup of Nations qualification,Annaba,Algeria,False,draw,0,3876906.0,20230908,878893.0,Africa Cup of Nations Qualification Grp. F,Algeria,Algeria,0.0,Tanzania,Tanzania,0.0,FT,2023-09-07T19:00:00.000Z,1.08,False,matched
2023-09-07,Tunisia,Botswana,3,0,African Cup of Nations qualification,Radès,Tunisia,False,home_win,3,3876922.0,20230908,878897.0,Africa Cup of Nations Qualification Grp. J,Tunisia,Tunisia,3.0,Botswana,Botswana,0.0,FT,2023-09-07T19:00:00.000Z,1.08,False,matched
2023-09-07,France,Republic of Ireland,2,0,UEFA Euro qualification,Paris,France,False,home_win,2,4044671.0,20230908,881523.0,EURO Qualification Grp. B,France,France,2.0,Ireland,Ireland,0.0,FT,2023-09-07T18:45:00.000Z,1.04,False,matched
2023-09-07,Netherlands,Greece,3,0,UEFA Euro qualification,Eindhoven,Netherlands,False,home_win,3,4044615.0,20230908,881523.0,EURO Qualification Grp. B,Netherlands,Netherlands,3.0,Greece,Greece,0.0,FT,2023-09-07T18:45:00.000Z,1.08,False,matched
2023-09-07,Czech Republic,Albania,1,1,UEFA Euro qualification,Prague,Czech Republic,False,draw,0,4044727.0,20230908,881526.0,EURO Qualification Grp. E,Czechia,Czechia,1.0,Albania,Albania,1.0,FT,2023-09-07T18:45:00.000Z,1.08,False,matched
2023-09-07,Iraq,India,2,2,King's Cup,Chiang Mai,Thailand,True,draw,0,4316139.0,20230907,882729.0,Friendlies,Iraq,Iraq,2.0,India,India,2.0,Pen,2023-09-07T10:30:00.000Z,1.08,False,matched
2023-09-08,Haiti,Cuba,0,0,CONCACAF Nations League,Santo Domingo,Dominican Republic,True,draw,0,4258220.0,20230909,886558.0,CONCACAF Nations League A Grp. 2,Haiti,Haiti,0.0,Cuba,Cuba,0.0,FT,2023-09-08T20:00:00.000Z,1.08,False,matched
2023-09-08,Uruguay,Chile,3,1,FIFA World Cup qualification,Montevideo,Uruguay,False,home_win,2,4196492.0,20230909,884579.0,World Cup Qualification CONMEBOL,Uruguay,Uruguay,3.0,Chile,Chile,1.0,FT,2023-09-08T23:00:00.000Z,1.08,False,matched
2023-09-08,Brazil,Bolivia,5,1,FIFA World Cup qualification,Belém,Brazil,False,home_win,4,4196503.0,20230909,884579.0,World Cup Qualification CONMEBOL,Brazil,Brazil,5.0,Bolivia,Bolivia,1.0,FT,2023-09-09T00:45:00.000Z,1.08,False,matched
2023-09-08,Costa Rica,Saudi Arabia,3,1,Friendly,Newcastle,England,True,home_win,2,4301036.0,20230909,882729.0,Friendlies,Saudi Arabia,Saudi Arabia,1.0,Costa Rica,Costa Rica,3.0,FT,2023-09-08T19:00:00.000Z,1.08,True,matched
2023-09-08,Egypt,Ethiopia,1,0,African Cup of Nations qualification,Cairo,Egypt,False,home_win,1,3876914.0,20230909,878891.0,Africa Cup of Nations Qualification Grp. D,Egypt,Egypt,1.0,Ethiopia,Ethiopia,0.0,FT,2023-09-08T16:00:00.000Z,1.08,False,matched
2023-09-08,Georgia,Spain,1,7,UEFA Euro qualification,Tbilisi,Georgia,False,away_win,-6,4044566.0,20230909,881522.0,EURO Qualification Grp. A,Georgia,Georgia,1.0,Spain,Spain,7.0,FT,2023-09-08T16:00:00.000Z,1.08,False,matched
2023-09-08,Cyprus,Scotland,0,3,UEFA Euro qualification,Larnaca,Cyprus,False,away_win,-3,4044561.0,20230909,881522.0,EURO Qualification Grp. A,Cyprus,Cyprus,0.0,Scotland,Scotland,3.0,FT,2023-09-08T18:45:00.000Z,1.08,False,matched
2023-09-08,Croatia,Latvia,5,0,UEFA Euro qualification,Rijeka,Croatia,False,home_win,5,4044706.0,20230909,881525.0,EURO Qualification Grp. D,Croatia,Croatia,5.0,Latvia,Latvia,0.0,FT,2023-09-08T18:45:00.000Z,1.08,False,matched
2023-09-08,Turkey,Armenia,1,1,UEFA Euro qualification,Eskişehir,Turkey,False,draw,0,4044707.0,20230909,881525.0,EURO Qualification Grp. D,Türkiye,Türkiye,1.0,Armenia,Armenia,1.0,FT,2023-09-08T18:45:00.000Z,1.08,False,matched
2023-09-08,Bosnia and Herzegovina,Liechtenstein,2,1,UEFA Euro qualification,Zenica,Bosnia and Herzegovina,False,home_win,1,4044591.0,20230909,881531.0,EURO Qualification Grp. J,Bosnia and Herzegovina,Bosnia and Herzegovina,2.0,Liechtenstein,Liechtenstein,1.0,FT,2023-09-08T18:45:00.000Z,1.08,False,matched
2023-09-08,Slovakia,Portugal,0,1,UEFA Euro qualification,Bratislava,Slovakia,False,away_win,-1,4044589.0,20230909,881531.0,EURO Qualification Grp. J,Slovakia,Slovakia,0.0,Portugal,Portugal,1.0,FT,2023-09-08T18:45:00.000Z,1.08,False,matched
2023-09-09,Germany,Japan,1,4,Friendly,Wolfsburg,Germany,False,away_win,-3,4188733.0,20230910,882729.0,Friendlies,Germany,Germany,1.0,Japan,Japan,4.0,FT,2023-09-09T18:45:00.000Z,1.08,False,matched
2023-09-09,Mexico,Australia,2,2,Friendly,Arlington,United States,True,draw,0,4259655.0,20230910,882729.0,Friendlies,Mexico,Mexico,2.0,Australia,Australia,2.0,FT,2023-09-10T02:00:00.000Z,1.08,False,matched
2023-09-09,South Africa,Namibia,0,0,Friendly,Johannesburg,South Africa,False,draw,0,4301286.0,20230909,882729.0,Friendlies,South Africa,South Africa,0.0,Namibia,Namibia,0.0,FT,2023-09-09T13:00:00.000Z,1.08,False,matched
2023-09-09,United States,Uzbekistan,3,0,Friendly,St. Louis,United States,False,home_win,3,4267355.0,20230910,882729.0,Friendlies,USA,USA,3.0,Uzbekistan,Uzbekistan,0.0,FT,2023-09-09T21:35:00.000Z,1.08,False,matched
2023-09-09,Ivory Coast,Lesotho,1,0,African Cup of Nations qualification,San-Pédro,Ivory Coast,False,home_win,1,3876930.0,20230910,878895.0,Africa Cup of Nations Qualification Grp. H,Ivory Coast,Ivory Coast,1.0,Lesotho,Lesotho,0.0,FT,2023-09-09T16:00:00.000Z,1.08,False,matched
2023-09-09,DR Congo,Sudan,2,0,African Cup of Nations qualification,Kinshasa,DR Congo,False,home_win,2,3876926.0,20230910,878896.0,Africa Cup of Nations Qualification Grp. I,DR Congo,DR Congo,2.0,Sudan,Sudan,0.0,FT,2023-09-09T16:00:00.000Z,1.08,False,matched
2023-09-09,Rwanda,Senegal,1,1,African Cup of Nations qualification,Butare,Rwanda,False,draw,0,3876942.0,20230910,878899.0,Africa Cup of Nations Qualification Grp. L,Senegal,Senegal,1.0,Rwanda,Rwanda,1.0,FT,2023-09-09T19:00:00.000Z,1.08,True,matched
2023-09-09,Ukraine,England,1,1,UEFA Euro qualification,Wrocław,Poland,True,draw,0,4044686.0,20230910,881524.0,EURO Qualification Grp. C,Ukraine,Ukraine,1.0,England,England,1.0,FT,2023-09-09T16:00:00.000Z,1.08,False,matched
2023-09-09,Azerbaijan,Belgium,0,1,UEFA Euro qualification,Baku,Azerbaijan,False,away_win,-1,4044766.0,20230909,881527.0,EURO Qualification Grp. F,Azerbaijan,Azerbaijan,0.0,Belgium,Belgium,1.0,FT,2023-09-09T13:00:00.000Z,1.08,False,matched
2023-09-09,Estonia,Sweden,0,5,UEFA Euro qualification,Tallinn,Estonia,False,away_win,-5,4044767.0,20230910,881527.0,EURO Qualification Grp. F,Estonia,Estonia,0.0,Sweden,Sweden,5.0,FT,2023-09-09T16:00:00.000Z,1.08,False,matched
2023-09-09,Kosovo,Switzerland,2,2,UEFA Euro qualification,Pristina,Kosovo,False,draw,0,4044648.0,20230910,881530.0,EURO Qualification Grp. I,Kosovo,Kosovo,2.0,Switzerland,Switzerland,2.0,FT,2023-09-09T18:45:00.000Z,1.08,False,matched
2023-09-10,Guatemala,Panama,1,1,CONCACAF Nations League,Guatemala City,Guatemala,False,draw,0,4258216.0,20230911,886557.0,CONCACAF Nations League A Grp. 1,Guatemala,Guatemala,1.0,Panama,Panama,1.0,FT,2023-09-11T00:06:00.000Z,1.08,False,matched
2023-09-10,Martinique,Curaçao,1,0,CONCACAF Nations League,Fort-de-France,Martinique,False,home_win,1,4258215.0,20230911,886557.0,CONCACAF Nations League A Grp. 1,Martinique,Martinique,1.0,Curacao,Curacao,0.0,FT,2023-09-11T00:00:00.000Z,1.08,False,matched
2023-09-10,Hungary,Czech Republic,1,1,Friendly,Budapest,Hungary,False,draw,0,4115352.0,20230911,882729.0,Friendlies,Hungary,Hungary,1.0,Czechia,Czechia,1.0,FT,2023-09-10T16:00:00.000Z,1.08,False,matched
2023-09-10,Togo,Cape Verde,3,2,African Cup of Nations qualification,Lomé,Togo,False,home_win,1,3876905.0,20230911,878889.0,Africa Cup of Nations Qualification Grp. B,Togo,Togo,3.0,Cape Verde,Cape Verde,2.0,FT,2023-09-10T16:00:00.000Z,1.08,False,matched
2023-09-10,Republic of Ireland,Netherlands,1,2,UEFA Euro qualification,Dublin,Republic of Ireland,False,away_win,-1,4044672.0,20230911,881523.0,EURO Qualification Grp. B,Ireland,Ireland,1.0,Netherlands,Netherlands,2.0,FT,2023-09-10T18:45:00.000Z,1.04,False,matched
2023-09-10,Thailand,Iraq,2,2,King's Cup,Chiang Mai,Thailand,False,draw,0,,,,,,,,,,,,,,,not_matched
2023-09-11,Armenia,Croatia,0,1,UEFA Euro qualification,Yerevan,Armenia,False,away_win,-1,4044708.0,20230912,881525.0,EURO Qualification Grp. D,Armenia,Armenia,0.0,Croatia,Croatia,1.0,FT,2023-09-11T16:00:00.000Z,1.08,False,matched
2023-09-11,Iceland,Bosnia and Herzegovina,1,0,UEFA Euro qualification,Reykjavík,Iceland,False,home_win,1,4044592.0,20230912,881531.0,EURO Qualification Grp. J,Iceland,Iceland,1.0,Bosnia and Herzegovina,Bosnia and Herzegovina,0.0,FT,2023-09-11T18:45:00.000Z,1.08,False,matched
2023-09-11,Portugal,Luxembourg,9,0,UEFA Euro qualification,São João da Venda,Portugal,False,home_win,9,4044594.0,20230912,881531.0,EURO Qualification Grp. J,Portugal,Portugal,9.0,Luxembourg,Luxembourg,0.0,FT,2023-09-11T18:45:00.000Z,1.08,False,matched
2023-09-12,Jamaica,Haiti,2,2,CONCACAF Nations League,Kingston,Jamaica,False,draw,0,4258228.0,20230913,886558.0,CONCACAF Nations League A Grp. 2,Jamaica,Jamaica,2.0,Haiti,Haiti,2.0,FT,2023-09-13T00:06:00.000Z,1.08,False,matched
2023-09-12,Bolivia,Argentina,0,3,FIFA World Cup qualification,La Paz,Bolivia,False,away_win,-3,4196498.0,20230913,884579.0,World Cup Qualification CONMEBOL,Bolivia,Bolivia,0.0,Argentina,Argentina,3.0,FT,2023-09-12T20:00:00.000Z,1.08,False,matched
2023-09-12,Ecuador,Uruguay,2,1,FIFA World Cup qualification,Quito,Ecuador,False,home_win,1,4196496.0,20230913,884579.0,World Cup Qualification CONMEBOL,Ecuador,Ecuador,2.0,Uruguay,Uruguay,1.0,FT,2023-09-12T21:00:00.000Z,1.08,False,matched
2023-09-12,Venezuela,Paraguay,1,0,FIFA World Cup qualification,Maturín,Venezuela,False,home_win,1,4196499.0,20230913,884579.0,World Cup Qualification CONMEBOL,Venezuela,Venezuela,1.0,Paraguay,Paraguay,0.0,FT,2023-09-12T22:00:00.000Z,1.08,False,matched
2023-09-12,Peru,Brazil,0,1,FIFA World Cup qualification,Lima,Peru,False,away_win,-1,4196500.0,20230913,884579.0,World Cup Qualification CONMEBOL,Peru,Peru,0.0,Brazil,Brazil,1.0,FT,2023-09-13T02:00:00.000Z,1.08,False,matched
2023-09-12,Chile,Colombia,0,0,FIFA World Cup qualification,Santiago,Chile,False,draw,0,4196497.0,20230913,884579.0,World Cup Qualification CONMEBOL,Chile,Chile,0.0,Colombia,Colombia,0.0,FT,2023-09-13T00:30:00.000Z,1.08,False,matched
2023-09-12,Azerbaijan,Jordan,2,1,Friendly,Baku,Azerbaijan,False,home_win,1,4132642.0,20230913,882729.0,Friendlies,Azerbaijan,Azerbaijan,2.0,Jordan,Jordan,1.0,FT,2023-09-12T16:00:00.000Z,1.08,False,matched
2023-09-12,Egypt,Tunisia,1,3,Friendly,Cairo,Egypt,False,away_win,-2,4312713.0,20230913,882729.0,Friendlies,Egypt,Egypt,1.0,Tunisia,Tunisia,3.0,FT,2023-09-12T17:00:00.000Z,1.08,False,matched
2023-09-12,Germany,France,2,1,Friendly,Dortmund,Germany,False,home_win,1,4194622.0,20230913,882729.0,Friendlies,Germany,Germany,2.0,France,France,1.0,FT,2023-09-12T19:00:00.000Z,1.08,False,matched
2023-09-12,Qatar,Russia,1,1,Friendly,Al Wakrah,Qatar,False,draw,0,4245077.0,20230913,882729.0,Friendlies,Qatar,Qatar,1.0,Russia,Russia,1.0,FT,2023-09-12T15:15:00.000Z,1.08,False,matched
2023-09-12,Ghana,Liberia,3,1,Friendly,Accra,Ghana,False,home_win,2,,,,,,,,,,,,,,,not_matched
2023-09-12,Iran,Angola,4,0,Friendly,Tehran,Iran,False,home_win,4,,,,,,,,,,,,,,,not_matched
2023-09-12,Japan,Turkey,4,2,Friendly,Genk,Belgium,True,home_win,2,4312712.0,20230912,882729.0,Friendlies,Japan,Japan,4.0,Türkiye,Türkiye,2.0,FT,2023-09-12T12:20:00.000Z,1.08,False,matched
2023-09-12,South Korea,Saudi Arabia,1,0,Friendly,Newcastle,England,True,home_win,1,4301037.0,20230913,882729.0,Friendlies,South Korea,South Korea,1.0,Saudi Arabia,Saudi Arabia,0.0,FT,2023-09-12T16:30:00.000Z,1.08,False,matched
2023-09-12,Mexico,Uzbekistan,3,3,Friendly,Atlanta,United States,True,draw,0,4259656.0,20230913,882729.0,Friendlies,Mexico,Mexico,3.0,Uzbekistan,Uzbekistan,3.0,FT,2023-09-13T00:00:00.000Z,1.08,False,matched
2023-09-12,Morocco,Burkina Faso,1,0,Friendly,Lens,France,True,home_win,1,4312714.0,20230913,882729.0,Friendlies,Morocco,Morocco,1.0,Burkina Faso,Burkina Faso,0.0,FT,2023-09-12T18:35:00.000Z,1.08,False,matched
2023-09-12,Scotland,England,1,3,Friendly,Glasgow,Scotland,False,away_win,-2,4086213.0,20230913,882729.0,Friendlies,Scotland,Scotland,1.0,England,England,3.0,FT,2023-09-12T18:45:00.000Z,1.08,False,matched
2023-09-12,Senegal,Algeria,0,1,Friendly,Diamniadio,Senegal,False,away_win,-1,4312716.0,20230913,882729.0,Friendlies,Senegal,Senegal,0.0,Algeria,Algeria,1.0,FT,2023-09-12T19:00:00.000Z,1.08,False,matched
2023-09-12,South Africa,DR Congo,1,0,Friendly,Johannesburg,South Africa,False,home_win,1,4301287.0,20230913,882729.0,Friendlies,South Africa,South Africa,1.0,DR Congo,DR Congo,0.0,FT,2023-09-12T15:00:00.000Z,1.08,False,matched
2023-09-12,United States,Oman,4,0,Friendly,Saint Paul,United States,False,home_win,4,4267356.0,20230913,882729.0,Friendlies,USA,USA,4.0,Oman,Oman,0.0,FT,2023-09-13T00:40:00.000Z,1.08,False,matched
2023-09-12,Norway,Georgia,2,1,UEFA Euro qualification,Oslo,Norway,False,home_win,1,4044573.0,20230913,881522.0,EURO Qualification Grp. A,Norway,Norway,2.0,Georgia,Georgia,1.0,FT,2023-09-12T18:45:00.000Z,1.08,False,matched
2023-09-12,Spain,Cyprus,6,0,UEFA Euro qualification,Granada,Spain,False,home_win,6,4044567.0,20230913,881522.0,EURO Qualification Grp. A,Spain,Spain,6.0,Cyprus,Cyprus,0.0,FT,2023-09-12T18:45:00.000Z,1.08,False,matched
2023-09-12,Belgium,Estonia,5,0,UEFA Euro qualification,Brussels,Belgium,False,home_win,5,4044768.0,20230913,881527.0,EURO Qualification Grp. F,Belgium,Belgium,5.0,Estonia,Estonia,0.0,FT,2023-09-12T18:45:00.000Z,1.08,False,matched
2023-09-12,Sweden,Austria,1,3,UEFA Euro qualification,Stockholm,Sweden,False,away_win,-2,4044769.0,20230913,881527.0,EURO Qualification Grp. F,Sweden,Sweden,1.0,Austria,Austria,3.0,FT,2023-09-12T18:45:00.000Z,1.08,False,matched
2023-09-12,Switzerland,Andorra,3,0,UEFA Euro qualification,Sion,Switzerland,False,home_win,3,4044651.0,20230913,881530.0,EURO Qualification Grp. I,Switzerland,Switzerland,3.0,Andorra,Andorra,0.0,FT,2023-09-12T18:45:00.000Z,1.08,False,matched
2023-10-12,Suriname,Haiti,1,1,CONCACAF Nations League,Paramaribo,Suriname,False,draw,0,4258225.0,20231013,886558.0,CONCACAF Nations League A Grp. 2,Suriname,Suriname,1.0,Haiti,Haiti,1.0,FT,2023-10-12T22:00:00.000Z,1.08,False,matched
2023-10-12,Colombia,Uruguay,2,2,FIFA World Cup qualification,Barranquilla,Colombia,False,draw,0,4196495.0,20231013,884579.0,World Cup Qualification CONMEBOL,Colombia,Colombia,2.0,Uruguay,Uruguay,2.0,FT,2023-10-12T20:30:00.000Z,1.08,False,matched
2023-10-12,Bolivia,Ecuador,1,2,FIFA World Cup qualification,La Paz,Bolivia,False,away_win,-1,4196493.0,20231013,884579.0,World Cup Qualification CONMEBOL,Bolivia,Bolivia,1.0,Ecuador,Ecuador,2.0,FT,2023-10-12T23:00:00.000Z,1.08,False,matched
2023-10-12,Argentina,Paraguay,1,0,FIFA World Cup qualification,Buenos Aires,Argentina,False,home_win,1,4196505.0,20231013,884579.0,World Cup Qualification CONMEBOL,Argentina,Argentina,1.0,Paraguay,Paraguay,0.0,FT,2023-10-12T23:00:00.000Z,1.08,False,matched
2023-10-12,Brazil,Venezuela,1,1,FIFA World Cup qualification,Cuiabá,Brazil,False,draw,0,4196494.0,20231013,884579.0,World Cup Qualification CONMEBOL,Brazil,Brazil,1.0,Venezuela,Venezuela,1.0,FT,2023-10-13T00:30:00.000Z,1.08,False,matched
2023-10-12,Algeria,Cape Verde,5,1,Friendly,Constantine,Algeria,False,home_win,4,4337375.0,20231013,882729.0,Friendlies,Algeria,Algeria,5.0,Cape Verde,Cape Verde,1.0,FT,2023-10-12T19:00:00.000Z,1.08,False,matched
2023-10-12,Egypt,Zambia,1,0,Friendly,Al Ain,United Arab Emirates,True,home_win,1,4340511.0,20231013,882729.0,Friendlies,Egypt,Egypt,1.0,Zambia,Zambia,0.0,FT,2023-10-12T16:00:00.000Z,1.08,False,matched
2023-10-12,Sweden,Moldova,3,1,Friendly,Stockholm,Sweden,False,home_win,2,4267357.0,20231013,882729.0,Friendlies,Sweden,Sweden,3.0,Moldova,Moldova,1.0,FT,2023-10-12T17:00:00.000Z,1.08,False,matched
2023-10-12,Spain,Scotland,2,0,UEFA Euro qualification,Seville,Spain,False,home_win,2,4044562.0,20231013,881522.0,EURO Qualification Grp. A,Spain,Spain,2.0,Scotland,Scotland,0.0,FT,2023-10-12T18:45:00.000Z,1.08,False,matched
2023-10-12,Cyprus,Norway,0,4,UEFA Euro qualification,Larnaca,Cyprus,False,away_win,-4,4044574.0,20231013,881522.0,EURO Qualification Grp. A,Cyprus,Cyprus,0.0,Norway,Norway,4.0,FT,2023-10-12T18:45:00.000Z,1.08,False,matched
2023-10-12,Croatia,Turkey,0,1,UEFA Euro qualification,Osijek,Croatia,False,away_win,-1,4044710.0,20231013,881525.0,EURO Qualification Grp. D,Croatia,Croatia,0.0,Türkiye,Türkiye,1.0,FT,2023-10-12T18:45:00.000Z,1.08,False,matched
2023-10-12,Albania,Czech Republic,3,0,UEFA Euro qualification,Tirana,Albania,False,home_win,3,4044730.0,20231013,881526.0,EURO Qualification Grp. E,Albania,Albania,3.0,Czechia,Czechia,0.0,FT,2023-10-12T18:45:00.000Z,1.08,False,matched
2023-10-13,Curaçao,Panama,1,2,CONCACAF Nations League,Willemstad,Curaçao,False,away_win,-1,4258213.0,20231014,886557.0,CONCACAF Nations League A Grp. 1,Curacao,Curacao,1.0,Panama,Panama,2.0,FT,2023-10-13T21:00:00.000Z,1.08,False,matched
2023-10-13,DR Congo,New Zealand,1,1,Friendly,Murcia,Spain,True,draw,0,,,,,,,,,,,,,,,not_matched
2023-10-13,England,Australia,1,0,Friendly,London,England,False,home_win,1,4127246.0,20231014,882729.0,Friendlies,England,England,1.0,Australia,Australia,0.0,FT,2023-10-13T18:45:00.000Z,1.08,False,matched
2023-10-13,Iraq,Qatar,0,0,Friendly,Amman,Jordan,True,draw,0,,,,,,,,,,,,,,,not_matched
2023-10-13,Japan,Canada,4,1,Friendly,Niigata,Japan,False,home_win,3,4323138.0,20231013,882729.0,Friendlies,Japan,Japan,4.0,Canada,Canada,1.0,FT,2023-10-13T10:35:00.000Z,1.08,False,matched
2023-10-13,South Korea,Tunisia,4,0,Friendly,Seoul,South Korea,False,home_win,4,4331662.0,20231013,882729.0,Friendlies,South Korea,South Korea,4.0,Tunisia,Tunisia,0.0,FT,2023-10-13T11:00:00.000Z,1.08,False,matched
2023-10-13,Nigeria,Saudi Arabia,2,2,Friendly,Portimão,Portugal,True,draw,0,4331664.0,20231014,882729.0,Friendlies,Saudi Arabia,Saudi Arabia,2.0,Nigeria,Nigeria,2.0,FT,2023-10-13T16:00:00.000Z,1.08,True,matched
2023-10-13,South Africa,Eswatini,0,0,Friendly,Johannesburg,South Africa,False,draw,0,4301288.0,20231014,882729.0,Friendlies,South Africa,South Africa,0.0,Eswatini,Eswatini,0.0,FT,2023-10-13T16:00:00.000Z,1.08,False,matched
2023-10-13,Vietnam,Uzbekistan,0,2,Friendly,Dalian,China,True,away_win,-2,,,,,,,,,,,,,,,not_matched
2023-10-13,Netherlands,France,1,2,UEFA Euro qualification,Amsterdam,Netherlands,False,away_win,-1,4044673.0,20231014,881523.0,EURO Qualification Grp. B,Netherlands,Netherlands,1.0,France,France,2.0,FT,2023-10-13T18:45:00.000Z,1.08,False,matched
2023-10-13,Austria,Belgium,2,3,UEFA Euro qualification,Vienna,Austria,False,away_win,-1,4044770.0,20231014,881527.0,EURO Qualification Grp. F,Austria,Austria,2.0,Belgium,Belgium,3.0,FT,2023-10-13T18:45:00.000Z,1.08,False,matched
2023-10-13,Portugal,Slovakia,3,2,UEFA Euro qualification,Porto,Portugal,False,home_win,1,4044596.0,20231014,881531.0,EURO Qualification Grp. J,Portugal,Portugal,3.0,Slovakia,Slovakia,2.0,FT,2023-10-13T18:45:00.000Z,1.08,False,matched
2023-10-13,Liechtenstein,Bosnia and Herzegovina,0,2,UEFA Euro qualification,Vaduz,Liechtenstein,False,away_win,-2,4044595.0,20231014,881531.0,EURO Qualification Grp. J,Liechtenstein,Liechtenstein,0.0,Bosnia and Herzegovina,Bosnia and Herzegovina,2.0,FT,2023-10-13T18:45:00.000Z,1.08,False,matched
2023-10-14,Ivory Coast,Morocco,1,1,Friendly,Abidjan,Ivory Coast,False,draw,0,4301285.0,20231015,882729.0,Friendlies,Ivory Coast,Ivory Coast,1.0,Morocco,Morocco,1.0,FT,2023-10-14T17:00:00.000Z,1.08,False,matched
2023-10-14,Mexico,Ghana,2,0,Friendly,Charlotte,United States,True,home_win,2,4259657.0,20231015,882729.0,Friendlies,Mexico,Mexico,2.0,Ghana,Ghana,0.0,FT,2023-10-15T01:05:00.000Z,1.08,False,matched
2023-10-14,United States,Germany,1,3,Friendly,East Hartford,United States,False,away_win,-2,4246408.0,20231015,882729.0,Friendlies,USA,USA,1.0,Germany,Germany,3.0,FT,2023-10-14T19:07:00.000Z,1.08,False,matched
2023-10-15,Haiti,Jamaica,2,3,CONCACAF Nations League,Port of Spain,Trinidad and Tobago,True,away_win,-1,4258222.0,20231016,886558.0,CONCACAF Nations League A Grp. 2,Haiti,Haiti,2.0,Jamaica,Jamaica,3.0,FT,2023-10-16T00:00:00.000Z,1.08,False,matched
2023-10-15,Norway,Spain,0,1,UEFA Euro qualification,Oslo,Norway,False,away_win,-1,4044568.0,20231016,881522.0,EURO Qualification Grp. A,Norway,Norway,0.0,Spain,Spain,1.0,FT,2023-10-15T18:45:00.000Z,1.08,False,matched
2023-10-15,Wales,Croatia,2,1,UEFA Euro qualification,Cardiff,Wales,False,home_win,1,4044713.0,20231016,881525.0,EURO Qualification Grp. D,Wales,Wales,2.0,Croatia,Croatia,1.0,FT,2023-10-15T18:45:00.000Z,1.08,False,matched
2023-10-15,Turkey,Latvia,4,0,UEFA Euro qualification,Konya,Turkey,False,home_win,4,4044712.0,20231016,881525.0,EURO Qualification Grp. D,Türkiye,Türkiye,4.0,Latvia,Latvia,0.0,FT,2023-10-15T18:45:00.000Z,1.08,False,matched
2023-10-15,Czech Republic,Faroe Islands,1,0,UEFA Euro qualification,Plzeň,Czech Republic,False,home_win,1,4044732.0,20231016,881526.0,EURO Qualification Grp. E,Czechia,Czechia,1.0,Faroe Islands,Faroe Islands,0.0,FT,2023-10-15T16:00:00.000Z,1.08,False,matched
2023-10-15,Switzerland,Belarus,3,3,UEFA Euro qualification,St. Gallen,Switzerland,False,draw,0,4044655.0,20231016,881530.0,EURO Qualification Grp. I,Switzerland,Switzerland,3.0,Belarus,Belarus,3.0,FT,2023-10-15T16:00:00.000Z,1.08,False,matched
2023-10-16,Algeria,Egypt,1,1,Friendly,Al Ain,United Arab Emirates,True,draw,0,4337376.0,20231017,882729.0,Friendlies,Egypt,Egypt,1.0,Algeria,Algeria,1.0,FT,2023-10-16T16:00:00.000Z,1.08,True,matched
2023-10-16,China,Uzbekistan,1,2,Friendly,Dalian,China,False,away_win,-1,4341071.0,20231016,882729.0,Friendlies,China,China,1.0,Uzbekistan,Uzbekistan,2.0,FT,2023-10-16T11:35:00.000Z,1.08,False,matched
2023-10-16,Senegal,Cameroon,1,0,Friendly,Lens,France,True,home_win,1,4340922.0,20231017,882729.0,Friendlies,Senegal,Senegal,1.0,Cameroon,Cameroon,0.0,FT,2023-10-16T18:35:00.000Z,1.08,False,matched
2023-10-16,Greece,Netherlands,0,1,UEFA Euro qualification,Athens,Greece,False,away_win,-1,4044618.0,20231017,881523.0,EURO Qualification Grp. B,Greece,Greece,0.0,Netherlands,Netherlands,1.0,FT,2023-10-16T18:45:00.000Z,1.08,False,matched
2023-10-16,Azerbaijan,Austria,0,1,UEFA Euro qualification,Baku,Azerbaijan,False,away_win,-1,4044772.0,20231017,881527.0,EURO Qualification Grp. F,Azerbaijan,Azerbaijan,0.0,Austria,Austria,1.0,FT,2023-10-16T16:00:00.000Z,1.08,False,matched
2023-10-16,Belgium,Sweden,1,1,UEFA Euro qualification,Brussels,Belgium,False,draw,0,4044773.0,20231017,881527.0,EURO Qualification Grp. F,Belgium,Belgium,1.0,Sweden,Sweden,1.0,FT,2023-10-16T18:45:00.000Z,1.08,False,matched
2023-10-16,Bosnia and Herzegovina,Portugal,0,5,UEFA Euro qualification,Zenica,Bosnia and Herzegovina,False,away_win,-5,4044600.0,20231017,881531.0,EURO Qualification Grp. J,Bosnia and Herzegovina,Bosnia and Herzegovina,0.0,Portugal,Portugal,5.0,FT,2023-10-16T18:45:00.000Z,1.08,False,matched
2023-10-17,Panama,Guatemala,3,0,CONCACAF Nations League,Panama City,Panama,False,home_win,3,4258210.0,20231018,886557.0,CONCACAF Nations League A Grp. 1,Panama,Panama,3.0,Guatemala,Guatemala,0.0,FT,2023-10-18T01:00:00.000Z,1.08,False,matched
2023-10-17,Curaçao,Trinidad and Tobago,5,3,CONCACAF Nations League,Willemstad,Curaçao,False,home_win,2,4258219.0,20231018,886557.0,CONCACAF Nations League A Grp. 1,Curacao,Curacao,5.0,Trinidad and Tobago,Trinidad and Tobago,3.0,FT,2023-10-18T01:00:00.000Z,1.08,False,matched
2023-10-17,Ecuador,Colombia,0,0,FIFA World Cup qualification,Quito,Ecuador,False,draw,0,4196530.0,20231018,884579.0,World Cup Qualification CONMEBOL,Ecuador,Ecuador,0.0,Colombia,Colombia,0.0,FT,2023-10-17T23:30:00.000Z,1.08,False,matched
2023-10-17,Paraguay,Bolivia,1,0,FIFA World Cup qualification,Asunción,Paraguay,False,home_win,1,4196529.0,20231018,884579.0,World Cup Qualification CONMEBOL,Paraguay,Paraguay,1.0,Bolivia,Bolivia,0.0,FT,2023-10-17T22:30:00.000Z,1.08,False,matched
2023-10-17,Peru,Argentina,0,2,FIFA World Cup qualification,Lima,Peru,False,away_win,-2,4196527.0,20231018,884579.0,World Cup Qualification CONMEBOL,Peru,Peru,0.0,Argentina,Argentina,2.0,FT,2023-10-18T02:00:00.000Z,1.08,False,matched
2023-10-17,Uruguay,Brazil,2,0,FIFA World Cup qualification,Montevideo,Uruguay,False,home_win,2,4196526.0,20231018,884579.0,World Cup Qualification CONMEBOL,Uruguay,Uruguay,2.0,Brazil,Brazil,0.0,FT,2023-10-18T00:00:00.000Z,1.08,False,matched
2023-10-17,Angola,DR Congo,0,0,Friendly,Setúbal,Portugal,True,draw,0,,,,,,,,,,,,,,,not_matched
2023-10-17,Australia,New Zealand,2,0,Soccer Ashes,Brentford,England,True,home_win,2,4245078.0,20231018,882729.0,Friendlies,Australia,Australia,2.0,New Zealand,New Zealand,0.0,FT,2023-10-17T18:45:00.000Z,1.08,False,matched
2023-10-17,Cape Verde,Comoros,1,2,Friendly,Fos-sur-Mer,Cape Verde,False,away_win,-1,,,,,,,,,,,,,,,not_matched
2023-10-17,France,Scotland,4,1,Friendly,Lille,France,False,home_win,3,4194634.0,20231018,882729.0,Friendlies,France,France,4.0,Scotland,Scotland,1.0,FT,2023-10-17T19:10:00.000Z,1.08,False,matched
2023-10-17,Ivory Coast,South Africa,1,1,Friendly,Abidjan,Ivory Coast,False,draw,0,4301289.0,20231018,882729.0,Friendlies,Ivory Coast,Ivory Coast,1.0,South Africa,South Africa,1.0,FT,2023-10-17T19:05:00.000Z,1.08,False,matched
2023-10-17,South Korea,Vietnam,6,0,Friendly,Suwon,South Korea,False,home_win,6,4331663.0,20231017,882729.0,Friendlies,South Korea,South Korea,6.0,Vietnam,Vietnam,0.0,FT,2023-10-17T11:00:00.000Z,1.08,False,matched
2023-10-17,Mali,Saudi Arabia,3,1,Friendly,Portimão,Portugal,True,home_win,2,4345643.0,20231018,882729.0,Friendlies,Saudi Arabia,Saudi Arabia,1.0,Mali,Mali,3.0,FT,2023-10-17T15:00:00.000Z,1.08,True,matched
2023-10-17,Mexico,Germany,2,2,Friendly,Philadelphia,United States,True,draw,0,4259658.0,20231018,882729.0,Friendlies,Mexico,Mexico,2.0,Germany,Germany,2.0,FT,2023-10-18T00:15:00.000Z,1.08,False,matched
2023-10-17,United States,Ghana,4,0,Friendly,Nashville,United States,False,home_win,4,4267358.0,20231018,882729.0,Friendlies,USA,USA,4.0,Ghana,Ghana,0.0,FT,2023-10-18T00:35:00.000Z,1.08,False,matched
2023-10-17,Morocco,Liberia,3,0,African Cup of Nations qualification,Agadir,Morocco,False,home_win,3,3876946.0,20231018,878898.0,Africa Cup of Nations Qualification Grp. K,Morocco,Morocco,3.0,Liberia,Liberia,0.0,FT,2023-10-17T19:00:00.000Z,1.08,False,matched
2023-10-17,England,Italy,3,1,UEFA Euro qualification,London,England,False,home_win,2,4044692.0,20231018,881524.0,EURO Qualification Grp. C,England,England,3.0,Italy,Italy,1.0,FT,2023-10-17T18:45:00.000Z,1.08,False,matched
2023-11-15,DR Congo,Mauritania,2,0,FIFA World Cup qualification,Kinshasa,DR Congo,False,home_win,2,4341165.0,20231116,886900.0,World Cup Qualification CAF Grp. B,DR Congo,DR Congo,2.0,Mauritania,Mauritania,0.0,FT,2023-11-15T16:00:00.000Z,1.08,False,matched
2023-11-15,Belgium,Serbia,1,0,Friendly,Leuven,Belgium,False,home_win,1,4171820.0,20231116,882729.0,Friendlies,Belgium,Belgium,1.0,Serbia,Serbia,0.0,FT,2023-11-15T19:45:00.000Z,1.08,False,matched
2023-11-15,Israel,Switzerland,1,1,UEFA Euro qualification,Felcsút,Hungary,True,draw,0,4044654.0,20231116,881530.0,EURO Qualification Grp. I,Israel,Israel,1.0,Switzerland,Switzerland,1.0,FT,2023-11-15T19:45:00.000Z,1.08,False,matched
2023-11-16,Costa Rica,Panama,0,3,CONCACAF Nations League,San José,Costa Rica,False,away_win,-3,4349584.0,20231117,888101.0,CONCACAF Nations League A Championship Playoff,Costa Rica,Costa Rica,0.0,Panama,Panama,3.0,FT,2023-11-17T03:00:00.000Z,1.08,False,matched
2023-11-16,United States,Trinidad and Tobago,3,0,CONCACAF Nations League,Austin,United States,False,home_win,3,4349590.0,20231117,888101.0,CONCACAF Nations League A Championship Playoff,USA,USA,3.0,Trinidad and Tobago,Trinidad and Tobago,0.0,FT,2023-11-17T02:00:00.000Z,1.08,False,matched
2023-11-16,Venezuela,Ecuador,0,0,FIFA World Cup qualification,Maturín,Venezuela,False,draw,0,4196532.0,20231117,884579.0,World Cup Qualification CONMEBOL,Venezuela,Venezuela,0.0,Ecuador,Ecuador,0.0,FT,2023-11-16T22:00:00.000Z,1.08,False,matched
2023-11-16,Colombia,Brazil,2,1,FIFA World Cup qualification,Barranquilla,Colombia,False,home_win,1,4196531.0,20231117,884579.0,World Cup Qualification CONMEBOL,Colombia,Colombia,2.0,Brazil,Brazil,1.0,FT,2023-11-17T00:00:00.000Z,1.08,False,matched
2023-11-16,Argentina,Uruguay,0,2,FIFA World Cup qualification,Buenos Aires,Argentina,False,away_win,-2,4196534.0,20231117,884579.0,World Cup Qualification CONMEBOL,Argentina,Argentina,0.0,Uruguay,Uruguay,2.0,FT,2023-11-17T00:00:00.000Z,1.08,False,matched
2023-11-16,Chile,Paraguay,0,0,FIFA World Cup qualification,Santiago,Chile,False,draw,0,4196535.0,20231117,884579.0,World Cup Qualification CONMEBOL,Chile,Chile,0.0,Paraguay,Paraguay,0.0,FT,2023-11-17T00:30:00.000Z,1.08,False,matched
2023-11-16,Qatar,Afghanistan,8,1,FIFA World Cup qualification,Al Rayyan,Qatar,False,home_win,7,4348591.0,20231117,886881.0,World Cup Qualification AFC 2nd Round Grp. A,Qatar,Qatar,8.0,Afghanistan,Afghanistan,1.0,FT,2023-11-16T15:45:00.000Z,1.08,False,matched
2023-11-16,Japan,Myanmar,5,0,FIFA World Cup qualification,Suita,Japan,False,home_win,5,4348741.0,20231116,886882.0,World Cup Qualification AFC 2nd Round Grp. B,Japan,Japan,5.0,Myanmar,Myanmar,0.0,FT,2023-11-16T10:00:00.000Z,1.08,False,matched
2023-11-16,South Korea,Singapore,5,0,FIFA World Cup qualification,Seoul,South Korea,False,home_win,5,4348589.0,20231116,886883.0,World Cup Qualification AFC 2nd Round Grp. C,South Korea,South Korea,5.0,Singapore,Singapore,0.0,FT,2023-11-16T11:00:00.000Z,1.08,False,matched
2023-11-16,Iran,Hong Kong,4,0,FIFA World Cup qualification,Tehran,Iran,False,home_win,4,4348734.0,20231116,886885.0,World Cup Qualification AFC 2nd Round Grp. E,Iran,Iran,4.0,Hong Kong,Hong Kong,0.0,FT,2023-11-16T14:30:00.000Z,1.08,False,matched
2023-11-16,Turkmenistan,Uzbekistan,1,3,FIFA World Cup qualification,Ashgabat,Turkmenistan,False,away_win,-2,4278031.0,20231116,886885.0,World Cup Qualification AFC 2nd Round Grp. E,Turkmenistan,Turkmenistan,1.0,Uzbekistan,Uzbekistan,3.0,FT,2023-11-16T14:00:00.000Z,1.08,False,matched
2023-11-16,Iraq,Indonesia,5,1,FIFA World Cup qualification,Basra,Iraq,False,home_win,4,4348757.0,20231116,886886.0,World Cup Qualification AFC 2nd Round Grp. F,Iraq,Iraq,5.0,Indonesia,Indonesia,1.0,FT,2023-11-16T14:45:00.000Z,1.08,False,matched
2023-11-16,Tajikistan,Jordan,1,1,FIFA World Cup qualification,Dushanbe,Tajikistan,False,draw,0,4278039.0,20231116,886887.0,World Cup Qualification AFC 2nd Round Grp. G,Tajikistan,Tajikistan,1.0,Jordan,Jordan,1.0,FT,2023-11-16T13:00:00.000Z,1.08,False,matched
2023-11-16,Saudi Arabia,Pakistan,4,0,FIFA World Cup qualification,Al Hofuf,Saudi Arabia,False,home_win,4,4348730.0,20231117,886887.0,World Cup Qualification AFC 2nd Round Grp. G,Saudi Arabia,Saudi Arabia,4.0,Pakistan,Pakistan,0.0,FT,2023-11-16T16:30:00.000Z,1.08,False,matched
2023-11-16,Australia,Bangladesh,7,0,FIFA World Cup qualification,Melbourne,Australia,False,home_win,7,4348771.0,20231116,886889.0,World Cup Qualification AFC 2nd Round Grp. I,Australia,Australia,7.0,Bangladesh,Bangladesh,0.0,FT,2023-11-16T09:00:00.000Z,1.08,False,matched
2023-11-16,Egypt,Djibouti,6,0,FIFA World Cup qualification,Cairo,Egypt,False,home_win,6,4341099.0,20231117,886899.0,World Cup Qualification CAF Grp. A,Egypt,Egypt,6.0,Djibouti,Djibouti,0.0,FT,2023-11-16T16:00:00.000Z,1.08,False,matched
2023-11-16,Cape Verde,Angola,0,0,FIFA World Cup qualification,Praia,Cape Verde,False,draw,0,4341202.0,20231117,886902.0,World Cup Qualification CAF Grp. D,Cape Verde,Cape Verde,0.0,Angola,Angola,0.0,FT,2023-11-16T19:00:00.000Z,1.08,False,matched
2023-11-16,Algeria,Somalia,3,1,FIFA World Cup qualification,Algiers,Algeria,False,home_win,2,4341287.0,20231117,886905.0,World Cup Qualification CAF Grp. G,Algeria,Algeria,3.0,Somalia,Somalia,1.0,FT,2023-11-16T16:00:00.000Z,1.08,False,matched
2023-11-16,Curaçao,El Salvador,1,1,Friendly,Willemstad,Curaçao,False,draw,0,,,,,,,,,,,,,,,not_matched
2023-11-16,Norway,Faroe Islands,2,0,Friendly,Oslo,Norway,False,home_win,2,4119144.0,20231117,882729.0,Friendlies,Norway,Norway,2.0,Faroe Islands,Faroe Islands,0.0,FT,2023-11-16T17:00:00.000Z,1.08,False,matched
2023-11-16,Cyprus,Spain,1,3,UEFA Euro qualification,Limassol,Cyprus,False,away_win,-2,4044569.0,20231117,881522.0,EURO Qualification Grp. A,Cyprus,Cyprus,1.0,Spain,Spain,3.0,FT,2023-11-16T17:00:00.000Z,1.08,False,matched
2023-11-16,Georgia,Scotland,2,2,UEFA Euro qualification,Tbilisi,Georgia,False,draw,0,4044563.0,20231117,881522.0,EURO Qualification Grp. A,Georgia,Georgia,2.0,Scotland,Scotland,2.0,FT,2023-11-16T17:00:00.000Z,1.08,False,matched
2023-11-16,Estonia,Austria,0,2,UEFA Euro qualification,Tallinn,Estonia,False,away_win,-2,4044774.0,20231117,881527.0,EURO Qualification Grp. F,Estonia,Estonia,0.0,Austria,Austria,2.0,FT,2023-11-16T17:00:00.000Z,1.08,False,matched
2023-11-16,Azerbaijan,Sweden,3,0,UEFA Euro qualification,Baku,Azerbaijan,False,home_win,3,4044775.0,20231117,881527.0,EURO Qualification Grp. F,Azerbaijan,Azerbaijan,3.0,Sweden,Sweden,0.0,FT,2023-11-16T17:00:00.000Z,1.08,False,matched
2023-11-16,Liechtenstein,Portugal,0,2,UEFA Euro qualification,Vaduz,Liechtenstein,False,away_win,-2,4044601.0,20231117,881531.0,EURO Qualification Grp. J,Liechtenstein,Liechtenstein,0.0,Portugal,Portugal,2.0,FT,2023-11-16T19:45:00.000Z,1.08,False,matched
2023-11-16,Luxembourg,Bosnia and Herzegovina,4,1,UEFA Euro qualification,Luxembourg,Luxembourg,False,home_win,3,4044602.0,20231117,881531.0,EURO Qualification Grp. J,Luxembourg,Luxembourg,4.0,Bosnia and Herzegovina,Bosnia and Herzegovina,1.0,FT,2023-11-16T19:45:00.000Z,1.08,False,matched
2023-11-17,Honduras,Mexico,2,0,CONCACAF Nations League,Tegucigalpa,Honduras,False,home_win,2,4349586.0,20231118,888101.0,CONCACAF Nations League A Championship Playoff,Honduras,Honduras,2.0,Mexico,Mexico,0.0,FT,2023-11-18T02:00:00.000Z,1.08,False,matched
2023-11-17,Ivory Coast,Seychelles,9,0,FIFA World Cup qualification,Abidjan,Ivory Coast,False,home_win,9,4341297.0,20231118,886904.0,World Cup Qualification CAF Grp. F,Ivory Coast,Ivory Coast,9.0,Seychelles,Seychelles,0.0,FT,2023-11-17T19:00:00.000Z,1.08,False,matched
2023-11-17,Tunisia,São Tomé and Príncipe,4,0,FIFA World Cup qualification,Radès,Tunisia,False,home_win,4,4341365.0,20231118,886906.0,World Cup Qualification CAF Grp. H,Tunisia,Tunisia,4.0,Sao Tome and Principe,Sao Tome and Principe,0.0,FT,2023-11-17T19:00:00.000Z,1.08,False,matched
2023-11-17,Ghana,Madagascar,1,0,FIFA World Cup qualification,Kumasi,Ghana,False,home_win,1,4341250.0,20231118,886907.0,World Cup Qualification CAF Grp. I,Ghana,Ghana,1.0,Madagascar,Madagascar,0.0,FT,2023-11-17T16:00:00.000Z,1.08,False,matched
2023-11-17,Greece,New Zealand,2,0,Friendly,Athens,Greece,False,home_win,2,4337378.0,20231118,882729.0,Friendlies,Greece,Greece,2.0,New Zealand,New Zealand,0.0,FT,2023-11-17T17:00:00.000Z,1.08,False,matched
2023-11-17,England,Malta,2,0,UEFA Euro qualification,London,England,False,home_win,2,4044695.0,20231118,881524.0,EURO Qualification Grp. C,England,England,2.0,Malta,Malta,0.0,FT,2023-11-17T19:45:00.000Z,1.08,False,matched
2023-11-17,Poland,Czech Republic,1,1,UEFA Euro qualification,Warsaw,Poland,False,draw,0,4044734.0,20231118,881526.0,EURO Qualification Grp. E,Poland,Poland,1.0,Czechia,Czechia,1.0,FT,2023-11-17T19:45:00.000Z,1.08,False,matched
2023-11-18,Jamaica,Canada,1,2,CONCACAF Nations League,Kingston,Jamaica,False,away_win,-1,4349588.0,20231119,888101.0,CONCACAF Nations League A Championship Playoff,Jamaica,Jamaica,1.0,Canada,Canada,2.0,FT,2023-11-18T15:30:00.000Z,1.08,False,matched
2023-11-18,Senegal,South Sudan,4,0,FIFA World Cup qualification,Diamniadio,Senegal,False,home_win,4,4341152.0,20231119,886900.0,World Cup Qualification CAF Grp. B,Senegal,Senegal,4.0,South Sudan,South Sudan,0.0,FT,2023-11-18T19:00:00.000Z,1.08,False,matched
2023-11-18,South Africa,Benin,2,1,FIFA World Cup qualification,Durban,South Africa,False,home_win,1,4341123.0,20231118,886901.0,World Cup Qualification CAF Grp. C,South Africa,South Africa,2.0,Benin,Benin,1.0,FT,2023-11-18T13:00:00.000Z,1.08,False,matched
2023-11-18,Germany,Turkey,2,3,Friendly,Berlin,Germany,False,away_win,-1,4345778.0,20231119,882729.0,Friendlies,Germany,Germany,2.0,Turkiye,Turkiye,3.0,FT,2023-11-18T19:45:00.000Z,1.08,False,matched
2023-11-18,France,Gibraltar,14,0,UEFA Euro qualification,Nice,France,False,home_win,14,4044675.0,20231119,881523.0,EURO Qualification Grp. B,France,France,14.0,Gibraltar,Gibraltar,0.0,FT,2023-11-18T19:45:00.000Z,1.08,False,matched
2023-11-18,Netherlands,Republic of Ireland,1,0,UEFA Euro qualification,Amsterdam,Netherlands,False,home_win,1,4044676.0,20231119,881523.0,EURO Qualification Grp. B,Netherlands,Netherlands,1.0,Ireland,Ireland,0.0,FT,2023-11-18T19:45:00.000Z,1.04,False,matched
2023-11-18,Latvia,Croatia,0,2,UEFA Euro qualification,Riga,Latvia,False,away_win,-2,4044715.0,20231119,881525.0,EURO Qualification Grp. D,Latvia,Latvia,0.0,Croatia,Croatia,2.0,FT,2023-11-18T17:00:00.000Z,1.08,False,matched
2023-11-18,Switzerland,Kosovo,1,1,UEFA Euro qualification,Basel,Switzerland,False,draw,0,4044660.0,20231119,881530.0,EURO Qualification Grp. I,Switzerland,Switzerland,1.0,Kosovo,Kosovo,1.0,FT,2023-11-18T19:45:00.000Z,1.08,False,matched
2023-11-19,Sierra Leone,Egypt,0,2,FIFA World Cup qualification,Monrovia,Liberia,True,away_win,-2,4341102.0,20231120,886899.0,World Cup Qualification CAF Grp. A,Sierra Leone,Sierra Leone,0.0,Egypt,Egypt,2.0,FT,2023-11-19T16:00:00.000Z,1.08,False,matched
2023-11-19,Sudan,DR Congo,1,0,FIFA World Cup qualification,Benghazi,Libya,True,home_win,1,4341148.0,20231120,886900.0,World Cup Qualification CAF Grp. B,Sudan,Sudan,1.0,DR Congo,DR Congo,0.0,FT,2023-11-19T16:00:00.000Z,1.08,False,matched
2023-11-19,Mozambique,Algeria,0,2,FIFA World Cup qualification,Maputo,Mozambique,False,away_win,-2,4341317.0,20231119,886905.0,World Cup Qualification CAF Grp. G,Mozambique,Mozambique,0.0,Algeria,Algeria,2.0,FT,2023-11-19T13:00:00.000Z,1.08,False,matched
2023-11-19,Scotland,Norway,3,3,UEFA Euro qualification,Glasgow,Scotland,False,draw,0,4044564.0,20231120,881522.0,EURO Qualification Grp. A,Scotland,Scotland,3.0,Norway,Norway,3.0,FT,2023-11-19T19:45:00.000Z,1.08,False,matched
2023-11-19,Spain,Georgia,3,1,UEFA Euro qualification,Valladolid,Spain,False,home_win,2,4044570.0,20231120,881522.0,EURO Qualification Grp. A,Spain,Spain,3.0,Georgia,Georgia,1.0,FT,2023-11-19T19:45:00.000Z,1.08,False,matched
2023-11-19,Belgium,Azerbaijan,5,0,UEFA Euro qualification,Brussels,Belgium,False,home_win,5,4044776.0,20231120,881527.0,EURO Qualification Grp. F,Belgium,Belgium,5.0,Azerbaijan,Azerbaijan,0.0,FT,2023-11-19T17:00:00.000Z,1.08,False,matched
2023-11-19,Sweden,Estonia,2,0,UEFA Euro qualification,Stockholm,Sweden,False,home_win,2,4044777.0,20231120,881527.0,EURO Qualification Grp. F,Sweden,Sweden,2.0,Estonia,Estonia,0.0,FT,2023-11-19T17:00:00.000Z,1.08,False,matched
2023-11-19,Portugal,Iceland,2,0,UEFA Euro qualification,Lisbon,Portugal,False,home_win,2,4044606.0,20231120,881531.0,EURO Qualification Grp. J,Portugal,Portugal,2.0,Iceland,Iceland,0.0,FT,2023-11-19T19:45:00.000Z,1.08,False,matched
2023-11-19,Bosnia and Herzegovina,Slovakia,1,2,UEFA Euro qualification,Zenica,Bosnia and Herzegovina,False,away_win,-1,4044605.0,20231120,881531.0,EURO Qualification Grp. J,Bosnia and Herzegovina,Bosnia and Herzegovina,1.0,Slovakia,Slovakia,2.0,FT,2023-11-19T19:45:00.000Z,1.08,False,matched
2023-11-20,Panama,Costa Rica,3,1,CONCACAF Nations League,Panama City,Panama,False,home_win,2,4349585.0,20231121,888101.0,CONCACAF Nations League A Championship Playoff,Panama,Panama,3.0,Costa Rica,Costa Rica,1.0,FT,2023-11-21T02:00:00.000Z,1.08,False,matched
2023-11-20,Trinidad and Tobago,United States,2,1,CONCACAF Nations League,Port of Spain,Trinidad and Tobago,False,home_win,1,4349591.0,20231121,888101.0,CONCACAF Nations League A Championship Playoff,Trinidad and Tobago,Trinidad and Tobago,2.0,USA,USA,1.0,FT,2023-11-21T00:00:00.000Z,1.08,False,matched
2023-11-20,Gambia,Ivory Coast,0,2,FIFA World Cup qualification,Dar es Salaam,Tanzania,True,away_win,-2,4341314.0,20231121,886904.0,World Cup Qualification CAF Grp. F,Gambia,Gambia,0.0,Ivory Coast,Ivory Coast,2.0,FT,2023-11-20T16:00:00.000Z,1.08,False,matched
2023-11-20,Curaçao,El Salvador,1,1,Friendly,Willemstad,Curaçao,False,draw,0,,,,,,,,,,,,,,,not_matched
2023-11-20,North Macedonia,England,1,1,UEFA Euro qualification,Skopje,North Macedonia,False,draw,0,4044697.0,20231121,881524.0,EURO Qualification Grp. C,North Macedonia,North Macedonia,1.0,England,England,1.0,FT,2023-11-20T19:45:00.000Z,1.08,False,matched
2023-11-20,Czech Republic,Moldova,3,0,UEFA Euro qualification,Olomouc,Czech Republic,False,home_win,3,4044736.0,20231121,881526.0,EURO Qualification Grp. E,Czechia,Czechia,3.0,Moldova,Moldova,0.0,FT,2023-11-20T19:45:00.000Z,1.08,False,matched
2023-11-21,Canada,Jamaica,2,3,CONCACAF Nations League,Toronto,Canada,False,away_win,-1,4349589.0,20231122,888101.0,CONCACAF Nations League A Championship Playoff,Canada,Canada,2.0,Jamaica,Jamaica,3.0,FT,2023-11-22T00:30:00.000Z,1.08,False,matched
2023-11-21,Mexico,Honduras,2,0,CONCACAF Nations League,Mexico City,Mexico,False,home_win,2,4349587.0,20231122,888101.0,CONCACAF Nations League A Championship Playoff,Mexico,Mexico,2.0,Honduras,Honduras,0.0,Pen,2023-11-22T02:30:00.000Z,1.08,False,matched
2023-11-21,Ecuador,Chile,1,0,FIFA World Cup qualification,Quito,Ecuador,False,home_win,1,4196540.0,20231122,884579.0,World Cup Qualification CONMEBOL,Ecuador,Ecuador,1.0,Chile,Chile,0.0,FT,2023-11-21T23:30:00.000Z,1.08,False,matched
2023-11-21,Paraguay,Colombia,0,1,FIFA World Cup qualification,Asunción,Paraguay,False,away_win,-1,4196539.0,20231122,884579.0,World Cup Qualification CONMEBOL,Paraguay,Paraguay,0.0,Colombia,Colombia,1.0,FT,2023-11-21T23:00:00.000Z,1.08,False,matched
2023-11-21,Uruguay,Bolivia,3,0,FIFA World Cup qualification,Montevideo,Uruguay,False,home_win,3,4196536.0,20231122,884579.0,World Cup Qualification CONMEBOL,Uruguay,Uruguay,3.0,Bolivia,Bolivia,0.0,FT,2023-11-21T23:30:00.000Z,1.08,False,matched
2023-11-21,Brazil,Argentina,0,1,FIFA World Cup qualification,Rio de Janeiro,Brazil,False,away_win,-1,4196538.0,20231122,884579.0,World Cup Qualification CONMEBOL,Brazil,Brazil,0.0,Argentina,Argentina,1.0,FT,2023-11-22T00:30:00.000Z,1.08,False,matched
2023-11-21,India,Qatar,0,3,FIFA World Cup qualification,Bhubaneswar,India,False,away_win,-3,4278054.0,20231121,886881.0,World Cup Qualification AFC 2nd Round Grp. A,India,India,0.0,Qatar,Qatar,3.0,FT,2023-11-21T13:30:00.000Z,1.08,False,matched
2023-11-21,Syria,Japan,0,5,FIFA World Cup qualification,Jeddah,Saudi Arabia,True,away_win,-5,4278048.0,20231121,886882.0,World Cup Qualification AFC 2nd Round Grp. B,Syria,Syria,0.0,Japan,Japan,5.0,FT,2023-11-21T14:45:00.000Z,1.08,False,matched
2023-11-21,China,South Korea,0,3,FIFA World Cup qualification,Shenzhen,China,False,away_win,-3,4278062.0,20231121,886883.0,World Cup Qualification AFC 2nd Round Grp. C,China,China,0.0,South Korea,South Korea,3.0,FT,2023-11-21T12:00:00.000Z,1.08,False,matched
2023-11-21,Uzbekistan,Iran,2,2,FIFA World Cup qualification,Tashkent,Uzbekistan,False,draw,0,4278030.0,20231121,886885.0,World Cup Qualification AFC 2nd Round Grp. E,Uzbekistan,Uzbekistan,2.0,Iran,Iran,2.0,FT,2023-11-21T13:00:00.000Z,1.08,False,matched
2023-11-21,Vietnam,Iraq,0,1,FIFA World Cup qualification,Hanoi,Vietnam,False,away_win,-1,4278044.0,20231121,886886.0,World Cup Qualification AFC 2nd Round Grp. F,Vietnam,Vietnam,0.0,Iraq,Iraq,1.0,FT,2023-11-21T12:00:00.000Z,1.08,False,matched
2023-11-21,Jordan,Saudi Arabia,0,2,FIFA World Cup qualification,Amman,Jordan,False,away_win,-2,4278038.0,20231122,886887.0,World Cup Qualification AFC 2nd Round Grp. G,Jordan,Jordan,0.0,Saudi Arabia,Saudi Arabia,2.0,FT,2023-11-21T16:00:00.000Z,1.08,False,matched
2023-11-21,Palestine,Australia,0,1,FIFA World Cup qualification,Kuwait City,Kuwait,True,away_win,-1,4278069.0,20231121,886889.0,World Cup Qualification AFC 2nd Round Grp. I,Palestine,Palestine,0.0,Australia,Australia,1.0,FT,2023-11-21T14:00:00.000Z,1.08,False,matched
2023-11-21,Togo,Senegal,0,0,FIFA World Cup qualification,Lomé,Togo,False,draw,0,4341149.0,20231122,886900.0,World Cup Qualification CAF Grp. B,Togo,Togo,0.0,Senegal,Senegal,0.0,FT,2023-11-21T16:00:00.000Z,1.08,False,matched
2023-11-21,Rwanda,South Africa,2,0,FIFA World Cup qualification,Butare,Rwanda,False,home_win,2,4341118.0,20231121,886901.0,World Cup Qualification CAF Grp. C,Rwanda,Rwanda,2.0,South Africa,South Africa,0.0,FT,2023-11-21T13:00:00.000Z,1.08,False,matched
2023-11-21,Eswatini,Cape Verde,0,2,FIFA World Cup qualification,Mbombela,South Africa,True,away_win,-2,4341210.0,20231121,886902.0,World Cup Qualification CAF Grp. D,Eswatini,Eswatini,0.0,Cape Verde,Cape Verde,2.0,FT,2023-11-21T13:00:00.000Z,1.08,False,matched
2023-11-21,Tanzania,Morocco,0,2,FIFA World Cup qualification,Dar es Salaam,Tanzania,False,away_win,-2,4341181.0,20231122,886903.0,World Cup Qualification CAF Grp. E,Tanzania,Tanzania,0.0,Morocco,Morocco,2.0,FT,2023-11-21T19:00:00.000Z,1.08,False,matched
2023-11-21,Malawi,Tunisia,0,1,FIFA World Cup qualification,Lilongwe,Malawi,False,away_win,-1,4341362.0,20231121,886906.0,World Cup Qualification CAF Grp. H,Malawi,Malawi,0.0,Tunisia,Tunisia,1.0,FT,2023-11-21T13:00:00.000Z,1.08,False,matched
2023-11-21,Comoros,Ghana,1,0,FIFA World Cup qualification,Moroni,Comoros,False,home_win,1,4341255.0,20231122,886907.0,World Cup Qualification CAF Grp. I,Comoros,Comoros,1.0,Ghana,Ghana,0.0,FT,2023-11-21T16:00:00.000Z,1.08,False,matched
2023-11-21,Austria,Germany,2,0,Friendly,Vienna,Austria,False,home_win,2,4301284.0,20231122,882729.0,Friendlies,Austria,Austria,2.0,Germany,Germany,0.0,FT,2023-11-21T19:45:00.000Z,1.08,False,matched
2023-11-21,Republic of Ireland,New Zealand,1,1,Friendly,Dublin,Republic of Ireland,False,draw,0,4323859.0,20231122,882729.0,Friendlies,Ireland,Ireland,1.0,New Zealand,New Zealand,1.0,FT,2023-11-21T19:45:00.000Z,1.04,False,matched
2023-11-21,Gibraltar,Netherlands,0,6,UEFA Euro qualification,Faro-Loulé,Portugal,True,away_win,-6,4044677.0,20231122,881523.0,EURO Qualification Grp. B,Gibraltar,Gibraltar,0.0,Netherlands,Netherlands,6.0,FT,2023-11-21T19:45:00.000Z,1.08,False,matched
2023-11-21,Greece,France,2,2,UEFA Euro qualification,Athens,Greece,False,draw,0,4044619.0,20231122,881523.0,EURO Qualification Grp. B,Greece,Greece,2.0,France,France,2.0,FT,2023-11-21T19:45:00.000Z,1.08,False,matched
2023-11-21,Wales,Turkey,1,1,UEFA Euro qualification,Cardiff,Wales,False,draw,0,4044717.0,20231122,881525.0,EURO Qualification Grp. D,Wales,Wales,1.0,Turkiye,Turkiye,1.0,FT,2023-11-21T19:45:00.000Z,1.08,False,matched
2023-11-21,Croatia,Armenia,1,0,UEFA Euro qualification,Zagreb,Croatia,False,home_win,1,4044716.0,20231122,881525.0,EURO Qualification Grp. D,Croatia,Croatia,1.0,Armenia,Armenia,0.0,FT,2023-11-21T19:45:00.000Z,1.08,False,matched
2023-11-21,Romania,Switzerland,1,0,UEFA Euro qualification,Bucharest,Romania,False,home_win,1,4044661.0,20231122,881530.0,EURO Qualification Grp. I,Romania,Romania,1.0,Switzerland,Switzerland,0.0,FT,2023-11-21T19:45:00.000Z,1.08,False,matched
2023-12-16,Mexico,Colombia,2,3,Friendly,Los Angeles,United States,True,away_win,-1,,,,,,,,,,,,,,,not_matched
2024-01-01,Japan,Thailand,5,0,Friendly,Tokyo,Japan,False,home_win,5,4372324.0,20240101,888512.0,Friendlies,Japan,Japan,5.0,Thailand,Thailand,0.0,FT,2024-01-01T05:00:00.000Z,1.08,False,matched
2024-01-04,Saudi Arabia,Lebanon,1,0,Friendly,Doha,Qatar,True,home_win,1,4378523.0,20240104,888512.0,Friendlies,Saudi Arabia,Saudi Arabia,1.0,Lebanon,Lebanon,0.0,FT,2024-01-04T13:30:00.000Z,1.08,False,matched
2024-01-05,Iran,Burkina Faso,2,1,Friendly,Kish,Iran,False,home_win,1,,,,,,,,,,,,,,,not_matched
2024-01-05,Qatar,Jordan,1,2,Friendly,Al Rayyan,Qatar,False,away_win,-1,,,,,,,,,,,,,,,not_matched
2024-01-05,Togo,Algeria,0,3,Friendly,Lomé,Togo,False,away_win,-3,,,,,,,,,,,,,,,not_matched
2024-01-06,DR Congo,Angola,0,0,Friendly,Dubai,United Arab Emirates,True,draw,0,,,,,,,,,,,,,,,not_matched
2024-01-06,Iraq,South Korea,0,1,Friendly,Abu Dhabi,United Arab Emirates,True,away_win,-1,4390799.0,20240106,888512.0,Friendlies,Iraq,Iraq,0.0,South Korea,South Korea,1.0,FT,2024-01-06T13:05:00.000Z,1.08,False,matched
2024-01-06,Bahrain,Australia,0,2,Friendly,Abu Dhabi,United Arab Emirates,True,away_win,-2,4372325.0,20240106,888512.0,Friendlies,Bahrain,Bahrain,0.0,Australia,Australia,2.0,FT,2024-01-06T14:00:00.000Z,1.08,False,matched
2024-01-06,Ivory Coast,Sierra Leone,5,1,Friendly,San-Pédro,Ivory Coast,False,home_win,4,4390800.0,20240107,888512.0,Friendlies,Ivory Coast,Ivory Coast,5.0,Sierra Leone,Sierra Leone,1.0,FT,2024-01-06T17:00:00.000Z,1.08,False,matched
2024-01-06,Tunisia,Mauritania,0,0,Friendly,Radès,Tunisia,False,draw,0,,,,,,,,,,,,,,,not_matched
2024-01-07,Uzbekistan,Palestine,1,0,Friendly,Doha,Qatar,True,home_win,1,,,,,,,,,,,,,,,not_matched
2024-01-07,Egypt,Tanzania,2,0,Friendly,Cairo,Egypt,False,home_win,2,4390801.0,20240108,888512.0,Friendlies,Egypt,Egypt,2.0,Tanzania,Tanzania,0.0,FT,2024-01-07T16:00:00.000Z,1.08,False,matched
2024-01-08,Senegal,Niger,1,0,Friendly,Dakar,Senegal,False,home_win,1,,,,,,,,,,,,,,,not_matched
2024-01-08,Ghana,Namibia,0,0,Friendly,Kumasi,Ghana,False,draw,0,,,,,,,,,,,,,,,not_matched
2024-01-09,Japan,Jordan,6,1,Friendly,Doha,Qatar,True,home_win,5,4388119.0,20240109,888512.0,Friendlies,Japan,Japan,6.0,Jordan,Jordan,1.0,FT,2024-01-09T11:30:00.000Z,1.08,False,matched
2024-01-09,Saudi Arabia,Palestine,0,0,Friendly,Al Wakrah,Qatar,True,draw,0,,,,,,,,,,,,,,,not_matched
2024-01-09,Burundi,Algeria,0,4,Friendly,Lomé,Togo,True,away_win,-4,4395094.0,20240110,888512.0,Friendlies,Burundi,Burundi,0.0,Algeria,Algeria,4.0,FT,2024-01-09T15:05:00.000Z,1.08,False,matched
2024-01-09,Indonesia,Iran,0,5,Friendly,Al Rayyan,Qatar,True,away_win,-5,,,,,,,,,,,,,,,not_matched
2024-01-10,South Africa,Lesotho,0,0,Friendly,Pretoria,South Africa,False,draw,0,4395355.0,20240110,888512.0,Friendlies,South Africa,South Africa,0.0,Lesotho,Lesotho,0.0,FT,2024-01-10T13:00:00.000Z,1.08,False,matched
2024-01-10,DR Congo,Burkina Faso,1,2,Friendly,Abu Dhabi,United Arab Emirates,True,away_win,-1,4395718.0,20240110,888512.0,Friendlies,DR Congo,DR Congo,1.0,Burkina Faso,Burkina Faso,2.0,FT,2024-01-10T13:20:00.000Z,1.08,False,matched
2024-01-10,Saudi Arabia,Hong Kong,2,0,Friendly,Al Wakrah,Qatar,True,home_win,2,,,,,,,,,,,,,,,not_matched
2024-01-10,Tunisia,Cape Verde,2,0,Friendly,Radès,Tunisia,False,home_win,2,4395354.0,20240111,888512.0,Friendlies,Tunisia,Tunisia,2.0,Cape Verde,Cape Verde,0.0,FT,2024-01-10T17:30:00.000Z,1.08,False,matched
2024-01-11,Morocco,Sierra Leone,3,1,Friendly,San-Pédro,Ivory Coast,True,home_win,2,,,,,,,,,,,,,,,not_matched
2024-01-12,Qatar,Lebanon,3,0,AFC Asian Cup,Lusail,Qatar,False,home_win,3,4169711.0,20240113,885363.0,Asian Cup Grp. A,Qatar,Qatar,3.0,Lebanon,Lebanon,0.0,FT,2024-01-12T16:00:00.000Z,1.08,False,matched
2024-01-12,Sweden,Estonia,2,1,Friendly,Paphos,Cyprus,True,home_win,1,4378521.0,20240113,888512.0,Friendlies,Sweden,Sweden,2.0,Estonia,Estonia,1.0,FT,2024-01-12T18:00:00.000Z,1.08,False,matched
2024-01-13,Australia,India,2,0,AFC Asian Cup,Al Rayyan,Qatar,True,home_win,2,4169717.0,20240113,885364.0,Asian Cup Grp. B,Australia,Australia,2.0,India,India,0.0,FT,2024-01-13T11:30:00.000Z,1.08,False,matched
2024-01-13,Uzbekistan,Syria,0,0,AFC Asian Cup,Doha,Qatar,True,draw,0,4169718.0,20240114,885364.0,Asian Cup Grp. B,Uzbekistan,Uzbekistan,0.0,Syria,Syria,0.0,FT,2024-01-13T17:30:00.000Z,1.08,False,matched
2024-01-13,Ivory Coast,Guinea-Bissau,2,0,African Cup of Nations,Ebimpé,Ivory Coast,False,home_win,2,4346221.0,20240114,888005.0,Africa Cup of Nations Grp. A,Ivory Coast,Ivory Coast,2.0,Guinea-Bissau,Guinea-Bissau,0.0,FT,2024-01-13T20:00:00.000Z,1.08,False,matched
2024-01-14,Iran,Palestine,4,1,AFC Asian Cup,Al Rayyan,Qatar,True,home_win,3,4169724.0,20240115,885365.0,Asian Cup Grp. C,Iran,Iran,4.0,Palestine,Palestine,1.0,FT,2024-01-14T17:30:00.000Z,1.08,False,matched
2024-01-14,Japan,Vietnam,4,2,AFC Asian Cup,Doha,Qatar,True,home_win,2,4169730.0,20240114,885366.0,Asian Cup Grp. D,Japan,Japan,4.0,Vietnam,Vietnam,2.0,FT,2024-01-14T11:30:00.000Z,1.08,False,matched
2024-01-14,Egypt,Mozambique,2,2,African Cup of Nations,Abidjan,Ivory Coast,True,draw,0,4346225.0,20240115,888006.0,Africa Cup of Nations Grp. B,Egypt,Egypt,2.0,Mozambique,Mozambique,2.0,FT,2024-01-14T17:00:00.000Z,1.08,False,matched
2024-01-14,Ghana,Cape Verde,1,2,African Cup of Nations,Abidjan,Ivory Coast,True,away_win,-1,4346226.0,20240115,888006.0,Africa Cup of Nations Grp. B,Ghana,Ghana,1.0,Cape Verde,Cape Verde,2.0,FT,2024-01-14T20:00:00.000Z,1.08,False,matched
2024-01-15,Indonesia,Iraq,1,3,AFC Asian Cup,Doha,Qatar,True,away_win,-2,4169731.0,20240115,885366.0,Asian Cup Grp. D,Indonesia,Indonesia,1.0,Iraq,Iraq,3.0,FT,2024-01-15T14:30:00.000Z,1.08,False,matched
2024-01-15,South Korea,Bahrain,3,1,AFC Asian Cup,Doha,Qatar,True,home_win,2,4169736.0,20240115,885367.0,Asian Cup Grp. E,South Korea,South Korea,3.0,Bahrain,Bahrain,1.0,FT,2024-01-15T11:30:00.000Z,1.08,False,matched
2024-01-15,Malaysia,Jordan,0,4,AFC Asian Cup,Al Wakrah,Qatar,True,away_win,-4,4169737.0,20240116,885367.0,Asian Cup Grp. E,Malaysia,Malaysia,0.0,Jordan,Jordan,4.0,FT,2024-01-15T17:30:00.000Z,1.08,False,matched
2024-01-15,Senegal,Gambia,3,0,African Cup of Nations,Yamoussoukro,Ivory Coast,True,home_win,3,4346229.0,20240115,888007.0,Africa Cup of Nations Grp. C,Senegal,Senegal,3.0,Gambia,Gambia,0.0,FT,2024-01-15T14:00:00.000Z,1.08,False,matched
2024-01-15,Algeria,Angola,1,1,African Cup of Nations,Bouaké,Ivory Coast,True,draw,0,4346209.0,20240116,888008.0,Africa Cup of Nations Grp. D,Algeria,Algeria,1.0,Angola,Angola,1.0,FT,2024-01-15T20:00:00.000Z,1.08,False,matched
2024-01-16,Saudi Arabia,Oman,2,1,AFC Asian Cup,Al Rayyan,Qatar,True,home_win,1,4169743.0,20240117,885368.0,Asian Cup Grp. F,Saudi Arabia,Saudi Arabia,2.0,Oman,Oman,1.0,FT,2024-01-16T17:30:00.000Z,1.08,False,matched
2024-01-16,Tunisia,Namibia,0,1,African Cup of Nations,Korhogo,Ivory Coast,True,away_win,-1,4346242.0,20240117,888009.0,Africa Cup of Nations Grp. E,Tunisia,Tunisia,0.0,Namibia,Namibia,1.0,FT,2024-01-16T17:00:00.000Z,1.08,False,matched
2024-01-16,Mali,South Africa,2,0,African Cup of Nations,Korhogo,Ivory Coast,True,home_win,2,4346241.0,20240117,888009.0,Africa Cup of Nations Grp. E,Mali,Mali,2.0,South Africa,South Africa,0.0,FT,2024-01-16T20:00:00.000Z,1.08,False,matched
2024-01-17,Qatar,Tajikistan,1,0,AFC Asian Cup,Al Khor,Qatar,False,home_win,1,4169714.0,20240117,885363.0,Asian Cup Grp. A,Tajikistan,Tajikistan,0.0,Qatar,Qatar,1.0,FT,2024-01-17T14:30:00.000Z,1.08,True,matched
2024-01-17,Morocco,Tanzania,3,0,African Cup of Nations,San-Pédro,Ivory Coast,True,home_win,3,4346240.0,20240118,888010.0,Africa Cup of Nations Grp. F,Morocco,Morocco,3.0,Tanzania,Tanzania,0.0,FT,2024-01-17T17:00:00.000Z,1.08,False,matched
2024-01-17,DR Congo,Zambia,1,1,African Cup of Nations,San-Pédro,Ivory Coast,True,draw,0,4346239.0,20240118,888010.0,Africa Cup of Nations Grp. F,DR Congo,DR Congo,1.0,Zambia,Zambia,1.0,FT,2024-01-17T20:00:00.000Z,1.08,False,matched
2024-01-18,Syria,Australia,0,1,AFC Asian Cup,Doha,Qatar,True,away_win,-1,4169719.0,20240118,885364.0,Asian Cup Grp. B,Syria,Syria,0.0,Australia,Australia,1.0,FT,2024-01-18T11:30:00.000Z,1.08,False,matched
2024-01-18,India,Uzbekistan,0,3,AFC Asian Cup,Al Rayyan,Qatar,True,away_win,-3,4169720.0,20240118,885364.0,Asian Cup Grp. B,India,India,0.0,Uzbekistan,Uzbekistan,3.0,FT,2024-01-18T14:30:00.000Z,1.08,False,matched
2024-01-18,Ivory Coast,Nigeria,0,1,African Cup of Nations,Ebimpé,Ivory Coast,False,away_win,-1,4346208.0,20240119,888005.0,Africa Cup of Nations Grp. A,Ivory Coast,Ivory Coast,0.0,Nigeria,Nigeria,1.0,FT,2024-01-18T17:00:00.000Z,1.08,False,matched
2024-01-18,Egypt,Ghana,2,2,African Cup of Nations,Abidjan,Ivory Coast,True,draw,0,4346224.0,20240119,888006.0,Africa Cup of Nations Grp. B,Egypt,Egypt,2.0,Ghana,Ghana,2.0,FT,2024-01-18T20:00:00.000Z,1.08,False,matched
2024-01-19,Hong Kong,Iran,0,1,AFC Asian Cup,Al Rayyan,Qatar,True,away_win,-1,4169726.0,20240120,885365.0,Asian Cup Grp. C,Hong Kong,Hong Kong,0.0,Iran,Iran,1.0,FT,2024-01-19T17:30:00.000Z,1.08,False,matched
2024-01-19,Iraq,Japan,2,1,AFC Asian Cup,Al Rayyan,Qatar,True,home_win,1,4169732.0,20240119,885366.0,Asian Cup Grp. D,Iraq,Iraq,2.0,Japan,Japan,1.0,FT,2024-01-19T11:30:00.000Z,1.08,False,matched
2024-01-19,Cape Verde,Mozambique,3,0,African Cup of Nations,Abidjan,Ivory Coast,True,home_win,3,4346227.0,20240119,888006.0,Africa Cup of Nations Grp. B,Cape Verde,Cape Verde,3.0,Mozambique,Mozambique,0.0,FT,2024-01-19T14:00:00.000Z,1.08,False,matched
2024-01-19,Senegal,Cameroon,3,1,African Cup of Nations,Yamoussoukro,Ivory Coast,True,home_win,2,4346228.0,20240120,888007.0,Africa Cup of Nations Grp. C,Senegal,Senegal,3.0,Cameroon,Cameroon,1.0,FT,2024-01-19T17:00:00.000Z,1.08,False,matched
2024-01-20,Jordan,South Korea,2,2,AFC Asian Cup,Doha,Qatar,True,draw,0,4169738.0,20240120,885367.0,Asian Cup Grp. E,Jordan,Jordan,2.0,South Korea,South Korea,2.0,FT,2024-01-20T11:30:00.000Z,1.08,False,matched
2024-01-20,Algeria,Burkina Faso,2,2,African Cup of Nations,Bouaké,Ivory Coast,True,draw,0,4346219.0,20240120,888008.0,Africa Cup of Nations Grp. D,Algeria,Algeria,2.0,Burkina Faso,Burkina Faso,2.0,FT,2024-01-20T14:00:00.000Z,1.08,False,matched
2024-01-20,Tunisia,Mali,1,1,African Cup of Nations,Korhogo,Ivory Coast,True,draw,0,4346232.0,20240121,888009.0,Africa Cup of Nations Grp. E,Tunisia,Tunisia,1.0,Mali,Mali,1.0,FT,2024-01-20T20:00:00.000Z,1.08,False,matched
2024-01-20,United States,Slovenia,0,1,Friendly,San Antonio,United States,False,away_win,-1,4378522.0,20240121,888512.0,Friendlies,USA,USA,0.0,Slovenia,Slovenia,1.0,FT,2024-01-20T20:05:00.000Z,1.08,False,matched
2024-01-21,Kyrgyzstan,Saudi Arabia,0,2,AFC Asian Cup,Al Rayyan,Qatar,True,away_win,-2,4169745.0,20240122,885368.0,Asian Cup Grp. F,Kyrgyzstan,Kyrgyzstan,0.0,Saudi Arabia,Saudi Arabia,2.0,FT,2024-01-21T17:30:00.000Z,1.08,False,matched
2024-01-21,South Africa,Namibia,4,0,African Cup of Nations,Korhogo,Ivory Coast,True,home_win,4,4346236.0,20240122,888009.0,Africa Cup of Nations Grp. E,South Africa,South Africa,4.0,Namibia,Namibia,0.0,FT,2024-01-21T20:00:00.000Z,1.08,False,matched
2024-01-21,Morocco,DR Congo,1,1,African Cup of Nations,San-Pédro,Ivory Coast,True,draw,0,4346235.0,20240121,888010.0,Africa Cup of Nations Grp. F,Morocco,Morocco,1.0,DR Congo,DR Congo,1.0,FT,2024-01-21T14:00:00.000Z,1.08,False,matched
2024-01-22,Qatar,China,1,0,AFC Asian Cup,Al Rayyan,Qatar,False,home_win,1,4169716.0,20240123,885363.0,Asian Cup Grp. A,Qatar,Qatar,1.0,China,China,0.0,FT,2024-01-22T15:00:00.000Z,1.08,False,matched
2024-01-22,Ivory Coast,Equatorial Guinea,0,4,African Cup of Nations,Ebimpé,Ivory Coast,False,away_win,-4,4346212.0,20240123,888005.0,Africa Cup of Nations Grp. A,Equatorial Guinea,Equatorial Guinea,4.0,Ivory Coast,Ivory Coast,0.0,FT,2024-01-22T17:00:00.000Z,1.08,True,matched
2024-01-22,Cape Verde,Egypt,2,2,African Cup of Nations,Abidjan,Ivory Coast,True,draw,0,4346214.0,20240123,888006.0,Africa Cup of Nations Grp. B,Cape Verde,Cape Verde,2.0,Egypt,Egypt,2.0,FT,2024-01-22T20:00:00.000Z,1.08,False,matched
2024-01-22,Mozambique,Ghana,2,2,African Cup of Nations,Ebimpé,Ivory Coast,True,draw,0,4346215.0,20240123,888006.0,Africa Cup of Nations Grp. B,Mozambique,Mozambique,2.0,Ghana,Ghana,2.0,FT,2024-01-22T20:00:00.000Z,1.08,False,matched
2024-01-23,Australia,Uzbekistan,1,1,AFC Asian Cup,Al Wakrah,Qatar,True,draw,0,4169722.0,20240123,885364.0,Asian Cup Grp. B,Australia,Australia,1.0,Uzbekistan,Uzbekistan,1.0,FT,2024-01-23T11:30:00.000Z,1.08,False,matched
2024-01-23,Iran,United Arab Emirates,2,1,AFC Asian Cup,Al Rayyan,Qatar,True,home_win,1,,,,,,,,,,,,,,,not_matched
2024-01-23,Guinea,Senegal,0,2,African Cup of Nations,Yamoussoukro,Ivory Coast,True,away_win,-2,4346216.0,20240124,888007.0,Africa Cup of Nations Grp. C,Guinea,Guinea,0.0,Senegal,Senegal,2.0,FT,2024-01-23T17:00:00.000Z,1.08,False,matched
2024-01-23,Mauritania,Algeria,1,0,African Cup of Nations,Bouaké,Ivory Coast,True,home_win,1,4346218.0,20240124,888008.0,Africa Cup of Nations Grp. D,Mauritania,Mauritania,1.0,Algeria,Algeria,0.0,FT,2024-01-23T20:00:00.000Z,1.08,False,matched
2024-01-24,Iraq,Vietnam,3,2,AFC Asian Cup,Doha,Qatar,True,home_win,1,4169735.0,20240124,885366.0,Asian Cup Grp. D,Iraq,Iraq,3.0,Vietnam,Vietnam,2.0,FT,2024-01-24T11:30:00.000Z,1.08,False,matched
2024-01-24,Japan,Indonesia,3,1,AFC Asian Cup,Doha,Qatar,True,home_win,2,4169734.0,20240124,885366.0,Asian Cup Grp. D,Japan,Japan,3.0,Indonesia,Indonesia,1.0,FT,2024-01-24T11:30:00.000Z,1.08,False,matched
2024-01-24,South Africa,Tunisia,0,0,African Cup of Nations,Korhogo,Ivory Coast,True,draw,0,4346238.0,20240125,888009.0,Africa Cup of Nations Grp. E,South Africa,South Africa,0.0,Tunisia,Tunisia,0.0,FT,2024-01-24T17:00:00.000Z,1.08,False,matched
2024-01-24,Tanzania,DR Congo,0,0,African Cup of Nations,Korhogo,Ivory Coast,True,draw,0,4346233.0,20240125,888010.0,Africa Cup of Nations Grp. F,Tanzania,Tanzania,0.0,DR Congo,DR Congo,0.0,FT,2024-01-24T20:00:00.000Z,1.08,False,matched
2024-01-24,Zambia,Morocco,0,1,African Cup of Nations,San-Pédro,Ivory Coast,True,away_win,-1,4346234.0,20240125,888010.0,Africa Cup of Nations Grp. F,Zambia,Zambia,0.0,Morocco,Morocco,1.0,FT,2024-01-24T20:00:00.000Z,1.08,False,matched
2024-01-25,Jordan,Bahrain,0,1,AFC Asian Cup,Al Rayyan,Qatar,True,away_win,-1,4169741.0,20240125,885367.0,Asian Cup Grp. E,Jordan,Jordan,0.0,Bahrain,Bahrain,1.0,FT,2024-01-25T11:30:00.000Z,1.08,False,matched
2024-01-25,South Korea,Malaysia,3,3,AFC Asian Cup,Al Wakrah,Qatar,True,draw,0,4169740.0,20240125,885367.0,Asian Cup Grp. E,South Korea,South Korea,3.0,Malaysia,Malaysia,3.0,FT,2024-01-25T11:30:00.000Z,1.08,False,matched
2024-01-25,Saudi Arabia,Thailand,0,0,AFC Asian Cup,Al Rayyan,Qatar,True,draw,0,4169747.0,20240126,885368.0,Asian Cup Grp. F,Saudi Arabia,Saudi Arabia,0.0,Thailand,Thailand,0.0,FT,2024-01-25T15:00:00.000Z,1.08,False,matched
2024-01-28,Australia,Indonesia,4,0,AFC Asian Cup,Doha,Qatar,True,home_win,4,4394636.0,20240128,890103.0,Asian Cup Final Stage,Australia,Australia,4.0,Indonesia,Indonesia,0.0,FT,2024-01-28T11:30:00.000Z,1.08,False,matched
2024-01-28,Egypt,DR Congo,1,1,African Cup of Nations,San-Pédro,Ivory Coast,True,draw,0,4353231.0,20240129,888230.0,Africa Cup of Nations Final Stage,Egypt,Egypt,1.0,DR Congo,DR Congo,1.0,Pen,2024-01-28T20:00:00.000Z,1.08,False,matched
2024-01-29,Iraq,Jordan,2,3,AFC Asian Cup,Al Rayyan,Qatar,True,away_win,-1,4394632.0,20240129,890103.0,Asian Cup Final Stage,Iraq,Iraq,2.0,Jordan,Jordan,3.0,FT,2024-01-29T11:30:00.000Z,1.08,False,matched
2024-01-29,Qatar,Palestine,2,1,AFC Asian Cup,Al Khor,Qatar,False,home_win,1,4394634.0,20240130,890103.0,Asian Cup Final Stage,Qatar,Qatar,2.0,Palestine,Palestine,1.0,FT,2024-01-29T16:00:00.000Z,1.08,False,matched
2024-01-29,Cape Verde,Mauritania,1,0,African Cup of Nations,Abidjan,Ivory Coast,True,home_win,1,4353232.0,20240130,888230.0,Africa Cup of Nations Final Stage,Cape Verde,Cape Verde,1.0,Mauritania,Mauritania,0.0,FT,2024-01-29T17:00:00.000Z,1.08,False,matched
2024-01-29,Ivory Coast,Senegal,1,1,African Cup of Nations,Yamoussoukro,Ivory Coast,False,draw,0,4353233.0,20240130,888230.0,Africa Cup of Nations Final Stage,Senegal,Senegal,1.0,Ivory Coast,Ivory Coast,1.0,Pen,2024-01-29T20:00:00.000Z,1.08,True,matched
2024-01-30,Saudi Arabia,South Korea,1,1,AFC Asian Cup,Al Rayyan,Qatar,True,draw,0,4394639.0,20240131,890103.0,Asian Cup Final Stage,Saudi Arabia,Saudi Arabia,1.0,South Korea,South Korea,1.0,Pen,2024-01-30T16:00:00.000Z,1.08,False,matched
2024-01-30,Uzbekistan,Thailand,2,1,AFC Asian Cup,Al Wakrah,Qatar,True,home_win,1,4394635.0,20240130,890103.0,Asian Cup Final Stage,Uzbekistan,Uzbekistan,2.0,Thailand,Thailand,1.0,FT,2024-01-30T11:30:00.000Z,1.08,False,matched
2024-01-30,Morocco,South Africa,0,2,African Cup of Nations,San-Pédro,Ivory Coast,True,away_win,-2,4353235.0,20240131,888230.0,Africa Cup of Nations Final Stage,Morocco,Morocco,0.0,South Africa,South Africa,2.0,FT,2024-01-30T20:00:00.000Z,1.08,False,matched
2024-01-31,Bahrain,Japan,1,3,AFC Asian Cup,Doha,Qatar,True,away_win,-2,4394638.0,20240131,890103.0,Asian Cup Final Stage,Bahrain,Bahrain,1.0,Japan,Japan,3.0,FT,2024-01-31T11:30:00.000Z,1.08,False,matched
2024-01-31,Iran,Syria,1,1,AFC Asian Cup,Doha,Qatar,True,draw,0,4394637.0,20240201,890103.0,Asian Cup Final Stage,Iran,Iran,1.0,Syria,Syria,1.0,Pen,2024-01-31T16:00:00.000Z,1.08,False,matched
2024-02-02,Australia,South Korea,1,2,AFC Asian Cup,Al Wakrah,Qatar,True,away_win,-1,4394641.0,20240203,890103.0,Asian Cup Final Stage,Australia,Australia,1.0,South Korea,South Korea,2.0,AET,2024-02-02T15:30:00.000Z,1.08,False,matched
2024-02-02,Tajikistan,Jordan,0,1,AFC Asian Cup,Al Rayyan,Qatar,True,away_win,-1,4394640.0,20240202,890103.0,Asian Cup Final Stage,Tajikistan,Tajikistan,0.0,Jordan,Jordan,1.0,FT,2024-02-02T11:30:00.000Z,1.08,False,matched
2024-02-02,DR Congo,Guinea,3,1,African Cup of Nations,Ebimpé,Ivory Coast,True,home_win,2,4353242.0,20240203,888230.0,Africa Cup of Nations Final Stage,DR Congo,DR Congo,3.0,Guinea,Guinea,1.0,FT,2024-02-02T20:00:00.000Z,1.08,False,matched
2024-02-03,Iran,Japan,2,1,AFC Asian Cup,Al Rayyan,Qatar,True,home_win,1,4394642.0,20240203,890103.0,Asian Cup Final Stage,Iran,Iran,2.0,Japan,Japan,1.0,FT,2024-02-03T11:30:00.000Z,1.08,False,matched
2024-02-03,Qatar,Uzbekistan,1,1,AFC Asian Cup,Al Khor,Qatar,False,draw,0,4394643.0,20240204,890103.0,Asian Cup Final Stage,Qatar,Qatar,1.0,Uzbekistan,Uzbekistan,1.0,Pen,2024-02-03T15:30:00.000Z,1.08,False,matched
2024-02-03,Cape Verde,South Africa,0,0,African Cup of Nations,Yamoussoukro,Ivory Coast,True,draw,0,4353244.0,20240204,888230.0,Africa Cup of Nations Final Stage,Cape Verde,Cape Verde,0.0,South Africa,South Africa,0.0,Pen,2024-02-03T20:00:00.000Z,1.08,False,matched
2024-02-03,Ivory Coast,Mali,2,1,African Cup of Nations,Bouaké,Ivory Coast,False,home_win,1,4353243.0,20240204,888230.0,Africa Cup of Nations Final Stage,Mali,Mali,1.0,Ivory Coast,Ivory Coast,2.0,AET,2024-02-03T17:00:00.000Z,1.08,True,matched
2024-02-06,Jordan,South Korea,2,0,AFC Asian Cup,Al Rayyan,Qatar,True,home_win,2,4394644.0,20240207,890103.0,Asian Cup Final Stage,Jordan,Jordan,2.0,South Korea,South Korea,0.0,FT,2024-02-06T15:00:00.000Z,1.08,False,matched
2024-02-07,Qatar,Iran,3,2,AFC Asian Cup,Doha,Qatar,False,home_win,1,4394645.0,20240208,890103.0,Asian Cup Final Stage,Iran,Iran,2.0,Qatar,Qatar,3.0,FT,2024-02-07T15:00:00.000Z,1.08,True,matched
2024-02-07,Ivory Coast,DR Congo,1,0,African Cup of Nations,Ebimpé,Ivory Coast,False,home_win,1,4353246.0,20240208,888230.0,Africa Cup of Nations Final Stage,Ivory Coast,Ivory Coast,1.0,DR Congo,DR Congo,0.0,FT,2024-02-07T20:00:00.000Z,1.08,False,matched
2024-02-07,Nigeria,South Africa,1,1,African Cup of Nations,Bouaké,Ivory Coast,True,draw,0,4353245.0,20240208,888230.0,Africa Cup of Nations Final Stage,Nigeria,Nigeria,1.0,South Africa,South Africa,1.0,Pen,2024-02-07T17:00:00.000Z,1.08,False,matched
2024-02-10,Qatar,Jordan,3,1,AFC Asian Cup,Lusail,Qatar,False,home_win,2,4394647.0,20240211,890103.0,Asian Cup Final Stage,Jordan,Jordan,1.0,Qatar,Qatar,3.0,FT,2024-02-10T15:00:00.000Z,1.08,True,matched
2024-02-10,South Africa,DR Congo,0,0,African Cup of Nations,Abidjan,Ivory Coast,True,draw,0,4353247.0,20240211,888230.0,Africa Cup of Nations Final Stage,South Africa,South Africa,0.0,DR Congo,DR Congo,0.0,Pen,2024-02-10T20:00:00.000Z,1.08,False,matched
2024-02-11,Ivory Coast,Nigeria,2,1,African Cup of Nations,Ebimpé,Ivory Coast,False,home_win,1,4353248.0,20240212,888230.0,Africa Cup of Nations Final Stage,Nigeria,Nigeria,1.0,Ivory Coast,Ivory Coast,2.0,FT,2024-02-11T20:00:00.000Z,1.08,True,matched
2024-03-21,South Africa,Andorra,1,1,FIFA Series,Annaba,Algeria,True,draw,0,4418550.0,20240322,888512.0,Friendlies,South Africa,South Africa,1.0,Andorra,Andorra,1.0,FT,2024-03-21T21:00:00.000Z,1.08,False,matched
2024-03-21,Cape Verde,Guyana,1,0,FIFA Series,Jeddah,Saudi Arabia,True,home_win,1,4448778.0,20240322,888512.0,Friendlies,Cape Verde,Cape Verde,1.0,Guyana,Guyana,0.0,FT,2024-03-21T19:00:00.000Z,1.08,False,matched
2024-03-21,Panama,Mexico,0,3,CONCACAF Nations League,Arlington,United States,True,away_win,-3,4367596.0,20240322,888101.0,CONCACAF Nations League A Championship Playoff,Panama,Panama,0.0,Mexico,Mexico,3.0,FT,2024-03-22T02:15:00.000Z,1.08,False,matched
2024-03-21,United States,Jamaica,3,1,CONCACAF Nations League,Arlington,United States,False,home_win,2,4367595.0,20240322,888101.0,CONCACAF Nations League A Championship Playoff,USA,USA,3.0,Jamaica,Jamaica,1.0,AET,2024-03-21T23:00:00.000Z,1.08,False,matched
2024-03-21,Bosnia and Herzegovina,Ukraine,1,2,UEFA Euro qualification,Zenica,Bosnia and Herzegovina,False,away_win,-1,4369676.0,20240322,889060.0,UEFA Nations League B EURO Playoff,Bosnia and Herzegovina,Bosnia and Herzegovina,1.0,Ukraine,Ukraine,2.0,FT,2024-03-21T19:45:00.000Z,1.08,False,matched
2024-03-21,Qatar,Kuwait,3,0,FIFA World Cup qualification,Doha,Qatar,False,home_win,3,4278053.0,20240322,886881.0,World Cup Qualification AFC 2nd Round Grp. A,Qatar,Qatar,3.0,Kuwait,Kuwait,0.0,FT,2024-03-21T18:30:00.000Z,1.08,False,matched
2024-03-21,Japan,North Korea,1,0,FIFA World Cup qualification,Tokyo,Japan,False,home_win,1,4278047.0,20240321,886882.0,World Cup Qualification AFC 2nd Round Grp. B,Japan,Japan,1.0,North Korea,North Korea,0.0,FT,2024-03-21T10:23:00.000Z,1.08,False,matched
2024-03-21,South Korea,Thailand,1,1,FIFA World Cup qualification,Seoul,South Korea,False,draw,0,4278061.0,20240321,886883.0,World Cup Qualification AFC 2nd Round Grp. C,South Korea,South Korea,1.0,Thailand,Thailand,1.0,FT,2024-03-21T11:00:00.000Z,1.08,False,matched
2024-03-21,Iran,Turkmenistan,5,0,FIFA World Cup qualification,Tehran,Iran,False,home_win,5,4278029.0,20240322,886885.0,World Cup Qualification AFC 2nd Round Grp. E,Iran,Iran,5.0,Turkmenistan,Turkmenistan,0.0,FT,2024-03-21T16:00:00.000Z,1.08,False,matched
2024-03-21,Hong Kong,Uzbekistan,0,2,FIFA World Cup qualification,Hong Kong,Hong Kong,False,away_win,-2,4348736.0,20240321,886885.0,World Cup Qualification AFC 2nd Round Grp. E,Hong Kong,Hong Kong,0.0,Uzbekistan,Uzbekistan,2.0,FT,2024-03-21T12:00:00.000Z,1.08,False,matched
2024-03-21,Iraq,Philippines,1,0,FIFA World Cup qualification,Basra,Iraq,False,home_win,1,4278043.0,20240322,886886.0,World Cup Qualification AFC 2nd Round Grp. F,Iraq,Iraq,1.0,Philippines,Philippines,0.0,FT,2024-03-21T19:00:00.000Z,1.08,False,matched
2024-03-21,Pakistan,Jordan,0,3,FIFA World Cup qualification,Islamabad,Pakistan,False,away_win,-3,4348751.0,20240321,886887.0,World Cup Qualification AFC 2nd Round Grp. G,Pakistan,Pakistan,0.0,Jordan,Jordan,3.0,FT,2024-03-21T09:00:00.000Z,1.08,False,matched
2024-03-21,Saudi Arabia,Tajikistan,1,0,FIFA World Cup qualification,Riyadh,Saudi Arabia,False,home_win,1,4278037.0,20240322,886887.0,World Cup Qualification AFC 2nd Round Grp. G,Saudi Arabia,Saudi Arabia,1.0,Tajikistan,Tajikistan,0.0,FT,2024-03-21T19:00:00.000Z,1.08,False,matched
2024-03-21,Australia,Lebanon,2,0,FIFA World Cup qualification,Sydney,Australia,False,home_win,2,4278068.0,20240321,886889.0,World Cup Qualification AFC 2nd Round Grp. I,Australia,Australia,2.0,Lebanon,Lebanon,0.0,FT,2024-03-21T09:10:00.000Z,1.08,False,matched
2024-03-21,Ecuador,Guatemala,2,0,Friendly,Harrison,United States,True,home_win,2,4422121.0,20240322,888512.0,Friendlies,Guatemala,Guatemala,0.0,Ecuador,Ecuador,2.0,FT,2024-03-22T00:30:00.000Z,1.08,True,matched
2024-03-21,Portugal,Sweden,5,2,Friendly,Guimarães,Portugal,False,home_win,3,4378529.0,20240322,888512.0,Friendlies,Portugal,Portugal,5.0,Sweden,Sweden,2.0,FT,2024-03-21T19:45:00.000Z,1.08,False,matched
2024-03-22,Algeria,Bolivia,3,2,FIFA Series,Algiers,Algeria,False,home_win,1,4418551.0,20240323,888512.0,Friendlies,Algeria,Algeria,3.0,Bolivia,Bolivia,2.0,FT,2024-03-22T21:00:00.000Z,1.08,False,matched
2024-03-22,Egypt,New Zealand,1,0,FIFA Series,Cairo,Egypt,False,home_win,1,4439948.0,20240323,888512.0,Friendlies,Egypt,Egypt,1.0,New Zealand,New Zealand,0.0,FT,2024-03-22T20:05:00.000Z,1.08,False,matched
2024-03-22,Argentina,El Salvador,3,0,Friendly,Philadelphia,United States,True,home_win,3,4433667.0,20240323,888512.0,Friendlies,El Salvador,El Salvador,0.0,Argentina,Argentina,3.0,FT,2024-03-23T00:00:00.000Z,1.08,True,matched
2024-03-22,Hungary,Turkey,1,0,Friendly,Budapest,Hungary,False,home_win,1,4421455.0,20240323,888512.0,Friendlies,Hungary,Hungary,1.0,Turkiye,Turkiye,0.0,FT,2024-03-22T19:45:00.000Z,1.08,False,matched
2024-03-22,Morocco,Angola,1,0,Friendly,Agadir,Morocco,False,home_win,1,4433663.0,20240323,888512.0,Friendlies,Morocco,Morocco,1.0,Angola,Angola,0.0,FT,2024-03-22T22:00:00.000Z,1.08,False,matched
2024-03-22,Netherlands,Scotland,4,0,Friendly,Amsterdam,Netherlands,False,home_win,4,4395893.0,20240323,888512.0,Friendlies,Netherlands,Netherlands,4.0,Scotland,Scotland,0.0,FT,2024-03-22T19:45:00.000Z,1.08,False,matched
2024-03-22,Nigeria,Ghana,2,1,Friendly,Marrakesh,Morocco,True,home_win,1,4448780.0,20240323,888512.0,Friendlies,Nigeria,Nigeria,2.0,Ghana,Ghana,1.0,FT,2024-03-22T16:00:00.000Z,1.08,False,matched
2024-03-22,Norway,Czech Republic,1,2,Friendly,Oslo,Norway,False,away_win,-1,4400889.0,20240323,888512.0,Friendlies,Norway,Norway,1.0,Czechia,Czechia,2.0,FT,2024-03-22T17:00:00.000Z,1.08,False,matched
2024-03-22,Senegal,Gabon,3,0,Friendly,Amiens,France,True,home_win,3,4441156.0,20240323,888512.0,Friendlies,Senegal,Senegal,3.0,Gabon,Gabon,0.0,FT,2024-03-22T19:35:00.000Z,1.08,False,matched
2024-03-22,Spain,Colombia,0,1,Friendly,London,England,True,away_win,-1,4414345.0,20240323,888512.0,Friendlies,Spain,Spain,0.0,Colombia,Colombia,1.0,FT,2024-03-22T20:30:00.000Z,1.08,False,matched
2024-03-23,Tunisia,Croatia,0,0,FIFA Series,Cairo,Egypt,True,draw,0,4439947.0,20240324,888512.0,Friendlies,Tunisia,Tunisia,0.0,Croatia,Croatia,0.0,Pen,2024-03-23T20:00:00.000Z,1.08,False,matched
2024-03-23,Canada,Trinidad and Tobago,2,0,Copa América qualification,Frisco,United States,True,home_win,2,4378321.0,20240324,889540.0,CONCACAF Nations League Promotion Playoff,Canada,Canada,2.0,Trinidad and Tobago,Trinidad and Tobago,0.0,FT,2024-03-23T20:00:00.000Z,1.08,False,matched
2024-03-23,Denmark,Switzerland,0,0,Friendly,Copenhagen,Denmark,False,draw,0,4395897.0,20240324,888512.0,Friendlies,Denmark,Denmark,0.0,Switzerland,Switzerland,0.0,FT,2024-03-23T19:00:00.000Z,1.08,False,matched
2024-03-23,England,Brazil,0,1,Friendly,London,England,False,away_win,-1,4359098.0,20240324,888512.0,Friendlies,England,England,0.0,Brazil,Brazil,1.0,FT,2024-03-23T19:00:00.000Z,1.08,False,matched
2024-03-23,France,Germany,0,2,Friendly,Lyon,France,False,away_win,-2,4378520.0,20240324,888512.0,Friendlies,France,France,0.0,Germany,Germany,2.0,FT,2024-03-23T20:00:00.000Z,1.08,False,matched
2024-03-23,Ivory Coast,Benin,2,2,Friendly,Amiens,France,True,draw,0,4437976.0,20240324,888512.0,Friendlies,Ivory Coast,Ivory Coast,2.0,Benin,Benin,2.0,FT,2024-03-23T16:05:00.000Z,1.08,False,matched
2024-03-23,Republic of Ireland,Belgium,0,0,Friendly,Dublin,Republic of Ireland,False,draw,0,4387557.0,20240324,888512.0,Friendlies,Ireland,Ireland,0.0,Belgium,Belgium,0.0,FT,2024-03-23T17:00:00.000Z,1.04,False,matched
2024-03-23,Slovakia,Austria,0,2,Friendly,Bratislava,Slovakia,False,away_win,-2,4395896.0,20240324,888512.0,Friendlies,Slovakia,Slovakia,0.0,Austria,Austria,2.0,FT,2024-03-23T17:00:00.000Z,1.08,False,matched
2024-03-24,Jamaica,Panama,1,0,CONCACAF Nations League,Arlington,United States,True,home_win,1,4451840.0,20240325,888101.0,CONCACAF Nations League A Championship Playoff,Jamaica,Jamaica,1.0,Panama,Panama,0.0,FT,2024-03-24T22:00:00.000Z,1.08,False,matched
2024-03-24,United States,Mexico,2,0,CONCACAF Nations League,Arlington,United States,False,home_win,2,4451841.0,20240325,888101.0,CONCACAF Nations League A Championship Playoff,USA,USA,2.0,Mexico,Mexico,0.0,FT,2024-03-25T01:15:00.000Z,1.08,False,matched
2024-03-24,Ecuador,Italy,0,2,Friendly,Harrison,United States,True,away_win,-2,4418574.0,20240325,888512.0,Friendlies,Italy,Italy,2.0,Ecuador,Ecuador,0.0,FT,2024-03-24T20:00:00.000Z,1.08,True,matched
2024-03-25,Cape Verde,Equatorial Guinea,1,0,FIFA Series,Jeddah,Saudi Arabia,True,home_win,1,4451678.0,20240326,888512.0,Friendlies,Cape Verde,Cape Verde,1.0,Equatorial Guinea,Equatorial Guinea,0.0,FT,2024-03-25T19:00:00.000Z,1.08,False,matched
2024-03-25,Sweden,Albania,1,0,Friendly,Stockholm,Sweden,False,home_win,1,4415184.0,20240326,888512.0,Friendlies,Sweden,Sweden,1.0,Albania,Albania,0.0,FT,2024-03-25T18:00:00.000Z,1.08,False,matched
2024-03-26,Algeria,South Africa,3,3,FIFA Series,Algiers,Algeria,False,draw,0,4418553.0,20240327,888512.0,Friendlies,Algeria,Algeria,3.0,South Africa,South Africa,3.0,FT,2024-03-26T21:00:00.000Z,1.08,False,matched
2024-03-26,Egypt,Croatia,2,4,FIFA Series,Cairo,Egypt,False,away_win,-2,4452730.0,20240327,888512.0,Friendlies,Egypt,Egypt,2.0,Croatia,Croatia,4.0,FT,2024-03-26T20:00:00.000Z,1.08,False,matched
2024-03-26,New Zealand,Tunisia,0,0,FIFA Series,Cairo,Egypt,True,draw,0,4452731.0,20240327,888512.0,Friendlies,New Zealand,New Zealand,0.0,Tunisia,Tunisia,0.0,FT,2024-03-26T20:00:00.000Z,1.08,False,matched
2024-03-26,Kuwait,Qatar,1,2,FIFA World Cup qualification,Al Farwaniyah,Kuwait,False,away_win,-1,4278052.0,20240327,886881.0,World Cup Qualification AFC 2nd Round Grp. A,Kuwait,Kuwait,1.0,Qatar,Qatar,2.0,FT,2024-03-26T19:00:00.000Z,1.08,False,matched
2024-03-26,Thailand,South Korea,0,3,FIFA World Cup qualification,Bangkok,Thailand,False,away_win,-3,4278060.0,20240326,886883.0,World Cup Qualification AFC 2nd Round Grp. C,Thailand,Thailand,0.0,South Korea,South Korea,3.0,FT,2024-03-26T12:30:00.000Z,1.08,False,matched
2024-03-26,Uzbekistan,Hong Kong,3,0,FIFA World Cup qualification,Tashkent,Uzbekistan,False,home_win,3,4348737.0,20240326,886885.0,World Cup Qualification AFC 2nd Round Grp. E,Uzbekistan,Uzbekistan,3.0,Hong Kong,Hong Kong,0.0,FT,2024-03-26T14:30:00.000Z,1.08,False,matched
2024-03-26,Turkmenistan,Iran,0,1,FIFA World Cup qualification,Ashgabat,Turkmenistan,False,away_win,-1,4278028.0,20240327,886885.0,World Cup Qualification AFC 2nd Round Grp. E,Turkmenistan,Turkmenistan,0.0,Iran,Iran,1.0,FT,2024-03-26T15:00:00.000Z,1.08,False,matched
2024-03-26,Philippines,Iraq,0,5,FIFA World Cup qualification,Manila,Philippines,False,away_win,-5,4278042.0,20240326,886886.0,World Cup Qualification AFC 2nd Round Grp. F,Philippines,Philippines,0.0,Iraq,Iraq,5.0,FT,2024-03-26T11:00:00.000Z,1.08,False,matched
2024-03-26,Tajikistan,Saudi Arabia,1,1,FIFA World Cup qualification,Dushanbe,Tajikistan,False,draw,0,4278065.0,20240327,886887.0,World Cup Qualification AFC 2nd Round Grp. G,Tajikistan,Tajikistan,1.0,Saudi Arabia,Saudi Arabia,1.0,FT,2024-03-26T15:00:00.000Z,1.08,False,matched
2024-03-26,Jordan,Pakistan,7,0,FIFA World Cup qualification,Amman,Jordan,False,home_win,7,4348743.0,20240327,886887.0,World Cup Qualification AFC 2nd Round Grp. G,Jordan,Jordan,7.0,Pakistan,Pakistan,0.0,FT,2024-03-26T19:00:00.000Z,1.08,False,matched
2024-03-26,Australia,Lebanon,5,0,FIFA World Cup qualification,Canberra,Australia,False,home_win,5,4278067.0,20240326,886889.0,World Cup Qualification AFC 2nd Round Grp. I,Lebanon,Lebanon,0.0,Australia,Australia,5.0,FT,2024-03-26T08:45:00.000Z,1.08,True,matched
2024-03-26,Argentina,Costa Rica,3,1,Friendly,Los Angeles,United States,True,home_win,2,4416766.0,20240327,888512.0,Friendlies,Argentina,Argentina,3.0,Costa Rica,Costa Rica,1.0,FT,2024-03-27T02:45:00.000Z,1.08,False,matched
2024-03-26,Austria,Turkey,6,1,Friendly,Vienna,Austria,False,home_win,5,4421458.0,20240327,888512.0,Friendlies,Austria,Austria,6.0,Turkiye,Turkiye,1.0,FT,2024-03-26T19:45:00.000Z,1.08,False,matched
2024-03-26,Colombia,Romania,3,2,Friendly,Madrid,Spain,True,home_win,1,4395903.0,20240327,888512.0,Friendlies,Romania,Romania,2.0,Colombia,Colombia,3.0,FT,2024-03-26T19:30:00.000Z,1.08,True,matched
2024-03-26,Czech Republic,Armenia,2,1,Friendly,Prague,Czech Republic,False,home_win,1,4400891.0,20240327,888512.0,Friendlies,Czechia,Czechia,2.0,Armenia,Armenia,1.0,FT,2024-03-26T19:00:00.000Z,1.08,False,matched
2024-03-26,England,Belgium,2,2,Friendly,London,England,False,draw,0,4359099.0,20240327,888512.0,Friendlies,England,England,2.0,Belgium,Belgium,2.0,FT,2024-03-26T19:45:00.000Z,1.08,False,matched
2024-03-26,France,Chile,3,2,Friendly,Marseille,France,False,home_win,1,4413777.0,20240327,888512.0,Friendlies,France,France,3.0,Chile,Chile,2.0,FT,2024-03-26T20:00:00.000Z,1.08,False,matched
2024-03-26,Germany,Netherlands,2,1,Friendly,Frankfurt,Germany,False,home_win,1,4389461.0,20240327,888512.0,Friendlies,Germany,Germany,2.0,Netherlands,Netherlands,1.0,FT,2024-03-26T19:45:00.000Z,1.08,False,matched
2024-03-26,Ivory Coast,Uruguay,2,1,Friendly,Lens,France,True,home_win,1,4437977.0,20240327,888512.0,Friendlies,Ivory Coast,Ivory Coast,2.0,Uruguay,Uruguay,1.0,FT,2024-03-26T19:30:00.000Z,1.08,False,matched
2024-03-26,Morocco,Mauritania,0,0,Friendly,Agadir,Morocco,False,draw,0,4433664.0,20240327,888512.0,Friendlies,Morocco,Morocco,0.0,Mauritania,Mauritania,0.0,FT,2024-03-26T22:00:00.000Z,1.08,False,matched
2024-03-26,Norway,Slovakia,1,1,Friendly,Oslo,Norway,False,draw,0,4400890.0,20240327,888512.0,Friendlies,Norway,Norway,1.0,Slovakia,Slovakia,1.0,FT,2024-03-26T18:00:00.000Z,1.08,False,matched
2024-03-26,Republic of Ireland,Switzerland,0,1,Friendly,Dublin,Republic of Ireland,False,away_win,-1,4387558.0,20240327,888512.0,Friendlies,Ireland,Ireland,0.0,Switzerland,Switzerland,1.0,FT,2024-03-26T19:45:00.000Z,1.04,False,matched
2024-03-26,Scotland,Northern Ireland,0,1,Friendly,Glasgow,Scotland,False,away_win,-1,4395894.0,20240327,888512.0,Friendlies,Scotland,Scotland,0.0,Northern Ireland,Northern Ireland,1.0,FT,2024-03-26T19:45:00.000Z,1.08,False,matched
2024-03-26,Senegal,Benin,1,0,Friendly,Amiens,France,True,home_win,1,4441157.0,20240327,888512.0,Friendlies,Senegal,Senegal,1.0,Benin,Benin,0.0,FT,2024-03-26T19:30:00.000Z,1.08,False,matched
2024-03-26,Slovenia,Portugal,2,0,Friendly,Ljubljana,Slovenia,False,home_win,2,4405498.0,20240327,888512.0,Friendlies,Slovenia,Slovenia,2.0,Portugal,Portugal,0.0,FT,2024-03-26T19:45:00.000Z,1.08,False,matched
2024-03-26,Spain,Brazil,3,3,Friendly,Madrid,Spain,False,draw,0,4401921.0,20240327,888512.0,Friendlies,Spain,Spain,3.0,Brazil,Brazil,3.0,FT,2024-03-26T20:30:00.000Z,1.08,False,matched
2024-05-21,Galicia,Panama,0,2,Friendly,Vigo,Spain,False,away_win,-2,,,,,,,,,,,,,,,not_matched
2024-05-21,Basque Country,Uruguay,1,1,Friendly,Bilbao,Spain,False,draw,0,,,,,,,,,,,,,,,not_matched
2024-05-31,Bolivia,Mexico,0,1,Friendly,Chicago,United States,True,away_win,-1,4477248.0,20240601,888512.0,Friendlies,Mexico,Mexico,1.0,Bolivia,Bolivia,0.0,FT,2024-06-01T01:30:00.000Z,1.08,True,matched
2024-05-31,Costa Rica,Uruguay,0,0,Friendly,San José,Costa Rica,False,draw,0,4483640.0,20240601,888512.0,Friendlies,Costa Rica,Costa Rica,0.0,Uruguay,Uruguay,0.0,FT,2024-06-01T02:00:00.000Z,1.08,False,matched
2024-06-03,Croatia,North Macedonia,3,0,Friendly,Rijeka,Croatia,False,home_win,3,4396175.0,20240604,888512.0,Friendlies,Croatia,Croatia,3.0,North Macedonia,North Macedonia,0.0,FT,2024-06-03T17:00:00.000Z,1.08,False,matched
2024-06-03,England,Bosnia and Herzegovina,3,0,Friendly,Newcastle,England,False,home_win,3,4421467.0,20240604,888512.0,Friendlies,England,England,3.0,Bosnia and Herzegovina,Bosnia and Herzegovina,0.0,FT,2024-06-03T18:45:00.000Z,1.08,False,matched
2024-06-03,Germany,Ukraine,0,0,Friendly,Nuremberg,Germany,False,draw,0,4450055.0,20240604,888512.0,Friendlies,Germany,Germany,0.0,Ukraine,Ukraine,0.0,FT,2024-06-03T18:45:00.000Z,1.08,False,matched
2024-06-03,Gibraltar,Scotland,0,2,Friendly,Faro-Loulé,Portugal,True,away_win,-2,4413924.0,20240604,888512.0,Friendlies,Gibraltar,Gibraltar,0.0,Scotland,Scotland,2.0,FT,2024-06-03T16:00:00.000Z,1.08,False,matched
2024-06-04,Austria,Serbia,2,1,Friendly,Vienna,Austria,False,home_win,1,4425102.0,20240605,888512.0,Friendlies,Austria,Austria,2.0,Serbia,Serbia,1.0,FT,2024-06-04T18:45:00.000Z,1.08,False,matched
2024-06-04,Italy,Turkey,0,0,Friendly,Bologna,Italy,False,draw,0,4425100.0,20240605,888512.0,Friendlies,Italy,Italy,0.0,Turkiye,Turkiye,0.0,FT,2024-06-04T19:00:00.000Z,1.08,False,matched
2024-06-04,Portugal,Finland,4,2,Friendly,Lisbon,Portugal,False,home_win,2,4421468.0,20240605,888512.0,Friendlies,Portugal,Portugal,4.0,Finland,Finland,2.0,FT,2024-06-04T18:45:00.000Z,1.08,False,matched
2024-06-04,Switzerland,Estonia,4,0,Friendly,Lucerne,Switzerland,False,home_win,4,4455109.0,20240605,888512.0,Friendlies,Switzerland,Switzerland,4.0,Estonia,Estonia,0.0,FT,2024-06-04T18:15:00.000Z,1.08,False,matched
2024-06-05,Belgium,Montenegro,2,0,Friendly,Brussels,Belgium,False,home_win,2,4416851.0,20240606,888512.0,Friendlies,Belgium,Belgium,2.0,Montenegro,Montenegro,0.0,FT,2024-06-05T18:30:00.000Z,1.08,False,matched
2024-06-05,Denmark,Sweden,2,1,Friendly,Copenhagen,Denmark,False,home_win,1,4421471.0,20240606,888512.0,Friendlies,Denmark,Denmark,2.0,Sweden,Sweden,1.0,FT,2024-06-05T17:00:00.000Z,1.08,False,matched
2024-06-05,France,Luxembourg,3,0,Friendly,Metz,France,False,home_win,3,4465557.0,20240606,888512.0,Friendlies,France,France,3.0,Luxembourg,Luxembourg,0.0,FT,2024-06-05T19:00:00.000Z,1.08,False,matched
2024-06-05,Mexico,Uruguay,0,4,Friendly,Denver,United States,True,away_win,-4,4395906.0,20240606,888512.0,Friendlies,Mexico,Mexico,0.0,Uruguay,Uruguay,4.0,FT,2024-06-06T01:00:00.000Z,1.08,False,matched
2024-06-05,Norway,Kosovo,3,0,Friendly,Oslo,Norway,False,home_win,3,4425098.0,20240606,888512.0,Friendlies,Norway,Norway,3.0,Kosovo,Kosovo,0.0,FT,2024-06-05T17:00:00.000Z,1.08,False,matched
2024-06-05,Spain,Andorra,5,0,Friendly,Badajoz,Spain,False,home_win,5,4455111.0,20240606,888512.0,Friendlies,Spain,Spain,5.0,Andorra,Andorra,0.0,FT,2024-06-05T19:30:00.000Z,1.08,False,matched
2024-06-05,Tunisia,Equatorial Guinea,1,0,FIFA World Cup qualification,Radès,Tunisia,False,home_win,1,4341334.0,20240606,886906.0,World Cup Qualification CAF Grp. H,Tunisia,Tunisia,1.0,Equatorial Guinea,Equatorial Guinea,0.0,FT,2024-06-05T19:00:00.000Z,1.08,False,matched
2024-06-05,Curaçao,Barbados,4,1,FIFA World Cup qualification,Willemstad,Curaçao,False,home_win,3,4416452.0,20240606,890639.0,World Cup Qualification CONCACAF 2nd round grp. C,Curacao,Curacao,4.0,Barbados,Barbados,1.0,FT,2024-06-05T23:30:00.000Z,1.08,False,matched
2024-06-06,Netherlands,Canada,4,0,Friendly,Rotterdam,Netherlands,False,home_win,4,4443660.0,20240607,888512.0,Friendlies,Netherlands,Netherlands,4.0,Canada,Canada,0.0,FT,2024-06-06T18:45:00.000Z,1.08,False,matched
2024-06-06,Egypt,Burkina Faso,2,1,FIFA World Cup qualification,Cairo,Egypt,False,home_win,1,4341106.0,20240607,886899.0,World Cup Qualification CAF Grp. A,Egypt,Egypt,2.0,Burkina Faso,Burkina Faso,1.0,FT,2024-06-06T19:00:00.000Z,1.08,False,matched
2024-06-06,Senegal,DR Congo,1,1,FIFA World Cup qualification,Diamniadio,Senegal,False,draw,0,4341145.0,20240607,886900.0,World Cup Qualification CAF Grp. B,Senegal,Senegal,1.0,DR Congo,DR Congo,1.0,FT,2024-06-06T19:00:00.000Z,1.08,False,matched
2024-06-06,Algeria,Guinea,1,2,FIFA World Cup qualification,Algiers,Algeria,False,away_win,-1,4341321.0,20240607,886905.0,World Cup Qualification CAF Grp. G,Algeria,Algeria,1.0,Guinea,Guinea,2.0,FT,2024-06-06T19:00:00.000Z,1.08,False,matched
2024-06-06,Mali,Ghana,1,2,FIFA World Cup qualification,Bamako,Mali,False,away_win,-1,4341258.0,20240607,886907.0,World Cup Qualification CAF Grp. I,Mali,Mali,1.0,Ghana,Ghana,2.0,FT,2024-06-06T19:00:00.000Z,1.08,False,matched
2024-06-06,Afghanistan,Qatar,0,0,FIFA World Cup qualification,Al Hofuf,Saudi Arabia,True,draw,0,4348595.0,20240607,886881.0,World Cup Qualification AFC 2nd Round Grp. A,Afghanistan,Afghanistan,0.0,Qatar,Qatar,0.0,FT,2024-06-06T16:00:00.000Z,1.08,False,matched
2024-06-06,Myanmar,Japan,0,5,FIFA World Cup qualification,Yangon,Myanmar,False,away_win,-5,4348732.0,20240606,886882.0,World Cup Qualification AFC 2nd Round Grp. B,Myanmar,Myanmar,0.0,Japan,Japan,5.0,FT,2024-06-06T12:10:00.000Z,1.08,False,matched
2024-06-06,Singapore,South Korea,0,7,FIFA World Cup qualification,Kallang,Singapore,False,away_win,-7,4348590.0,20240606,886883.0,World Cup Qualification AFC 2nd Round Grp. C,Singapore,Singapore,0.0,South Korea,South Korea,7.0,FT,2024-06-06T12:00:00.000Z,1.08,False,matched
2024-06-06,Uzbekistan,Turkmenistan,3,1,FIFA World Cup qualification,Tashkent,Uzbekistan,False,home_win,2,4278027.0,20240606,886885.0,World Cup Qualification AFC 2nd Round Grp. E,Uzbekistan,Uzbekistan,3.0,Turkmenistan,Turkmenistan,1.0,FT,2024-06-06T14:30:00.000Z,1.08,False,matched
2024-06-06,Hong Kong,Iran,2,4,FIFA World Cup qualification,Hong Kong,Hong Kong,False,away_win,-2,4348738.0,20240606,886885.0,World Cup Qualification AFC 2nd Round Grp. E,Hong Kong,Hong Kong,2.0,Iran,Iran,4.0,FT,2024-06-06T12:00:00.000Z,1.08,False,matched
2024-06-06,Indonesia,Iraq,0,2,FIFA World Cup qualification,Jakarta,Indonesia,False,away_win,-2,4348761.0,20240606,886886.0,World Cup Qualification AFC 2nd Round Grp. F,Indonesia,Indonesia,0.0,Iraq,Iraq,2.0,FT,2024-06-06T09:00:00.000Z,1.08,False,matched
2024-06-06,Jordan,Tajikistan,3,0,FIFA World Cup qualification,Amman,Jordan,False,home_win,3,4278074.0,20240607,886887.0,World Cup Qualification AFC 2nd Round Grp. G,Jordan,Jordan,3.0,Tajikistan,Tajikistan,0.0,FT,2024-06-06T17:30:00.000Z,1.08,False,matched
2024-06-06,Pakistan,Saudi Arabia,0,3,FIFA World Cup qualification,Islamabad,Pakistan,False,away_win,-3,4348765.0,20240607,886887.0,World Cup Qualification AFC 2nd Round Grp. G,Pakistan,Pakistan,0.0,Saudi Arabia,Saudi Arabia,3.0,FT,2024-06-06T15:30:00.000Z,1.08,False,matched
2024-06-06,Bangladesh,Australia,0,2,FIFA World Cup qualification,Dhaka,Bangladesh,False,away_win,-2,4348764.0,20240606,886889.0,World Cup Qualification AFC 2nd Round Grp. I,Bangladesh,Bangladesh,0.0,Australia,Australia,2.0,FT,2024-06-06T10:45:00.000Z,1.08,False,matched
2024-06-06,Haiti,Saint Lucia,2,1,FIFA World Cup qualification,Bridgetown,Barbados,True,home_win,1,4416453.0,20240607,890639.0,World Cup Qualification CONCACAF 2nd round grp. C,Haiti,Haiti,2.0,Saint Lucia,Saint Lucia,1.0,FT,2024-06-06T21:00:00.000Z,1.08,False,matched
2024-06-06,Panama,Guyana,2,0,FIFA World Cup qualification,Panama City,Panama,False,home_win,2,4416463.0,20240607,890638.0,World Cup Qualification CONCACAF 2nd round grp. D,Panama,Panama,2.0,Guyana,Guyana,0.0,FT,2024-06-07T00:30:00.000Z,1.08,False,matched
2024-06-07,Czech Republic,Malta,7,1,Friendly,Grödig,Austria,True,home_win,6,4466298.0,20240608,888512.0,Friendlies,Czechia,Czechia,7.0,Malta,Malta,1.0,FT,2024-06-07T15:30:00.000Z,1.08,False,matched
2024-06-07,England,Iceland,0,1,Friendly,London,England,False,away_win,-1,4425099.0,20240608,888512.0,Friendlies,England,England,0.0,Iceland,Iceland,1.0,FT,2024-06-07T18:45:00.000Z,1.08,False,matched
2024-06-07,Germany,Greece,2,1,Friendly,Mönchengladbach,Germany,False,home_win,1,4450056.0,20240608,888512.0,Friendlies,Germany,Germany,2.0,Greece,Greece,1.0,FT,2024-06-07T18:45:00.000Z,1.08,False,matched
2024-06-07,Peru,Paraguay,0,0,Friendly,Lima,Peru,False,draw,0,4466301.0,20240608,888512.0,Friendlies,Peru,Peru,0.0,Paraguay,Paraguay,0.0,FT,2024-06-08T00:30:00.000Z,1.08,False,matched
2024-06-07,Scotland,Finland,2,2,Friendly,Glasgow,Scotland,False,draw,0,4413925.0,20240608,888512.0,Friendlies,Scotland,Scotland,2.0,Finland,Finland,2.0,FT,2024-06-07T18:45:00.000Z,1.08,False,matched
2024-06-07,Nigeria,South Africa,1,1,FIFA World Cup qualification,Uyo,Nigeria,False,draw,0,4341139.0,20240608,886901.0,World Cup Qualification CAF Grp. C,Nigeria,Nigeria,1.0,South Africa,South Africa,1.0,FT,2024-06-07T19:00:00.000Z,1.08,False,matched
2024-06-07,Morocco,Zambia,2,1,FIFA World Cup qualification,Agadir,Morocco,False,home_win,1,4341215.0,20240608,886903.0,World Cup Qualification CAF Grp. E,Morocco,Morocco,2.0,Zambia,Zambia,1.0,FT,2024-06-07T19:00:00.000Z,1.08,False,matched
2024-06-07,Ivory Coast,Gabon,1,0,FIFA World Cup qualification,Korhogo,Ivory Coast,False,home_win,1,4341310.0,20240608,886904.0,World Cup Qualification CAF Grp. F,Ivory Coast,Ivory Coast,1.0,Gabon,Gabon,0.0,FT,2024-06-07T19:00:00.000Z,1.08,False,matched
2024-06-08,Belgium,Luxembourg,3,0,Friendly,Brussels,Belgium,False,home_win,3,4413926.0,20240609,888512.0,Friendlies,Belgium,Belgium,3.0,Luxembourg,Luxembourg,0.0,FT,2024-06-08T18:00:00.000Z,1.08,False,matched
2024-06-08,Denmark,Norway,3,1,Friendly,Brondbyvester,Denmark,False,home_win,2,4421472.0,20240609,888512.0,Friendlies,Denmark,Denmark,3.0,Norway,Norway,1.0,FT,2024-06-08T17:30:00.000Z,1.08,False,matched
2024-06-08,Mexico,Brazil,2,3,Friendly,College Station,United States,True,away_win,-1,4395905.0,20240609,888512.0,Friendlies,Mexico,Mexico,2.0,Brazil,Brazil,3.0,FT,2024-06-09T01:00:00.000Z,1.08,False,matched
2024-06-08,Portugal,Croatia,1,2,Friendly,Oeiras,Portugal,False,away_win,-1,4412013.0,20240609,888512.0,Friendlies,Portugal,Portugal,1.0,Croatia,Croatia,2.0,FT,2024-06-08T16:45:00.000Z,1.08,False,matched
2024-06-08,Spain,Northern Ireland,5,1,Friendly,Mallorca,Spain,False,home_win,4,4462843.0,20240609,888512.0,Friendlies,Spain,Spain,5.0,Northern Ireland,Northern Ireland,1.0,FT,2024-06-08T19:30:00.000Z,1.08,False,matched
2024-06-08,Sweden,Serbia,0,3,Friendly,Stockholm,Sweden,False,away_win,-3,4455113.0,20240609,888512.0,Friendlies,Sweden,Sweden,0.0,Serbia,Serbia,3.0,FT,2024-06-08T16:00:00.000Z,1.08,False,matched
2024-06-08,Switzerland,Austria,1,1,Friendly,St. Gallen,Switzerland,False,draw,0,4425103.0,20240609,888512.0,Friendlies,Switzerland,Switzerland,1.0,Austria,Austria,1.0,FT,2024-06-08T16:05:00.000Z,1.08,False,matched
2024-06-08,United States,Colombia,1,5,Friendly,Landover,United States,False,away_win,-4,4425104.0,20240609,888512.0,Friendlies,USA,USA,1.0,Colombia,Colombia,5.0,FT,2024-06-08T21:30:00.000Z,1.08,False,matched
2024-06-08,Cameroon,Cape Verde,4,1,FIFA World Cup qualification,Yaoundé,Cameroon,False,home_win,3,4341207.0,20240608,886902.0,World Cup Qualification CAF Grp. D,Cameroon,Cameroon,4.0,Cape Verde,Cape Verde,1.0,FT,2024-06-08T13:00:00.000Z,1.08,False,matched
2024-06-08,Aruba,Curaçao,0,2,FIFA World Cup qualification,Oranjestad,Aruba,False,away_win,-2,4416454.0,20240609,890639.0,World Cup Qualification CONCACAF 2nd round grp. C,Aruba,Aruba,0.0,Curacao,Curacao,2.0,FT,2024-06-09T00:00:00.000Z,1.08,False,matched
2024-06-09,Argentina,Ecuador,1,0,Friendly,Chicago,United States,True,home_win,1,4466771.0,20240610,888512.0,Friendlies,Argentina,Argentina,1.0,Ecuador,Ecuador,0.0,FT,2024-06-09T23:00:00.000Z,1.08,False,matched
2024-06-09,France,Canada,0,0,Friendly,Bordeaux,France,False,draw,0,4466260.0,20240610,888512.0,Friendlies,France,France,0.0,Canada,Canada,0.0,FT,2024-06-09T19:15:00.000Z,1.08,False,matched
2024-06-09,Italy,Bosnia and Herzegovina,1,0,Friendly,Empoli,Italy,False,home_win,1,4425101.0,20240610,888512.0,Friendlies,Italy,Italy,1.0,Bosnia and Herzegovina,Bosnia and Herzegovina,0.0,FT,2024-06-09T18:45:00.000Z,1.08,False,matched
2024-06-09,Mauritania,Senegal,0,1,FIFA World Cup qualification,Nouakchott,Mauritania,False,away_win,-1,4341143.0,20240610,886900.0,World Cup Qualification CAF Grp. B,Mauritania,Mauritania,0.0,Senegal,Senegal,1.0,FT,2024-06-09T16:00:00.000Z,1.08,False,matched
2024-06-09,DR Congo,Togo,1,0,FIFA World Cup qualification,Kinshasa,DR Congo,False,home_win,1,4341144.0,20240610,886900.0,World Cup Qualification CAF Grp. B,DR Congo,DR Congo,1.0,Togo,Togo,0.0,FT,2024-06-09T16:00:00.000Z,1.08,False,matched
2024-06-09,Namibia,Tunisia,0,0,FIFA World Cup qualification,Johannesburg,South Africa,True,draw,0,4341332.0,20240610,886906.0,World Cup Qualification CAF Grp. H,Namibia,Namibia,0.0,Tunisia,Tunisia,0.0,FT,2024-06-09T16:00:00.000Z,1.08,False,matched
2024-06-09,Barbados,Haiti,1,3,FIFA World Cup qualification,Bridgetown,Barbados,False,away_win,-2,4416455.0,20240610,890639.0,World Cup Qualification CONCACAF 2nd round grp. C,Barbados,Barbados,1.0,Haiti,Haiti,3.0,FT,2024-06-09T21:00:00.000Z,1.08,False,matched
2024-06-09,Montserrat,Panama,1,3,FIFA World Cup qualification,Managua,Nicaragua,True,away_win,-2,4416465.0,20240610,890638.0,World Cup Qualification CONCACAF 2nd round grp. D,Montserrat,Montserrat,1.0,Panama,Panama,3.0,FT,2024-06-10T01:00:00.000Z,1.08,False,matched
2024-06-10,Czech Republic,North Macedonia,2,1,Friendly,Hradec Králové,Czech Republic,False,home_win,1,4416852.0,20240611,888512.0,Friendlies,Czechia,Czechia,2.0,North Macedonia,North Macedonia,1.0,FT,2024-06-10T16:00:00.000Z,1.08,False,matched
2024-06-10,Netherlands,Iceland,4,0,Friendly,Rotterdam,Netherlands,False,home_win,4,4446491.0,20240611,888512.0,Friendlies,Netherlands,Netherlands,4.0,Iceland,Iceland,0.0,FT,2024-06-10T18:45:00.000Z,1.08,False,matched
2024-06-10,Poland,Turkey,2,1,Friendly,Warsaw,Poland,False,home_win,1,4446490.0,20240611,888512.0,Friendlies,Poland,Poland,2.0,Turkiye,Turkiye,1.0,FT,2024-06-10T18:45:00.000Z,1.08,False,matched
2024-06-10,Guinea-Bissau,Egypt,1,1,FIFA World Cup qualification,Bissau,Guinea-Bissau,False,draw,0,4341098.0,20240611,886899.0,World Cup Qualification CAF Grp. A,Guinea-Bissau,Guinea-Bissau,1.0,Egypt,Egypt,1.0,FT,2024-06-10T16:00:00.000Z,1.08,False,matched
2024-06-10,Uganda,Algeria,1,2,FIFA World Cup qualification,Kira,Uganda,False,away_win,-1,4341323.0,20240611,886905.0,World Cup Qualification CAF Grp. G,Uganda,Uganda,1.0,Algeria,Algeria,2.0,FT,2024-06-10T16:00:00.000Z,1.08,False,matched
2024-06-10,Ghana,Central African Republic,4,3,FIFA World Cup qualification,Kumasi,Ghana,False,home_win,1,4341241.0,20240611,886907.0,World Cup Qualification CAF Grp. I,Ghana,Ghana,4.0,Central African Republic,Central African Republic,3.0,FT,2024-06-10T19:00:00.000Z,1.08,False,matched
2024-06-11,Chile,Paraguay,3,0,Friendly,Santiago,Chile,False,home_win,3,4466299.0,20240612,888512.0,Friendlies,Chile,Chile,3.0,Paraguay,Paraguay,0.0,FT,2024-06-12T00:00:00.000Z,1.08,False,matched
2024-06-11,Portugal,Republic of Ireland,3,0,Friendly,Aveiro,Portugal,False,home_win,3,4421476.0,20240612,888512.0,Friendlies,Portugal,Portugal,3.0,Ireland,Ireland,0.0,FT,2024-06-11T18:45:00.000Z,1.04,False,matched
2024-06-11,South Africa,Zimbabwe,3,1,FIFA World Cup qualification,Bloemfontein,South Africa,False,home_win,2,4341138.0,20240612,886901.0,World Cup Qualification CAF Grp. C,South Africa,South Africa,3.0,Zimbabwe,Zimbabwe,1.0,FT,2024-06-11T16:00:00.000Z,1.08,False,matched
2024-06-11,Cape Verde,Libya,1,0,FIFA World Cup qualification,Praia,Cape Verde,False,home_win,1,4341206.0,20240612,886902.0,World Cup Qualification CAF Grp. D,Cape Verde,Cape Verde,1.0,Libya,Libya,0.0,FT,2024-06-11T16:00:00.000Z,1.08,False,matched
2024-06-11,Morocco,Congo,6,0,FIFA World Cup qualification,Agadir,Morocco,False,home_win,6,4341217.0,20240612,886903.0,World Cup Qualification CAF Grp. E,Congo,Congo,0.0,Morocco,Morocco,6.0,FT,2024-06-11T19:00:00.000Z,1.08,True,matched
2024-06-11,Kenya,Ivory Coast,0,0,FIFA World Cup qualification,Lilongwe,Malawi,True,draw,0,4341308.0,20240611,886904.0,World Cup Qualification CAF Grp. F,Kenya,Kenya,0.0,Ivory Coast,Ivory Coast,0.0,FT,2024-06-11T13:00:00.000Z,1.08,False,matched
2024-06-11,Qatar,India,2,1,FIFA World Cup qualification,Al Rayyan,Qatar,False,home_win,1,4278050.0,20240612,886881.0,World Cup Qualification AFC 2nd Round Grp. A,Qatar,Qatar,2.0,India,India,1.0,FT,2024-06-11T15:45:00.000Z,1.08,False,matched
2024-06-11,Japan,Syria,5,0,FIFA World Cup qualification,Hiroshima,Japan,False,home_win,5,4278064.0,20240611,886882.0,World Cup Qualification AFC 2nd Round Grp. B,Japan,Japan,5.0,Syria,Syria,0.0,FT,2024-06-11T10:14:00.000Z,1.08,False,matched
2024-06-11,South Korea,China,1,0,FIFA World Cup qualification,Seoul,South Korea,False,home_win,1,4278058.0,20240611,886883.0,World Cup Qualification AFC 2nd Round Grp. C,South Korea,South Korea,1.0,China,China,0.0,FT,2024-06-11T11:00:00.000Z,1.08,False,matched
2024-06-11,Iran,Uzbekistan,0,0,FIFA World Cup qualification,Tehran,Iran,False,draw,0,4278035.0,20240612,886885.0,World Cup Qualification AFC 2nd Round Grp. E,Iran,Iran,0.0,Uzbekistan,Uzbekistan,0.0,FT,2024-06-11T17:00:00.000Z,1.08,False,matched
2024-06-11,Iraq,Vietnam,3,1,FIFA World Cup qualification,Basra,Iraq,False,home_win,2,4278040.0,20240612,886886.0,World Cup Qualification AFC 2nd Round Grp. F,Iraq,Iraq,3.0,Vietnam,Vietnam,1.0,FT,2024-06-11T18:00:00.000Z,1.08,False,matched
2024-06-11,Saudi Arabia,Jordan,1,2,FIFA World Cup qualification,Riyadh,Saudi Arabia,False,away_win,-1,4278073.0,20240612,886887.0,World Cup Qualification AFC 2nd Round Grp. G,Saudi Arabia,Saudi Arabia,1.0,Jordan,Jordan,2.0,FT,2024-06-11T18:00:00.000Z,1.08,False,matched
2024-06-11,Australia,Palestine,5,0,FIFA World Cup qualification,Perth,Australia,False,home_win,5,4278075.0,20240611,886889.0,World Cup Qualification AFC 2nd Round Grp. I,Australia,Australia,5.0,Palestine,Palestine,0.0,FT,2024-06-11T12:10:00.000Z,1.08,False,matched
2024-06-12,Ecuador,Bolivia,3,1,Friendly,Chester,United States,True,home_win,2,4492243.0,20240613,888512.0,Friendlies,Ecuador,Ecuador,3.0,Bolivia,Bolivia,1.0,FT,2024-06-13T00:30:00.000Z,1.08,False,matched
2024-06-12,United States,Brazil,1,1,Friendly,Orlando,United States,False,draw,0,4435120.0,20240613,888512.0,Friendlies,USA,USA,1.0,Brazil,Brazil,1.0,FT,2024-06-12T23:00:00.000Z,1.08,False,matched
2024-06-14,Germany,Scotland,5,1,UEFA Euro,Munich,Germany,False,home_win,4,4043837.0,20240615,881516.0,EURO Grp. A,Germany,Germany,5.0,Scotland,Scotland,1.0,FT,2024-06-14T19:00:00.000Z,1.08,False,matched
2024-06-14,Argentina,Guatemala,4,1,Friendly,Landover,United States,True,home_win,3,4446485.0,20240615,888512.0,Friendlies,Guatemala,Guatemala,1.0,Argentina,Argentina,4.0,FT,2024-06-15T00:00:00.000Z,1.08,True,matched
2024-06-15,Hungary,Switzerland,1,3,UEFA Euro,Cologne,Germany,True,away_win,-2,4043838.0,20240615,881516.0,EURO Grp. A,Hungary,Hungary,1.0,Switzerland,Switzerland,3.0,FT,2024-06-15T13:00:00.000Z,1.08,False,matched
2024-06-15,Spain,Croatia,3,0,UEFA Euro,Berlin,Germany,True,home_win,3,4043843.0,20240616,881517.0,EURO Grp. B,Spain,Spain,3.0,Croatia,Croatia,0.0,FT,2024-06-15T16:00:00.000Z,1.08,False,matched
2024-06-15,Colombia,Bolivia,3,0,Friendly,Denver,United States,True,home_win,3,4471373.0,20240616,888512.0,Friendlies,Colombia,Colombia,3.0,Bolivia,Bolivia,0.0,FT,2024-06-15T21:00:00.000Z,1.08,False,matched
2024-06-16,Ecuador,Honduras,2,1,Friendly,Hartford,United States,True,home_win,1,4471374.0,20240617,888512.0,Friendlies,Ecuador,Ecuador,2.0,Honduras,Honduras,1.0,FT,2024-06-16T19:30:00.000Z,1.08,False,matched
2024-06-16,Serbia,England,0,1,UEFA Euro,Gelsenkirchen,Germany,True,away_win,-1,4043849.0,20240617,881520.0,EURO Grp. C,Serbia,Serbia,0.0,England,England,1.0,FT,2024-06-16T19:00:00.000Z,1.08,False,matched
2024-06-16,Poland,Netherlands,1,2,UEFA Euro,Hamburg,Germany,True,away_win,-1,4043855.0,20240616,881518.0,EURO Grp. D,Poland,Poland,1.0,Netherlands,Netherlands,2.0,FT,2024-06-16T13:00:00.000Z,1.08,False,matched
2024-06-16,Panama,Paraguay,0,1,Friendly,Panama City,Panama,False,away_win,-1,,,,,,,,,,,,,,,not_matched
2024-06-17,Austria,France,0,1,UEFA Euro,Düsseldorf,Germany,True,away_win,-1,4043856.0,20240618,881518.0,EURO Grp. D,Austria,Austria,0.0,France,France,1.0,FT,2024-06-17T19:00:00.000Z,1.08,False,matched
2024-06-17,Belgium,Slovakia,0,1,UEFA Euro,Frankfurt,Germany,True,away_win,-1,4043861.0,20240618,881519.0,EURO Grp. E,Belgium,Belgium,0.0,Slovakia,Slovakia,1.0,FT,2024-06-17T16:00:00.000Z,1.08,False,matched
2024-06-18,Turkey,Georgia,3,1,UEFA Euro,Dortmund,Germany,True,home_win,2,4043868.0,20240619,881521.0,EURO Grp. F,Turkiye,Turkiye,3.0,Georgia,Georgia,1.0,FT,2024-06-18T16:00:00.000Z,1.08,False,matched
2024-06-18,Portugal,Czech Republic,2,1,UEFA Euro,Leipzig,Germany,True,home_win,1,4043867.0,20240619,881521.0,EURO Grp. F,Portugal,Portugal,2.0,Czechia,Czechia,1.0,FT,2024-06-18T19:00:00.000Z,1.08,False,matched
2024-06-18,New Zealand,Solomon Islands,3,0,Oceania Nations Cup,Port Vila,Vanuatu,True,home_win,3,,,,,,,,,,,,,,,not_matched
2024-06-19,Germany,Hungary,2,0,UEFA Euro,Stuttgart,Germany,False,home_win,2,4043840.0,20240620,881516.0,EURO Grp. A,Germany,Germany,2.0,Hungary,Hungary,0.0,FT,2024-06-19T16:00:00.000Z,1.08,False,matched
2024-06-19,Scotland,Switzerland,1,1,UEFA Euro,Cologne,Germany,True,draw,0,4043839.0,20240620,881516.0,EURO Grp. A,Scotland,Scotland,1.0,Switzerland,Switzerland,1.0,FT,2024-06-19T19:00:00.000Z,1.08,False,matched
2024-06-19,Croatia,Albania,2,2,UEFA Euro,Hamburg,Germany,True,draw,0,4043845.0,20240619,881517.0,EURO Grp. B,Croatia,Croatia,2.0,Albania,Albania,2.0,FT,2024-06-19T13:00:00.000Z,1.08,False,matched
2024-06-20,Spain,Italy,1,0,UEFA Euro,Gelsenkirchen,Germany,True,home_win,1,4043846.0,20240621,881517.0,EURO Grp. B,Spain,Spain,1.0,Italy,Italy,0.0,FT,2024-06-20T19:00:00.000Z,1.08,False,matched
2024-06-20,Denmark,England,1,1,UEFA Euro,Frankfurt,Germany,True,draw,0,4043851.0,20240621,881520.0,EURO Grp. C,Denmark,Denmark,1.0,England,England,1.0,FT,2024-06-20T16:00:00.000Z,1.08,False,matched
2024-06-20,Argentina,Canada,2,0,Copa América,Atlanta,United States,True,home_win,2,4407860.0,20240621,889452.0,Copa America Grp. A,Argentina,Argentina,2.0,Canada,Canada,0.0,FT,2024-06-21T00:00:00.000Z,1.08,False,matched
2024-06-21,Poland,Austria,1,3,UEFA Euro,Berlin,Germany,True,away_win,-2,4043857.0,20240622,881518.0,EURO Grp. D,Poland,Poland,1.0,Austria,Austria,3.0,FT,2024-06-21T16:00:00.000Z,1.08,False,matched
2024-06-21,Netherlands,France,0,0,UEFA Euro,Leipzig,Germany,True,draw,0,4043858.0,20240622,881518.0,EURO Grp. D,Netherlands,Netherlands,0.0,France,France,0.0,FT,2024-06-21T19:00:00.000Z,1.08,False,matched
2024-06-21,Vanuatu,New Zealand,0,4,Oceania Nations Cup,Port Vila,Vanuatu,False,away_win,-4,,,,,,,,,,,,,,,not_matched
2024-06-22,Belgium,Romania,2,0,UEFA Euro,Cologne,Germany,True,home_win,2,4043864.0,20240623,881519.0,EURO Grp. E,Belgium,Belgium,2.0,Romania,Romania,0.0,FT,2024-06-22T19:00:00.000Z,1.08,False,matched
2024-06-22,Georgia,Czech Republic,1,1,UEFA Euro,Hamburg,Germany,True,draw,0,4043869.0,20240622,881521.0,EURO Grp. F,Georgia,Georgia,1.0,Czechia,Czechia,1.0,FT,2024-06-22T13:00:00.000Z,1.08,False,matched
2024-06-22,Turkey,Portugal,0,3,UEFA Euro,Dortmund,Germany,True,away_win,-3,4043870.0,20240623,881521.0,EURO Grp. F,Turkiye,Turkiye,0.0,Portugal,Portugal,3.0,FT,2024-06-22T16:00:00.000Z,1.08,False,matched
2024-06-22,Ecuador,Venezuela,1,2,Copa América,Santa Clara,United States,True,away_win,-1,4377176.0,20240623,889453.0,Copa America Grp. B,Ecuador,Ecuador,1.0,Venezuela,Venezuela,2.0,FT,2024-06-22T22:00:00.000Z,1.08,False,matched
2024-06-22,Mexico,Jamaica,1,0,Copa América,Houston,United States,True,home_win,1,4377175.0,20240623,889453.0,Copa America Grp. B,Mexico,Mexico,1.0,Jamaica,Jamaica,0.0,FT,2024-06-23T01:00:00.000Z,1.08,False,matched
2024-06-23,Germany,Switzerland,1,1,UEFA Euro,Frankfurt,Germany,False,draw,0,4043841.0,20240624,881516.0,EURO Grp. A,Switzerland,Switzerland,1.0,Germany,Germany,1.0,FT,2024-06-23T19:00:00.000Z,1.08,True,matched
2024-06-23,Scotland,Hungary,0,1,UEFA Euro,Stuttgart,Germany,True,away_win,-1,4043842.0,20240624,881516.0,EURO Grp. A,Scotland,Scotland,0.0,Hungary,Hungary,1.0,FT,2024-06-23T19:00:00.000Z,1.08,False,matched
2024-06-23,United States,Bolivia,2,0,Copa América,Arlington,United States,False,home_win,2,4377205.0,20240624,889454.0,Copa America Grp. C,USA,USA,2.0,Bolivia,Bolivia,0.0,FT,2024-06-23T22:00:00.000Z,1.08,False,matched
2024-06-23,Uruguay,Panama,3,1,Copa América,Miami Gardens,United States,True,home_win,2,4377204.0,20240624,889454.0,Copa America Grp. C,Uruguay,Uruguay,3.0,Panama,Panama,1.0,FT,2024-06-24T01:00:00.000Z,1.08,False,matched
2024-06-24,Albania,Spain,0,1,UEFA Euro,Düsseldorf,Germany,True,away_win,-1,4043848.0,20240625,881517.0,EURO Grp. B,Albania,Albania,0.0,Spain,Spain,1.0,FT,2024-06-24T19:00:00.000Z,1.08,False,matched
2024-06-24,Croatia,Italy,1,1,UEFA Euro,Leipzig,Germany,True,draw,0,4043847.0,20240625,881517.0,EURO Grp. B,Croatia,Croatia,1.0,Italy,Italy,1.0,FT,2024-06-24T19:00:00.000Z,1.08,False,matched
2024-06-24,Colombia,Paraguay,2,1,Copa América,Houston,United States,True,home_win,1,4377210.0,20240625,889455.0,Copa America Grp. D,Colombia,Colombia,2.0,Paraguay,Paraguay,1.0,FT,2024-06-24T22:00:00.000Z,1.08,False,matched
2024-06-24,Brazil,Costa Rica,0,0,Copa América,Inglewood,United States,True,draw,0,4407876.0,20240625,889455.0,Copa America Grp. D,Brazil,Brazil,0.0,Costa Rica,Costa Rica,0.0,FT,2024-06-25T01:00:00.000Z,1.08,False,matched
2024-06-25,England,Slovenia,0,0,UEFA Euro,Cologne,Germany,True,draw,0,4043853.0,20240626,881520.0,EURO Grp. C,England,England,0.0,Slovenia,Slovenia,0.0,FT,2024-06-25T19:00:00.000Z,1.08,False,matched
2024-06-25,Netherlands,Austria,2,3,UEFA Euro,Berlin,Germany,True,away_win,-1,4043859.0,20240626,881518.0,EURO Grp. D,Netherlands,Netherlands,2.0,Austria,Austria,3.0,FT,2024-06-25T16:00:00.000Z,1.08,False,matched
2024-06-25,France,Poland,1,1,UEFA Euro,Dortmund,Germany,True,draw,0,4043860.0,20240626,881518.0,EURO Grp. D,France,France,1.0,Poland,Poland,1.0,FT,2024-06-25T16:00:00.000Z,1.08,False,matched
2024-06-25,Peru,Canada,0,1,Copa América,Kansas City,United States,True,away_win,-1,4407861.0,20240626,889452.0,Copa America Grp. A,Peru,Peru,0.0,Canada,Canada,1.0,FT,2024-06-25T22:00:00.000Z,1.08,False,matched
2024-06-25,Chile,Argentina,0,1,Copa América,East Rutherford,United States,True,away_win,-1,4377171.0,20240626,889452.0,Copa America Grp. A,Chile,Chile,0.0,Argentina,Argentina,1.0,FT,2024-06-26T01:00:00.000Z,1.08,False,matched
2024-06-26,Ukraine,Belgium,0,0,UEFA Euro,Stuttgart,Germany,True,draw,0,4043866.0,20240627,881519.0,EURO Grp. E,Ukraine,Ukraine,0.0,Belgium,Belgium,0.0,FT,2024-06-26T16:00:00.000Z,1.08,False,matched
2024-06-26,Georgia,Portugal,2,0,UEFA Euro,Gelsenkirchen,Germany,True,home_win,2,4043871.0,20240627,881521.0,EURO Grp. F,Georgia,Georgia,2.0,Portugal,Portugal,0.0,FT,2024-06-26T19:00:00.000Z,1.08,False,matched
2024-06-26,Czech Republic,Turkey,1,2,UEFA Euro,Hamburg,Germany,True,away_win,-1,4043872.0,20240627,881521.0,EURO Grp. F,Czechia,Czechia,1.0,Turkiye,Turkiye,2.0,FT,2024-06-26T19:00:00.000Z,1.08,False,matched
2024-06-26,Ecuador,Jamaica,3,1,Copa América,Las Vegas,United States,True,home_win,2,4377177.0,20240627,889453.0,Copa America Grp. B,Ecuador,Ecuador,3.0,Jamaica,Jamaica,1.0,FT,2024-06-26T22:00:00.000Z,1.08,False,matched
2024-06-26,Venezuela,Mexico,1,0,Copa América,Inglewood,United States,True,home_win,1,4377178.0,20240627,889453.0,Copa America Grp. B,Venezuela,Venezuela,1.0,Mexico,Mexico,0.0,FT,2024-06-27T01:00:00.000Z,1.08,False,matched
2024-06-27,New Zealand,Tahiti,5,0,Oceania Nations Cup,Port Vila,Vanuatu,True,home_win,5,,,,,,,,,,,,,,,not_matched
2024-06-27,United States,Panama,1,2,Copa América,Atlanta,United States,False,away_win,-1,4377207.0,20240628,889454.0,Copa America Grp. C,Panama,Panama,2.0,USA,USA,1.0,FT,2024-06-27T22:00:00.000Z,1.08,True,matched
2024-06-27,Uruguay,Bolivia,5,0,Copa América,East Rutherford,United States,True,home_win,5,4377206.0,20240628,889454.0,Copa America Grp. C,Uruguay,Uruguay,5.0,Bolivia,Bolivia,0.0,FT,2024-06-28T01:00:00.000Z,1.08,False,matched
2024-06-28,Colombia,Costa Rica,3,0,Copa América,Glendale,United States,True,home_win,3,4407877.0,20240629,889455.0,Copa America Grp. D,Colombia,Colombia,3.0,Costa Rica,Costa Rica,0.0,FT,2024-06-28T22:00:00.000Z,1.08,False,matched
2024-06-28,Paraguay,Brazil,1,4,Copa América,Las Vegas,United States,True,away_win,-3,4377211.0,20240629,889455.0,Copa America Grp. D,Paraguay,Paraguay,1.0,Brazil,Brazil,4.0,FT,2024-06-29T01:00:00.000Z,1.08,False,matched
2024-06-29,Switzerland,Italy,2,0,UEFA Euro,Berlin,Germany,True,home_win,2,4043971.0,20240630,881533.0,EURO Final Stage,Switzerland,Switzerland,2.0,Italy,Italy,0.0,FT,2024-06-29T16:00:00.000Z,1.08,False,matched
2024-06-29,Germany,Denmark,2,0,UEFA Euro,Dortmund,Germany,False,home_win,2,4043970.0,20240630,881533.0,EURO Final Stage,Germany,Germany,2.0,Denmark,Denmark,0.0,FT,2024-06-29T19:00:00.000Z,1.08,False,matched
2024-06-29,Argentina,Peru,2,0,Copa América,Miami Gardens,United States,True,home_win,2,4377172.0,20240630,889452.0,Copa America Grp. A,Argentina,Argentina,2.0,Peru,Peru,0.0,FT,2024-06-30T00:00:00.000Z,1.08,False,matched
2024-06-29,Canada,Chile,0,0,Copa América,Orlando,United States,True,draw,0,4407862.0,20240630,889452.0,Copa America Grp. A,Canada,Canada,0.0,Chile,Chile,0.0,FT,2024-06-30T00:00:00.000Z,1.08,False,matched
2024-06-30,England,Slovakia,2,1,UEFA Euro,Gelsenkirchen,Germany,True,home_win,1,4043973.0,20240701,881533.0,EURO Final Stage,England,England,2.0,Slovakia,Slovakia,1.0,AET,2024-06-30T16:00:00.000Z,1.08,False,matched
2024-06-30,Spain,Georgia,4,1,UEFA Euro,Cologne,Germany,True,home_win,3,4043972.0,20240701,881533.0,EURO Final Stage,Spain,Spain,4.0,Georgia,Georgia,1.0,FT,2024-06-30T19:00:00.000Z,1.08,False,matched
2024-06-30,Vanuatu,New Zealand,0,3,Oceania Nations Cup,Port Vila,Vanuatu,False,away_win,-3,,,,,,,,,,,,,,,not_matched
2024-06-30,Mexico,Ecuador,0,0,Copa América,Glendale,United States,True,draw,0,4377180.0,20240701,889453.0,Copa America Grp. B,Mexico,Mexico,0.0,Ecuador,Ecuador,0.0,FT,2024-07-01T00:00:00.000Z,1.08,False,matched
2024-07-01,France,Belgium,1,0,UEFA Euro,Düsseldorf,Germany,True,home_win,1,4043975.0,20240702,881533.0,EURO Final Stage,France,France,1.0,Belgium,Belgium,0.0,FT,2024-07-01T16:00:00.000Z,1.08,False,matched
2024-07-01,Portugal,Slovenia,0,0,UEFA Euro,Frankfurt,Germany,True,draw,0,4043974.0,20240702,881533.0,EURO Final Stage,Portugal,Portugal,0.0,Slovenia,Slovenia,0.0,Pen,2024-07-01T19:00:00.000Z,1.08,False,matched
2024-07-01,United States,Uruguay,0,1,Copa América,Kansas City,United States,False,away_win,-1,4377209.0,20240702,889454.0,Copa America Grp. C,USA,USA,0.0,Uruguay,Uruguay,1.0,FT,2024-07-02T01:00:00.000Z,1.08,False,matched
2024-07-01,Bolivia,Panama,1,3,Copa América,Orlando,United States,True,away_win,-2,4377208.0,20240702,889454.0,Copa America Grp. C,Bolivia,Bolivia,1.0,Panama,Panama,3.0,FT,2024-07-02T01:00:00.000Z,1.08,False,matched
2024-07-02,Romania,Netherlands,0,3,UEFA Euro,Munich,Germany,True,away_win,-3,4043976.0,20240703,881533.0,EURO Final Stage,Romania,Romania,0.0,Netherlands,Netherlands,3.0,FT,2024-07-02T16:00:00.000Z,1.08,False,matched
2024-07-02,Austria,Turkey,1,2,UEFA Euro,Leipzig,Germany,True,away_win,-1,4043977.0,20240703,881533.0,EURO Final Stage,Austria,Austria,1.0,Turkiye,Turkiye,2.0,FT,2024-07-02T19:00:00.000Z,1.08,False,matched
2024-07-02,Brazil,Colombia,1,1,Copa América,Santa Clara,United States,True,draw,0,4377212.0,20240703,889455.0,Copa America Grp. D,Brazil,Brazil,1.0,Colombia,Colombia,1.0,FT,2024-07-03T01:00:00.000Z,1.08,False,matched
2024-07-02,Costa Rica,Paraguay,2,1,Copa América,Austin,United States,True,home_win,1,4407878.0,20240703,889455.0,Copa America Grp. D,Costa Rica,Costa Rica,2.0,Paraguay,Paraguay,1.0,FT,2024-07-03T01:00:00.000Z,1.08,False,matched
2024-07-04,Argentina,Ecuador,1,1,Copa América,Houston,United States,True,draw,0,4407868.0,20240705,890419.0,Copa America Final Stage,Argentina,Argentina,1.0,Ecuador,Ecuador,1.0,Pen,2024-07-05T01:00:00.000Z,1.08,False,matched
2024-07-05,Germany,Spain,1,2,UEFA Euro,Stuttgart,Germany,False,away_win,-1,4043979.0,20240706,881533.0,EURO Final Stage,Spain,Spain,2.0,Germany,Germany,1.0,AET,2024-07-05T16:00:00.000Z,1.08,True,matched
2024-07-05,Portugal,France,0,0,UEFA Euro,Hamburg,Germany,True,draw,0,4043980.0,20240706,881533.0,EURO Final Stage,Portugal,Portugal,0.0,France,France,0.0,Pen,2024-07-05T19:00:00.000Z,1.08,False,matched
2024-07-05,Venezuela,Canada,1,1,Copa América,Arlington,United States,True,draw,0,4407869.0,20240706,890419.0,Copa America Final Stage,Venezuela,Venezuela,1.0,Canada,Canada,1.0,Pen,2024-07-06T01:00:00.000Z,1.08,False,matched
2024-07-06,England,Switzerland,1,1,UEFA Euro,Düsseldorf,Germany,True,draw,0,4043982.0,20240707,881533.0,EURO Final Stage,England,England,1.0,Switzerland,Switzerland,1.0,Pen,2024-07-06T16:00:00.000Z,1.08,False,matched
2024-07-06,Netherlands,Turkey,2,1,UEFA Euro,Berlin,Germany,True,home_win,1,4043981.0,20240707,881533.0,EURO Final Stage,Netherlands,Netherlands,2.0,Turkiye,Turkiye,1.0,FT,2024-07-06T19:00:00.000Z,1.08,False,matched
2024-07-06,Uruguay,Brazil,0,0,Copa América,Las Vegas,United States,True,draw,0,4407870.0,20240707,890419.0,Copa America Final Stage,Uruguay,Uruguay,0.0,Brazil,Brazil,0.0,Pen,2024-07-07T01:00:00.000Z,1.08,False,matched
2024-07-06,Colombia,Panama,5,0,Copa América,Glendale,United States,True,home_win,5,4407871.0,20240707,890419.0,Copa America Final Stage,Colombia,Colombia,5.0,Panama,Panama,0.0,FT,2024-07-06T22:00:00.000Z,1.08,False,matched
2024-07-09,Spain,France,2,1,UEFA Euro,Munich,Germany,True,home_win,1,4043983.0,20240710,881533.0,EURO Final Stage,Spain,Spain,2.0,France,France,1.0,FT,2024-07-09T19:00:00.000Z,1.08,False,matched
2024-07-09,Argentina,Canada,2,0,Copa América,East Rutherford,United States,True,home_win,2,4407872.0,20240710,890419.0,Copa America Final Stage,Argentina,Argentina,2.0,Canada,Canada,0.0,FT,2024-07-10T00:00:00.000Z,1.08,False,matched
2024-07-10,Netherlands,England,1,2,UEFA Euro,Dortmund,Germany,True,away_win,-1,4043984.0,20240711,881533.0,EURO Final Stage,Netherlands,Netherlands,1.0,England,England,2.0,FT,2024-07-10T19:00:00.000Z,1.08,False,matched
2024-07-10,Uruguay,Colombia,0,1,Copa América,Charlotte,United States,True,away_win,-1,4407873.0,20240711,890419.0,Copa America Final Stage,Uruguay,Uruguay,0.0,Colombia,Colombia,1.0,FT,2024-07-11T00:00:00.000Z,1.08,False,matched
2024-07-13,Canada,Uruguay,2,2,Copa América,Charlotte,United States,True,draw,0,4407874.0,20240714,890419.0,Copa America Final Stage,Canada,Canada,2.0,Uruguay,Uruguay,2.0,Pen,2024-07-14T00:00:00.000Z,1.08,False,matched
2024-07-14,Spain,England,2,1,UEFA Euro,Berlin,Germany,True,home_win,1,4043985.0,20240715,881533.0,EURO Final Stage,Spain,Spain,2.0,England,England,1.0,FT,2024-07-14T19:00:00.000Z,1.08,False,matched
2024-07-14,Argentina,Colombia,1,0,Copa América,Miami Gardens,United States,True,home_win,1,4407875.0,20240715,890419.0,Copa America Final Stage,Argentina,Argentina,1.0,Colombia,Colombia,0.0,AET,2024-07-15T01:20:00.000Z,1.08,False,matched
2024-07-27,Jordan,North Korea,0,0,Friendly,Amman,Jordan,False,draw,0,,,,,,,,,,,,,,,not_matched
2024-08-29,Jordan,North Korea,2,1,Friendly,Amman,Jordan,False,home_win,1,,,,,,,,,,,,,,,not_matched
2024-09-01,Guatemala,Uruguay,1,1,Friendly,Fort Lauderdale,United States,True,draw,0,4603355.0,20240902,888512.0,Friendlies,Uruguay,Uruguay,1.0,Guatemala,Guatemala,1.0,FT,2024-09-01T23:00:00.000Z,1.08,True,matched
2024-09-05,Tunisia,Madagascar,1,0,African Cup of Nations qualification,Radès,Tunisia,False,home_win,1,4538718.0,20240906,893252.0,Africa Cup of Nations Qualification Grp. A,Tunisia,Tunisia,1.0,Madagascar,Madagascar,0.0,FT,2024-09-05T19:00:00.000Z,1.08,False,matched
2024-09-05,Algeria,Equatorial Guinea,2,0,African Cup of Nations qualification,Oran,Algeria,False,home_win,2,4538747.0,20240906,893256.0,Africa Cup of Nations Qualification Grp. E,Algeria,Algeria,2.0,Equatorial Guinea,Equatorial Guinea,0.0,FT,2024-09-05T19:00:00.000Z,1.08,False,matched
2024-09-05,Ghana,Angola,0,1,African Cup of Nations qualification,Kumasi,Ghana,False,away_win,-1,4538791.0,20240906,893257.0,Africa Cup of Nations Qualification Grp. F,Ghana,Ghana,0.0,Angola,Angola,1.0,FT,2024-09-05T16:00:00.000Z,1.08,False,matched
2024-09-05,Portugal,Croatia,2,1,UEFA Nations League,Lisbon,Portugal,False,home_win,1,4421964.0,20240906,890829.0,UEFA Nations League A Grp. 1,Portugal,Portugal,2.0,Croatia,Croatia,1.0,FT,2024-09-05T18:45:00.000Z,1.08,False,matched
2024-09-05,Scotland,Poland,2,3,UEFA Nations League,Glasgow,Scotland,False,away_win,-1,4421965.0,20240906,890829.0,UEFA Nations League A Grp. 1,Scotland,Scotland,2.0,Poland,Poland,3.0,FT,2024-09-05T18:45:00.000Z,1.08,False,matched
2024-09-05,Denmark,Switzerland,2,0,UEFA Nations League,Copenhagen,Denmark,False,home_win,2,4422025.0,20240906,890832.0,UEFA Nations League A Grp. 4,Denmark,Denmark,2.0,Switzerland,Switzerland,0.0,FT,2024-09-05T18:45:00.000Z,1.08,False,matched
2024-09-05,Serbia,Spain,0,0,UEFA Nations League,Belgrade,Serbia,False,draw,0,4422026.0,20240906,890832.0,UEFA Nations League A Grp. 4,Serbia,Serbia,0.0,Spain,Spain,0.0,FT,2024-09-05T18:45:00.000Z,1.08,False,matched
2024-09-05,Azerbaijan,Sweden,1,3,UEFA Nations League,Baku,Azerbaijan,False,away_win,-2,4422001.0,20240906,890837.0,UEFA Nations League C Grp. 1,Azerbaijan,Azerbaijan,1.0,Sweden,Sweden,3.0,FT,2024-09-05T16:00:00.000Z,1.08,False,matched
2024-09-05,Argentina,Chile,3,0,FIFA World Cup qualification,Buenos Aires,Argentina,False,home_win,3,4196507.0,20240906,884579.0,World Cup Qualification CONMEBOL,Argentina,Argentina,3.0,Chile,Chile,0.0,FT,2024-09-06T00:00:00.000Z,1.08,False,matched
2024-09-05,Qatar,United Arab Emirates,1,3,FIFA World Cup qualification,Al Rayyan,Qatar,False,away_win,-2,,,,,,,,,,,,,,,not_matched
2024-09-05,Uzbekistan,North Korea,1,0,FIFA World Cup qualification,Tashkent,Uzbekistan,False,home_win,1,4523673.0,20240905,893083.0,World Cup Qualification AFC 3rd Round Grp. A,Uzbekistan,Uzbekistan,1.0,North Korea,North Korea,0.0,FT,2024-09-05T14:00:00.000Z,1.08,False,matched
2024-09-05,Iran,Kyrgyzstan,1,0,FIFA World Cup qualification,Fuladshahr,Iran,False,home_win,1,4523662.0,20240906,893083.0,World Cup Qualification AFC 3rd Round Grp. A,Iran,Iran,1.0,Kyrgyzstan,Kyrgyzstan,0.0,FT,2024-09-05T16:00:00.000Z,1.08,False,matched
2024-09-05,Iraq,Oman,1,0,FIFA World Cup qualification,Basra,Iraq,False,home_win,1,4523679.0,20240906,893084.0,World Cup Qualification AFC 3rd Round Grp. B,Iraq,Iraq,1.0,Oman,Oman,0.0,FT,2024-09-05T16:00:00.000Z,1.08,False,matched
2024-09-05,South Korea,Palestine,0,0,FIFA World Cup qualification,Seoul,South Korea,False,draw,0,4523678.0,20240905,893084.0,World Cup Qualification AFC 3rd Round Grp. B,South Korea,South Korea,0.0,Palestine,Palestine,0.0,FT,2024-09-05T11:00:00.000Z,1.08,False,matched
2024-09-05,Jordan,Kuwait,1,1,FIFA World Cup qualification,Amman,Jordan,False,draw,0,4523680.0,20240906,893084.0,World Cup Qualification AFC 3rd Round Grp. B,Jordan,Jordan,1.0,Kuwait,Kuwait,1.0,FT,2024-09-05T18:00:00.000Z,1.08,False,matched
2024-09-05,Japan,China,7,0,FIFA World Cup qualification,Saitama,Japan,False,home_win,7,4523698.0,20240905,893085.0,World Cup Qualification AFC 3rd Round Grp. C,Japan,Japan,7.0,China,China,0.0,FT,2024-09-05T10:35:00.000Z,1.08,False,matched
2024-09-05,Australia,Bahrain,0,1,FIFA World Cup qualification,Robina,Australia,False,away_win,-1,4523689.0,20240905,893085.0,World Cup Qualification AFC 3rd Round Grp. C,Australia,Australia,0.0,Bahrain,Bahrain,1.0,FT,2024-09-05T10:10:00.000Z,1.08,False,matched
2024-09-05,Saudi Arabia,Indonesia,1,1,FIFA World Cup qualification,Jeddah,Saudi Arabia,False,draw,0,4523690.0,20240906,893085.0,World Cup Qualification AFC 3rd Round Grp. C,Saudi Arabia,Saudi Arabia,1.0,Indonesia,Indonesia,1.0,FT,2024-09-05T18:00:00.000Z,1.08,False,matched
2024-09-06,Morocco,Gabon,4,1,African Cup of Nations qualification,Agadir,Morocco,False,home_win,3,4538759.0,20240907,893253.0,Africa Cup of Nations Qualification Grp. B,Morocco,Morocco,4.0,Gabon,Gabon,1.0,FT,2024-09-06T19:00:00.000Z,1.08,False,matched
2024-09-06,Egypt,Cape Verde,3,0,African Cup of Nations qualification,Cairo,Egypt,False,home_win,3,4538761.0,20240907,893254.0,Africa Cup of Nations Qualification Grp. C,Egypt,Egypt,3.0,Cape Verde,Cape Verde,0.0,FT,2024-09-06T19:00:00.000Z,1.08,False,matched
2024-09-06,Ivory Coast,Zambia,2,0,African Cup of Nations qualification,Bouaké,Ivory Coast,False,home_win,2,4538770.0,20240907,893258.0,Africa Cup of Nations Qualification Grp. G,Ivory Coast,Ivory Coast,2.0,Zambia,Zambia,0.0,FT,2024-09-06T19:00:00.000Z,1.08,False,matched
2024-09-06,DR Congo,Guinea,1,0,African Cup of Nations qualification,Kinshasa,DR Congo,False,home_win,1,4538795.0,20240907,893259.0,Africa Cup of Nations Qualification Grp. H,DR Congo,DR Congo,1.0,Guinea,Guinea,0.0,FT,2024-09-06T16:00:00.000Z,1.08,False,matched
2024-09-06,South Africa,Uganda,2,2,African Cup of Nations qualification,Johannesburg,South Africa,False,draw,0,4538819.0,20240907,893262.0,Africa Cup of Nations Qualification Grp. K,South Africa,South Africa,2.0,Uganda,Uganda,2.0,FT,2024-09-06T16:00:00.000Z,1.08,False,matched
2024-09-06,Senegal,Burkina Faso,1,1,African Cup of Nations qualification,Diamniadio,Senegal,False,draw,0,4538857.0,20240907,893263.0,Africa Cup of Nations Qualification Grp. L,Senegal,Senegal,1.0,Burkina Faso,Burkina Faso,1.0,FT,2024-09-06T19:00:00.000Z,1.08,False,matched
2024-09-06,Saint Lucia,Curaçao,2,1,CONCACAF Nations League,St. George's,Grenada,True,home_win,1,4485966.0,20240907,892498.0,CONCACAF Nations League B Grp. 2,Saint Lucia,Saint Lucia,2.0,Curacao,Curacao,1.0,FT,2024-09-06T21:00:00.000Z,1.08,False,matched
2024-09-06,Puerto Rico,Haiti,1,4,CONCACAF Nations League,Mayagüez,Puerto Rico,False,away_win,-3,4485959.0,20240907,892499.0,CONCACAF Nations League B Grp. 3,Puerto Rico,Puerto Rico,1.0,Haiti,Haiti,4.0,FT,2024-09-07T00:00:00.000Z,1.08,False,matched
2024-09-06,Belgium,Israel,3,1,UEFA Nations League,Debrecen,Hungary,True,home_win,2,4421977.0,20240907,890830.0,UEFA Nations League A Grp. 2,Belgium,Belgium,3.0,Israel,Israel,1.0,FT,2024-09-06T18:45:00.000Z,1.08,False,matched
2024-09-06,France,Italy,1,3,UEFA Nations League,Paris,France,False,away_win,-2,4421978.0,20240907,890830.0,UEFA Nations League A Grp. 2,France,France,1.0,Italy,Italy,3.0,FT,2024-09-06T18:45:00.000Z,1.08,False,matched
2024-09-06,Kazakhstan,Norway,0,0,UEFA Nations League,Almaty,Kazakhstan,False,draw,0,4422043.0,20240906,890835.0,UEFA Nations League B Grp. 3,Kazakhstan,Kazakhstan,0.0,Norway,Norway,0.0,FT,2024-09-06T14:00:00.000Z,1.08,False,matched
2024-09-06,Slovenia,Austria,1,1,UEFA Nations League,Ljubljana,Slovenia,False,draw,0,4422044.0,20240907,890835.0,UEFA Nations League B Grp. 3,Slovenia,Slovenia,1.0,Austria,Austria,1.0,FT,2024-09-06T18:45:00.000Z,1.08,False,matched
2024-09-06,Wales,Turkey,0,0,UEFA Nations League,Cardiff,Wales,False,draw,0,4422069.0,20240907,890836.0,UEFA Nations League B Grp. 4,Wales,Wales,0.0,Turkiye,Turkiye,0.0,FT,2024-09-06T18:45:00.000Z,1.08,False,matched
2024-09-06,Peru,Colombia,1,1,FIFA World Cup qualification,Lima,Peru,False,draw,0,4196525.0,20240907,884579.0,World Cup Qualification CONMEBOL,Peru,Peru,1.0,Colombia,Colombia,1.0,FT,2024-09-07T01:30:00.000Z,1.08,False,matched
2024-09-06,Uruguay,Paraguay,0,0,FIFA World Cup qualification,Montevideo,Uruguay,False,draw,0,4196541.0,20240907,884579.0,World Cup Qualification CONMEBOL,Uruguay,Uruguay,0.0,Paraguay,Paraguay,0.0,FT,2024-09-06T23:30:00.000Z,1.08,False,matched
2024-09-06,Brazil,Ecuador,1,0,FIFA World Cup qualification,Curitiba,Brazil,False,home_win,1,4196524.0,20240907,884579.0,World Cup Qualification CONMEBOL,Brazil,Brazil,1.0,Ecuador,Ecuador,0.0,FT,2024-09-07T01:00:00.000Z,1.08,False,matched
2024-09-07,Mexico,New Zealand,3,0,Friendly,Pasadena,United States,True,home_win,3,4446483.0,20240908,888512.0,Friendlies,Mexico,Mexico,3.0,New Zealand,New Zealand,0.0,FT,2024-09-08T01:00:00.000Z,1.08,False,matched
2024-09-07,United States,Canada,1,2,Friendly,Kansas City,United States,False,away_win,-1,4531858.0,20240908,888512.0,Friendlies,USA,USA,1.0,Canada,Canada,2.0,FT,2024-09-07T20:00:00.000Z,1.08,False,matched
2024-09-07,Germany,Hungary,5,0,UEFA Nations League,Düsseldorf,Germany,False,home_win,5,4422013.0,20240908,890831.0,UEFA Nations League A Grp. 3,Germany,Germany,5.0,Hungary,Hungary,0.0,FT,2024-09-07T18:45:00.000Z,1.08,False,matched
2024-09-07,Netherlands,Bosnia and Herzegovina,5,2,UEFA Nations League,Eindhoven,Netherlands,False,home_win,3,4422014.0,20240908,890831.0,UEFA Nations League A Grp. 3,Netherlands,Netherlands,5.0,Bosnia and Herzegovina,Bosnia and Herzegovina,2.0,FT,2024-09-07T18:45:00.000Z,1.08,False,matched
2024-09-07,Georgia,Czech Republic,4,1,UEFA Nations League,Tbilisi,Georgia,False,home_win,3,4421952.0,20240908,890833.0,UEFA Nations League B Grp. 1,Georgia,Georgia,4.0,Czechia,Czechia,1.0,FT,2024-09-07T16:00:00.000Z,1.08,False,matched
2024-09-07,Republic of Ireland,England,0,2,UEFA Nations League,Dublin,Republic of Ireland,False,away_win,-2,4421989.0,20240908,890834.0,UEFA Nations League B Grp. 2,Ireland,Ireland,0.0,England,England,2.0,FT,2024-09-07T16:00:00.000Z,1.04,False,matched
2024-09-08,Gambia,Tunisia,1,2,African Cup of Nations qualification,El Jadida,Morocco,True,away_win,-1,4538720.0,20240909,893252.0,Africa Cup of Nations Qualification Grp. A,Gambia,Gambia,1.0,Tunisia,Tunisia,2.0,FT,2024-09-08T16:00:00.000Z,1.08,False,matched
2024-09-08,Portugal,Scotland,2,1,UEFA Nations League,Lisbon,Portugal,False,home_win,1,4421967.0,20240909,890829.0,UEFA Nations League A Grp. 1,Portugal,Portugal,2.0,Scotland,Scotland,1.0,FT,2024-09-08T18:45:00.000Z,1.08,False,matched
2024-09-08,Croatia,Poland,1,0,UEFA Nations League,Osijek,Croatia,False,home_win,1,4421966.0,20240909,890829.0,UEFA Nations League A Grp. 1,Croatia,Croatia,1.0,Poland,Poland,0.0,FT,2024-09-08T18:45:00.000Z,1.08,False,matched
2024-09-08,Switzerland,Spain,1,4,UEFA Nations League,Geneva,Switzerland,False,away_win,-3,4422028.0,20240909,890832.0,UEFA Nations League A Grp. 4,Switzerland,Switzerland,1.0,Spain,Spain,4.0,FT,2024-09-08T18:45:00.000Z,1.08,False,matched
2024-09-08,Sweden,Estonia,3,0,UEFA Nations League,Stockholm,Sweden,False,home_win,3,4422004.0,20240909,890837.0,UEFA Nations League C Grp. 1,Sweden,Sweden,3.0,Estonia,Estonia,0.0,FT,2024-09-08T18:45:00.000Z,1.08,False,matched
2024-09-09,Morocco,Lesotho,1,0,African Cup of Nations qualification,Agadir,Morocco,False,home_win,1,4538751.0,20240910,893253.0,Africa Cup of Nations Qualification Grp. B,Lesotho,Lesotho,0.0,Morocco,Morocco,1.0,FT,2024-09-09T19:00:00.000Z,1.08,True,matched
2024-09-09,Niger,Ghana,1,1,African Cup of Nations qualification,Berkane,Morocco,True,draw,0,4538781.0,20240910,893257.0,Africa Cup of Nations Qualification Grp. F,Niger,Niger,1.0,Ghana,Ghana,1.0,FT,2024-09-09T16:00:00.000Z,1.08,False,matched
2024-09-09,Ethiopia,DR Congo,0,2,African Cup of Nations qualification,Dar es Salaam,Tanzania,True,away_win,-2,4538793.0,20240910,893259.0,Africa Cup of Nations Qualification Grp. H,Ethiopia,Ethiopia,0.0,DR Congo,DR Congo,2.0,FT,2024-09-09T19:00:00.000Z,1.08,False,matched
2024-09-09,Burundi,Senegal,0,1,African Cup of Nations qualification,Lilongwe,Malawi,True,away_win,-1,4538855.0,20240909,893263.0,Africa Cup of Nations Qualification Grp. L,Burundi,Burundi,0.0,Senegal,Senegal,1.0,FT,2024-09-09T13:00:00.000Z,1.08,False,matched
2024-09-09,Curaçao,Saint Martin,4,0,CONCACAF Nations League,St. George's,Grenada,True,home_win,4,4485974.0,20240910,892498.0,CONCACAF Nations League B Grp. 2,Curacao,Curacao,4.0,Saint Martin,Saint Martin,0.0,FT,2024-09-09T21:00:00.000Z,1.08,False,matched
2024-09-09,Haiti,Sint Maarten,6,0,CONCACAF Nations League,Mayagüez,Puerto Rico,True,home_win,6,4485992.0,20240910,892499.0,CONCACAF Nations League B Grp. 3,Haiti,Haiti,6.0,Sint Maarten,Sint Maarten,0.0,FT,2024-09-09T21:00:00.000Z,1.08,False,matched
2024-09-09,France,Belgium,2,0,UEFA Nations League,Décines-Charpieu,France,False,home_win,2,4421979.0,20240910,890830.0,UEFA Nations League A Grp. 2,France,France,2.0,Belgium,Belgium,0.0,FT,2024-09-09T18:45:00.000Z,1.08,False,matched
2024-09-09,Norway,Austria,2,1,UEFA Nations League,Oslo,Norway,False,home_win,1,4422045.0,20240910,890835.0,UEFA Nations League B Grp. 3,Norway,Norway,2.0,Austria,Austria,1.0,FT,2024-09-09T18:45:00.000Z,1.08,False,matched
2024-09-09,Turkey,Iceland,3,1,UEFA Nations League,İzmir,Turkey,False,home_win,2,4422071.0,20240910,890836.0,UEFA Nations League B Grp. 4,Turkiye,Turkiye,3.0,Iceland,Iceland,1.0,FT,2024-09-09T18:45:00.000Z,1.08,False,matched
2024-09-10,Mexico,Canada,0,0,Friendly,Arlington,United States,True,draw,0,4446482.0,20240911,888512.0,Friendlies,Mexico,Mexico,0.0,Canada,Canada,0.0,FT,2024-09-11T01:00:00.000Z,1.08,False,matched
2024-09-10,United States,New Zealand,1,1,Friendly,Cincinnati,United States,False,draw,0,4531859.0,20240911,888512.0,Friendlies,USA,USA,1.0,New Zealand,New Zealand,1.0,FT,2024-09-10T23:00:00.000Z,1.08,False,matched
2024-09-10,Botswana,Egypt,0,4,African Cup of Nations qualification,Francistown,Botswana,False,away_win,-4,4538763.0,20240911,893254.0,Africa Cup of Nations Qualification Grp. C,Botswana,Botswana,0.0,Egypt,Egypt,4.0,FT,2024-09-10T16:00:00.000Z,1.08,False,matched
2024-09-10,Cape Verde,Mauritania,2,0,African Cup of Nations qualification,Praia,Cape Verde,False,home_win,2,4538764.0,20240911,893254.0,Africa Cup of Nations Qualification Grp. C,Cape Verde,Cape Verde,2.0,Mauritania,Mauritania,0.0,FT,2024-09-10T19:00:00.000Z,1.08,False,matched
2024-09-10,Liberia,Algeria,0,3,African Cup of Nations qualification,Monrovia,Liberia,False,away_win,-3,4538782.0,20240911,893256.0,Africa Cup of Nations Qualification Grp. E,Liberia,Liberia,0.0,Algeria,Algeria,3.0,FT,2024-09-10T16:00:00.000Z,1.08,False,matched
2024-09-10,Chad,Ivory Coast,0,2,African Cup of Nations qualification,Yaoundé,Cameroon,True,away_win,-2,4538805.0,20240911,893258.0,Africa Cup of Nations Qualification Grp. G,Chad,Chad,0.0,Ivory Coast,Ivory Coast,2.0,FT,2024-09-10T19:00:00.000Z,1.08,False,matched
2024-09-10,South Sudan,South Africa,2,3,African Cup of Nations qualification,Juba,South Sudan,False,away_win,-1,4538821.0,20240910,893262.0,Africa Cup of Nations Qualification Grp. K,South Sudan,South Sudan,2.0,South Africa,South Africa,3.0,FT,2024-09-10T13:00:00.000Z,1.08,False,matched
2024-09-10,Hungary,Bosnia and Herzegovina,0,0,UEFA Nations League,Budapest,Hungary,False,draw,0,4422015.0,20240911,890831.0,UEFA Nations League A Grp. 3,Hungary,Hungary,0.0,Bosnia and Herzegovina,Bosnia and Herzegovina,0.0,FT,2024-09-10T18:45:00.000Z,1.08,False,matched
2024-09-10,Netherlands,Germany,2,2,UEFA Nations League,Amsterdam,Netherlands,False,draw,0,4422016.0,20240911,890831.0,UEFA Nations League A Grp. 3,Netherlands,Netherlands,2.0,Germany,Germany,2.0,FT,2024-09-10T18:45:00.000Z,1.08,False,matched
2024-09-10,Czech Republic,Ukraine,3,2,UEFA Nations League,Prague,Czech Republic,False,home_win,1,4421955.0,20240911,890833.0,UEFA Nations League B Grp. 1,Czechia,Czechia,3.0,Ukraine,Ukraine,2.0,FT,2024-09-10T18:45:00.000Z,1.08,False,matched
2024-09-10,England,Finland,2,0,UEFA Nations League,London,England,False,home_win,2,4421991.0,20240911,890834.0,UEFA Nations League B Grp. 2,England,England,2.0,Finland,Finland,0.0,FT,2024-09-10T18:45:00.000Z,1.08,False,matched
2024-09-10,Colombia,Argentina,2,1,FIFA World Cup qualification,Barranquilla,Colombia,False,home_win,1,4196508.0,20240911,884579.0,World Cup Qualification CONMEBOL,Colombia,Colombia,2.0,Argentina,Argentina,1.0,FT,2024-09-10T20:30:00.000Z,1.08,False,matched
2024-09-10,Ecuador,Peru,1,0,FIFA World Cup qualification,Quito,Ecuador,False,home_win,1,4196512.0,20240911,884579.0,World Cup Qualification CONMEBOL,Ecuador,Ecuador,1.0,Peru,Peru,0.0,FT,2024-09-10T21:00:00.000Z,1.08,False,matched
2024-09-10,Venezuela,Uruguay,0,0,FIFA World Cup qualification,Maturín,Venezuela,False,draw,0,4196509.0,20240911,884579.0,World Cup Qualification CONMEBOL,Venezuela,Venezuela,0.0,Uruguay,Uruguay,0.0,FT,2024-09-10T22:00:00.000Z,1.08,False,matched
2024-09-10,Paraguay,Brazil,1,0,FIFA World Cup qualification,Asunción,Paraguay,False,home_win,1,4196510.0,20240911,884579.0,World Cup Qualification CONMEBOL,Paraguay,Paraguay,1.0,Brazil,Brazil,0.0,FT,2024-09-11T00:30:00.000Z,1.08,False,matched
2024-09-10,North Korea,Qatar,2,2,FIFA World Cup qualification,Vientiane,Laos,True,draw,0,4523670.0,20240910,893083.0,World Cup Qualification AFC 3rd Round Grp. A,North Korea,North Korea,2.0,Qatar,Qatar,2.0,FT,2024-09-10T12:00:00.000Z,1.08,False,matched
2024-09-10,Kyrgyzstan,Uzbekistan,2,3,FIFA World Cup qualification,Bishkek,Kyrgyzstan,False,away_win,-1,4523671.0,20240910,893083.0,World Cup Qualification AFC 3rd Round Grp. A,Kyrgyzstan,Kyrgyzstan,2.0,Uzbekistan,Uzbekistan,3.0,FT,2024-09-10T14:00:00.000Z,1.08,False,matched
2024-09-10,United Arab Emirates,Iran,0,1,FIFA World Cup qualification,Al Ain,United Arab Emirates,False,away_win,-1,,,,,,,,,,,,,,,not_matched
2024-09-10,Oman,South Korea,1,3,FIFA World Cup qualification,Muscat,Oman,False,away_win,-2,4523681.0,20240910,893084.0,World Cup Qualification AFC 3rd Round Grp. B,Oman,Oman,1.0,South Korea,South Korea,3.0,FT,2024-09-10T14:00:00.000Z,1.08,False,matched
2024-09-10,Kuwait,Iraq,0,0,FIFA World Cup qualification,Kuwait City,Kuwait,False,draw,0,4523683.0,20240911,893084.0,World Cup Qualification AFC 3rd Round Grp. B,Kuwait,Kuwait,0.0,Iraq,Iraq,0.0,FT,2024-09-10T18:00:00.000Z,1.08,False,matched
2024-09-10,Palestine,Jordan,1,3,FIFA World Cup qualification,Kuala Lumpur,Malaysia,True,away_win,-2,4523682.0,20240910,893084.0,World Cup Qualification AFC 3rd Round Grp. B,Palestine,Palestine,1.0,Jordan,Jordan,3.0,FT,2024-09-10T14:00:00.000Z,1.08,False,matched
2024-09-10,Bahrain,Japan,0,5,FIFA World Cup qualification,Riffa,Bahrain,False,away_win,-5,4523691.0,20240911,893085.0,World Cup Qualification AFC 3rd Round Grp. C,Bahrain,Bahrain,0.0,Japan,Japan,5.0,FT,2024-09-10T16:00:00.000Z,1.08,False,matched
2024-09-10,Indonesia,Australia,0,0,FIFA World Cup qualification,Jakarta,Indonesia,False,draw,0,4523693.0,20240910,893085.0,World Cup Qualification AFC 3rd Round Grp. C,Indonesia,Indonesia,0.0,Australia,Australia,0.0,FT,2024-09-10T12:00:00.000Z,1.08,False,matched
2024-09-10,China,Saudi Arabia,1,2,FIFA World Cup qualification,Dalian,China,False,away_win,-1,4523692.0,20240910,893085.0,World Cup Qualification AFC 3rd Round Grp. C,China,China,1.0,Saudi Arabia,Saudi Arabia,2.0,FT,2024-09-10T12:00:00.000Z,1.08,False,matched
2024-10-10,Cape Verde,Botswana,0,1,African Cup of Nations qualification,Praia,Cape Verde,False,away_win,-1,4538765.0,20241011,893254.0,Africa Cup of Nations Qualification Grp. C,Cape Verde,Cape Verde,0.0,Botswana,Botswana,1.0,FT,2024-10-10T16:00:00.000Z,1.08,False,matched
2024-10-10,Algeria,Togo,5,1,African Cup of Nations qualification,Annaba,Algeria,False,home_win,4,4538784.0,20241011,893256.0,Africa Cup of Nations Qualification Grp. E,Algeria,Algeria,5.0,Togo,Togo,1.0,FT,2024-10-10T19:00:00.000Z,1.08,False,matched
2024-10-10,Ghana,Sudan,0,0,African Cup of Nations qualification,Accra,Ghana,False,draw,0,4538777.0,20241011,893257.0,Africa Cup of Nations Qualification Grp. F,Ghana,Ghana,0.0,Sudan,Sudan,0.0,FT,2024-10-10T16:00:00.000Z,1.08,False,matched
2024-10-10,DR Congo,Tanzania,1,0,African Cup of Nations qualification,Kinshasa,DR Congo,False,home_win,1,4538826.0,20241011,893259.0,Africa Cup of Nations Qualification Grp. H,DR Congo,DR Congo,1.0,Tanzania,Tanzania,0.0,FT,2024-10-10T16:00:00.000Z,1.08,False,matched
2024-10-10,Israel,France,1,4,UEFA Nations League,Budapest,Hungary,True,away_win,-3,4421981.0,20241011,890830.0,UEFA Nations League A Grp. 2,Israel,Israel,1.0,France,France,4.0,FT,2024-10-10T18:45:00.000Z,1.08,False,matched
2024-10-10,Italy,Belgium,2,2,UEFA Nations League,Rome,Italy,False,draw,0,4421982.0,20241011,890830.0,UEFA Nations League A Grp. 2,Italy,Italy,2.0,Belgium,Belgium,2.0,FT,2024-10-10T18:45:00.000Z,1.08,False,matched
2024-10-10,England,Greece,1,2,UEFA Nations League,London,England,False,away_win,-1,4421993.0,20241011,890834.0,UEFA Nations League B Grp. 2,England,England,1.0,Greece,Greece,2.0,FT,2024-10-10T18:45:00.000Z,1.08,False,matched
2024-10-10,Austria,Kazakhstan,4,0,UEFA Nations League,Salzburg,Austria,False,home_win,4,4422047.0,20241011,890835.0,UEFA Nations League B Grp. 3,Austria,Austria,4.0,Kazakhstan,Kazakhstan,0.0,FT,2024-10-10T18:45:00.000Z,1.08,False,matched
2024-10-10,Norway,Slovenia,3,0,UEFA Nations League,Oslo,Norway,False,home_win,3,4422048.0,20241011,890835.0,UEFA Nations League B Grp. 3,Norway,Norway,3.0,Slovenia,Slovenia,0.0,FT,2024-10-10T18:45:00.000Z,1.08,False,matched
2024-10-10,Bolivia,Colombia,1,0,FIFA World Cup qualification,El Alto,Bolivia,False,home_win,1,4196515.0,20241011,884579.0,World Cup Qualification CONMEBOL,Bolivia,Bolivia,1.0,Colombia,Colombia,0.0,FT,2024-10-10T20:00:00.000Z,1.08,False,matched
2024-10-10,Ecuador,Paraguay,0,0,FIFA World Cup qualification,Quito,Ecuador,False,draw,0,4196517.0,20241011,884579.0,World Cup Qualification CONMEBOL,Ecuador,Ecuador,0.0,Paraguay,Paraguay,0.0,FT,2024-10-10T21:00:00.000Z,1.08,False,matched
2024-10-10,Venezuela,Argentina,1,1,FIFA World Cup qualification,Maturín,Venezuela,False,draw,0,4196514.0,20241011,884579.0,World Cup Qualification CONMEBOL,Venezuela,Venezuela,1.0,Argentina,Argentina,1.0,FT,2024-10-10T21:00:00.000Z,1.08,False,matched
2024-10-10,Chile,Brazil,1,2,FIFA World Cup qualification,Santiago,Chile,False,away_win,-1,4196516.0,20241011,884579.0,World Cup Qualification CONMEBOL,Chile,Chile,1.0,Brazil,Brazil,2.0,FT,2024-10-11T00:00:00.000Z,1.08,False,matched
2024-10-10,Qatar,Kyrgyzstan,3,1,FIFA World Cup qualification,Doha,Qatar,False,home_win,2,4523669.0,20241011,893083.0,World Cup Qualification AFC 3rd Round Grp. A,Qatar,Qatar,3.0,Kyrgyzstan,Kyrgyzstan,1.0,FT,2024-10-10T16:00:00.000Z,1.08,False,matched
2024-10-10,Uzbekistan,Iran,0,0,FIFA World Cup qualification,Tashkent,Uzbekistan,False,draw,0,4523668.0,20241010,893083.0,World Cup Qualification AFC 3rd Round Grp. A,Uzbekistan,Uzbekistan,0.0,Iran,Iran,0.0,FT,2024-10-10T14:00:00.000Z,1.08,False,matched
2024-10-10,Jordan,South Korea,0,2,FIFA World Cup qualification,Amman,Jordan,False,away_win,-2,4523685.0,20241010,893084.0,World Cup Qualification AFC 3rd Round Grp. B,Jordan,Jordan,0.0,South Korea,South Korea,2.0,FT,2024-10-10T14:00:00.000Z,1.08,False,matched
2024-10-10,Iraq,Palestine,1,0,FIFA World Cup qualification,Basra,Iraq,False,home_win,1,4523684.0,20241011,893084.0,World Cup Qualification AFC 3rd Round Grp. B,Iraq,Iraq,1.0,Palestine,Palestine,0.0,FT,2024-10-10T18:00:00.000Z,1.08,False,matched
2024-10-10,Australia,China,3,1,FIFA World Cup qualification,Adelaide,Australia,False,home_win,2,4523694.0,20241010,893085.0,World Cup Qualification AFC 3rd Round Grp. C,Australia,Australia,3.0,China,China,1.0,FT,2024-10-10T09:10:00.000Z,1.08,False,matched
2024-10-10,Saudi Arabia,Japan,0,2,FIFA World Cup qualification,Jeddah,Saudi Arabia,False,away_win,-2,4523695.0,20241011,893085.0,World Cup Qualification AFC 3rd Round Grp. C,Saudi Arabia,Saudi Arabia,0.0,Japan,Japan,2.0,FT,2024-10-10T18:00:00.000Z,1.08,False,matched
2024-10-11,Tunisia,Comoros,0,1,African Cup of Nations qualification,Radès,Tunisia,False,away_win,-1,4538723.0,20241012,893252.0,Africa Cup of Nations Qualification Grp. A,Tunisia,Tunisia,0.0,Comoros,Comoros,1.0,FT,2024-10-11T19:00:00.000Z,1.08,False,matched
2024-10-11,Egypt,Mauritania,2,0,African Cup of Nations qualification,Cairo,Egypt,False,home_win,2,4538766.0,20241012,893254.0,Africa Cup of Nations Qualification Grp. C,Egypt,Egypt,2.0,Mauritania,Mauritania,0.0,FT,2024-10-11T16:00:00.000Z,1.08,False,matched
2024-10-11,Ivory Coast,Sierra Leone,4,1,African Cup of Nations qualification,San-Pédro,Ivory Coast,False,home_win,3,4538802.0,20241012,893258.0,Africa Cup of Nations Qualification Grp. G,Ivory Coast,Ivory Coast,4.0,Sierra Leone,Sierra Leone,1.0,FT,2024-10-11T19:00:00.000Z,1.08,False,matched
2024-10-11,South Africa,Congo,5,0,African Cup of Nations qualification,Gqeberha,South Africa,False,home_win,5,4538824.0,20241012,893262.0,Africa Cup of Nations Qualification Grp. K,South Africa,South Africa,5.0,Congo,Congo,0.0,FT,2024-10-11T17:00:00.000Z,1.08,False,matched
2024-10-11,Senegal,Malawi,4,0,African Cup of Nations qualification,Diamniadio,Senegal,False,home_win,4,4538852.0,20241012,893263.0,Africa Cup of Nations Qualification Grp. L,Senegal,Senegal,4.0,Malawi,Malawi,0.0,FT,2024-10-11T19:00:00.000Z,1.08,False,matched
2024-10-11,Grenada,Curaçao,0,0,CONCACAF Nations League,Gros Islet,Saint Lucia,True,draw,0,4486021.0,20241012,892498.0,CONCACAF Nations League B Grp. 2,Grenada,Grenada,0.0,Curacao,Curacao,0.0,FT,2024-10-11T21:00:00.000Z,1.08,False,matched
2024-10-11,Aruba,Haiti,1,3,CONCACAF Nations League,Oranjestad,Aruba,False,away_win,-2,4486019.0,20241012,892499.0,CONCACAF Nations League B Grp. 3,Aruba,Aruba,1.0,Haiti,Haiti,3.0,FT,2024-10-12T00:00:00.000Z,1.08,False,matched
2024-10-11,Bosnia and Herzegovina,Germany,1,2,UEFA Nations League,Zenica,Bosnia and Herzegovina,False,away_win,-1,4422017.0,20241012,890831.0,UEFA Nations League A Grp. 3,Bosnia and Herzegovina,Bosnia and Herzegovina,1.0,Germany,Germany,2.0,FT,2024-10-11T18:45:00.000Z,1.08,False,matched
2024-10-11,Hungary,Netherlands,1,1,UEFA Nations League,Budapest,Hungary,False,draw,0,4422018.0,20241012,890831.0,UEFA Nations League A Grp. 3,Hungary,Hungary,1.0,Netherlands,Netherlands,1.0,FT,2024-10-11T18:45:00.000Z,1.08,False,matched
2024-10-11,Czech Republic,Albania,2,0,UEFA Nations League,Prague,Czech Republic,False,home_win,2,4421956.0,20241012,890833.0,UEFA Nations League B Grp. 1,Czechia,Czechia,2.0,Albania,Albania,0.0,FT,2024-10-11T18:45:00.000Z,1.08,False,matched
2024-10-11,Turkey,Montenegro,1,0,UEFA Nations League,Tekkeköy,Turkey,False,home_win,1,4422073.0,20241012,890836.0,UEFA Nations League B Grp. 4,Turkiye,Turkiye,1.0,Montenegro,Montenegro,0.0,FT,2024-10-11T18:45:00.000Z,1.08,False,matched
2024-10-11,Slovakia,Sweden,2,2,UEFA Nations League,Bratislava,Slovakia,False,draw,0,4422006.0,20241012,890837.0,UEFA Nations League C Grp. 1,Slovakia,Slovakia,2.0,Sweden,Sweden,2.0,FT,2024-10-11T18:45:00.000Z,1.08,False,matched
2024-10-11,Peru,Uruguay,1,0,FIFA World Cup qualification,Lima,Peru,False,home_win,1,4196513.0,20241012,884579.0,World Cup Qualification CONMEBOL,Peru,Peru,1.0,Uruguay,Uruguay,0.0,FT,2024-10-12T01:30:00.000Z,1.08,False,matched
2024-10-11,New Zealand,Tahiti,3,0,FIFA World Cup qualification,Port Vila,Vanuatu,True,home_win,3,4616533.0,20241011,894226.0,World Cup Qualification OFC 2nd Round Grp. B,New Zealand,New Zealand,3.0,Tahiti,Tahiti,0.0,FT,2024-10-11T02:00:00.000Z,1.08,False,matched
2024-10-12,United States,Panama,2,0,Friendly,Austin,United States,False,home_win,2,4531860.0,20241013,888512.0,Friendlies,USA,USA,2.0,Panama,Panama,0.0,FT,2024-10-13T01:00:00.000Z,1.08,False,matched
2024-10-12,Morocco,Central African Republic,5,0,African Cup of Nations qualification,Oujda,Morocco,False,home_win,5,4538754.0,20241013,893253.0,Africa Cup of Nations Qualification Grp. B,Morocco,Morocco,5.0,Central African Republic,Central African Republic,0.0,FT,2024-10-12T19:00:00.000Z,1.08,False,matched
2024-10-12,Croatia,Scotland,2,1,UEFA Nations League,Zagreb,Croatia,False,home_win,1,4421968.0,20241013,890829.0,UEFA Nations League A Grp. 1,Croatia,Croatia,2.0,Scotland,Scotland,1.0,FT,2024-10-12T16:00:00.000Z,1.08,False,matched
2024-10-12,Poland,Portugal,1,3,UEFA Nations League,Warsaw,Poland,False,away_win,-2,4421969.0,20241013,890829.0,UEFA Nations League A Grp. 1,Poland,Poland,1.0,Portugal,Portugal,3.0,FT,2024-10-12T18:45:00.000Z,1.08,False,matched
2024-10-12,Serbia,Switzerland,2,0,UEFA Nations League,Leskovac,Serbia,False,home_win,2,4422029.0,20241013,890832.0,UEFA Nations League A Grp. 4,Serbia,Serbia,2.0,Switzerland,Switzerland,0.0,FT,2024-10-12T18:45:00.000Z,1.08,False,matched
2024-10-12,Spain,Denmark,1,0,UEFA Nations League,Murcia,Spain,False,home_win,1,4422030.0,20241013,890832.0,UEFA Nations League A Grp. 4,Spain,Spain,1.0,Denmark,Denmark,0.0,FT,2024-10-12T18:45:00.000Z,1.08,False,matched
2024-10-13,Finland,England,1,3,UEFA Nations League,Helsinki,Finland,False,away_win,-2,4421995.0,20241014,890834.0,UEFA Nations League B Grp. 2,Finland,Finland,1.0,England,England,3.0,FT,2024-10-13T16:00:00.000Z,1.08,False,matched
2024-10-13,Austria,Norway,5,1,UEFA Nations League,Linz,Austria,False,home_win,4,4422050.0,20241014,890835.0,UEFA Nations League B Grp. 3,Austria,Austria,5.0,Norway,Norway,1.0,FT,2024-10-13T18:45:00.000Z,1.08,False,matched
2024-10-14,New Zealand,Malaysia,4,0,Friendly,Auckland,New Zealand,False,home_win,4,4633912.0,20241014,888512.0,Friendlies,New Zealand,New Zealand,4.0,Malaysia,Malaysia,0.0,FT,2024-10-14T06:00:00.000Z,1.08,False,matched
2024-10-14,Togo,Algeria,0,1,African Cup of Nations qualification,Lomé,Togo,False,away_win,-1,4538786.0,20241015,893256.0,Africa Cup of Nations Qualification Grp. E,Togo,Togo,0.0,Algeria,Algeria,1.0,FT,2024-10-14T16:00:00.000Z,1.08,False,matched
2024-10-14,Curaçao,Grenada,1,0,CONCACAF Nations League,Gros Islet,Saint Lucia,True,home_win,1,4486013.0,20241015,892498.0,CONCACAF Nations League B Grp. 2,Curacao,Curacao,1.0,Grenada,Grenada,0.0,FT,2024-10-14T20:00:00.000Z,1.08,False,matched
2024-10-14,Aruba,Haiti,3,5,CONCACAF Nations League,Oranjestad,Aruba,False,away_win,-2,4486011.0,20241015,892499.0,CONCACAF Nations League B Grp. 3,Haiti,Haiti,5.0,Aruba,Aruba,3.0,FT,2024-10-15T00:00:00.000Z,1.08,True,matched
2024-10-14,Belgium,France,1,2,UEFA Nations League,Leuven,Belgium,False,away_win,-1,4421983.0,20241015,890830.0,UEFA Nations League A Grp. 2,Belgium,Belgium,1.0,France,France,2.0,FT,2024-10-14T18:45:00.000Z,1.08,False,matched
2024-10-14,Bosnia and Herzegovina,Hungary,0,2,UEFA Nations League,Zenica,Bosnia and Herzegovina,False,away_win,-2,4422019.0,20241015,890831.0,UEFA Nations League A Grp. 3,Bosnia and Herzegovina,Bosnia and Herzegovina,0.0,Hungary,Hungary,2.0,FT,2024-10-14T18:45:00.000Z,1.08,False,matched
2024-10-14,Germany,Netherlands,1,0,UEFA Nations League,Munich,Germany,False,home_win,1,4422020.0,20241015,890831.0,UEFA Nations League A Grp. 3,Germany,Germany,1.0,Netherlands,Netherlands,0.0,FT,2024-10-14T18:45:00.000Z,1.08,False,matched
2024-10-14,Ukraine,Czech Republic,1,1,UEFA Nations League,Wrocław,Poland,True,draw,0,4421959.0,20241015,890833.0,UEFA Nations League B Grp. 1,Ukraine,Ukraine,1.0,Czechia,Czechia,1.0,FT,2024-10-14T18:45:00.000Z,1.08,False,matched
2024-10-14,Iceland,Turkey,2,4,UEFA Nations League,Reykjavík,Iceland,False,away_win,-2,4422074.0,20241015,890836.0,UEFA Nations League B Grp. 4,Iceland,Iceland,2.0,Turkiye,Turkiye,4.0,FT,2024-10-14T18:45:00.000Z,1.08,False,matched
2024-10-14,Estonia,Sweden,0,3,UEFA Nations League,Tallinn,Estonia,False,away_win,-3,4422008.0,20241015,890837.0,UEFA Nations League C Grp. 1,Estonia,Estonia,0.0,Sweden,Sweden,3.0,FT,2024-10-14T18:45:00.000Z,1.08,False,matched
2024-10-15,Canada,Panama,2,1,Friendly,Toronto,Canada,False,home_win,1,4616062.0,20241016,888512.0,Friendlies,Canada,Canada,2.0,Panama,Panama,1.0,FT,2024-10-15T23:30:00.000Z,1.08,False,matched
2024-10-15,Mexico,United States,2,0,Friendly,Zapopan,Mexico,False,home_win,2,4613780.0,20241016,888512.0,Friendlies,Mexico,Mexico,2.0,USA,USA,0.0,FT,2024-10-16T02:30:00.000Z,1.08,False,matched
2024-10-15,Comoros,Tunisia,1,1,African Cup of Nations qualification,Abidjan,Ivory Coast,True,draw,0,4538725.0,20241016,893252.0,Africa Cup of Nations Qualification Grp. A,Comoros,Comoros,1.0,Tunisia,Tunisia,1.0,FT,2024-10-15T19:00:00.000Z,1.08,False,matched
2024-10-15,Morocco,Central African Republic,4,0,African Cup of Nations qualification,Oujda,Morocco,False,home_win,4,4538756.0,20241016,893253.0,Africa Cup of Nations Qualification Grp. B,Central African Republic,Central African Republic,0.0,Morocco,Morocco,4.0,FT,2024-10-15T19:00:00.000Z,1.08,True,matched
2024-10-15,Mauritania,Egypt,0,1,African Cup of Nations qualification,Nouakchott,Mauritania,False,away_win,-1,4538740.0,20241016,893254.0,Africa Cup of Nations Qualification Grp. C,Mauritania,Mauritania,0.0,Egypt,Egypt,1.0,FT,2024-10-15T16:00:00.000Z,1.08,False,matched
2024-10-15,Botswana,Cape Verde,1,0,African Cup of Nations qualification,Francistown,Botswana,False,home_win,1,4538767.0,20241016,893254.0,Africa Cup of Nations Qualification Grp. C,Botswana,Botswana,1.0,Cape Verde,Cape Verde,0.0,FT,2024-10-15T16:00:00.000Z,1.08,False,matched
2024-10-15,Sudan,Ghana,2,0,African Cup of Nations qualification,Benghazi,Libya,True,home_win,2,4538775.0,20241015,893257.0,Africa Cup of Nations Qualification Grp. F,Sudan,Sudan,2.0,Ghana,Ghana,0.0,FT,2024-10-15T13:00:00.000Z,1.08,False,matched
2024-10-15,Sierra Leone,Ivory Coast,1,0,African Cup of Nations qualification,Monrovia,Liberia,True,home_win,1,4538800.0,20241016,893258.0,Africa Cup of Nations Qualification Grp. G,Sierra Leone,Sierra Leone,1.0,Ivory Coast,Ivory Coast,0.0,FT,2024-10-15T16:00:00.000Z,1.08,False,matched
2024-10-15,Tanzania,DR Congo,0,2,African Cup of Nations qualification,Dar es Salaam,Tanzania,False,away_win,-2,4538828.0,20241015,893259.0,Africa Cup of Nations Qualification Grp. H,Tanzania,Tanzania,0.0,DR Congo,DR Congo,2.0,FT,2024-10-15T13:00:00.000Z,1.08,False,matched
2024-10-15,Congo,South Africa,1,1,African Cup of Nations qualification,Brazzaville,Congo,False,draw,0,4538844.0,20241016,893262.0,Africa Cup of Nations Qualification Grp. K,Congo,Congo,1.0,South Africa,South Africa,1.0,FT,2024-10-15T16:00:00.000Z,1.08,False,matched
2024-10-15,Malawi,Senegal,0,1,African Cup of Nations qualification,Lilongwe,Malawi,False,away_win,-1,4538850.0,20241015,893263.0,Africa Cup of Nations Qualification Grp. L,Malawi,Malawi,0.0,Senegal,Senegal,1.0,FT,2024-10-15T13:00:00.000Z,1.08,False,matched
2024-10-15,Scotland,Portugal,0,0,UEFA Nations League,Glasgow,Scotland,False,draw,0,4421971.0,20241016,890829.0,UEFA Nations League A Grp. 1,Scotland,Scotland,0.0,Portugal,Portugal,0.0,FT,2024-10-15T18:45:00.000Z,1.08,False,matched
2024-10-15,Poland,Croatia,3,3,UEFA Nations League,Warsaw,Poland,False,draw,0,4421970.0,20241016,890829.0,UEFA Nations League A Grp. 1,Poland,Poland,3.0,Croatia,Croatia,3.0,FT,2024-10-15T18:45:00.000Z,1.08,False,matched
2024-10-15,Spain,Serbia,3,0,UEFA Nations League,Córdoba,Spain,False,home_win,3,4422031.0,20241016,890832.0,UEFA Nations League A Grp. 4,Spain,Spain,3.0,Serbia,Serbia,0.0,FT,2024-10-15T18:45:00.000Z,1.08,False,matched
2024-10-15,Switzerland,Denmark,2,2,UEFA Nations League,St. Gallen,Switzerland,False,draw,0,4422032.0,20241016,890832.0,UEFA Nations League A Grp. 4,Switzerland,Switzerland,2.0,Denmark,Denmark,2.0,FT,2024-10-15T18:45:00.000Z,1.08,False,matched
2024-10-15,Colombia,Chile,4,0,FIFA World Cup qualification,Barranquilla,Colombia,False,home_win,4,4196519.0,20241016,884579.0,World Cup Qualification CONMEBOL,Colombia,Colombia,4.0,Chile,Chile,0.0,FT,2024-10-15T20:30:00.000Z,1.08,False,matched
2024-10-15,Paraguay,Venezuela,2,1,FIFA World Cup qualification,Asunción,Paraguay,False,home_win,1,4196521.0,20241016,884579.0,World Cup Qualification CONMEBOL,Paraguay,Paraguay,2.0,Venezuela,Venezuela,1.0,FT,2024-10-15T23:00:00.000Z,1.08,False,matched
2024-10-15,Uruguay,Ecuador,0,0,FIFA World Cup qualification,Montevideo,Uruguay,False,draw,0,4196518.0,20241016,884579.0,World Cup Qualification CONMEBOL,Uruguay,Uruguay,0.0,Ecuador,Ecuador,0.0,FT,2024-10-15T23:30:00.000Z,1.08,False,matched
2024-10-15,Argentina,Bolivia,6,0,FIFA World Cup qualification,Buenos Aires,Argentina,False,home_win,6,4196522.0,20241016,884579.0,World Cup Qualification CONMEBOL,Argentina,Argentina,6.0,Bolivia,Bolivia,0.0,FT,2024-10-16T00:00:00.000Z,1.08,False,matched
2024-10-15,Brazil,Peru,4,0,FIFA World Cup qualification,Brasília,Brazil,False,home_win,4,4196520.0,20241016,884579.0,World Cup Qualification CONMEBOL,Brazil,Brazil,4.0,Peru,Peru,0.0,FT,2024-10-16T00:45:00.000Z,1.08,False,matched
2024-10-15,Uzbekistan,United Arab Emirates,1,0,FIFA World Cup qualification,Tashkent,Uzbekistan,False,home_win,1,,,,,,,,,,,,,,,not_matched
2024-10-15,Iran,Qatar,4,1,FIFA World Cup qualification,Dubai,United Arab Emirates,True,home_win,3,4523666.0,20241016,893083.0,World Cup Qualification AFC 3rd Round Grp. A,Iran,Iran,4.0,Qatar,Qatar,1.0,FT,2024-10-15T16:00:00.000Z,1.08,False,matched
2024-10-15,Jordan,Oman,4,0,FIFA World Cup qualification,Amman,Jordan,False,home_win,4,4523718.0,20241016,893084.0,World Cup Qualification AFC 3rd Round Grp. B,Jordan,Jordan,4.0,Oman,Oman,0.0,FT,2024-10-15T16:00:00.000Z,1.08,False,matched
2024-10-15,South Korea,Iraq,3,2,FIFA World Cup qualification,Yongin,South Korea,False,home_win,1,4523687.0,20241015,893084.0,World Cup Qualification AFC 3rd Round Grp. B,South Korea,South Korea,3.0,Iraq,Iraq,2.0,FT,2024-10-15T11:00:00.000Z,1.08,False,matched
2024-10-15,Japan,Australia,1,1,FIFA World Cup qualification,Saitama,Japan,False,draw,0,4523697.0,20241015,893085.0,World Cup Qualification AFC 3rd Round Grp. C,Japan,Japan,1.0,Australia,Australia,1.0,FT,2024-10-15T10:35:00.000Z,1.08,False,matched
2024-10-15,Saudi Arabia,Bahrain,0,0,FIFA World Cup qualification,Jeddah,Saudi Arabia,False,draw,0,4523688.0,20241016,893085.0,World Cup Qualification AFC 3rd Round Grp. C,Saudi Arabia,Saudi Arabia,0.0,Bahrain,Bahrain,0.0,FT,2024-10-15T18:00:00.000Z,1.08,False,matched
2024-11-14,Belgium,Italy,0,1,UEFA Nations League,Brussels,Belgium,False,away_win,-1,4421985.0,20241115,890830.0,UEFA Nations League A Grp. 2,Belgium,Belgium,0.0,Italy,Italy,1.0,FT,2024-11-14T19:45:00.000Z,1.08,False,matched
2024-11-14,France,Israel,0,0,UEFA Nations League,Paris,France,False,draw,0,4421986.0,20241115,890830.0,UEFA Nations League A Grp. 2,France,France,0.0,Israel,Israel,0.0,FT,2024-11-14T19:45:00.000Z,1.08,False,matched
2024-11-14,Greece,England,0,3,UEFA Nations League,Athens,Greece,False,away_win,-3,4421997.0,20241115,890834.0,UEFA Nations League B Grp. 2,Greece,Greece,0.0,England,England,3.0,FT,2024-11-14T19:45:00.000Z,1.08,False,matched
2024-11-14,Kazakhstan,Austria,0,2,UEFA Nations League,Almaty,Kazakhstan,False,away_win,-2,4422051.0,20241115,890835.0,UEFA Nations League B Grp. 3,Kazakhstan,Kazakhstan,0.0,Austria,Austria,2.0,FT,2024-11-14T15:00:00.000Z,1.08,False,matched
2024-11-14,Slovenia,Norway,1,4,UEFA Nations League,Ljubljana,Slovenia,False,away_win,-3,4422052.0,20241115,890835.0,UEFA Nations League B Grp. 3,Slovenia,Slovenia,1.0,Norway,Norway,4.0,FT,2024-11-14T19:45:00.000Z,1.08,False,matched
2024-11-14,Costa Rica,Panama,0,1,CONCACAF Nations League,San José,Costa Rica,False,away_win,-1,4660829.0,20241115,895008.0,CONCACAF Nations League A Championship Playoff,Costa Rica,Costa Rica,0.0,Panama,Panama,1.0,FT,2024-11-15T02:00:00.000Z,1.08,False,matched
2024-11-14,Jamaica,United States,0,1,CONCACAF Nations League,Kingston,Jamaica,False,away_win,-1,4660827.0,20241115,895008.0,CONCACAF Nations League A Championship Playoff,Jamaica,Jamaica,0.0,USA,USA,1.0,FT,2024-11-15T01:00:00.000Z,1.08,False,matched
2024-11-14,Venezuela,Brazil,1,1,FIFA World Cup qualification,Maturín,Venezuela,False,draw,0,4196544.0,20241115,884579.0,World Cup Qualification CONMEBOL,Venezuela,Venezuela,1.0,Brazil,Brazil,1.0,FT,2024-11-14T21:00:00.000Z,1.08,False,matched
2024-11-14,Ecuador,Bolivia,4,0,FIFA World Cup qualification,Guayaquil,Ecuador,False,home_win,4,4196546.0,20241115,884579.0,World Cup Qualification CONMEBOL,Ecuador,Ecuador,4.0,Bolivia,Bolivia,0.0,FT,2024-11-15T00:00:00.000Z,1.08,False,matched
2024-11-14,Paraguay,Argentina,2,1,FIFA World Cup qualification,Asunción,Paraguay,False,home_win,1,4196545.0,20241115,884579.0,World Cup Qualification CONMEBOL,Paraguay,Paraguay,2.0,Argentina,Argentina,1.0,FT,2024-11-14T23:30:00.000Z,1.08,False,matched
2024-11-14,North Korea,Iran,2,3,FIFA World Cup qualification,Vientiane,Laos,True,away_win,-1,4523661.0,20241114,893083.0,World Cup Qualification AFC 3rd Round Grp. A,North Korea,North Korea,2.0,Iran,Iran,3.0,FT,2024-11-14T12:00:00.000Z,1.08,False,matched
2024-11-14,Qatar,Uzbekistan,3,2,FIFA World Cup qualification,Al Rayyan,Qatar,False,home_win,1,4523663.0,20241115,893083.0,World Cup Qualification AFC 3rd Round Grp. A,Qatar,Qatar,3.0,Uzbekistan,Uzbekistan,2.0,FT,2024-11-14T16:15:00.000Z,1.08,False,matched
2024-11-14,Kuwait,South Korea,1,3,FIFA World Cup qualification,Kuwait City,Kuwait,False,away_win,-2,4523712.0,20241114,893084.0,World Cup Qualification AFC 3rd Round Grp. B,Kuwait,Kuwait,1.0,South Korea,South Korea,3.0,FT,2024-11-14T14:00:00.000Z,1.08,False,matched
2024-11-14,Iraq,Jordan,0,0,FIFA World Cup qualification,Basra,Iraq,False,draw,0,4523710.0,20241115,893084.0,World Cup Qualification AFC 3rd Round Grp. B,Iraq,Iraq,0.0,Jordan,Jordan,0.0,FT,2024-11-14T16:15:00.000Z,1.08,False,matched
2024-11-14,Australia,Saudi Arabia,0,0,FIFA World Cup qualification,Melbourne,Australia,False,draw,0,4523700.0,20241114,893085.0,World Cup Qualification AFC 3rd Round Grp. C,Australia,Australia,0.0,Saudi Arabia,Saudi Arabia,0.0,FT,2024-11-14T09:10:00.000Z,1.08,False,matched
2024-11-14,Madagascar,Tunisia,2,3,African Cup of Nations qualification,Pretoria,South Africa,True,away_win,-1,4538727.0,20241115,893252.0,Africa Cup of Nations Qualification Grp. A,Madagascar,Madagascar,2.0,Tunisia,Tunisia,3.0,FT,2024-11-14T16:00:00.000Z,1.08,False,matched
2024-11-14,Equatorial Guinea,Algeria,0,0,African Cup of Nations qualification,Malabo,Equatorial Guinea,False,draw,0,4538788.0,20241114,893256.0,Africa Cup of Nations Qualification Grp. E,Equatorial Guinea,Equatorial Guinea,0.0,Algeria,Algeria,0.0,FT,2024-11-14T13:00:00.000Z,1.08,False,matched
2024-11-14,Burkina Faso,Senegal,0,1,African Cup of Nations qualification,Bamako,Mali,True,away_win,-1,4538848.0,20241115,893263.0,Africa Cup of Nations Qualification Grp. L,Burkina Faso,Burkina Faso,0.0,Senegal,Senegal,1.0,FT,2024-11-14T19:00:00.000Z,1.08,False,matched
2024-11-15,Portugal,Poland,5,1,UEFA Nations League,Porto,Portugal,False,home_win,4,4421972.0,20241116,890829.0,UEFA Nations League A Grp. 1,Portugal,Portugal,5.0,Poland,Poland,1.0,FT,2024-11-15T19:45:00.000Z,1.08,False,matched
2024-11-15,Scotland,Croatia,1,0,UEFA Nations League,Glasgow,Scotland,False,home_win,1,4421973.0,20241116,890829.0,UEFA Nations League A Grp. 1,Scotland,Scotland,1.0,Croatia,Croatia,0.0,FT,2024-11-15T19:45:00.000Z,1.08,False,matched
2024-11-15,Denmark,Spain,1,2,UEFA Nations League,Copenhagen,Denmark,False,away_win,-1,4422033.0,20241116,890832.0,UEFA Nations League A Grp. 4,Denmark,Denmark,1.0,Spain,Spain,2.0,FT,2024-11-15T19:45:00.000Z,1.08,False,matched
2024-11-15,Switzerland,Serbia,1,1,UEFA Nations League,Zürich,Switzerland,False,draw,0,4422034.0,20241116,890832.0,UEFA Nations League A Grp. 4,Switzerland,Switzerland,1.0,Serbia,Serbia,1.0,FT,2024-11-15T19:45:00.000Z,1.08,False,matched
2024-11-15,Curaçao,Saint Martin,5,0,CONCACAF Nations League,Willemstad,Curaçao,False,home_win,5,4486033.0,20241116,892498.0,CONCACAF Nations League B Grp. 2,Saint Martin,Saint Martin,0.0,Curacao,Curacao,5.0,FT,2024-11-15T23:00:00.000Z,1.08,True,matched
2024-11-15,Sint Maarten,Haiti,0,8,CONCACAF Nations League,Mayagüez,Puerto Rico,True,away_win,-8,4486035.0,20241116,892499.0,CONCACAF Nations League B Grp. 3,Sint Maarten,Sint Maarten,0.0,Haiti,Haiti,8.0,FT,2024-11-15T21:00:00.000Z,1.08,False,matched
2024-11-15,Honduras,Mexico,2,0,CONCACAF Nations League,San Pedro Sula,Honduras,False,home_win,2,4660831.0,20241116,895008.0,CONCACAF Nations League A Championship Playoff,Honduras,Honduras,2.0,Mexico,Mexico,0.0,FT,2024-11-16T02:00:00.000Z,1.08,False,matched
2024-11-15,Suriname,Canada,0,1,CONCACAF Nations League,Paramaribo,Suriname,False,away_win,-1,4660833.0,20241116,895008.0,CONCACAF Nations League A Championship Playoff,Suriname,Suriname,0.0,Canada,Canada,1.0,FT,2024-11-15T23:30:00.000Z,1.08,False,matched
2024-11-15,Uruguay,Colombia,3,2,FIFA World Cup qualification,Montevideo,Uruguay,False,home_win,1,4196542.0,20241116,884579.0,World Cup Qualification CONMEBOL,Uruguay,Uruguay,3.0,Colombia,Colombia,2.0,FT,2024-11-16T00:00:00.000Z,1.08,False,matched
2024-11-15,New Zealand,Vanuatu,8,1,FIFA World Cup qualification,Hamilton,New Zealand,False,home_win,7,4616575.0,20241115,894226.0,World Cup Qualification OFC 2nd Round Grp. B,New Zealand,New Zealand,8.0,Vanuatu,Vanuatu,1.0,FT,2024-11-15T06:30:00.000Z,1.08,False,matched
2024-11-15,Indonesia,Japan,0,4,FIFA World Cup qualification,Jakarta,Indonesia,False,away_win,-4,4523702.0,20241115,893085.0,World Cup Qualification AFC 3rd Round Grp. C,Indonesia,Indonesia,0.0,Japan,Japan,4.0,FT,2024-11-15T12:00:00.000Z,1.08,False,matched
2024-11-15,Gabon,Morocco,1,5,African Cup of Nations qualification,Franceville,Gabon,False,away_win,-4,4538758.0,20241116,893253.0,Africa Cup of Nations Qualification Grp. B,Gabon,Gabon,1.0,Morocco,Morocco,5.0,FT,2024-11-15T19:00:00.000Z,1.08,False,matched
2024-11-15,Cape Verde,Egypt,1,1,African Cup of Nations qualification,Praia,Cape Verde,False,draw,0,4538732.0,20241116,893254.0,Africa Cup of Nations Qualification Grp. C,Cape Verde,Cape Verde,1.0,Egypt,Egypt,1.0,FT,2024-11-15T16:00:00.000Z,1.08,False,matched
2024-11-15,Angola,Ghana,1,1,African Cup of Nations qualification,Talatona,Angola,False,draw,0,4538773.0,20241116,893257.0,Africa Cup of Nations Qualification Grp. F,Angola,Angola,1.0,Ghana,Ghana,1.0,FT,2024-11-15T19:00:00.000Z,1.08,False,matched
2024-11-15,Zambia,Ivory Coast,1,0,African Cup of Nations qualification,Ndola,Zambia,False,home_win,1,4538798.0,20241116,893258.0,Africa Cup of Nations Qualification Grp. G,Zambia,Zambia,1.0,Ivory Coast,Ivory Coast,0.0,FT,2024-11-15T16:00:00.000Z,1.08,False,matched
2024-11-15,Uganda,South Africa,0,2,African Cup of Nations qualification,Kampala,Uganda,False,away_win,-2,4538860.0,20241115,893262.0,Africa Cup of Nations Qualification Grp. K,Uganda,Uganda,0.0,South Africa,South Africa,2.0,FT,2024-11-15T13:00:00.000Z,1.08,False,matched
2024-11-16,Germany,Bosnia and Herzegovina,7,0,UEFA Nations League,Freiburg,Germany,False,home_win,7,4422021.0,20241117,890831.0,UEFA Nations League A Grp. 3,Germany,Germany,7.0,Bosnia and Herzegovina,Bosnia and Herzegovina,0.0,FT,2024-11-16T19:45:00.000Z,1.08,False,matched
2024-11-16,Netherlands,Hungary,4,0,UEFA Nations League,Amsterdam,Netherlands,False,home_win,4,4422022.0,20241117,890831.0,UEFA Nations League A Grp. 3,Netherlands,Netherlands,4.0,Hungary,Hungary,0.0,FT,2024-11-16T19:45:00.000Z,1.08,False,matched
2024-11-16,Albania,Czech Republic,0,0,UEFA Nations League,Tirana,Albania,False,draw,0,4421961.0,20241117,890833.0,UEFA Nations League B Grp. 1,Albania,Albania,0.0,Czechia,Czechia,0.0,FT,2024-11-16T19:45:00.000Z,1.08,False,matched
2024-11-16,Turkey,Wales,0,0,UEFA Nations League,Kayseri,Turkey,False,draw,0,4422077.0,20241117,890836.0,UEFA Nations League B Grp. 4,Turkiye,Turkiye,0.0,Wales,Wales,0.0,FT,2024-11-16T17:00:00.000Z,1.08,False,matched
2024-11-16,Sweden,Slovakia,2,1,UEFA Nations League,Solna,Sweden,False,home_win,1,4422010.0,20241117,890837.0,UEFA Nations League C Grp. 1,Sweden,Sweden,2.0,Slovakia,Slovakia,1.0,FT,2024-11-16T19:45:00.000Z,1.08,False,matched
2024-11-16,Guinea,DR Congo,1,0,African Cup of Nations qualification,Abidjan,Ivory Coast,True,home_win,1,4538830.0,20241117,893259.0,Africa Cup of Nations Qualification Grp. H,Guinea,Guinea,1.0,DR Congo,DR Congo,0.0,FT,2024-11-16T19:00:00.000Z,1.08,False,matched
2024-11-17,Israel,Belgium,1,0,UEFA Nations League,Budapest,Hungary,True,home_win,1,4421987.0,20241118,890830.0,UEFA Nations League A Grp. 2,Israel,Israel,1.0,Belgium,Belgium,0.0,FT,2024-11-17T19:45:00.000Z,1.08,False,matched
2024-11-17,Italy,France,1,3,UEFA Nations League,Milan,Italy,False,away_win,-2,4421988.0,20241118,890830.0,UEFA Nations League A Grp. 2,Italy,Italy,1.0,France,France,3.0,FT,2024-11-17T19:45:00.000Z,1.08,False,matched
2024-11-17,England,Republic of Ireland,5,0,UEFA Nations League,London,England,False,home_win,5,4421999.0,20241118,890834.0,UEFA Nations League B Grp. 2,England,England,5.0,Ireland,Ireland,0.0,FT,2024-11-17T17:00:00.000Z,1.04,False,matched
2024-11-17,Norway,Kazakhstan,5,0,UEFA Nations League,Oslo,Norway,False,home_win,5,4422054.0,20241118,890835.0,UEFA Nations League B Grp. 3,Norway,Norway,5.0,Kazakhstan,Kazakhstan,0.0,FT,2024-11-17T17:00:00.000Z,1.08,False,matched
2024-11-17,Austria,Slovenia,1,1,UEFA Nations League,Vienna,Austria,False,draw,0,4422053.0,20241118,890835.0,UEFA Nations League B Grp. 3,Austria,Austria,1.0,Slovenia,Slovenia,1.0,FT,2024-11-17T17:00:00.000Z,1.08,False,matched
2024-11-17,Algeria,Liberia,5,1,African Cup of Nations qualification,Tizi Ouzou,Algeria,False,home_win,4,4538789.0,20241118,893256.0,Africa Cup of Nations Qualification Grp. E,Algeria,Algeria,5.0,Liberia,Liberia,1.0,FT,2024-11-17T16:00:00.000Z,1.08,False,matched
2024-11-18,Croatia,Portugal,1,1,UEFA Nations League,Split,Croatia,False,draw,0,4421974.0,20241119,890829.0,UEFA Nations League A Grp. 1,Croatia,Croatia,1.0,Portugal,Portugal,1.0,FT,2024-11-18T19:45:00.000Z,1.08,False,matched
2024-11-18,Poland,Scotland,1,2,UEFA Nations League,Warsaw,Poland,False,away_win,-1,4421975.0,20241119,890829.0,UEFA Nations League A Grp. 1,Poland,Poland,1.0,Scotland,Scotland,2.0,FT,2024-11-18T19:45:00.000Z,1.08,False,matched
2024-11-18,Spain,Switzerland,3,2,UEFA Nations League,Santa Cruz de Tenerife,Spain,False,home_win,1,4422036.0,20241119,890832.0,UEFA Nations League A Grp. 4,Spain,Spain,3.0,Switzerland,Switzerland,2.0,FT,2024-11-18T19:45:00.000Z,1.08,False,matched
2024-11-18,Saint Lucia,Curaçao,1,4,CONCACAF Nations League,Gros Islet,Saint Lucia,False,away_win,-3,4486040.0,20241119,892498.0,CONCACAF Nations League B Grp. 2,Curacao,Curacao,4.0,Saint Lucia,Saint Lucia,1.0,FT,2024-11-18T23:00:00.000Z,1.08,True,matched
2024-11-18,Puerto Rico,Haiti,0,3,CONCACAF Nations League,Mayagüez,Puerto Rico,False,away_win,-3,4486042.0,20241119,892499.0,CONCACAF Nations League B Grp. 3,Haiti,Haiti,3.0,Puerto Rico,Puerto Rico,0.0,FT,2024-11-19T00:00:00.000Z,1.08,True,matched
2024-11-18,Panama,Costa Rica,2,2,CONCACAF Nations League,Panama City,Panama,False,draw,0,4660830.0,20241119,895008.0,CONCACAF Nations League A Championship Playoff,Panama,Panama,2.0,Costa Rica,Costa Rica,2.0,FT,2024-11-19T02:00:00.000Z,1.08,False,matched
2024-11-18,United States,Jamaica,4,2,CONCACAF Nations League,St. Louis,United States,False,home_win,2,4660828.0,20241119,895008.0,CONCACAF Nations League A Championship Playoff,USA,USA,4.0,Jamaica,Jamaica,2.0,FT,2024-11-19T01:00:00.000Z,1.08,False,matched
2024-11-18,New Zealand,Samoa,8,0,FIFA World Cup qualification,Auckland,New Zealand,False,home_win,8,4630606.0,20241118,894226.0,World Cup Qualification OFC 2nd Round Grp. B,Samoa,Samoa,0.0,New Zealand,New Zealand,8.0,FT,2024-11-18T06:30:00.000Z,1.08,True,matched
2024-11-18,Tunisia,Gambia,0,1,African Cup of Nations qualification,Tunis,Tunisia,False,away_win,-1,4538728.0,20241119,893252.0,Africa Cup of Nations Qualification Grp. A,Tunisia,Tunisia,0.0,Gambia,Gambia,1.0,FT,2024-11-18T19:00:00.000Z,1.08,False,matched
2024-11-18,Morocco,Lesotho,7,0,African Cup of Nations qualification,Oujda,Morocco,False,home_win,7,4538749.0,20241119,893253.0,Africa Cup of Nations Qualification Grp. B,Morocco,Morocco,7.0,Lesotho,Lesotho,0.0,FT,2024-11-18T19:00:00.000Z,1.08,False,matched
2024-11-18,Ghana,Niger,1,2,African Cup of Nations qualification,Accra,Ghana,False,away_win,-1,4538772.0,20241119,893257.0,Africa Cup of Nations Qualification Grp. F,Ghana,Ghana,1.0,Niger,Niger,2.0,FT,2024-11-18T16:00:00.000Z,1.08,False,matched
2024-11-19,Bosnia and Herzegovina,Netherlands,1,1,UEFA Nations League,Zenica,Bosnia and Herzegovina,False,draw,0,4422023.0,20241120,890831.0,UEFA Nations League A Grp. 3,Bosnia and Herzegovina,Bosnia and Herzegovina,1.0,Netherlands,Netherlands,1.0,FT,2024-11-19T19:45:00.000Z,1.08,False,matched
2024-11-19,Hungary,Germany,1,1,UEFA Nations League,Budapest,Hungary,False,draw,0,4422024.0,20241120,890831.0,UEFA Nations League A Grp. 3,Hungary,Hungary,1.0,Germany,Germany,1.0,FT,2024-11-19T19:45:00.000Z,1.08,False,matched
2024-11-19,Czech Republic,Georgia,2,1,UEFA Nations League,Olomouc,Czech Republic,False,home_win,1,4421963.0,20241120,890833.0,UEFA Nations League B Grp. 1,Czechia,Czechia,2.0,Georgia,Georgia,1.0,FT,2024-11-19T19:45:00.000Z,1.08,False,matched
2024-11-19,Montenegro,Turkey,3,1,UEFA Nations League,Podgorica,Montenegro,False,home_win,2,4422078.0,20241120,890836.0,UEFA Nations League B Grp. 4,Montenegro,Montenegro,3.0,Turkiye,Turkiye,1.0,FT,2024-11-19T19:45:00.000Z,1.08,False,matched
2024-11-19,Sweden,Azerbaijan,6,0,UEFA Nations League,Solna,Sweden,False,home_win,6,4422012.0,20241120,890837.0,UEFA Nations League C Grp. 1,Sweden,Sweden,6.0,Azerbaijan,Azerbaijan,0.0,FT,2024-11-19T19:45:00.000Z,1.08,False,matched
2024-11-19,Canada,Suriname,3,0,CONCACAF Nations League,Toronto,Canada,False,home_win,3,4660834.0,20241120,895008.0,CONCACAF Nations League A Championship Playoff,Canada,Canada,3.0,Suriname,Suriname,0.0,FT,2024-11-20T00:30:00.000Z,1.08,False,matched
2024-11-19,Mexico,Honduras,4,0,CONCACAF Nations League,Toluca,Mexico,False,home_win,4,4660832.0,20241120,895008.0,CONCACAF Nations League A Championship Playoff,Mexico,Mexico,4.0,Honduras,Honduras,0.0,FT,2024-11-20T02:30:00.000Z,1.08,False,matched
2024-11-19,Bolivia,Paraguay,2,2,FIFA World Cup qualification,El Alto,Bolivia,False,draw,0,4196567.0,20241120,884579.0,World Cup Qualification CONMEBOL,Bolivia,Bolivia,2.0,Paraguay,Paraguay,2.0,FT,2024-11-19T20:00:00.000Z,1.08,False,matched
2024-11-19,Colombia,Ecuador,0,1,FIFA World Cup qualification,Barranquilla,Colombia,False,away_win,-1,4196547.0,20241120,884579.0,World Cup Qualification CONMEBOL,Colombia,Colombia,0.0,Ecuador,Ecuador,1.0,FT,2024-11-19T23:00:00.000Z,1.08,False,matched
2024-11-19,Argentina,Peru,1,0,FIFA World Cup qualification,Buenos Aires,Argentina,False,home_win,1,4196568.0,20241120,884579.0,World Cup Qualification CONMEBOL,Argentina,Argentina,1.0,Peru,Peru,0.0,FT,2024-11-20T00:00:00.000Z,1.08,False,matched
2024-11-19,Brazil,Uruguay,1,1,FIFA World Cup qualification,Salvador,Brazil,False,draw,0,4196566.0,20241120,884579.0,World Cup Qualification CONMEBOL,Brazil,Brazil,1.0,Uruguay,Uruguay,1.0,FT,2024-11-20T00:45:00.000Z,1.08,False,matched
2024-11-19,North Korea,Uzbekistan,0,1,FIFA World Cup qualification,Vientiane,Laos,True,away_win,-1,4523658.0,20241119,893083.0,World Cup Qualification AFC 3rd Round Grp. A,North Korea,North Korea,0.0,Uzbekistan,Uzbekistan,1.0,FT,2024-11-19T12:00:00.000Z,1.08,False,matched
2024-11-19,Kyrgyzstan,Iran,2,3,FIFA World Cup qualification,Bishkek,Kyrgyzstan,False,away_win,-1,4523659.0,20241119,893083.0,World Cup Qualification AFC 3rd Round Grp. A,Kyrgyzstan,Kyrgyzstan,2.0,Iran,Iran,3.0,FT,2024-11-19T14:00:00.000Z,1.08,False,matched
2024-11-19,United Arab Emirates,Qatar,5,0,FIFA World Cup qualification,Abu Dhabi,United Arab Emirates,False,home_win,5,,,,,,,,,,,,,,,not_matched
2024-11-19,Palestine,South Korea,1,1,FIFA World Cup qualification,Amman,Jordan,True,draw,0,4523714.0,20241119,893084.0,World Cup Qualification AFC 3rd Round Grp. B,Palestine,Palestine,1.0,South Korea,South Korea,1.0,FT,2024-11-19T14:00:00.000Z,1.08,False,matched
2024-11-19,Oman,Iraq,0,1,FIFA World Cup qualification,Muscat,Oman,False,away_win,-1,4523713.0,20241120,893084.0,World Cup Qualification AFC 3rd Round Grp. B,Oman,Oman,0.0,Iraq,Iraq,1.0,FT,2024-11-19T16:00:00.000Z,1.08,False,matched
2024-11-19,Kuwait,Jordan,1,1,FIFA World Cup qualification,Kuwait City,Kuwait,False,draw,0,4523715.0,20241120,893084.0,World Cup Qualification AFC 3rd Round Grp. B,Kuwait,Kuwait,1.0,Jordan,Jordan,1.0,FT,2024-11-19T18:15:00.000Z,1.08,False,matched
2024-11-19,Bahrain,Australia,2,2,FIFA World Cup qualification,Riffa,Bahrain,False,draw,0,4523703.0,20241120,893085.0,World Cup Qualification AFC 3rd Round Grp. C,Bahrain,Bahrain,2.0,Australia,Australia,2.0,FT,2024-11-19T18:15:00.000Z,1.08,False,matched
2024-11-19,Indonesia,Saudi Arabia,2,0,FIFA World Cup qualification,Jakarta,Indonesia,False,home_win,2,4523705.0,20241119,893085.0,World Cup Qualification AFC 3rd Round Grp. C,Indonesia,Indonesia,2.0,Saudi Arabia,Saudi Arabia,0.0,FT,2024-11-19T12:00:00.000Z,1.08,False,matched
2024-11-19,China,Japan,1,3,FIFA World Cup qualification,Xiamen,China,False,away_win,-2,4523704.0,20241119,893085.0,World Cup Qualification AFC 3rd Round Grp. C,China,China,1.0,Japan,Japan,3.0,FT,2024-11-19T12:00:00.000Z,1.08,False,matched
2024-11-19,Egypt,Botswana,1,1,African Cup of Nations qualification,Cairo,Egypt,False,draw,0,4538733.0,20241120,893254.0,Africa Cup of Nations Qualification Grp. C,Egypt,Egypt,1.0,Botswana,Botswana,1.0,FT,2024-11-19T15:00:00.000Z,1.08,False,matched
2024-11-19,Mauritania,Cape Verde,1,0,African Cup of Nations qualification,Nouakchott,Mauritania,False,home_win,1,4538734.0,20241120,893254.0,Africa Cup of Nations Qualification Grp. C,Mauritania,Mauritania,1.0,Cape Verde,Cape Verde,0.0,FT,2024-11-19T15:00:00.000Z,1.08,False,matched
2024-11-19,Ivory Coast,Chad,4,0,African Cup of Nations qualification,Abidjan,Ivory Coast,False,home_win,4,4538797.0,20241120,893258.0,Africa Cup of Nations Qualification Grp. G,Ivory Coast,Ivory Coast,4.0,Chad,Chad,0.0,FT,2024-11-19T16:00:00.000Z,1.08,False,matched
2024-11-19,DR Congo,Ethiopia,1,2,African Cup of Nations qualification,Kinshasa,DR Congo,False,away_win,-1,4538831.0,20241120,893259.0,Africa Cup of Nations Qualification Grp. H,DR Congo,DR Congo,1.0,Ethiopia,Ethiopia,2.0,FT,2024-11-19T16:00:00.000Z,1.08,False,matched
2024-11-19,South Africa,South Sudan,3,0,African Cup of Nations qualification,Cape Town,South Africa,False,home_win,3,4538859.0,20241120,893262.0,Africa Cup of Nations Qualification Grp. K,South Africa,South Africa,3.0,South Sudan,South Sudan,0.0,FT,2024-11-19T16:00:00.000Z,1.08,False,matched
2024-11-19,Senegal,Burundi,2,0,African Cup of Nations qualification,Dakar,Senegal,False,home_win,2,4538847.0,20241120,893263.0,Africa Cup of Nations Qualification Grp. L,Senegal,Senegal,2.0,Burundi,Burundi,0.0,FT,2024-11-19T19:00:00.000Z,1.08,False,matched
2024-12-21,Qatar,United Arab Emirates,1,1,Gulf Cup,Sulaibikhat,Kuwait,True,draw,0,,,,,,,,,,,,,,,not_matched
2024-12-22,Iraq,Yemen,1,0,Gulf Cup,Sulaibikhat,Kuwait,True,home_win,1,4674404.0,20241222,895959.0,Gulf Cup Grp. B,Iraq,Iraq,1.0,Yemen,Yemen,0.0,FT,2024-12-22T14:25:00.000Z,1.08,False,matched
2024-12-22,Saudi Arabia,Bahrain,2,3,Gulf Cup,Kuwait City,Kuwait,True,away_win,-1,4674405.0,20241223,895959.0,Gulf Cup Grp. B,Saudi Arabia,Saudi Arabia,2.0,Bahrain,Bahrain,3.0,FT,2024-12-22T17:30:00.000Z,1.08,False,matched
2024-12-24,Oman,Qatar,2,1,Gulf Cup,Sulaibikhat,Kuwait,True,home_win,1,4674400.0,20241224,895958.0,Gulf Cup Grp. A,Oman,Oman,2.0,Qatar,Qatar,1.0,FT,2024-12-24T14:25:00.000Z,1.08,False,matched
2024-12-25,Yemen,Saudi Arabia,2,3,Gulf Cup,Sulaibikhat,Kuwait,True,away_win,-1,4674407.0,20241225,895959.0,Gulf Cup Grp. B,Yemen,Yemen,2.0,Saudi Arabia,Saudi Arabia,3.0,FT,2024-12-25T14:25:00.000Z,1.08,False,matched
2024-12-25,Bahrain,Iraq,2,0,Gulf Cup,Kuwait City,Kuwait,True,home_win,2,4674406.0,20241226,895959.0,Gulf Cup Grp. B,Bahrain,Bahrain,2.0,Iraq,Iraq,0.0,FT,2024-12-25T17:30:00.000Z,1.08,False,matched
2024-12-27,Kuwait,Qatar,1,1,Gulf Cup,Kuwait City,Kuwait,False,draw,0,4674402.0,20241227,895958.0,Gulf Cup Grp. A,Kuwait,Kuwait,1.0,Qatar,Qatar,1.0,FT,2024-12-27T14:30:00.000Z,1.08,False,matched
2024-12-28,Iraq,Saudi Arabia,1,3,Gulf Cup,Kuwait City,Kuwait,True,away_win,-2,4674408.0,20241228,895959.0,Gulf Cup Grp. B,Iraq,Iraq,1.0,Saudi Arabia,Saudi Arabia,3.0,FT,2024-12-28T14:30:00.000Z,1.08,False,matched
2024-12-31,Oman,Saudi Arabia,2,1,Gulf Cup,Sulaibikhat,Kuwait,True,home_win,1,4702505.0,20241231,896828.0,Gulf Cup Final Stage,Oman,Oman,2.0,Saudi Arabia,Saudi Arabia,1.0,FT,2024-12-31T14:30:00.000Z,1.08,False,matched
2025-01-18,United States,Venezuela,3,1,Friendly,Fort Lauderdale,United States,False,home_win,2,4698686.0,20250119,896519.0,Friendlies,USA,USA,3.0,Venezuela,Venezuela,1.0,FT,2025-01-18T20:00:00.000Z,1.08,False,matched
2025-01-22,United States,Costa Rica,3,0,Friendly,Orlando,United States,False,home_win,3,4688300.0,20250123,896519.0,Friendlies,USA,USA,3.0,Costa Rica,Costa Rica,0.0,FT,2025-01-23T00:00:00.000Z,1.08,False,matched
2025-01-22,Uzbekistan,Jordan,0,0,Friendly,Doha,Qatar,True,draw,0,,,,,,,,,,,,,,,not_matched
2025-02-08,Chile,Panama,6,1,Friendly,Santiago,Chile,False,home_win,5,4723797.0,20250209,896519.0,Friendlies,Chile,Chile,6.0,Panama,Panama,1.0,FT,2025-02-08T23:30:00.000Z,1.08,False,matched
2025-03-14,Jordan,North Korea,1,1,Friendly,Amman,Jordan,False,draw,0,,,,,,,,,,,,,,,not_matched
2025-03-19,Liberia,Tunisia,0,1,FIFA World Cup qualification,Monrovia,Liberia,False,away_win,-1,4341328.0,20250320,886906.0,World Cup Qualification CAF Grp. H,Liberia,Liberia,0.0,Tunisia,Tunisia,1.0,FT,2025-03-19T16:00:00.000Z,1.08,False,matched
2025-03-19,Kazakhstan,Curaçao,2,0,Friendly,Antalya,Turkey,True,home_win,2,,,,,,,,,,,,,,,not_matched
2025-03-20,Canada,Mexico,0,2,CONCACAF Nations League,Inglewood,United States,True,away_win,-2,4677821.0,20250321,895008.0,CONCACAF Nations League A Championship Playoff,Canada,Canada,0.0,Mexico,Mexico,2.0,FT,2025-03-21T02:30:00.000Z,1.08,False,matched
2025-03-20,United States,Panama,0,1,CONCACAF Nations League,Inglewood,United States,False,away_win,-1,4677822.0,20250321,895008.0,CONCACAF Nations League A Championship Playoff,USA,USA,0.0,Panama,Panama,1.0,FT,2025-03-20T23:00:00.000Z,1.08,False,matched
2025-03-20,Croatia,France,2,0,UEFA Nations League,Split,Croatia,False,home_win,2,4679443.0,20250321,896118.0,UEFA Nations League A Championship Playoff,Croatia,Croatia,2.0,France,France,0.0,FT,2025-03-20T19:45:00.000Z,1.08,False,matched
2025-03-20,Denmark,Portugal,1,0,UEFA Nations League,Copenhagen,Denmark,False,home_win,1,4679445.0,20250321,896118.0,UEFA Nations League A Championship Playoff,Denmark,Denmark,1.0,Portugal,Portugal,0.0,FT,2025-03-20T19:45:00.000Z,1.08,False,matched
2025-03-20,Italy,Germany,1,2,UEFA Nations League,Milan,Italy,False,away_win,-1,4679447.0,20250321,896118.0,UEFA Nations League A Championship Playoff,Italy,Italy,1.0,Germany,Germany,2.0,FT,2025-03-20T19:45:00.000Z,1.08,False,matched
2025-03-20,Netherlands,Spain,2,2,UEFA Nations League,Rotterdam,Netherlands,False,draw,0,4679441.0,20250321,896118.0,UEFA Nations League A Championship Playoff,Netherlands,Netherlands,2.0,Spain,Spain,2.0,FT,2025-03-20T19:45:00.000Z,1.08,False,matched
2025-03-20,Austria,Serbia,1,1,UEFA Nations League,Vienna,Austria,False,draw,0,4679429.0,20250321,896146.0,UEFA Nations League A Qualification,Austria,Austria,1.0,Serbia,Serbia,1.0,FT,2025-03-20T19:45:00.000Z,1.08,False,matched
2025-03-20,Greece,Scotland,0,1,UEFA Nations League,Piraeus,Greece,False,away_win,-1,4679431.0,20250321,896146.0,UEFA Nations League A Qualification,Greece,Greece,0.0,Scotland,Scotland,1.0,FT,2025-03-20T19:45:00.000Z,1.08,False,matched
2025-03-20,Turkey,Hungary,3,1,UEFA Nations League,Istanbul,Turkey,False,home_win,2,4679425.0,20250321,896146.0,UEFA Nations League A Qualification,Turkiye,Turkiye,3.0,Hungary,Hungary,1.0,FT,2025-03-20T17:00:00.000Z,1.08,False,matched
2025-03-20,Ukraine,Belgium,3,1,UEFA Nations League,Murcia,Spain,True,home_win,2,4679427.0,20250321,896146.0,UEFA Nations League A Qualification,Ukraine,Ukraine,3.0,Belgium,Belgium,1.0,FT,2025-03-20T19:45:00.000Z,1.08,False,matched
2025-03-20,Paraguay,Chile,1,0,FIFA World Cup qualification,Asunción,Paraguay,False,home_win,1,4196573.0,20250321,884579.0,World Cup Qualification CONMEBOL,Paraguay,Paraguay,1.0,Chile,Chile,0.0,FT,2025-03-20T23:00:00.000Z,1.08,False,matched
2025-03-20,Brazil,Colombia,2,1,FIFA World Cup qualification,Brasília,Brazil,False,home_win,1,4196572.0,20250321,884579.0,World Cup Qualification CONMEBOL,Brazil,Brazil,2.0,Colombia,Colombia,1.0,FT,2025-03-21T00:45:00.000Z,1.08,False,matched
2025-03-20,Iran,United Arab Emirates,2,0,FIFA World Cup qualification,Tehran,Iran,False,home_win,2,,,,,,,,,,,,,,,not_matched
2025-03-20,Uzbekistan,Kyrgyzstan,1,0,FIFA World Cup qualification,Tashkent,Uzbekistan,False,home_win,1,4523655.0,20250321,893083.0,World Cup Qualification AFC 3rd Round Grp. A,Uzbekistan,Uzbekistan,1.0,Kyrgyzstan,Kyrgyzstan,0.0,FT,2025-03-20T16:00:00.000Z,1.08,False,matched
2025-03-20,Qatar,North Korea,5,1,FIFA World Cup qualification,Al Rayyan,Qatar,False,home_win,4,4523656.0,20250321,893083.0,World Cup Qualification AFC 3rd Round Grp. A,Qatar,Qatar,5.0,North Korea,North Korea,1.0,FT,2025-03-20T18:15:00.000Z,1.08,False,matched
2025-03-20,South Korea,Oman,1,1,FIFA World Cup qualification,Goyang,South Korea,False,draw,0,4523716.0,20250320,893084.0,World Cup Qualification AFC 3rd Round Grp. B,South Korea,South Korea,1.0,Oman,Oman,1.0,FT,2025-03-20T11:00:00.000Z,1.08,False,matched
2025-03-20,Iraq,Kuwait,2,2,FIFA World Cup qualification,Basra,Iraq,False,draw,0,4523717.0,20250321,893084.0,World Cup Qualification AFC 3rd Round Grp. B,Iraq,Iraq,2.0,Kuwait,Kuwait,2.0,FT,2025-03-20T18:15:00.000Z,1.08,False,matched
2025-03-20,Jordan,Palestine,3,1,FIFA World Cup qualification,Amman,Jordan,False,home_win,2,4523708.0,20250321,893084.0,World Cup Qualification AFC 3rd Round Grp. B,Jordan,Jordan,3.0,Palestine,Palestine,1.0,FT,2025-03-20T18:15:00.000Z,1.08,False,matched
2025-03-20,Japan,Bahrain,2,0,FIFA World Cup qualification,Saitama,Japan,False,home_win,2,4523706.0,20250320,893085.0,World Cup Qualification AFC 3rd Round Grp. C,Japan,Japan,2.0,Bahrain,Bahrain,0.0,FT,2025-03-20T10:35:00.000Z,1.08,False,matched
2025-03-20,Australia,Indonesia,5,1,FIFA World Cup qualification,Sydney,Australia,False,home_win,4,4523707.0,20250320,893085.0,World Cup Qualification AFC 3rd Round Grp. C,Australia,Australia,5.0,Indonesia,Indonesia,1.0,FT,2025-03-20T09:10:00.000Z,1.08,False,matched
2025-03-20,Saudi Arabia,China,1,0,FIFA World Cup qualification,Riyadh,Saudi Arabia,False,home_win,1,4523728.0,20250321,893085.0,World Cup Qualification AFC 3rd Round Grp. C,Saudi Arabia,Saudi Arabia,1.0,China,China,0.0,FT,2025-03-20T18:15:00.000Z,1.08,False,matched
2025-03-20,Cape Verde,Mauritius,1,0,FIFA World Cup qualification,Praia,Cape Verde,False,home_win,1,4341191.0,20250321,886902.0,World Cup Qualification CAF Grp. D,Cape Verde,Cape Verde,1.0,Mauritius,Mauritius,0.0,FT,2025-03-20T16:00:00.000Z,1.08,False,matched
2025-03-21,Northern Ireland,Switzerland,1,1,Friendly,Belfast,Northern Ireland,False,draw,0,4727054.0,20250322,896519.0,Friendlies,Northern Ireland,Northern Ireland,1.0,Switzerland,Switzerland,1.0,FT,2025-03-21T19:45:00.000Z,1.08,False,matched
2025-03-21,Ecuador,Venezuela,2,1,FIFA World Cup qualification,Quito,Ecuador,False,home_win,1,4196574.0,20250322,884579.0,World Cup Qualification CONMEBOL,Ecuador,Ecuador,2.0,Venezuela,Venezuela,1.0,FT,2025-03-21T21:00:00.000Z,1.08,False,matched
2025-03-21,Uruguay,Argentina,0,1,FIFA World Cup qualification,Montevideo,Uruguay,False,away_win,-1,4196570.0,20250322,884579.0,World Cup Qualification CONMEBOL,Uruguay,Uruguay,0.0,Argentina,Argentina,1.0,FT,2025-03-21T23:30:00.000Z,1.08,False,matched
2025-03-21,New Zealand,Fiji,7,0,FIFA World Cup qualification,Wellington,New Zealand,False,home_win,7,4677001.0,20250321,896106.0,World Cup Qualification OFC 3rd Round,New Zealand,New Zealand,7.0,Fiji,Fiji,0.0,FT,2025-03-21T06:10:00.000Z,1.08,False,matched
2025-03-21,Ethiopia,Egypt,0,2,FIFA World Cup qualification,Casablanca,Morocco,True,away_win,-2,4341090.0,20250322,886899.0,World Cup Qualification CAF Grp. A,Ethiopia,Ethiopia,0.0,Egypt,Egypt,2.0,FT,2025-03-21T21:00:00.000Z,1.08,False,matched
2025-03-21,DR Congo,South Sudan,1,0,FIFA World Cup qualification,Kinshasa,DR Congo,False,home_win,1,4341154.0,20250322,886900.0,World Cup Qualification CAF Grp. B,DR Congo,DR Congo,1.0,South Sudan,South Sudan,0.0,FT,2025-03-21T16:00:00.000Z,1.08,False,matched
2025-03-21,South Africa,Lesotho,0,3,FIFA World Cup qualification,Polokwane,South Africa,False,away_win,-3,,,,,,,,,,,,,,,not_matched
2025-03-21,Morocco,Niger,2,1,FIFA World Cup qualification,Oujda,Morocco,False,home_win,1,4341221.0,20250322,886903.0,World Cup Qualification CAF Grp. E,Niger,Niger,1.0,Morocco,Morocco,2.0,FT,2025-03-21T21:30:00.000Z,1.08,True,matched
2025-03-21,Burundi,Ivory Coast,0,1,FIFA World Cup qualification,Meknes,Morocco,True,away_win,-1,4341284.0,20250322,886904.0,World Cup Qualification CAF Grp. F,Burundi,Burundi,0.0,Ivory Coast,Ivory Coast,1.0,FT,2025-03-21T19:00:00.000Z,1.08,False,matched
2025-03-21,Botswana,Algeria,1,3,FIFA World Cup qualification,Francistown,Botswana,False,away_win,-2,4341358.0,20250321,886905.0,World Cup Qualification CAF Grp. G,Botswana,Botswana,1.0,Algeria,Algeria,3.0,FT,2025-03-21T13:00:00.000Z,1.08,False,matched
2025-03-21,Ghana,Chad,5,0,FIFA World Cup qualification,Accra,Ghana,False,home_win,5,4341222.0,20250322,886907.0,World Cup Qualification CAF Grp. I,Ghana,Ghana,5.0,Chad,Chad,0.0,FT,2025-03-21T19:00:00.000Z,1.08,False,matched
2025-03-21,Romania,Bosnia and Herzegovina,0,1,FIFA World Cup qualification,Bucharest,Romania,False,away_win,-1,4689298.0,20250322,896540.0,World Cup Qualification UEFA 1st Round Grp. H,Romania,Romania,0.0,Bosnia and Herzegovina,Bosnia and Herzegovina,1.0,FT,2025-03-21T19:45:00.000Z,1.08,False,matched
2025-03-21,England,Albania,2,0,FIFA World Cup qualification,London,England,False,home_win,2,4689384.0,20250322,896543.0,World Cup Qualification UEFA 1st Round Grp. K,England,England,2.0,Albania,Albania,0.0,FT,2025-03-21T19:45:00.000Z,1.08,False,matched
2025-03-22,Azerbaijan,Haiti,0,3,Friendly,Sumgait,Azerbaijan,False,away_win,-3,,,,,,,,,,,,,,,not_matched
2025-03-22,Luxembourg,Sweden,1,0,Friendly,Luxembourg,Luxembourg,False,home_win,1,4715414.0,20250323,896519.0,Friendlies,Luxembourg,Luxembourg,1.0,Sweden,Sweden,0.0,FT,2025-03-22T17:00:00.000Z,1.08,False,matched
2025-03-22,Sudan,Senegal,0,0,FIFA World Cup qualification,Benghazi,Libya,True,draw,0,4341163.0,20250323,886900.0,World Cup Qualification CAF Grp. B,Sudan,Sudan,0.0,Senegal,Senegal,0.0,FT,2025-03-22T19:00:00.000Z,1.08,False,matched
2025-03-22,Moldova,Norway,0,5,FIFA World Cup qualification,Chișinău,Moldova,False,away_win,-5,4689454.0,20250323,896541.0,World Cup Qualification UEFA 1st Round Grp. I,Moldova,Moldova,0.0,Norway,Norway,5.0,FT,2025-03-22T17:00:00.000Z,1.08,False,matched
2025-03-22,Czech Republic,Faroe Islands,2,1,FIFA World Cup qualification,Hradec Králové,Czech Republic,False,home_win,1,4689364.0,20250323,896544.0,World Cup Qualification UEFA 1st Round Grp. L,Czechia,Czechia,2.0,Faroe Islands,Faroe Islands,1.0,FT,2025-03-22T19:45:00.000Z,1.08,False,matched
2025-03-23,United States,Canada,1,2,CONCACAF Nations League,Inglewood,United States,False,away_win,-1,4758790.0,20250324,895008.0,CONCACAF Nations League A Championship Playoff,Canada,Canada,2.0,USA,USA,1.0,FT,2025-03-23T22:00:00.000Z,1.08,True,matched
2025-03-23,Panama,Mexico,1,2,CONCACAF Nations League,Inglewood,United States,True,away_win,-1,4758789.0,20250324,895008.0,CONCACAF Nations League A Championship Playoff,Mexico,Mexico,2.0,Panama,Panama,1.0,FT,2025-03-24T01:30:00.000Z,1.08,True,matched
2025-03-23,France,Croatia,2,0,UEFA Nations League,Paris,France,False,home_win,2,4679444.0,20250324,896118.0,UEFA Nations League A Championship Playoff,France,France,2.0,Croatia,Croatia,0.0,Pen,2025-03-23T19:45:00.000Z,1.08,False,matched
2025-03-23,Germany,Italy,3,3,UEFA Nations League,Dortmund,Germany,False,draw,0,4679448.0,20250324,896118.0,UEFA Nations League A Championship Playoff,Germany,Germany,3.0,Italy,Italy,3.0,FT,2025-03-23T19:45:00.000Z,1.08,False,matched
2025-03-23,Portugal,Denmark,5,2,UEFA Nations League,Lisbon,Portugal,False,home_win,3,4679446.0,20250324,896118.0,UEFA Nations League A Championship Playoff,Portugal,Portugal,5.0,Denmark,Denmark,2.0,AET,2025-03-23T19:45:00.000Z,1.08,False,matched
2025-03-23,Spain,Netherlands,3,3,UEFA Nations League,Valencia,Spain,False,draw,0,4679442.0,20250324,896118.0,UEFA Nations League A Championship Playoff,Spain,Spain,3.0,Netherlands,Netherlands,3.0,Pen,2025-03-23T19:45:00.000Z,1.08,False,matched
2025-03-23,Belgium,Ukraine,3,0,UEFA Nations League,Genk,Belgium,False,home_win,3,4679428.0,20250324,896146.0,UEFA Nations League A Qualification,Belgium,Belgium,3.0,Ukraine,Ukraine,0.0,FT,2025-03-23T19:45:00.000Z,1.08,False,matched
2025-03-23,Hungary,Turkey,0,3,UEFA Nations League,Budapest,Hungary,False,away_win,-3,4679426.0,20250324,896146.0,UEFA Nations League A Qualification,Hungary,Hungary,0.0,Turkiye,Turkiye,3.0,FT,2025-03-23T17:00:00.000Z,1.08,False,matched
2025-03-23,Scotland,Greece,0,3,UEFA Nations League,Glasgow,Scotland,False,away_win,-3,4679432.0,20250324,896146.0,UEFA Nations League A Qualification,Scotland,Scotland,0.0,Greece,Greece,3.0,FT,2025-03-23T17:00:00.000Z,1.08,False,matched
2025-03-23,Serbia,Austria,2,0,UEFA Nations League,Belgrade,Serbia,False,home_win,2,4679430.0,20250324,896146.0,UEFA Nations League A Qualification,Serbia,Serbia,2.0,Austria,Austria,0.0,FT,2025-03-23T17:00:00.000Z,1.08,False,matched
2025-03-24,New Zealand,New Caledonia,3,0,FIFA World Cup qualification,Auckland,New Zealand,False,home_win,3,4677002.0,20250324,896106.0,World Cup Qualification OFC 3rd Round,New Caledonia,New Caledonia,0.0,New Zealand,New Zealand,3.0,FT,2025-03-24T06:00:00.000Z,1.08,True,matched
2025-03-24,Ivory Coast,Gambia,1,0,FIFA World Cup qualification,Abidjan,Ivory Coast,False,home_win,1,4341282.0,20250325,886904.0,World Cup Qualification CAF Grp. F,Ivory Coast,Ivory Coast,1.0,Gambia,Gambia,0.0,FT,2025-03-24T19:00:00.000Z,1.08,False,matched
2025-03-24,Tunisia,Malawi,2,0,FIFA World Cup qualification,Radès,Tunisia,False,home_win,2,4341326.0,20250325,886906.0,World Cup Qualification CAF Grp. H,Tunisia,Tunisia,2.0,Malawi,Malawi,0.0,FT,2025-03-24T21:00:00.000Z,1.08,False,matched
2025-03-24,Madagascar,Ghana,0,3,FIFA World Cup qualification,Al Hoceima,Morocco,True,away_win,-3,4341225.0,20250325,886907.0,World Cup Qualification CAF Grp. I,Madagascar,Madagascar,0.0,Ghana,Ghana,3.0,FT,2025-03-24T19:00:00.000Z,1.08,False,matched
2025-03-24,Bosnia and Herzegovina,Cyprus,2,1,FIFA World Cup qualification,Zenica,Bosnia and Herzegovina,False,home_win,1,4689299.0,20250325,896540.0,World Cup Qualification UEFA 1st Round Grp. H,Bosnia and Herzegovina,Bosnia and Herzegovina,2.0,Cyprus,Cyprus,1.0,FT,2025-03-24T19:45:00.000Z,1.08,False,matched
2025-03-24,England,Latvia,3,0,FIFA World Cup qualification,London,England,False,home_win,3,4689401.0,20250325,896543.0,World Cup Qualification UEFA 1st Round Grp. K,England,England,3.0,Latvia,Latvia,0.0,FT,2025-03-24T19:45:00.000Z,1.08,False,matched
2025-03-25,Sweden,Northern Ireland,5,1,Friendly,Solna,Sweden,False,home_win,4,4714712.0,20250326,896519.0,Friendlies,Sweden,Sweden,5.0,Northern Ireland,Northern Ireland,1.0,FT,2025-03-25T18:00:00.000Z,1.08,False,matched
2025-03-25,Switzerland,Luxembourg,3,1,Friendly,St. Gallen,Switzerland,False,home_win,2,4724018.0,20250326,896519.0,Friendlies,Switzerland,Switzerland,3.0,Luxembourg,Luxembourg,1.0,FT,2025-03-25T19:45:00.000Z,1.08,False,matched
2025-03-25,Bolivia,Uruguay,0,0,FIFA World Cup qualification,El Alto,Bolivia,False,draw,0,4196577.0,20250326,884579.0,World Cup Qualification CONMEBOL,Bolivia,Bolivia,0.0,Uruguay,Uruguay,0.0,FT,2025-03-25T20:00:00.000Z,1.08,False,matched
2025-03-25,Colombia,Paraguay,2,2,FIFA World Cup qualification,Barranquilla,Colombia,False,draw,0,4196575.0,20250326,884579.0,World Cup Qualification CONMEBOL,Colombia,Colombia,2.0,Paraguay,Paraguay,2.0,FT,2025-03-26T00:00:00.000Z,1.08,False,matched
2025-03-25,Argentina,Brazil,4,1,FIFA World Cup qualification,Buenos Aires,Argentina,False,home_win,3,4196578.0,20250326,884579.0,World Cup Qualification CONMEBOL,Argentina,Argentina,4.0,Brazil,Brazil,1.0,FT,2025-03-26T00:00:00.000Z,1.08,False,matched
2025-03-25,Chile,Ecuador,0,0,FIFA World Cup qualification,Santiago,Chile,False,draw,0,4196579.0,20250326,884579.0,World Cup Qualification CONMEBOL,Chile,Chile,0.0,Ecuador,Ecuador,0.0,FT,2025-03-26T00:00:00.000Z,1.08,False,matched
2025-03-25,Iran,Uzbekistan,2,2,FIFA World Cup qualification,Tehran,Iran,False,draw,0,4523654.0,20250326,893083.0,World Cup Qualification AFC 3rd Round Grp. A,Iran,Iran,2.0,Uzbekistan,Uzbekistan,2.0,FT,2025-03-25T16:00:00.000Z,1.08,False,matched
2025-03-25,Kyrgyzstan,Qatar,3,1,FIFA World Cup qualification,Bishkek,Kyrgyzstan,False,home_win,2,4523653.0,20250325,893083.0,World Cup Qualification AFC 3rd Round Grp. A,Kyrgyzstan,Kyrgyzstan,3.0,Qatar,Qatar,1.0,FT,2025-03-25T13:45:00.000Z,1.08,False,matched
2025-03-25,South Korea,Jordan,1,1,FIFA World Cup qualification,Suwon,South Korea,False,draw,0,4523719.0,20250325,893084.0,World Cup Qualification AFC 3rd Round Grp. B,South Korea,South Korea,1.0,Jordan,Jordan,1.0,FT,2025-03-25T11:00:00.000Z,1.08,False,matched
2025-03-25,Palestine,Iraq,2,1,FIFA World Cup qualification,Amman,Jordan,True,home_win,1,4523720.0,20250326,893084.0,World Cup Qualification AFC 3rd Round Grp. B,Palestine,Palestine,2.0,Iraq,Iraq,1.0,FT,2025-03-25T18:15:00.000Z,1.08,False,matched
2025-03-25,China,Australia,0,2,FIFA World Cup qualification,Hangzhou,China,False,away_win,-2,4523730.0,20250325,893085.0,World Cup Qualification AFC 3rd Round Grp. C,China,China,0.0,Australia,Australia,2.0,FT,2025-03-25T11:00:00.000Z,1.08,False,matched
2025-03-25,Japan,Saudi Arabia,0,0,FIFA World Cup qualification,Saitama,Japan,False,draw,0,4523729.0,20250325,893085.0,World Cup Qualification AFC 3rd Round Grp. C,Japan,Japan,0.0,Saudi Arabia,Saudi Arabia,0.0,FT,2025-03-25T10:35:00.000Z,1.08,False,matched
2025-03-25,Egypt,Sierra Leone,1,0,FIFA World Cup qualification,Cairo,Egypt,False,home_win,1,4341092.0,20250326,886899.0,World Cup Qualification CAF Grp. A,Egypt,Egypt,1.0,Sierra Leone,Sierra Leone,0.0,FT,2025-03-25T19:00:00.000Z,1.08,False,matched
2025-03-25,Mauritania,DR Congo,0,2,FIFA World Cup qualification,Nouadhibou,Mauritania,False,away_win,-2,4341162.0,20250326,886900.0,World Cup Qualification CAF Grp. B,Mauritania,Mauritania,0.0,DR Congo,DR Congo,2.0,FT,2025-03-25T21:00:00.000Z,1.08,False,matched
2025-03-25,Senegal,Togo,2,0,FIFA World Cup qualification,Diamniadio,Senegal,False,home_win,2,4341161.0,20250326,886900.0,World Cup Qualification CAF Grp. B,Senegal,Senegal,2.0,Togo,Togo,0.0,FT,2025-03-25T21:00:00.000Z,1.08,False,matched
2025-03-25,Benin,South Africa,0,2,FIFA World Cup qualification,Abidjan,Ivory Coast,True,away_win,-2,4341132.0,20250326,886901.0,World Cup Qualification CAF Grp. C,Benin,Benin,0.0,South Africa,South Africa,2.0,FT,2025-03-25T16:00:00.000Z,1.08,False,matched
2025-03-25,Angola,Cape Verde,1,2,FIFA World Cup qualification,Luanda,Angola,False,away_win,-1,4341176.0,20250326,886902.0,World Cup Qualification CAF Grp. D,Angola,Angola,1.0,Cape Verde,Cape Verde,2.0,FT,2025-03-25T16:00:00.000Z,1.08,False,matched
2025-03-25,Morocco,Tanzania,2,0,FIFA World Cup qualification,Oujda,Morocco,False,home_win,2,4341243.0,20250326,886903.0,World Cup Qualification CAF Grp. E,Morocco,Morocco,2.0,Tanzania,Tanzania,0.0,FT,2025-03-25T21:30:00.000Z,1.08,False,matched
2025-03-25,Algeria,Mozambique,5,1,FIFA World Cup qualification,Tizi Ouzou,Algeria,False,home_win,4,4341356.0,20250326,886905.0,World Cup Qualification CAF Grp. G,Algeria,Algeria,5.0,Mozambique,Mozambique,1.0,FT,2025-03-25T21:00:00.000Z,1.08,False,matched
2025-03-25,Israel,Norway,2,4,FIFA World Cup qualification,Debrecen,Hungary,True,away_win,-2,4689456.0,20250326,896541.0,World Cup Qualification UEFA 1st Round Grp. I,Israel,Israel,2.0,Norway,Norway,4.0,FT,2025-03-25T19:45:00.000Z,1.08,False,matched
2025-03-25,Gibraltar,Czech Republic,0,4,FIFA World Cup qualification,Faro-Loulé,Portugal,True,away_win,-4,4689365.0,20250326,896544.0,World Cup Qualification UEFA 1st Round Grp. L,Gibraltar,Gibraltar,0.0,Czechia,Czechia,4.0,FT,2025-03-25T19:45:00.000Z,1.08,False,matched
2025-05-28,Nigeria,Ghana,2,1,Unity Cup,London,England,True,home_win,1,4787241.0,20250529,896519.0,Friendlies,Nigeria,Nigeria,2.0,Ghana,Ghana,1.0,FT,2025-05-28T18:45:00.000Z,1.08,False,matched
2025-05-29,Malaysia,Cape Verde,1,1,Friendly,Kuala Lumpur,Malaysia,False,draw,0,4794144.0,20250529,896519.0,Friendlies,Malaysia,Malaysia,1.0,Cape Verde,Cape Verde,1.0,FT,2025-05-29T13:00:00.000Z,1.08,False,matched
2025-05-30,Saudi Arabia,Jordan,2,0,Friendly,Dammam,Saudi Arabia,False,home_win,2,4794180.0,20250531,896519.0,Friendlies,Saudi Arabia,Saudi Arabia,2.0,Jordan,Jordan,0.0,FT,2025-05-30T15:40:00.000Z,1.08,False,matched
2025-05-31,Trinidad and Tobago,Ghana,0,4,Unity Cup,London,England,True,away_win,-4,4797126.0,20250531,896519.0,Friendlies,Trinidad and Tobago,Trinidad and Tobago,0.0,Ghana,Ghana,4.0,FT,2025-05-31T11:30:00.000Z,1.08,False,matched
2025-06-02,Tunisia,Burkina Faso,2,0,Friendly,Radès,Tunisia,False,home_win,2,4798687.0,20250603,896519.0,Friendlies,Tunisia,Tunisia,2.0,Burkina Faso,Burkina Faso,0.0,FT,2025-06-02T17:30:00.000Z,1.08,False,matched
2025-06-03,Malaysia,Cape Verde,0,3,Friendly,Kuala Lumpur,Malaysia,False,away_win,-3,,,,,,,,,,,,,,,not_matched
2025-06-04,Germany,Portugal,1,2,UEFA Nations League,Munich,Germany,False,away_win,-1,4679451.0,20250605,896118.0,UEFA Nations League A Championship Playoff,Germany,Germany,1.0,Portugal,Portugal,2.0,FT,2025-06-04T19:10:00.000Z,1.08,False,matched
2025-06-05,Spain,France,5,4,UEFA Nations League,Stuttgart,Germany,True,home_win,1,4679452.0,20250606,896118.0,UEFA Nations League A Championship Playoff,Spain,Spain,5.0,France,France,4.0,FT,2025-06-05T19:00:00.000Z,1.08,False,matched
2025-06-05,Algeria,Rwanda,2,0,Friendly,Constantine,Algeria,False,home_win,2,4784791.0,20250606,896519.0,Friendlies,Algeria,Algeria,2.0,Rwanda,Rwanda,0.0,FT,2025-06-05T16:00:00.000Z,1.08,False,matched
2025-06-05,DR Congo,Mali,1,0,Friendly,Orléans,France,True,home_win,1,4784871.0,20250606,896519.0,Friendlies,DR Congo,DR Congo,1.0,Mali,Mali,0.0,FT,2025-06-05T18:00:00.000Z,1.08,False,matched
2025-06-05,Ecuador,Brazil,0,0,FIFA World Cup qualification,Guayaquil,Ecuador,False,draw,0,4196553.0,20250606,884579.0,World Cup Qualification CONMEBOL,Ecuador,Ecuador,0.0,Brazil,Brazil,0.0,FT,2025-06-05T23:00:00.000Z,1.08,False,matched
2025-06-05,Paraguay,Uruguay,2,0,FIFA World Cup qualification,Asunción,Paraguay,False,home_win,2,4196564.0,20250606,884579.0,World Cup Qualification CONMEBOL,Paraguay,Paraguay,2.0,Uruguay,Uruguay,0.0,FT,2025-06-05T23:00:00.000Z,1.08,False,matched
2025-06-05,Chile,Argentina,0,1,FIFA World Cup qualification,Santiago,Chile,False,away_win,-1,4196563.0,20250606,884579.0,World Cup Qualification CONMEBOL,Chile,Chile,0.0,Argentina,Argentina,1.0,FT,2025-06-06T01:00:00.000Z,1.08,False,matched
2025-06-05,United Arab Emirates,Uzbekistan,0,0,FIFA World Cup qualification,Abu Dhabi,United Arab Emirates,False,draw,0,,,,,,,,,,,,,,,not_matched
2025-06-05,Qatar,Iran,1,0,FIFA World Cup qualification,Al Rayyan,Qatar,False,home_win,1,4523651.0,20250606,893083.0,World Cup Qualification AFC 3rd Round Grp. A,Qatar,Qatar,1.0,Iran,Iran,0.0,FT,2025-06-05T18:15:00.000Z,1.08,False,matched
2025-06-05,Oman,Jordan,0,3,FIFA World Cup qualification,Muscat,Oman,False,away_win,-3,4523723.0,20250606,893084.0,World Cup Qualification AFC 3rd Round Grp. B,Oman,Oman,0.0,Jordan,Jordan,3.0,FT,2025-06-05T16:00:00.000Z,1.08,False,matched
2025-06-05,Iraq,South Korea,0,2,FIFA World Cup qualification,Basra,Iraq,False,away_win,-2,4523722.0,20250606,893084.0,World Cup Qualification AFC 3rd Round Grp. B,Iraq,Iraq,0.0,South Korea,South Korea,2.0,FT,2025-06-05T18:15:00.000Z,1.08,False,matched
2025-06-05,Bahrain,Saudi Arabia,0,2,FIFA World Cup qualification,Riffa,Bahrain,False,away_win,-2,4523733.0,20250606,893085.0,World Cup Qualification AFC 3rd Round Grp. C,Bahrain,Bahrain,0.0,Saudi Arabia,Saudi Arabia,2.0,FT,2025-06-05T16:00:00.000Z,1.08,False,matched
2025-06-05,Australia,Japan,1,0,FIFA World Cup qualification,Perth,Australia,False,home_win,1,4523732.0,20250605,893085.0,World Cup Qualification AFC 3rd Round Grp. C,Australia,Australia,1.0,Japan,Japan,0.0,FT,2025-06-05T11:10:00.000Z,1.08,False,matched
2025-06-06,Hungary,Sweden,0,2,Friendly,Budapest,Hungary,False,away_win,-2,4724017.0,20250607,896519.0,Friendlies,Hungary,Hungary,0.0,Sweden,Sweden,2.0,FT,2025-06-06T17:30:00.000Z,1.08,False,matched
2025-06-06,Morocco,Tunisia,2,0,Friendly,Fez,Morocco,False,home_win,2,4737537.0,20250607,896519.0,Friendlies,Morocco,Morocco,2.0,Tunisia,Tunisia,0.0,FT,2025-06-06T20:00:00.000Z,1.08,False,matched
2025-06-06,Republic of Ireland,Senegal,1,1,Friendly,Dublin,Republic of Ireland,False,draw,0,4762575.0,20250607,896519.0,Friendlies,Ireland,Ireland,1.0,Senegal,Senegal,1.0,FT,2025-06-06T18:45:00.000Z,1.04,False,matched
2025-06-06,Scotland,Iceland,1,3,Friendly,Glasgow,Scotland,False,away_win,-2,4724021.0,20250607,896519.0,Friendlies,Scotland,Scotland,1.0,Iceland,Iceland,3.0,FT,2025-06-06T18:45:00.000Z,1.08,False,matched
2025-06-06,South Africa,Tanzania,0,0,Friendly,Polokwane,South Africa,False,draw,0,4800805.0,20250607,896519.0,Friendlies,South Africa,South Africa,0.0,Tanzania,Tanzania,0.0,FT,2025-06-06T17:30:00.000Z,1.08,False,matched
2025-06-06,Colombia,Peru,0,0,FIFA World Cup qualification,Barranquilla,Colombia,False,draw,0,4196580.0,20250607,884579.0,World Cup Qualification CONMEBOL,Colombia,Colombia,0.0,Peru,Peru,0.0,FT,2025-06-06T20:30:00.000Z,1.08,False,matched
2025-06-06,Norway,Italy,3,0,FIFA World Cup qualification,Oslo,Norway,False,home_win,3,4689480.0,20250607,896541.0,World Cup Qualification UEFA 1st Round Grp. I,Norway,Norway,3.0,Italy,Italy,0.0,FT,2025-06-06T18:45:00.000Z,1.08,False,matched
2025-06-06,North Macedonia,Belgium,1,1,FIFA World Cup qualification,Skopje,North Macedonia,False,draw,0,4689438.0,20250607,896542.0,World Cup Qualification UEFA 1st Round Grp. J,North Macedonia,North Macedonia,1.0,Belgium,Belgium,1.0,FT,2025-06-06T18:45:00.000Z,1.08,False,matched
2025-06-06,Czech Republic,Montenegro,2,0,FIFA World Cup qualification,Plzeň,Czech Republic,False,home_win,2,4689367.0,20250607,896544.0,World Cup Qualification UEFA 1st Round Grp. L,Czechia,Czechia,2.0,Montenegro,Montenegro,0.0,FT,2025-06-06T18:45:00.000Z,1.08,False,matched
2025-06-06,Gibraltar,Croatia,0,7,FIFA World Cup qualification,Faro-Loulé,Portugal,True,away_win,-7,4689368.0,20250607,896544.0,World Cup Qualification UEFA 1st Round Grp. L,Gibraltar,Gibraltar,0.0,Croatia,Croatia,7.0,FT,2025-06-06T18:45:00.000Z,1.08,False,matched
2025-06-06,Curaçao,Saint Lucia,4,0,FIFA World Cup qualification,Willemstad,Curaçao,False,home_win,4,4416458.0,20250607,890639.0,World Cup Qualification CONCACAF 2nd Round Grp. C,Curacao,Curacao,4.0,Saint Lucia,Saint Lucia,0.0,FT,2025-06-06T23:30:00.000Z,1.08,False,matched
2025-06-07,Mexico,Switzerland,2,4,Friendly,Salt Lake City,United States,True,away_win,-2,4746696.0,20250608,896519.0,Friendlies,Mexico,Mexico,2.0,Switzerland,Switzerland,4.0,FT,2025-06-07T20:00:00.000Z,1.08,False,matched
2025-06-07,United States,Turkey,1,2,Friendly,East Hartford,United States,False,away_win,-1,4750313.0,20250608,896519.0,Friendlies,USA,USA,1.0,Turkiye,Turkiye,2.0,FT,2025-06-07T19:40:00.000Z,1.08,False,matched
2025-06-07,Finland,Netherlands,0,2,FIFA World Cup qualification,Helsinki,Finland,False,away_win,-2,4689266.0,20250608,896539.0,World Cup Qualification UEFA 1st Round Grp. G,Finland,Finland,0.0,Netherlands,Netherlands,2.0,FT,2025-06-07T18:45:00.000Z,1.08,False,matched
2025-06-07,Bosnia and Herzegovina,San Marino,1,0,FIFA World Cup qualification,Zenica,Bosnia and Herzegovina,False,home_win,1,4689301.0,20250607,896540.0,World Cup Qualification UEFA 1st Round Grp. H,Bosnia and Herzegovina,Bosnia and Herzegovina,1.0,San Marino,San Marino,0.0,FT,2025-06-07T13:00:00.000Z,1.08,False,matched
2025-06-07,Austria,Romania,2,1,FIFA World Cup qualification,Vienna,Austria,False,home_win,1,4689302.0,20250608,896540.0,World Cup Qualification UEFA 1st Round Grp. H,Austria,Austria,2.0,Romania,Romania,1.0,FT,2025-06-07T18:45:00.000Z,1.08,False,matched
2025-06-07,Andorra,England,0,1,FIFA World Cup qualification,Barcelona,Spain,True,away_win,-1,4689402.0,20250608,896543.0,World Cup Qualification UEFA 1st Round Grp. K,Andorra,Andorra,0.0,England,England,1.0,FT,2025-06-07T16:00:00.000Z,1.08,False,matched
2025-06-07,Canada,Ukraine,4,2,Canadian Shield,Toronto,Canada,False,home_win,2,4766767.0,20250608,896519.0,Friendlies,Canada,Canada,4.0,Ukraine,Ukraine,2.0,FT,2025-06-07T19:30:00.000Z,1.08,False,matched
2025-06-07,Ivory Coast,New Zealand,0,1,Canadian Shield,Toronto,Canada,True,away_win,-1,4766771.0,20250608,896519.0,Friendlies,New Zealand,New Zealand,1.0,Ivory Coast,Ivory Coast,0.0,FT,2025-06-07T23:00:00.000Z,1.08,True,matched
2025-06-07,Aruba,Haiti,0,5,FIFA World Cup qualification,Oranjestad,Aruba,False,away_win,-5,4416459.0,20250608,890639.0,World Cup Qualification CONCACAF 2nd Round Grp. C,Aruba,Aruba,0.0,Haiti,Haiti,5.0,FT,2025-06-07T21:00:00.000Z,1.08,False,matched
2025-06-07,Belize,Panama,0,2,FIFA World Cup qualification,Belmopan,Belize,False,away_win,-2,4416469.0,20250608,890638.0,World Cup Qualification CONCACAF 2nd Round Grp. D,Belize,Belize,0.0,Panama,Panama,2.0,FT,2025-06-08T01:00:00.000Z,1.08,False,matched
2025-06-08,Germany,France,0,2,UEFA Nations League,Stuttgart,Germany,False,away_win,-2,4679453.0,20250608,896118.0,UEFA Nations League A Championship Playoff,Germany,Germany,0.0,France,France,2.0,FT,2025-06-08T13:00:00.000Z,1.08,False,matched
2025-06-08,Portugal,Spain,2,2,UEFA Nations League,Munich,Germany,True,draw,0,4679454.0,20250609,896118.0,UEFA Nations League A Championship Playoff,Portugal,Portugal,2.0,Spain,Spain,2.0,Pen,2025-06-08T19:00:00.000Z,1.08,False,matched
2025-06-08,DR Congo,Madagascar,3,1,Friendly,Orléans,France,True,home_win,2,4784872.0,20250609,896519.0,Friendlies,DR Congo,DR Congo,3.0,Madagascar,Madagascar,1.0,FT,2025-06-08T15:00:00.000Z,1.08,False,matched
2025-06-08,Georgia,Cape Verde,1,1,Friendly,Kutaisi,Georgia,False,draw,0,4784788.0,20250609,896519.0,Friendlies,Georgia,Georgia,1.0,Cape Verde,Cape Verde,1.0,FT,2025-06-08T16:00:00.000Z,1.08,False,matched
2025-06-09,Algeria,Rwanda,2,0,Friendly,Blida,Algeria,False,home_win,2,,,,,,,,,,,,,,,not_matched
2025-06-09,Liechtenstein,Scotland,0,4,Friendly,Vaduz,Liechtenstein,False,away_win,-4,4724022.0,20250610,896519.0,Friendlies,Liechtenstein,Liechtenstein,0.0,Scotland,Scotland,4.0,FT,2025-06-09T16:00:00.000Z,1.08,False,matched
2025-06-09,Morocco,Benin,1,0,Friendly,Fez,Morocco,False,home_win,1,4737538.0,20250610,896519.0,Friendlies,Morocco,Morocco,1.0,Benin,Benin,0.0,FT,2025-06-09T20:00:00.000Z,1.08,False,matched
2025-06-09,Estonia,Norway,0,1,FIFA World Cup qualification,Tallinn,Estonia,False,away_win,-1,4689481.0,20250610,896541.0,World Cup Qualification UEFA 1st Round Grp. I,Estonia,Estonia,0.0,Norway,Norway,1.0,FT,2025-06-09T18:45:00.000Z,1.08,False,matched
2025-06-09,Belgium,Wales,4,3,FIFA World Cup qualification,Brussels,Belgium,False,home_win,1,4689441.0,20250610,896542.0,World Cup Qualification UEFA 1st Round Grp. J,Belgium,Belgium,4.0,Wales,Wales,3.0,FT,2025-06-09T18:45:00.000Z,1.08,False,matched
2025-06-09,Croatia,Czech Republic,5,1,FIFA World Cup qualification,Osijek,Croatia,False,home_win,4,4689370.0,20250610,896544.0,World Cup Qualification UEFA 1st Round Grp. L,Croatia,Croatia,5.0,Czechia,Czechia,1.0,FT,2025-06-09T18:45:00.000Z,1.08,False,matched
2025-06-10,England,Senegal,1,3,Friendly,London,England,False,away_win,-2,4737407.0,20250611,896519.0,Friendlies,England,England,1.0,Senegal,Senegal,3.0,FT,2025-06-10T18:45:00.000Z,1.08,False,matched
2025-06-10,Mexico,Turkey,1,0,Friendly,Chapel Hill,United States,True,home_win,1,4746697.0,20250611,896519.0,Friendlies,Mexico,Mexico,1.0,Turkiye,Turkiye,0.0,FT,2025-06-11T01:00:00.000Z,1.08,False,matched
2025-06-10,Slovenia,Bosnia and Herzegovina,2,1,Friendly,Celje,Slovenia,False,home_win,1,4725931.0,20250611,896519.0,Friendlies,Slovenia,Slovenia,2.0,Bosnia and Herzegovina,Bosnia and Herzegovina,1.0,FT,2025-06-10T16:00:00.000Z,1.08,False,matched
2025-06-10,South Africa,Mozambique,2,0,Friendly,Polokwane,South Africa,False,home_win,2,,,,,,,,,,,,,,,not_matched
2025-06-10,Sweden,Algeria,4,3,Friendly,Solna,Sweden,False,home_win,1,4763463.0,20250611,896519.0,Friendlies,Sweden,Sweden,4.0,Algeria,Algeria,3.0,FT,2025-06-10T17:00:00.000Z,1.08,False,matched
2025-06-10,United States,Switzerland,0,4,Friendly,Nashville,United States,False,away_win,-4,4750314.0,20250611,896519.0,Friendlies,USA,USA,0.0,Switzerland,Switzerland,4.0,FT,2025-06-11T00:00:00.000Z,1.08,False,matched
2025-06-10,Uruguay,Venezuela,2,0,FIFA World Cup qualification,Montevideo,Uruguay,False,home_win,2,4196552.0,20250611,884579.0,World Cup Qualification CONMEBOL,Uruguay,Uruguay,2.0,Venezuela,Venezuela,0.0,FT,2025-06-10T23:00:00.000Z,1.08,False,matched
2025-06-10,Peru,Ecuador,0,0,FIFA World Cup qualification,Lima,Peru,False,draw,0,4196551.0,20250611,884579.0,World Cup Qualification CONMEBOL,Peru,Peru,0.0,Ecuador,Ecuador,0.0,FT,2025-06-11T01:30:00.000Z,1.08,False,matched
2025-06-10,Argentina,Colombia,1,1,FIFA World Cup qualification,Buenos Aires,Argentina,False,draw,0,4196548.0,20250611,884579.0,World Cup Qualification CONMEBOL,Argentina,Argentina,1.0,Colombia,Colombia,1.0,FT,2025-06-11T00:00:00.000Z,1.08,False,matched
2025-06-10,Brazil,Paraguay,1,0,FIFA World Cup qualification,São Paulo,Brazil,False,home_win,1,4196550.0,20250611,884579.0,World Cup Qualification CONMEBOL,Brazil,Brazil,1.0,Paraguay,Paraguay,0.0,FT,2025-06-11T00:45:00.000Z,1.08,False,matched
2025-06-10,Uzbekistan,Qatar,3,0,FIFA World Cup qualification,Tashkent,Uzbekistan,False,home_win,3,4523676.0,20250610,893083.0,World Cup Qualification AFC 3rd Round Grp. A,Uzbekistan,Uzbekistan,3.0,Qatar,Qatar,0.0,FT,2025-06-10T13:45:00.000Z,1.08,False,matched
2025-06-10,Iran,North Korea,3,0,FIFA World Cup qualification,Tehran,Iran,False,home_win,3,4523675.0,20250611,893083.0,World Cup Qualification AFC 3rd Round Grp. A,Iran,Iran,3.0,North Korea,North Korea,0.0,FT,2025-06-10T16:00:00.000Z,1.08,False,matched
2025-06-10,South Korea,Kuwait,4,0,FIFA World Cup qualification,Seoul,South Korea,False,home_win,4,4523725.0,20250610,893084.0,World Cup Qualification AFC 3rd Round Grp. B,South Korea,South Korea,4.0,Kuwait,Kuwait,0.0,FT,2025-06-10T11:00:00.000Z,1.08,False,matched
2025-06-10,Jordan,Iraq,0,1,FIFA World Cup qualification,Amman,Jordan,False,away_win,-1,4523726.0,20250611,893084.0,World Cup Qualification AFC 3rd Round Grp. B,Jordan,Jordan,0.0,Iraq,Iraq,1.0,FT,2025-06-10T18:15:00.000Z,1.08,False,matched
2025-06-10,Japan,Indonesia,6,0,FIFA World Cup qualification,Suita,Japan,False,home_win,6,4523735.0,20250610,893085.0,World Cup Qualification AFC 3rd Round Grp. C,Japan,Japan,6.0,Indonesia,Indonesia,0.0,FT,2025-06-10T10:35:00.000Z,1.08,False,matched
2025-06-10,Saudi Arabia,Australia,1,2,FIFA World Cup qualification,Jeddah,Saudi Arabia,False,away_win,-1,4523736.0,20250611,893085.0,World Cup Qualification AFC 3rd Round Grp. C,Saudi Arabia,Saudi Arabia,1.0,Australia,Australia,2.0,FT,2025-06-10T18:15:00.000Z,1.08,False,matched
2025-06-10,Netherlands,Malta,8,0,FIFA World Cup qualification,Groningen,Netherlands,False,home_win,8,4689268.0,20250611,896539.0,World Cup Qualification UEFA 1st Round Grp. G,Netherlands,Netherlands,8.0,Malta,Malta,0.0,FT,2025-06-10T18:45:00.000Z,1.08,False,matched
2025-06-10,San Marino,Austria,0,4,FIFA World Cup qualification,Serravalle,San Marino,False,away_win,-4,4689304.0,20250611,896540.0,World Cup Qualification UEFA 1st Round Grp. H,San Marino,San Marino,0.0,Austria,Austria,4.0,FT,2025-06-10T18:45:00.000Z,1.08,False,matched
2025-06-10,New Zealand,Ukraine,1,2,Canadian Shield,Toronto,Canada,True,away_win,-1,4766772.0,20250611,896519.0,Friendlies,New Zealand,New Zealand,1.0,Ukraine,Ukraine,2.0,FT,2025-06-10T21:00:00.000Z,1.08,False,matched
2025-06-10,Canada,Ivory Coast,0,0,Canadian Shield,Toronto,Canada,False,draw,0,4766768.0,20250611,896519.0,Friendlies,Canada,Canada,0.0,Ivory Coast,Ivory Coast,0.0,Pen,2025-06-11T00:30:00.000Z,1.08,False,matched
2025-06-10,Haiti,Curaçao,1,5,FIFA World Cup qualification,Oranjestad,Aruba,True,away_win,-4,4416461.0,20250611,890639.0,World Cup Qualification CONCACAF 2nd Round Grp. C,Haiti,Haiti,1.0,Curacao,Curacao,5.0,FT,2025-06-10T22:00:00.000Z,1.08,False,matched
2025-06-10,Panama,Nicaragua,3,0,FIFA World Cup qualification,Panama City,Panama,False,home_win,3,4416471.0,20250611,890638.0,World Cup Qualification CONCACAF 2nd Round Grp. D,Panama,Panama,3.0,Nicaragua,Nicaragua,0.0,FT,2025-06-11T00:00:00.000Z,1.08,False,matched
2025-06-14,Mexico,Dominican Republic,3,2,Gold Cup,Inglewood,United States,True,home_win,1,4772410.0,20250615,898923.0,CONCACAF Gold Cup Grp. A,Mexico,Mexico,3.0,Dominican Republic,Dominican Republic,2.0,FT,2025-06-15T02:15:00.000Z,1.08,False,matched
2025-06-15,United States,Trinidad and Tobago,5,0,Gold Cup,San Jose,United States,False,home_win,5,4772437.0,20250616,898926.0,CONCACAF Gold Cup Grp. D,USA,USA,5.0,Trinidad and Tobago,Trinidad and Tobago,0.0,FT,2025-06-15T22:00:00.000Z,1.08,False,matched
2025-06-15,Haiti,Saudi Arabia,0,1,Gold Cup,San Diego,United States,True,away_win,-1,4772438.0,20250616,898926.0,CONCACAF Gold Cup Grp. D,Haiti,Haiti,0.0,Saudi Arabia,Saudi Arabia,1.0,FT,2025-06-16T00:15:00.000Z,1.08,False,matched
2025-06-16,Panama,Guadeloupe,5,2,Gold Cup,Carson,United States,True,home_win,3,4772431.0,20250617,898925.0,CONCACAF Gold Cup Grp. C,Panama,Panama,5.0,Guadeloupe,Guadeloupe,2.0,FT,2025-06-16T23:00:00.000Z,1.08,False,matched
2025-06-17,Curaçao,El Salvador,0,0,Gold Cup,San Jose,United States,True,draw,0,4772422.0,20250618,898924.0,CONCACAF Gold Cup Grp. B,Curacao,Curacao,0.0,El Salvador,El Salvador,0.0,FT,2025-06-18T00:15:00.000Z,1.08,False,matched
2025-06-17,Canada,Honduras,6,0,Gold Cup,Vancouver,Canada,False,home_win,6,4772423.0,20250618,898924.0,CONCACAF Gold Cup Grp. B,Canada,Canada,6.0,Honduras,Honduras,0.0,FT,2025-06-18T02:30:00.000Z,1.08,False,matched
2025-06-18,Suriname,Mexico,0,2,Gold Cup,Arlington,United States,True,away_win,-2,4772413.0,20250619,898923.0,CONCACAF Gold Cup Grp. A,Suriname,Suriname,0.0,Mexico,Mexico,2.0,FT,2025-06-19T02:00:00.000Z,1.08,False,matched
2025-06-19,Trinidad and Tobago,Haiti,1,1,Gold Cup,Houston,United States,True,draw,0,4772439.0,20250620,898926.0,CONCACAF Gold Cup Grp. D,Trinidad and Tobago,Trinidad and Tobago,1.0,Haiti,Haiti,1.0,FT,2025-06-19T22:45:00.000Z,1.08,False,matched
2025-06-19,United States,Saudi Arabia,1,0,Gold Cup,Austin,United States,False,home_win,1,4772440.0,20250620,898926.0,CONCACAF Gold Cup Grp. D,Saudi Arabia,Saudi Arabia,0.0,USA,USA,1.0,FT,2025-06-20T01:15:00.000Z,1.08,True,matched
2025-06-20,Guatemala,Panama,0,1,Gold Cup,Austin,United States,True,away_win,-1,4772434.0,20250621,898925.0,CONCACAF Gold Cup Grp. C,Guatemala,Guatemala,0.0,Panama,Panama,1.0,FT,2025-06-21T02:00:00.000Z,1.08,False,matched
2025-06-21,Curaçao,Canada,1,1,Gold Cup,Houston,United States,True,draw,0,4772424.0,20250622,898924.0,CONCACAF Gold Cup Grp. B,Curacao,Curacao,1.0,Canada,Canada,1.0,FT,2025-06-21T23:00:00.000Z,1.08,False,matched
2025-06-22,Mexico,Costa Rica,0,0,Gold Cup,Paradise,United States,True,draw,0,4772415.0,20250623,898923.0,CONCACAF Gold Cup Grp. A,Mexico,Mexico,0.0,Costa Rica,Costa Rica,0.0,FT,2025-06-23T02:00:00.000Z,1.08,False,matched
2025-06-22,Saudi Arabia,Trinidad and Tobago,1,1,Gold Cup,Paradise,United States,True,draw,0,4772441.0,20250623,898926.0,CONCACAF Gold Cup Grp. D,Saudi Arabia,Saudi Arabia,1.0,Trinidad and Tobago,Trinidad and Tobago,1.0,FT,2025-06-22T23:00:00.000Z,1.08,False,matched
2025-06-22,United States,Haiti,2,1,Gold Cup,Arlington,United States,False,home_win,1,4772442.0,20250623,898926.0,CONCACAF Gold Cup Grp. D,USA,USA,2.0,Haiti,Haiti,1.0,FT,2025-06-22T23:00:00.000Z,1.08,False,matched
2025-06-24,Honduras,Curaçao,2,1,Gold Cup,San Jose,United States,True,home_win,1,4772427.0,20250625,898924.0,CONCACAF Gold Cup Grp. B,Honduras,Honduras,2.0,Curacao,Curacao,1.0,FT,2025-06-25T02:00:00.000Z,1.08,False,matched
2025-06-24,Canada,El Salvador,2,0,Gold Cup,Houston,United States,True,home_win,2,4772426.0,20250625,898924.0,CONCACAF Gold Cup Grp. B,Canada,Canada,2.0,El Salvador,El Salvador,0.0,FT,2025-06-25T02:00:00.000Z,1.08,False,matched
2025-06-24,Panama,Jamaica,4,1,Gold Cup,Austin,United States,True,home_win,3,4772436.0,20250625,898925.0,CONCACAF Gold Cup Grp. C,Panama,Panama,4.0,Jamaica,Jamaica,1.0,FT,2025-06-24T23:00:00.000Z,1.08,False,matched
2025-06-28,Panama,Honduras,1,1,Gold Cup,Glendale,United States,True,draw,0,4772522.0,20250629,898947.0,CONCACAF Gold Cup Final Stage,Panama,Panama,1.0,Honduras,Honduras,1.0,Pen,2025-06-28T23:15:00.000Z,1.08,False,matched
2025-06-28,Mexico,Saudi Arabia,2,0,Gold Cup,Glendale,United States,True,home_win,2,4772521.0,20250629,898947.0,CONCACAF Gold Cup Final Stage,Mexico,Mexico,2.0,Saudi Arabia,Saudi Arabia,0.0,FT,2025-06-29T02:15:00.000Z,1.08,False,matched
2025-06-29,Canada,Guatemala,1,1,Gold Cup,Minneapolis,United States,True,draw,0,4772526.0,20250630,898947.0,CONCACAF Gold Cup Final Stage,Canada,Canada,1.0,Guatemala,Guatemala,1.0,Pen,2025-06-29T20:00:00.000Z,1.08,False,matched
2025-06-29,United States,Costa Rica,2,2,Gold Cup,Minneapolis,United States,False,draw,0,4772520.0,20250630,898947.0,CONCACAF Gold Cup Final Stage,USA,USA,2.0,Costa Rica,Costa Rica,2.0,Pen,2025-06-29T23:00:00.000Z,1.08,False,matched
2025-07-02,United States,Guatemala,2,1,Gold Cup,St. Louis,United States,False,home_win,1,4772523.0,20250703,898947.0,CONCACAF Gold Cup Final Stage,USA,USA,2.0,Guatemala,Guatemala,1.0,FT,2025-07-02T23:00:00.000Z,1.08,False,matched
2025-07-02,Mexico,Honduras,1,0,Gold Cup,Santa Clara,United States,True,home_win,1,4772524.0,20250703,898947.0,CONCACAF Gold Cup Final Stage,Mexico,Mexico,1.0,Honduras,Honduras,0.0,FT,2025-07-03T02:00:00.000Z,1.08,False,matched
2025-07-06,United States,Mexico,1,2,Gold Cup,Houston,United States,False,away_win,-1,4772525.0,20250707,898947.0,CONCACAF Gold Cup Final Stage,USA,USA,1.0,Mexico,Mexico,2.0,FT,2025-07-06T23:00:00.000Z,1.08,False,matched
2025-08-24,Qatar,Lebanon,2,2,Friendly,Doha,Qatar,False,draw,0,,,,,,,,,,,,,,,not_matched
2025-09-03,Qatar,Bahrain,2,2,Friendly,Doha,Qatar,False,draw,0,,,,,,,,,,,,,,,not_matched
2025-09-04,Norway,Finland,1,0,Friendly,Oslo,Norway,False,home_win,1,4744521.0,20250905,896519.0,Friendlies,Norway,Norway,1.0,Finland,Finland,0.0,FT,2025-09-04T16:00:00.000Z,1.08,False,matched
2025-09-04,Russia,Jordan,0,0,Friendly,Moscow,Russia,False,draw,0,4928644.0,20250905,896519.0,Friendlies,Russia,Russia,0.0,Jordan,Jordan,0.0,FT,2025-09-04T17:00:00.000Z,1.08,False,matched
2025-09-04,Saudi Arabia,North Macedonia,2,1,Friendly,Prague,Czech Republic,True,home_win,1,4928756.0,20250905,896519.0,Friendlies,Saudi Arabia,Saudi Arabia,2.0,North Macedonia,North Macedonia,1.0,FT,2025-09-04T15:00:00.000Z,1.08,False,matched
2025-09-04,Colombia,Bolivia,3,0,FIFA World Cup qualification,Barranquilla,Colombia,False,home_win,3,4196555.0,20250905,884579.0,World Cup Qualification CONMEBOL,Colombia,Colombia,3.0,Bolivia,Bolivia,0.0,FT,2025-09-04T23:30:00.000Z,1.08,False,matched
2025-09-04,Argentina,Venezuela,3,0,FIFA World Cup qualification,Buenos Aires,Argentina,False,home_win,3,4196558.0,20250905,884579.0,World Cup Qualification CONMEBOL,Argentina,Argentina,3.0,Venezuela,Venezuela,0.0,FT,2025-09-04T23:30:00.000Z,1.08,False,matched
2025-09-04,Paraguay,Ecuador,0,0,FIFA World Cup qualification,Asunción,Paraguay,False,draw,0,4196557.0,20250905,884579.0,World Cup Qualification CONMEBOL,Paraguay,Paraguay,0.0,Ecuador,Ecuador,0.0,FT,2025-09-04T23:30:00.000Z,1.08,False,matched
2025-09-04,Uruguay,Peru,3,0,FIFA World Cup qualification,Montevideo,Uruguay,False,home_win,3,4196554.0,20250905,884579.0,World Cup Qualification CONMEBOL,Uruguay,Uruguay,3.0,Peru,Peru,0.0,FT,2025-09-04T23:30:00.000Z,1.08,False,matched
2025-09-04,Brazil,Chile,3,0,FIFA World Cup qualification,Rio de Janeiro,Brazil,False,home_win,3,4196556.0,20250905,884579.0,World Cup Qualification CONMEBOL,Brazil,Brazil,3.0,Chile,Chile,0.0,FT,2025-09-05T00:30:00.000Z,1.08,False,matched
2025-09-04,Mauritius,Cape Verde,0,2,FIFA World Cup qualification,Saint Pierre,Mauritius,False,away_win,-2,4341172.0,20250905,886902.0,World Cup Qualification CAF Grp. D,Mauritius,Mauritius,0.0,Cape Verde,Cape Verde,2.0,FT,2025-09-04T16:00:00.000Z,1.08,False,matched
2025-09-04,Algeria,Botswana,3,1,FIFA World Cup qualification,Tizi Ouzou,Algeria,False,home_win,2,4341352.0,20250905,886905.0,World Cup Qualification CAF Grp. G,Algeria,Algeria,3.0,Botswana,Botswana,1.0,FT,2025-09-04T19:00:00.000Z,1.08,False,matched
2025-09-04,Tunisia,Liberia,3,0,FIFA World Cup qualification,Radès,Tunisia,False,home_win,3,4341346.0,20250905,886906.0,World Cup Qualification CAF Grp. H,Tunisia,Tunisia,3.0,Liberia,Liberia,0.0,FT,2025-09-04T19:00:00.000Z,1.08,False,matched
2025-09-04,Chad,Ghana,1,1,FIFA World Cup qualification,N'Djamena,Chad,False,draw,0,4341229.0,20250904,886907.0,World Cup Qualification CAF Grp. I,Chad,Chad,1.0,Ghana,Ghana,1.0,FT,2025-09-04T13:00:00.000Z,1.08,False,matched
2025-09-04,Slovakia,Germany,2,0,FIFA World Cup qualification,Bratislava,Slovakia,False,home_win,2,4689250.0,20250905,896533.0,World Cup Qualification UEFA 1st Round Grp. A,Slovakia,Slovakia,2.0,Germany,Germany,0.0,FT,2025-09-04T18:45:00.000Z,1.08,False,matched
2025-09-04,Georgia,Turkey,2,3,FIFA World Cup qualification,Tbilisi,Georgia,False,away_win,-1,4689339.0,20250905,896537.0,World Cup Qualification UEFA 1st Round Grp. E,Georgia,Georgia,2.0,Turkiye,Turkiye,3.0,FT,2025-09-04T16:00:00.000Z,1.08,False,matched
2025-09-04,Bulgaria,Spain,0,3,FIFA World Cup qualification,Sofia,Bulgaria,False,away_win,-3,4689340.0,20250905,896537.0,World Cup Qualification UEFA 1st Round Grp. E,Bulgaria,Bulgaria,0.0,Spain,Spain,3.0,FT,2025-09-04T18:45:00.000Z,1.08,False,matched
2025-09-04,Netherlands,Poland,1,1,FIFA World Cup qualification,Rotterdam,Netherlands,False,draw,0,4689270.0,20250905,896539.0,World Cup Qualification UEFA 1st Round Grp. G,Netherlands,Netherlands,1.0,Poland,Poland,1.0,FT,2025-09-04T18:45:00.000Z,1.08,False,matched
2025-09-04,Liechtenstein,Belgium,0,6,FIFA World Cup qualification,Vaduz,Liechtenstein,False,away_win,-6,4689443.0,20250905,896542.0,World Cup Qualification UEFA 1st Round Grp. J,Liechtenstein,Liechtenstein,0.0,Belgium,Belgium,6.0,FT,2025-09-04T18:45:00.000Z,1.08,False,matched
2025-09-04,Iraq,Hong Kong,2,1,King's Cup,Kanchanaburi,Thailand,True,home_win,1,1000003577.0,20250904,11038.0,King's Cup,Iraq,Iraq,2.0,Hong Kong,Hong Kong,1.0,FT,2025-09-04T09:00:00.000Z,1.08,False,matched
2025-09-04,Suriname,Panama,0,0,FIFA World Cup qualification,Paramaribo,Suriname,False,draw,0,4822523.0,20250905,900009.0,World Cup Qualification CONCACAF 3rd Round Grp. A,Suriname,Suriname,0.0,Panama,Panama,0.0,FT,2025-09-04T21:30:00.000Z,1.08,False,matched
2025-09-05,Australia,New Zealand,1,0,Soccer Ashes,Canberra,Australia,False,home_win,1,4913824.0,20250905,896519.0,Friendlies,Australia,Australia,1.0,New Zealand,New Zealand,0.0,FT,2025-09-05T09:45:00.000Z,1.08,False,matched
2025-09-05,Romania,Canada,0,3,Friendly,Bucharest,Romania,False,away_win,-3,4740648.0,20250906,896519.0,Friendlies,Romania,Romania,0.0,Canada,Canada,3.0,FT,2025-09-05T18:00:00.000Z,1.08,False,matched
2025-09-05,Egypt,Ethiopia,2,0,FIFA World Cup qualification,Cairo,Egypt,False,home_win,2,4341096.0,20250906,886899.0,World Cup Qualification CAF Grp. A,Egypt,Egypt,2.0,Ethiopia,Ethiopia,0.0,FT,2025-09-05T19:00:00.000Z,1.08,False,matched
2025-09-05,South Sudan,DR Congo,1,4,FIFA World Cup qualification,Juba,South Sudan,False,away_win,-3,4341158.0,20250905,886900.0,World Cup Qualification CAF Grp. B,South Sudan,South Sudan,1.0,DR Congo,DR Congo,4.0,FT,2025-09-05T13:00:00.000Z,1.08,False,matched
2025-09-05,Senegal,Sudan,2,0,FIFA World Cup qualification,Diamniadio,Senegal,False,home_win,2,4341157.0,20250906,886900.0,World Cup Qualification CAF Grp. B,Senegal,Senegal,2.0,Sudan,Sudan,0.0,FT,2025-09-05T19:00:00.000Z,1.08,False,matched
2025-09-05,South Africa,Lesotho,3,0,FIFA World Cup qualification,Bloemfontein,South Africa,False,home_win,3,4341214.0,20250906,886901.0,World Cup Qualification CAF Grp. C,Lesotho,Lesotho,0.0,South Africa,South Africa,3.0,FT,2025-09-05T16:00:00.000Z,1.08,True,matched
2025-09-05,Morocco,Niger,5,0,FIFA World Cup qualification,Rabat,Morocco,False,home_win,5,4341247.0,20250906,886903.0,World Cup Qualification CAF Grp. E,Morocco,Morocco,5.0,Niger,Niger,0.0,FT,2025-09-05T19:00:00.000Z,1.08,False,matched
2025-09-05,Ivory Coast,Burundi,1,0,FIFA World Cup qualification,Abidjan,Ivory Coast,False,home_win,1,4341278.0,20250906,886904.0,World Cup Qualification CAF Grp. F,Ivory Coast,Ivory Coast,1.0,Burundi,Burundi,0.0,FT,2025-09-05T19:00:00.000Z,1.08,False,matched
2025-09-05,Slovenia,Sweden,2,2,FIFA World Cup qualification,Ljubljana,Slovenia,False,draw,0,4689281.0,20250906,896534.0,World Cup Qualification UEFA 1st Round Grp. B,Slovenia,Slovenia,2.0,Sweden,Sweden,2.0,FT,2025-09-05T18:45:00.000Z,1.08,False,matched
2025-09-05,Switzerland,Kosovo,4,0,FIFA World Cup qualification,Basel,Switzerland,False,home_win,4,4689282.0,20250906,896534.0,World Cup Qualification UEFA 1st Round Grp. B,Switzerland,Switzerland,4.0,Kosovo,Kosovo,0.0,FT,2025-09-05T18:45:00.000Z,1.08,False,matched
2025-09-05,Denmark,Scotland,0,0,FIFA World Cup qualification,Copenhagen,Denmark,False,draw,0,4689294.0,20250906,896535.0,World Cup Qualification UEFA 1st Round Grp. C,Denmark,Denmark,0.0,Scotland,Scotland,0.0,FT,2025-09-05T18:45:00.000Z,1.08,False,matched
2025-09-05,Ukraine,France,0,2,FIFA World Cup qualification,Wrocław,Poland,True,away_win,-2,4689328.0,20250906,896536.0,World Cup Qualification UEFA 1st Round Grp. D,Ukraine,Ukraine,0.0,France,France,2.0,FT,2025-09-05T18:45:00.000Z,1.08,False,matched
2025-09-05,Faroe Islands,Croatia,0,1,FIFA World Cup qualification,Tórshavn,Faroe Islands,False,away_win,-1,4689371.0,20250906,896544.0,World Cup Qualification UEFA 1st Round Grp. L,Faroe Islands,Faroe Islands,0.0,Croatia,Croatia,1.0,FT,2025-09-05T18:45:00.000Z,1.08,False,matched
2025-09-05,Montenegro,Czech Republic,0,2,FIFA World Cup qualification,Podgorica,Montenegro,False,away_win,-2,4689372.0,20250906,896544.0,World Cup Qualification UEFA 1st Round Grp. L,Montenegro,Montenegro,0.0,Czechia,Czechia,2.0,FT,2025-09-05T18:45:00.000Z,1.08,False,matched
2025-09-05,Trinidad and Tobago,Curaçao,0,0,FIFA World Cup qualification,Port of Spain,Trinidad and Tobago,False,draw,0,4822535.0,20250906,900010.0,World Cup Qualification CONCACAF 3rd Round Grp. B,Trinidad and Tobago,Trinidad and Tobago,0.0,Curacao,Curacao,0.0,FT,2025-09-06T00:00:00.000Z,1.08,False,matched
2025-09-05,Haiti,Honduras,0,0,FIFA World Cup qualification,Willemstad,Curaçao,True,draw,0,4822548.0,20250906,900011.0,World Cup Qualification CONCACAF 3rd Round Grp. C,Haiti,Haiti,0.0,Honduras,Honduras,0.0,FT,2025-09-06T00:00:00.000Z,1.08,False,matched
2025-09-06,Mexico,Japan,0,0,Friendly,Oakland,United States,True,draw,0,4788891.0,20250907,896519.0,Friendlies,Mexico,Mexico,0.0,Japan,Japan,0.0,FT,2025-09-07T02:00:00.000Z,1.08,False,matched
2025-09-06,United States,South Korea,0,2,Friendly,Harrison,United States,False,away_win,-2,4788889.0,20250907,896519.0,Friendlies,USA,USA,0.0,South Korea,South Korea,2.0,FT,2025-09-06T21:00:00.000Z,1.08,False,matched
2025-09-06,Armenia,Portugal,0,5,FIFA World Cup qualification,Yerevan,Armenia,False,away_win,-5,4689351.0,20250907,896538.0,World Cup Qualification UEFA 1st Round Grp. F,Armenia,Armenia,0.0,Portugal,Portugal,5.0,FT,2025-09-06T16:00:00.000Z,1.08,False,matched
2025-09-06,Austria,Cyprus,1,0,FIFA World Cup qualification,Linz,Austria,False,home_win,1,4689305.0,20250907,896540.0,World Cup Qualification UEFA 1st Round Grp. H,Austria,Austria,1.0,Cyprus,Cyprus,0.0,FT,2025-09-06T18:45:00.000Z,1.08,False,matched
2025-09-06,San Marino,Bosnia and Herzegovina,0,6,FIFA World Cup qualification,Serravalle,San Marino,False,away_win,-6,4689306.0,20250907,896540.0,World Cup Qualification UEFA 1st Round Grp. H,San Marino,San Marino,0.0,Bosnia and Herzegovina,Bosnia and Herzegovina,6.0,FT,2025-09-06T18:45:00.000Z,1.08,False,matched
2025-09-06,England,Andorra,2,0,FIFA World Cup qualification,London,England,False,home_win,2,4689407.0,20250907,896543.0,World Cup Qualification UEFA 1st Round Grp. K,England,England,2.0,Andorra,Andorra,0.0,FT,2025-09-06T16:00:00.000Z,1.08,False,matched
2025-09-07,Germany,Northern Ireland,3,1,FIFA World Cup qualification,Cologne,Germany,False,home_win,2,4689252.0,20250908,896533.0,World Cup Qualification UEFA 1st Round Grp. A,Germany,Germany,3.0,Northern Ireland,Northern Ireland,1.0,FT,2025-09-07T18:45:00.000Z,1.08,False,matched
2025-09-07,Turkey,Spain,0,6,FIFA World Cup qualification,Konya,Turkey,False,away_win,-6,4689342.0,20250908,896537.0,World Cup Qualification UEFA 1st Round Grp. E,Turkiye,Turkiye,0.0,Spain,Spain,6.0,FT,2025-09-07T18:45:00.000Z,1.08,False,matched
2025-09-07,Lithuania,Netherlands,2,3,FIFA World Cup qualification,Kaunas,Lithuania,False,away_win,-1,4689271.0,20250908,896539.0,World Cup Qualification UEFA 1st Round Grp. G,Lithuania,Lithuania,2.0,Netherlands,Netherlands,3.0,FT,2025-09-07T16:00:00.000Z,1.08,False,matched
2025-09-07,Belgium,Kazakhstan,6,0,FIFA World Cup qualification,Anderlecht,Belgium,False,home_win,6,4689445.0,20250908,896542.0,World Cup Qualification UEFA 1st Round Grp. J,Belgium,Belgium,6.0,Kazakhstan,Kazakhstan,0.0,FT,2025-09-07T18:45:00.000Z,1.08,False,matched
2025-09-07,Qatar,Russia,1,4,Friendly,Doha,Qatar,False,away_win,-3,4928645.0,20250908,896519.0,Friendlies,Qatar,Qatar,1.0,Russia,Russia,4.0,FT,2025-09-07T15:15:00.000Z,1.08,False,matched
2025-09-07,Thailand,Iraq,0,1,King's Cup,Kanchanaburi,Thailand,False,away_win,-1,1000004085.0,20250907,11038.0,King's Cup,Thailand,Thailand,0.0,Iraq,Iraq,1.0,FT,2025-09-07T13:00:00.000Z,1.08,False,matched
2025-09-08,Czech Republic,Saudi Arabia,1,1,Friendly,Hradec Králové,Czech Republic,False,draw,0,4913825.0,20250909,896519.0,Friendlies,Czechia,Czechia,1.0,Saudi Arabia,Saudi Arabia,1.0,FT,2025-09-08T17:15:00.000Z,1.08,False,matched
2025-09-08,Zambia,Morocco,0,2,FIFA World Cup qualification,Ndola,Zambia,False,away_win,-2,4341248.0,20250908,886903.0,World Cup Qualification CAF Grp. E,Zambia,Zambia,0.0,Morocco,Morocco,2.0,FT,2025-09-08T13:00:00.000Z,1.08,False,matched
2025-09-08,Guinea,Algeria,0,0,FIFA World Cup qualification,Casablanca,Morocco,True,draw,0,4341351.0,20250909,886905.0,World Cup Qualification CAF Grp. G,Guinea,Guinea,0.0,Algeria,Algeria,0.0,FT,2025-09-08T16:00:00.000Z,1.08,False,matched
2025-09-08,Equatorial Guinea,Tunisia,0,1,FIFA World Cup qualification,Malabo,Equatorial Guinea,False,away_win,-1,4341345.0,20250908,886906.0,World Cup Qualification CAF Grp. H,Equatorial Guinea,Equatorial Guinea,0.0,Tunisia,Tunisia,1.0,FT,2025-09-08T13:00:00.000Z,1.08,False,matched
2025-09-08,Ghana,Mali,1,0,FIFA World Cup qualification,Accra,Ghana,False,home_win,1,4341231.0,20250909,886907.0,World Cup Qualification CAF Grp. I,Ghana,Ghana,1.0,Mali,Mali,0.0,FT,2025-09-08T19:00:00.000Z,1.08,False,matched
2025-09-08,Kosovo,Sweden,2,0,FIFA World Cup qualification,Pristina,Kosovo,False,home_win,2,4689283.0,20250909,896534.0,World Cup Qualification UEFA 1st Round Grp. B,Kosovo,Kosovo,2.0,Sweden,Sweden,0.0,FT,2025-09-08T18:45:00.000Z,1.08,False,matched
2025-09-08,Switzerland,Slovenia,3,0,FIFA World Cup qualification,Basel,Switzerland,False,home_win,3,4689284.0,20250909,896534.0,World Cup Qualification UEFA 1st Round Grp. B,Switzerland,Switzerland,3.0,Slovenia,Slovenia,0.0,FT,2025-09-08T18:45:00.000Z,1.08,False,matched
2025-09-08,Belarus,Scotland,0,2,FIFA World Cup qualification,Zalaegerszeg,Hungary,True,away_win,-2,4689295.0,20250909,896535.0,World Cup Qualification UEFA 1st Round Grp. C,Belarus,Belarus,0.0,Scotland,Scotland,2.0,FT,2025-09-08T18:45:00.000Z,1.08,False,matched
2025-09-08,Croatia,Montenegro,4,0,FIFA World Cup qualification,Zagreb,Croatia,False,home_win,4,4689374.0,20250909,896544.0,World Cup Qualification UEFA 1st Round Grp. L,Croatia,Croatia,4.0,Montenegro,Montenegro,0.0,FT,2025-09-08T18:45:00.000Z,1.08,False,matched
2025-09-08,Panama,Guatemala,1,1,FIFA World Cup qualification,Panama City,Panama,False,draw,0,4822524.0,20250909,900009.0,World Cup Qualification CONCACAF 3rd Round Grp. A,Panama,Panama,1.0,Guatemala,Guatemala,1.0,FT,2025-09-09T01:30:00.000Z,1.08,False,matched
2025-09-09,Jordan,Dominican Republic,3,0,Friendly,Amman,Jordan,False,home_win,3,4957434.0,20250910,896519.0,Friendlies,Jordan,Jordan,3.0,Dominican Republic,Dominican Republic,0.0,FT,2025-09-09T17:00:00.000Z,1.08,False,matched
2025-09-09,Mexico,South Korea,2,2,Friendly,Nashville,United States,True,draw,0,4788890.0,20250910,896519.0,Friendlies,Mexico,Mexico,2.0,South Korea,South Korea,2.0,FT,2025-09-10T01:30:00.000Z,1.08,False,matched
2025-09-09,New Zealand,Australia,1,3,Soccer Ashes,Auckland,New Zealand,False,away_win,-2,4913826.0,20250909,896519.0,Friendlies,New Zealand,New Zealand,1.0,Australia,Australia,3.0,FT,2025-09-09T07:00:00.000Z,1.08,False,matched
2025-09-09,United States,Japan,2,0,Friendly,Columbus,United States,False,home_win,2,4788892.0,20250910,896519.0,Friendlies,USA,USA,2.0,Japan,Japan,0.0,FT,2025-09-09T23:30:00.000Z,1.08,False,matched
2025-09-09,Wales,Canada,0,1,Friendly,Cardiff,Wales,False,away_win,-1,4737405.0,20250910,896519.0,Friendlies,Wales,Wales,0.0,Canada,Canada,1.0,FT,2025-09-09T18:45:00.000Z,1.08,False,matched
2025-09-09,Ecuador,Argentina,1,0,FIFA World Cup qualification,Guayaquil,Ecuador,False,home_win,1,4196581.0,20250910,884579.0,World Cup Qualification CONMEBOL,Ecuador,Ecuador,1.0,Argentina,Argentina,0.0,FT,2025-09-09T23:00:00.000Z,1.08,False,matched
2025-09-09,Peru,Paraguay,0,1,FIFA World Cup qualification,Lima,Peru,False,away_win,-1,4196559.0,20250910,884579.0,World Cup Qualification CONMEBOL,Peru,Peru,0.0,Paraguay,Paraguay,1.0,FT,2025-09-09T23:30:00.000Z,1.08,False,matched
2025-09-09,Bolivia,Brazil,1,0,FIFA World Cup qualification,El Alto,Bolivia,False,home_win,1,4196561.0,20250910,884579.0,World Cup Qualification CONMEBOL,Bolivia,Bolivia,1.0,Brazil,Brazil,0.0,FT,2025-09-09T23:30:00.000Z,1.08,False,matched
2025-09-09,Venezuela,Colombia,3,6,FIFA World Cup qualification,Maturín,Venezuela,False,away_win,-3,4196560.0,20250910,884579.0,World Cup Qualification CONMEBOL,Venezuela,Venezuela,3.0,Colombia,Colombia,6.0,FT,2025-09-09T23:30:00.000Z,1.08,False,matched
2025-09-09,Chile,Uruguay,0,0,FIFA World Cup qualification,Santiago,Chile,False,draw,0,4196562.0,20250910,884579.0,World Cup Qualification CONMEBOL,Chile,Chile,0.0,Uruguay,Uruguay,0.0,FT,2025-09-09T23:30:00.000Z,1.08,False,matched
2025-09-09,Burkina Faso,Egypt,0,0,FIFA World Cup qualification,Ouagadougou,Burkina Faso,False,draw,0,4341108.0,20250910,886899.0,World Cup Qualification CAF Grp. A,Burkina Faso,Burkina Faso,0.0,Egypt,Egypt,0.0,FT,2025-09-09T16:00:00.000Z,1.08,False,matched
2025-09-09,DR Congo,Senegal,2,3,FIFA World Cup qualification,Kinshasa,DR Congo,False,away_win,-1,4341156.0,20250910,886900.0,World Cup Qualification CAF Grp. B,DR Congo,DR Congo,2.0,Senegal,Senegal,3.0,FT,2025-09-09T16:00:00.000Z,1.08,False,matched
2025-09-09,South Africa,Nigeria,1,1,FIFA World Cup qualification,Bloemfontein,South Africa,False,draw,0,4341200.0,20250910,886901.0,World Cup Qualification CAF Grp. C,South Africa,South Africa,1.0,Nigeria,Nigeria,1.0,FT,2025-09-09T16:00:00.000Z,1.08,False,matched
2025-09-09,Cape Verde,Cameroon,1,0,FIFA World Cup qualification,Praia,Cape Verde,False,home_win,1,4341170.0,20250910,886902.0,World Cup Qualification CAF Grp. D,Cape Verde,Cape Verde,1.0,Cameroon,Cameroon,0.0,FT,2025-09-09T16:00:00.000Z,1.08,False,matched
2025-09-09,Gabon,Ivory Coast,0,0,FIFA World Cup qualification,Franceville,Gabon,False,draw,0,4341277.0,20250910,886904.0,World Cup Qualification CAF Grp. F,Gabon,Gabon,0.0,Ivory Coast,Ivory Coast,0.0,FT,2025-09-09T19:00:00.000Z,1.08,False,matched
2025-09-09,France,Iceland,2,1,FIFA World Cup qualification,Paris,France,False,home_win,1,4689330.0,20250910,896536.0,World Cup Qualification UEFA 1st Round Grp. D,France,France,2.0,Iceland,Iceland,1.0,FT,2025-09-09T18:45:00.000Z,1.08,False,matched
2025-09-09,Hungary,Portugal,2,3,FIFA World Cup qualification,Budapest,Hungary,False,away_win,-1,4689354.0,20250910,896538.0,World Cup Qualification UEFA 1st Round Grp. F,Hungary,Hungary,2.0,Portugal,Portugal,3.0,FT,2025-09-09T18:45:00.000Z,1.08,False,matched
2025-09-09,Bosnia and Herzegovina,Austria,1,2,FIFA World Cup qualification,Zenica,Bosnia and Herzegovina,False,away_win,-1,4689307.0,20250910,896540.0,World Cup Qualification UEFA 1st Round Grp. H,Bosnia and Herzegovina,Bosnia and Herzegovina,1.0,Austria,Austria,2.0,FT,2025-09-09T18:45:00.000Z,1.08,False,matched
2025-09-09,Norway,Moldova,11,1,FIFA World Cup qualification,Oslo,Norway,False,home_win,10,4689486.0,20250910,896541.0,World Cup Qualification UEFA 1st Round Grp. I,Norway,Norway,11.0,Moldova,Moldova,1.0,FT,2025-09-09T18:45:00.000Z,1.08,False,matched
2025-09-09,Serbia,England,0,5,FIFA World Cup qualification,Belgrade,Serbia,False,away_win,-5,4689409.0,20250910,896543.0,World Cup Qualification UEFA 1st Round Grp. K,Serbia,Serbia,0.0,England,England,5.0,FT,2025-09-09T18:45:00.000Z,1.08,False,matched
2025-09-09,Curaçao,Bermuda,3,2,FIFA World Cup qualification,Willemstad,Curaçao,False,home_win,1,4822537.0,20250910,900010.0,World Cup Qualification CONCACAF 3rd Round Grp. B,Curacao,Curacao,3.0,Bermuda,Bermuda,2.0,FT,2025-09-10T00:00:00.000Z,1.08,False,matched
2025-09-09,Costa Rica,Haiti,3,3,FIFA World Cup qualification,San José,Costa Rica,False,draw,0,4822549.0,20250910,900011.0,World Cup Qualification CONCACAF 3rd Round Grp. C,Costa Rica,Costa Rica,3.0,Haiti,Haiti,3.0,FT,2025-09-10T02:00:00.000Z,1.08,False,matched
2025-10-08,Qatar,Oman,0,0,FIFA World Cup qualification,Al Rayyan,Qatar,False,draw,0,4877424.0,20251009,900094.0,World Cup Qualification AFC 4th Round Grp. A,Oman,Oman,0.0,Qatar,Qatar,0.0,FT,2025-10-08T15:00:00.000Z,1.08,True,matched
2025-10-08,Saudi Arabia,Indonesia,3,2,FIFA World Cup qualification,Jeddah,Saudi Arabia,False,home_win,1,4877427.0,20251009,900095.0,World Cup Qualification AFC 4th Round Grp. B,Indonesia,Indonesia,2.0,Saudi Arabia,Saudi Arabia,3.0,FT,2025-10-08T17:15:00.000Z,1.08,True,matched
2025-10-08,Djibouti,Egypt,0,3,FIFA World Cup qualification,Casablanca,Morocco,True,away_win,-3,4341111.0,20251009,886899.0,World Cup Qualification CAF Grp. A,Djibouti,Djibouti,0.0,Egypt,Egypt,3.0,FT,2025-10-08T16:00:00.000Z,1.08,False,matched
2025-10-08,Libya,Cape Verde,3,3,FIFA World Cup qualification,Tripoli,Libya,False,draw,0,4341177.0,20251008,886902.0,World Cup Qualification CAF Grp. D,Libya,Libya,3.0,Cape Verde,Cape Verde,3.0,FT,2025-10-08T13:00:00.000Z,1.08,False,matched
2025-10-08,Central African Republic,Ghana,0,5,FIFA World Cup qualification,El Jadida,Morocco,True,away_win,-5,4341235.0,20251009,886907.0,World Cup Qualification CAF Grp. I,Central African Republic,Central African Republic,0.0,Ghana,Ghana,5.0,FT,2025-10-08T16:00:00.000Z,1.08,False,matched
2025-10-09,England,Wales,3,0,Friendly,London,England,False,home_win,3,4737406.0,20251010,896519.0,Friendlies,England,England,3.0,Wales,Wales,0.0,FT,2025-10-09T18:45:00.000Z,1.08,False,matched
2025-10-09,Poland,New Zealand,1,0,Friendly,Chorzów,Poland,False,home_win,1,4928748.0,20251010,896519.0,Friendlies,Poland,Poland,1.0,New Zealand,New Zealand,0.0,FT,2025-10-09T18:45:00.000Z,1.08,False,matched
2025-10-09,Morocco,Bahrain,1,0,Friendly,Rabat,Morocco,False,home_win,1,4979767.0,20251010,896519.0,Friendlies,Morocco,Morocco,1.0,Bahrain,Bahrain,0.0,FT,2025-10-09T19:00:00.000Z,1.08,False,matched
2025-10-09,Algeria,Somalia,3,0,FIFA World Cup qualification,Bir El Djir,Algeria,False,home_win,3,4341361.0,20251010,886905.0,World Cup Qualification CAF Grp. G,Somalia,Somalia,0.0,Algeria,Algeria,3.0,FT,2025-10-09T16:00:00.000Z,1.08,True,matched
2025-10-09,Scotland,Greece,3,1,FIFA World Cup qualification,Glasgow,Scotland,False,home_win,2,4689318.0,20251010,896535.0,World Cup Qualification UEFA 1st Round Grp. C,Scotland,Scotland,3.0,Greece,Greece,1.0,FT,2025-10-09T18:45:00.000Z,1.08,False,matched
2025-10-09,Malta,Netherlands,0,4,FIFA World Cup qualification,Ta' Qali,Malta,False,away_win,-4,4689274.0,20251010,896539.0,World Cup Qualification UEFA 1st Round Grp. G,Malta,Malta,0.0,Netherlands,Netherlands,4.0,FT,2025-10-09T18:45:00.000Z,1.08,False,matched
2025-10-09,Austria,San Marino,10,0,FIFA World Cup qualification,Vienna,Austria,False,home_win,10,4689309.0,20251010,896540.0,World Cup Qualification UEFA 1st Round Grp. H,Austria,Austria,10.0,San Marino,San Marino,0.0,FT,2025-10-09T18:45:00.000Z,1.08,False,matched
2025-10-09,Cyprus,Bosnia and Herzegovina,2,2,FIFA World Cup qualification,Larnaca,Cyprus,False,draw,0,4689310.0,20251010,896540.0,World Cup Qualification UEFA 1st Round Grp. H,Cyprus,Cyprus,2.0,Bosnia and Herzegovina,Bosnia and Herzegovina,2.0,FT,2025-10-09T18:45:00.000Z,1.08,False,matched
2025-10-09,Czech Republic,Croatia,0,0,FIFA World Cup qualification,Prague,Czech Republic,False,draw,0,4689375.0,20251010,896544.0,World Cup Qualification UEFA 1st Round Grp. L,Czechia,Czechia,0.0,Croatia,Croatia,0.0,FT,2025-10-09T18:45:00.000Z,1.08,False,matched
2025-10-09,Nicaragua,Haiti,0,3,FIFA World Cup qualification,Managua,Nicaragua,False,away_win,-3,4822552.0,20251010,900011.0,World Cup Qualification CONCACAF 3rd Round Grp. C,Nicaragua,Nicaragua,0.0,Haiti,Haiti,3.0,FT,2025-10-10T00:00:00.000Z,1.08,False,matched
2025-10-10,Argentina,Venezuela,1,0,Friendly,Miami Gardens,United States,True,home_win,1,4958843.0,20251011,896519.0,Friendlies,Argentina,Argentina,1.0,Venezuela,Venezuela,0.0,FT,2025-10-11T00:10:00.000Z,1.08,False,matched
2025-10-10,Canada,Australia,0,1,Friendly,Montreal,Canada,False,away_win,-1,4913827.0,20251011,896519.0,Friendlies,Canada,Canada,0.0,Australia,Australia,1.0,FT,2025-10-10T23:40:00.000Z,1.08,False,matched
2025-10-10,Russia,Iran,2,1,Friendly,Volgograd,Russia,False,home_win,1,4784533.0,20251011,896519.0,Friendlies,Russia,Russia,2.0,Iran,Iran,1.0,FT,2025-10-10T17:00:00.000Z,1.08,False,matched
2025-10-10,Japan,Paraguay,2,2,Kirin Cup,Osaka,Japan,False,draw,0,4928747.0,20251010,896519.0,Friendlies,Japan,Japan,2.0,Paraguay,Paraguay,2.0,FT,2025-10-10T10:20:00.000Z,1.08,False,matched
2025-10-10,Uzbekistan,Kuwait,2,0,Friendly,Tashkent,Uzbekistan,False,home_win,2,,,,,,,,,,,,,,,not_matched
2025-10-10,Jordan,Bolivia,0,1,Friendly,Istanbul,Turkey,True,away_win,-1,4968843.0,20251011,896519.0,Friendlies,Jordan,Jordan,0.0,Bolivia,Bolivia,1.0,FT,2025-10-10T16:00:00.000Z,1.08,False,matched
2025-10-10,South Korea,Brazil,0,5,Friendly,Seoul,South Korea,False,away_win,-5,4947212.0,20251010,896519.0,Friendlies,South Korea,South Korea,0.0,Brazil,Brazil,5.0,FT,2025-10-10T11:00:00.000Z,1.08,False,matched
2025-10-10,Uruguay,Dominican Republic,1,0,Friendly,Kuala Lumpur,Malaysia,True,home_win,1,4968844.0,20251010,896519.0,Friendlies,Uruguay,Uruguay,1.0,Dominican Republic,Dominican Republic,0.0,FT,2025-10-10T12:45:00.000Z,1.08,False,matched
2025-10-10,United States,Ecuador,1,1,Friendly,Austin,United States,False,draw,0,4928743.0,20251011,896519.0,Friendlies,USA,USA,1.0,Ecuador,Ecuador,1.0,FT,2025-10-11T00:30:00.000Z,1.08,False,matched
2025-10-10,Togo,DR Congo,0,1,FIFA World Cup qualification,Lomé,Togo,False,away_win,-1,4341140.0,20251010,886900.0,World Cup Qualification CAF Grp. B,Togo,Togo,0.0,DR Congo,DR Congo,1.0,FT,2025-10-10T13:00:00.000Z,1.08,False,matched
2025-10-10,South Sudan,Senegal,0,5,FIFA World Cup qualification,Juba,South Sudan,False,away_win,-5,4341141.0,20251010,886900.0,World Cup Qualification CAF Grp. B,South Sudan,South Sudan,0.0,Senegal,Senegal,5.0,FT,2025-10-10T13:00:00.000Z,1.08,False,matched
2025-10-10,South Africa,Zimbabwe,0,0,FIFA World Cup qualification,Durban,South Africa,False,draw,0,4341196.0,20251011,886901.0,World Cup Qualification CAF Grp. C,Zimbabwe,Zimbabwe,0.0,South Africa,South Africa,0.0,FT,2025-10-10T16:00:00.000Z,1.08,True,matched
2025-10-10,Seychelles,Ivory Coast,0,7,FIFA World Cup qualification,Saint Pierre,Mauritius,True,away_win,-7,4341294.0,20251010,886904.0,World Cup Qualification CAF Grp. F,Seychelles,Seychelles,0.0,Ivory Coast,Ivory Coast,7.0,FT,2025-10-10T13:00:00.000Z,1.08,False,matched
2025-10-10,Tunisia,São Tomé and Príncipe,6,0,FIFA World Cup qualification,Radès,Tunisia,False,home_win,6,4341342.0,20251011,886906.0,World Cup Qualification CAF Grp. H,Sao Tome and Principe,Sao Tome and Principe,0.0,Tunisia,Tunisia,6.0,FT,2025-10-10T16:00:00.000Z,1.08,True,matched
2025-10-10,Germany,Luxembourg,4,0,FIFA World Cup qualification,Sinsheim,Germany,False,home_win,4,4689254.0,20251011,896533.0,World Cup Qualification UEFA 1st Round Grp. A,Germany,Germany,4.0,Luxembourg,Luxembourg,0.0,FT,2025-10-10T18:45:00.000Z,1.08,False,matched
2025-10-10,Sweden,Switzerland,0,2,FIFA World Cup qualification,Solna,Sweden,False,away_win,-2,4689286.0,20251011,896534.0,World Cup Qualification UEFA 1st Round Grp. B,Sweden,Sweden,0.0,Switzerland,Switzerland,2.0,FT,2025-10-10T18:45:00.000Z,1.08,False,matched
2025-10-10,France,Azerbaijan,3,0,FIFA World Cup qualification,Paris,France,False,home_win,3,4689332.0,20251011,896536.0,World Cup Qualification UEFA 1st Round Grp. D,France,France,3.0,Azerbaijan,Azerbaijan,0.0,FT,2025-10-10T18:45:00.000Z,1.08,False,matched
2025-10-10,Belgium,North Macedonia,0,0,FIFA World Cup qualification,Ghent,Belgium,False,draw,0,4689447.0,20251011,896542.0,World Cup Qualification UEFA 1st Round Grp. J,Belgium,Belgium,0.0,North Macedonia,North Macedonia,0.0,FT,2025-10-10T18:45:00.000Z,1.08,False,matched
2025-10-10,El Salvador,Panama,0,1,FIFA World Cup qualification,San Salvador,El Salvador,False,away_win,-1,4822526.0,20251011,900009.0,World Cup Qualification CONCACAF 3rd Round Grp. A,El Salvador,El Salvador,0.0,Panama,Panama,1.0,FT,2025-10-11T01:00:00.000Z,1.08,False,matched
2025-10-10,Curaçao,Jamaica,2,0,FIFA World Cup qualification,Willemstad,Curaçao,False,home_win,2,4822538.0,20251011,900010.0,World Cup Qualification CONCACAF 3rd Round Grp. B,Curacao,Curacao,2.0,Jamaica,Jamaica,0.0,FT,2025-10-10T23:00:00.000Z,1.08,False,matched
2025-10-11,Mexico,Colombia,0,4,Friendly,Arlington,United States,True,away_win,-4,4928673.0,20251012,896519.0,Friendlies,Mexico,Mexico,0.0,Colombia,Colombia,4.0,FT,2025-10-12T01:00:00.000Z,1.08,False,matched
2025-10-11,Iraq,Indonesia,1,0,FIFA World Cup qualification,Jeddah,Saudi Arabia,True,home_win,1,4877428.0,20251012,900095.0,World Cup Qualification AFC 4th Round Grp. B,Iraq,Iraq,1.0,Indonesia,Indonesia,0.0,FT,2025-10-11T19:30:00.000Z,1.08,False,matched
2025-10-11,Spain,Georgia,2,0,FIFA World Cup qualification,Elche,Spain,False,home_win,2,4689344.0,20251012,896537.0,World Cup Qualification UEFA 1st Round Grp. E,Spain,Spain,2.0,Georgia,Georgia,0.0,FT,2025-10-11T18:45:00.000Z,1.08,False,matched
2025-10-11,Bulgaria,Turkey,1,6,FIFA World Cup qualification,Sofia,Bulgaria,False,away_win,-5,4689343.0,20251012,896537.0,World Cup Qualification UEFA 1st Round Grp. E,Bulgaria,Bulgaria,1.0,Turkiye,Turkiye,6.0,FT,2025-10-11T18:45:00.000Z,1.08,False,matched
2025-10-11,Portugal,Republic of Ireland,1,0,FIFA World Cup qualification,Lisbon,Portugal,False,home_win,1,4689356.0,20251012,896538.0,World Cup Qualification UEFA 1st Round Grp. F,Portugal,Portugal,1.0,Ireland,Ireland,0.0,FT,2025-10-11T18:45:00.000Z,1.04,False,matched
2025-10-11,Norway,Israel,5,0,FIFA World Cup qualification,Oslo,Norway,False,home_win,5,4689487.0,20251012,896541.0,World Cup Qualification UEFA 1st Round Grp. I,Norway,Norway,5.0,Israel,Israel,0.0,FT,2025-10-11T16:00:00.000Z,1.08,False,matched
2025-10-12,Malta,Bosnia and Herzegovina,1,4,Friendly,Ta' Qali,Malta,False,away_win,-3,4733708.0,20251013,896519.0,Friendlies,Malta,Malta,1.0,Bosnia and Herzegovina,Bosnia and Herzegovina,4.0,FT,2025-10-12T17:00:00.000Z,1.08,False,matched
2025-10-12,Egypt,Guinea-Bissau,1,0,FIFA World Cup qualification,Cairo,Egypt,False,home_win,1,4341116.0,20251013,886899.0,World Cup Qualification CAF Grp. A,Egypt,Egypt,1.0,Guinea-Bissau,Guinea-Bissau,0.0,FT,2025-10-12T19:00:00.000Z,1.08,False,matched
2025-10-12,Ghana,Comoros,1,0,FIFA World Cup qualification,Accra,Ghana,False,home_win,1,4341237.0,20251013,886907.0,World Cup Qualification CAF Grp. I,Ghana,Ghana,1.0,Comoros,Comoros,0.0,FT,2025-10-12T19:00:00.000Z,1.08,False,matched
2025-10-12,Scotland,Belarus,2,1,FIFA World Cup qualification,Glasgow,Scotland,False,home_win,1,4689319.0,20251013,896535.0,World Cup Qualification UEFA 1st Round Grp. C,Scotland,Scotland,2.0,Belarus,Belarus,1.0,FT,2025-10-12T16:00:00.000Z,1.08,False,matched
2025-10-12,Netherlands,Finland,4,0,FIFA World Cup qualification,Amsterdam,Netherlands,False,home_win,4,4689276.0,20251013,896539.0,World Cup Qualification UEFA 1st Round Grp. G,Netherlands,Netherlands,4.0,Finland,Finland,0.0,FT,2025-10-12T16:00:00.000Z,1.08,False,matched
2025-10-12,Romania,Austria,1,0,FIFA World Cup qualification,Bucharest,Romania,False,home_win,1,4689312.0,20251013,896540.0,World Cup Qualification UEFA 1st Round Grp. H,Romania,Romania,1.0,Austria,Austria,0.0,FT,2025-10-12T18:45:00.000Z,1.08,False,matched
2025-10-12,Faroe Islands,Czech Republic,2,1,FIFA World Cup qualification,Tórshavn,Faroe Islands,False,home_win,1,4689377.0,20251013,896544.0,World Cup Qualification UEFA 1st Round Grp. L,Faroe Islands,Faroe Islands,2.0,Czechia,Czechia,1.0,FT,2025-10-12T16:00:00.000Z,1.08,False,matched
2025-10-12,Croatia,Gibraltar,3,0,FIFA World Cup qualification,Varaždin,Croatia,False,home_win,3,4689378.0,20251013,896544.0,World Cup Qualification UEFA 1st Round Grp. L,Croatia,Croatia,3.0,Gibraltar,Gibraltar,0.0,FT,2025-10-12T18:45:00.000Z,1.08,False,matched
2025-10-13,Uzbekistan,Uruguay,1,2,Friendly,Malacca City,Malaysia,True,away_win,-1,4968845.0,20251013,896519.0,Friendlies,Uzbekistan,Uzbekistan,1.0,Uruguay,Uruguay,2.0,FT,2025-10-13T12:45:00.000Z,1.08,False,matched
2025-10-13,Cape Verde,Eswatini,3,0,FIFA World Cup qualification,Praia,Cape Verde,False,home_win,3,4341188.0,20251014,886902.0,World Cup Qualification CAF Grp. D,Cape Verde,Cape Verde,3.0,Eswatini,Eswatini,0.0,FT,2025-10-13T16:00:00.000Z,1.08,False,matched
2025-10-13,Tunisia,Namibia,3,0,FIFA World Cup qualification,Radès,Tunisia,False,home_win,3,4341325.0,20251013,886906.0,World Cup Qualification CAF Grp. H,Tunisia,Tunisia,3.0,Namibia,Namibia,0.0,FT,2025-10-13T13:00:00.000Z,1.08,False,matched
2025-10-13,Northern Ireland,Germany,0,1,FIFA World Cup qualification,Belfast,Northern Ireland,False,away_win,-1,4689255.0,20251014,896533.0,World Cup Qualification UEFA 1st Round Grp. A,Northern Ireland,Northern Ireland,0.0,Germany,Germany,1.0,FT,2025-10-13T18:45:00.000Z,1.08,False,matched
2025-10-13,Slovenia,Switzerland,0,0,FIFA World Cup qualification,Ljubljana,Slovenia,False,draw,0,4689287.0,20251014,896534.0,World Cup Qualification UEFA 1st Round Grp. B,Slovenia,Slovenia,0.0,Switzerland,Switzerland,0.0,FT,2025-10-13T18:45:00.000Z,1.08,False,matched
2025-10-13,Sweden,Kosovo,0,1,FIFA World Cup qualification,Gothenburg,Sweden,False,away_win,-1,4689288.0,20251014,896534.0,World Cup Qualification UEFA 1st Round Grp. B,Sweden,Sweden,0.0,Kosovo,Kosovo,1.0,FT,2025-10-13T18:45:00.000Z,1.08,False,matched
2025-10-13,Iceland,France,2,2,FIFA World Cup qualification,Reykjavík,Iceland,False,draw,0,4689333.0,20251014,896536.0,World Cup Qualification UEFA 1st Round Grp. D,Iceland,Iceland,2.0,France,France,2.0,FT,2025-10-13T18:45:00.000Z,1.08,False,matched
2025-10-13,Wales,Belgium,2,4,FIFA World Cup qualification,Cardiff,Wales,False,away_win,-2,4689449.0,20251014,896542.0,World Cup Qualification UEFA 1st Round Grp. J,Wales,Wales,2.0,Belgium,Belgium,4.0,FT,2025-10-13T18:45:00.000Z,1.08,False,matched
2025-10-13,Honduras,Haiti,3,0,FIFA World Cup qualification,Tegucigalpa,Honduras,False,home_win,3,4822554.0,20251014,900011.0,World Cup Qualification CONCACAF 3rd Round Grp. C,Honduras,Honduras,3.0,Haiti,Haiti,0.0,FT,2025-10-14T00:00:00.000Z,1.08,False,matched
2025-10-14,Albania,Jordan,4,2,Friendly,Tirana,Albania,False,home_win,2,4980029.0,20251015,896519.0,Friendlies,Albania,Albania,4.0,Jordan,Jordan,2.0,FT,2025-10-14T17:00:00.000Z,1.08,False,matched
2025-10-14,Japan,Brazil,3,2,Kirin Cup,Tokyo,Japan,False,home_win,1,4947213.0,20251014,896519.0,Friendlies,Japan,Japan,3.0,Brazil,Brazil,2.0,FT,2025-10-14T10:30:00.000Z,1.08,False,matched
2025-10-14,Iran,Tanzania,2,0,Friendly,Dubai,United Arab Emirates,True,home_win,2,4995001.0,20251015,896519.0,Friendlies,Iran,Iran,2.0,Tanzania,Tanzania,0.0,FT,2025-10-14T15:00:00.000Z,1.08,False,matched
2025-10-14,Canada,Colombia,0,0,Friendly,Harrison,United States,True,draw,0,4928660.0,20251015,896519.0,Friendlies,Canada,Canada,0.0,Colombia,Colombia,0.0,FT,2025-10-15T00:30:00.000Z,1.08,False,matched
2025-10-14,South Korea,Paraguay,2,0,Friendly,Seoul,South Korea,False,home_win,2,4928693.0,20251014,896519.0,Friendlies,South Korea,South Korea,2.0,Paraguay,Paraguay,0.0,FT,2025-10-14T11:00:00.000Z,1.08,False,matched
2025-10-14,Mexico,Ecuador,1,1,Friendly,Zapopan,Mexico,False,draw,0,4928674.0,20251015,896519.0,Friendlies,Mexico,Mexico,1.0,Ecuador,Ecuador,1.0,FT,2025-10-15T02:30:00.000Z,1.08,False,matched
2025-10-14,Norway,New Zealand,1,1,Friendly,Oslo,Norway,False,draw,0,4739662.0,20251015,896519.0,Friendlies,Norway,Norway,1.0,New Zealand,New Zealand,1.0,FT,2025-10-14T16:00:00.000Z,1.08,False,matched
2025-10-14,Puerto Rico,Argentina,0,6,Friendly,Fort Lauderdale,United States,True,away_win,-6,4958844.0,20251015,896519.0,Friendlies,Puerto Rico,Puerto Rico,0.0,Argentina,Argentina,6.0,FT,2025-10-15T00:00:00.000Z,1.08,False,matched
2025-10-14,United States,Australia,2,1,Friendly,Denver,United States,False,home_win,1,4913828.0,20251015,896519.0,Friendlies,USA,USA,2.0,Australia,Australia,1.0,FT,2025-10-15T01:00:00.000Z,1.08,False,matched
2025-10-14,Qatar,United Arab Emirates,2,1,FIFA World Cup qualification,Al Rayyan,Qatar,False,home_win,1,,,,,,,,,,,,,,,not_matched
2025-10-14,Saudi Arabia,Iraq,0,0,FIFA World Cup qualification,Jeddah,Saudi Arabia,False,draw,0,4877429.0,20251015,900095.0,World Cup Qualification AFC 4th Round Grp. B,Saudi Arabia,Saudi Arabia,0.0,Iraq,Iraq,0.0,FT,2025-10-14T18:45:00.000Z,1.08,False,matched
2025-10-14,Senegal,Mauritania,4,0,FIFA World Cup qualification,Diamniadio,Senegal,False,home_win,4,4341124.0,20251015,886900.0,World Cup Qualification CAF Grp. B,Senegal,Senegal,4.0,Mauritania,Mauritania,0.0,FT,2025-10-14T19:00:00.000Z,1.08,False,matched
2025-10-14,DR Congo,Sudan,1,0,FIFA World Cup qualification,Kinshasa,DR Congo,False,home_win,1,4341126.0,20251015,886900.0,World Cup Qualification CAF Grp. B,DR Congo,DR Congo,1.0,Sudan,Sudan,0.0,FT,2025-10-14T19:00:00.000Z,1.08,False,matched
2025-10-14,South Africa,Rwanda,3,0,FIFA World Cup qualification,Mbombela,South Africa,False,home_win,3,4341194.0,20251015,886901.0,World Cup Qualification CAF Grp. C,South Africa,South Africa,3.0,Rwanda,Rwanda,0.0,FT,2025-10-14T16:00:00.000Z,1.08,False,matched
2025-10-14,Morocco,Congo,1,0,FIFA World Cup qualification,Rabat,Morocco,False,home_win,1,4341299.0,20251015,886903.0,World Cup Qualification CAF Grp. E,Morocco,Morocco,1.0,Congo,Congo,0.0,FT,2025-10-14T19:00:00.000Z,1.08,False,matched
2025-10-14,Ivory Coast,Kenya,3,0,FIFA World Cup qualification,Ebimpé,Ivory Coast,False,home_win,3,4341289.0,20251015,886904.0,World Cup Qualification CAF Grp. F,Ivory Coast,Ivory Coast,3.0,Kenya,Kenya,0.0,FT,2025-10-14T19:00:00.000Z,1.08,False,matched
2025-10-14,Algeria,Uganda,2,1,FIFA World Cup qualification,Tizi Ouzou,Algeria,False,home_win,1,4341367.0,20251015,886905.0,World Cup Qualification CAF Grp. G,Algeria,Algeria,2.0,Uganda,Uganda,1.0,FT,2025-10-14T16:00:00.000Z,1.08,False,matched
2025-10-14,Spain,Bulgaria,4,0,FIFA World Cup qualification,Valladolid,Spain,False,home_win,4,4689346.0,20251015,896537.0,World Cup Qualification UEFA 1st Round Grp. E,Spain,Spain,4.0,Bulgaria,Bulgaria,0.0,FT,2025-10-14T18:45:00.000Z,1.08,False,matched
2025-10-14,Turkey,Georgia,4,1,FIFA World Cup qualification,İzmit,Turkey,False,home_win,3,4689345.0,20251015,896537.0,World Cup Qualification UEFA 1st Round Grp. E,Turkiye,Turkiye,4.0,Georgia,Georgia,1.0,FT,2025-10-14T18:45:00.000Z,1.08,False,matched
2025-10-14,Portugal,Hungary,2,2,FIFA World Cup qualification,Lisbon,Portugal,False,draw,0,4689358.0,20251015,896538.0,World Cup Qualification UEFA 1st Round Grp. F,Portugal,Portugal,2.0,Hungary,Hungary,2.0,FT,2025-10-14T18:45:00.000Z,1.08,False,matched
2025-10-14,Latvia,England,0,5,FIFA World Cup qualification,Riga,Latvia,False,away_win,-5,4689413.0,20251015,896543.0,World Cup Qualification UEFA 1st Round Grp. K,Latvia,Latvia,0.0,England,England,5.0,FT,2025-10-14T18:45:00.000Z,1.08,False,matched
2025-10-14,Panama,Suriname,1,1,FIFA World Cup qualification,Panama City,Panama,False,draw,0,4822528.0,20251015,900009.0,World Cup Qualification CONCACAF 3rd Round Grp. A,Panama,Panama,1.0,Suriname,Suriname,1.0,FT,2025-10-15T01:00:00.000Z,1.08,False,matched
2025-10-14,Curaçao,Trinidad and Tobago,1,1,FIFA World Cup qualification,Willemstad,Curaçao,False,draw,0,4822541.0,20251015,900010.0,World Cup Qualification CONCACAF 3rd Round Grp. B,Curacao,Curacao,1.0,Trinidad and Tobago,Trinidad and Tobago,1.0,FT,2025-10-14T23:00:00.000Z,1.08,False,matched
2025-11-12,Tunisia,Mauritania,1,1,Friendly,Radès,Tunisia,False,draw,0,5031698.0,20251113,896519.0,Friendlies,Tunisia,Tunisia,1.0,Mauritania,Mauritania,1.0,FT,2025-11-12T16:45:00.000Z,1.08,False,matched
2025-11-13,Algeria,Zimbabwe,3,1,Friendly,Jeddah,Saudi Arabia,True,home_win,2,5050655.0,20251114,896519.0,Friendlies,Algeria,Algeria,3.0,Zimbabwe,Zimbabwe,1.0,FT,2025-11-13T16:30:00.000Z,1.08,False,matched
2025-11-13,Canada,Ecuador,0,0,Friendly,Toronto,Canada,False,draw,0,4960815.0,20251114,896519.0,Friendlies,Canada,Canada,0.0,Ecuador,Ecuador,0.0,FT,2025-11-14T00:30:00.000Z,1.08,False,matched
2025-11-13,Czech Republic,San Marino,1,0,Friendly,Karviná,Czech Republic,False,home_win,1,4960622.0,20251114,896519.0,Friendlies,Czechia,Czechia,1.0,San Marino,San Marino,0.0,FT,2025-11-13T17:00:00.000Z,1.08,False,matched
2025-11-13,United Arab Emirates,Iraq,1,1,FIFA World Cup qualification,Abu Dhabi,United Arab Emirates,False,draw,0,,,,,,,,,,,,,,,not_matched
2025-11-13,Cameroon,DR Congo,0,1,FIFA World Cup qualification,Rabat,Morocco,True,away_win,-1,5013627.0,20251114,900008.0,World Cup Qualification CAF Final Stage,Cameroon,Cameroon,0.0,DR Congo,DR Congo,1.0,FT,2025-11-13T19:00:00.000Z,1.08,False,matched
2025-11-13,France,Ukraine,4,0,FIFA World Cup qualification,Paris,France,False,home_win,4,4689336.0,20251114,896536.0,World Cup Qualification UEFA 1st Round Grp. D,France,France,4.0,Ukraine,Ukraine,0.0,FT,2025-11-13T19:45:00.000Z,1.08,False,matched
2025-11-13,Republic of Ireland,Portugal,2,0,FIFA World Cup qualification,Dublin,Republic of Ireland,False,home_win,2,4689360.0,20251114,896538.0,World Cup Qualification UEFA 1st Round Grp. F,Ireland,Ireland,2.0,Portugal,Portugal,0.0,FT,2025-11-13T19:45:00.000Z,1.04,False,matched
2025-11-13,Norway,Estonia,4,1,FIFA World Cup qualification,Oslo,Norway,False,home_win,3,4689491.0,20251114,896541.0,World Cup Qualification UEFA 1st Round Grp. I,Norway,Norway,4.0,Estonia,Estonia,1.0,FT,2025-11-13T17:00:00.000Z,1.08,False,matched
2025-11-13,England,Serbia,2,0,FIFA World Cup qualification,London,England,False,home_win,2,4689416.0,20251114,896543.0,World Cup Qualification UEFA 1st Round Grp. K,England,England,2.0,Serbia,Serbia,0.0,FT,2025-11-13T19:45:00.000Z,1.08,False,matched
2025-11-13,Iran,Cape Verde,0,0,Al Ain International Cup,Al Ain,United Arab Emirates,True,draw,0,5030186.0,20251114,896519.0,Friendlies,Iran,Iran,0.0,Cape Verde,Cape Verde,0.0,Pen,2025-11-13T16:00:00.000Z,1.08,False,matched
2025-11-13,Guatemala,Panama,2,3,FIFA World Cup qualification,Guatemala City,Guatemala,False,away_win,-1,4822530.0,20251114,900009.0,World Cup Qualification CONCACAF 3rd Round Grp. A,Guatemala,Guatemala,2.0,Panama,Panama,3.0,FT,2025-11-14T02:00:00.000Z,1.08,False,matched
2025-11-13,Bermuda,Curaçao,0,7,FIFA World Cup qualification,Devonshire Parish,Bermuda,False,away_win,-7,4822543.0,20251114,900010.0,World Cup Qualification CONCACAF 3rd Round Grp. B,Bermuda,Bermuda,0.0,Curacao,Curacao,7.0,FT,2025-11-14T00:00:00.000Z,1.08,False,matched
2025-11-13,Haiti,Costa Rica,1,0,FIFA World Cup qualification,Willemstad,Curaçao,True,home_win,1,4822555.0,20251114,900011.0,World Cup Qualification CONCACAF 3rd Round Grp. C,Haiti,Haiti,1.0,Costa Rica,Costa Rica,0.0,FT,2025-11-14T02:00:00.000Z,1.08,False,matched
2025-11-14,Angola,Argentina,0,2,Friendly,Luanda,Angola,False,away_win,-2,5030334.0,20251115,896519.0,Friendlies,Angola,Angola,0.0,Argentina,Argentina,2.0,FT,2025-11-14T16:00:00.000Z,1.08,False,matched
2025-11-14,Australia,Venezuela,0,1,Friendly,Houston,United States,True,away_win,-1,5033378.0,20251115,896519.0,Friendlies,Venezuela,Venezuela,1.0,Australia,Australia,0.0,FT,2025-11-15T02:30:00.000Z,1.08,True,matched
2025-11-14,South Korea,Bolivia,2,0,Friendly,Daejeon,South Korea,False,home_win,2,5013764.0,20251114,896519.0,Friendlies,South Korea,South Korea,2.0,Bolivia,Bolivia,0.0,FT,2025-11-14T11:00:00.000Z,1.08,False,matched
2025-11-14,Morocco,Mozambique,1,0,Friendly,Tangier,Morocco,False,home_win,1,5050857.0,20251115,896519.0,Friendlies,Morocco,Morocco,1.0,Mozambique,Mozambique,0.0,FT,2025-11-14T19:00:00.000Z,1.08,False,matched
2025-11-14,Japan,Ghana,2,0,Kirin Cup,Toyota,Japan,False,home_win,2,5031700.0,20251114,896519.0,Friendlies,Japan,Japan,2.0,Ghana,Ghana,0.0,FT,2025-11-14T10:20:00.000Z,1.08,False,matched
2025-11-14,Saudi Arabia,Ivory Coast,1,0,Friendly,Jeddah,Saudi Arabia,False,home_win,1,5050854.0,20251115,896519.0,Friendlies,Saudi Arabia,Saudi Arabia,1.0,Ivory Coast,Ivory Coast,0.0,FT,2025-11-14T16:30:00.000Z,1.08,False,matched
2025-11-14,Tunisia,Jordan,3,2,Friendly,Radès,Tunisia,False,home_win,1,5030184.0,20251115,896519.0,Friendlies,Tunisia,Tunisia,3.0,Jordan,Jordan,2.0,FT,2025-11-14T16:45:00.000Z,1.08,False,matched
2025-11-14,Luxembourg,Germany,0,2,FIFA World Cup qualification,Luxembourg,Luxembourg,False,away_win,-2,4689257.0,20251115,896533.0,World Cup Qualification UEFA 1st Round Grp. A,Luxembourg,Luxembourg,0.0,Germany,Germany,2.0,FT,2025-11-14T19:45:00.000Z,1.08,False,matched
2025-11-14,Poland,Netherlands,1,1,FIFA World Cup qualification,Warsaw,Poland,False,draw,0,4689278.0,20251115,896539.0,World Cup Qualification UEFA 1st Round Grp. G,Poland,Poland,1.0,Netherlands,Netherlands,1.0,FT,2025-11-14T19:45:00.000Z,1.08,False,matched
2025-11-14,Croatia,Faroe Islands,3,1,FIFA World Cup qualification,Rijeka,Croatia,False,home_win,2,4689380.0,20251115,896544.0,World Cup Qualification UEFA 1st Round Grp. L,Croatia,Croatia,3.0,Faroe Islands,Faroe Islands,1.0,FT,2025-11-14T19:45:00.000Z,1.08,False,matched
2025-11-14,Uzbekistan,Egypt,2,0,Al Ain International Cup,Al Ain,United Arab Emirates,True,home_win,2,5030187.0,20251115,896519.0,Friendlies,Uzbekistan,Uzbekistan,2.0,Egypt,Egypt,0.0,FT,2025-11-14T16:00:00.000Z,1.08,False,matched
2025-11-15,Brazil,Senegal,2,0,Friendly,London,England,True,home_win,2,5017003.0,20251116,896519.0,Friendlies,Brazil,Brazil,2.0,Senegal,Senegal,0.0,FT,2025-11-15T16:00:00.000Z,1.08,False,matched
2025-11-15,Colombia,New Zealand,2,1,Friendly,Fort Lauderdale,United States,True,home_win,1,5031702.0,20251116,896519.0,Friendlies,Colombia,Colombia,2.0,New Zealand,New Zealand,1.0,FT,2025-11-16T00:30:00.000Z,1.08,False,matched
2025-11-15,Mexico,Uruguay,0,0,Friendly,Torreón,Mexico,False,draw,0,5031703.0,20251116,896519.0,Friendlies,Mexico,Mexico,0.0,Uruguay,Uruguay,0.0,FT,2025-11-16T01:00:00.000Z,1.08,False,matched
2025-11-15,South Africa,Zambia,3,1,Friendly,Gqeberha,South Africa,False,home_win,2,5033377.0,20251115,896519.0,Friendlies,South Africa,South Africa,3.0,Zambia,Zambia,1.0,FT,2025-11-15T13:00:00.000Z,1.08,False,matched
2025-11-15,United States,Paraguay,2,1,Friendly,Chester,United States,False,home_win,1,4959854.0,20251116,896519.0,Friendlies,USA,USA,2.0,Paraguay,Paraguay,1.0,FT,2025-11-15T22:00:00.000Z,1.08,False,matched
2025-11-15,Switzerland,Sweden,4,1,FIFA World Cup qualification,Geneva,Switzerland,False,home_win,3,4689290.0,20251116,896534.0,World Cup Qualification UEFA 1st Round Grp. B,Switzerland,Switzerland,4.0,Sweden,Sweden,1.0,FT,2025-11-15T19:45:00.000Z,1.08,False,matched
2025-11-15,Greece,Scotland,3,2,FIFA World Cup qualification,Piraeus,Greece,False,home_win,1,4689321.0,20251116,896535.0,World Cup Qualification UEFA 1st Round Grp. C,Greece,Greece,3.0,Scotland,Scotland,2.0,FT,2025-11-15T19:45:00.000Z,1.08,False,matched
2025-11-15,Turkey,Bulgaria,2,0,FIFA World Cup qualification,Bursa,Turkey,False,home_win,2,4689348.0,20251116,896537.0,World Cup Qualification UEFA 1st Round Grp. E,Turkiye,Turkiye,2.0,Bulgaria,Bulgaria,0.0,FT,2025-11-15T17:00:00.000Z,1.08,False,matched
2025-11-15,Georgia,Spain,0,4,FIFA World Cup qualification,Tbilisi,Georgia,False,away_win,-4,4689347.0,20251116,896537.0,World Cup Qualification UEFA 1st Round Grp. E,Georgia,Georgia,0.0,Spain,Spain,4.0,FT,2025-11-15T17:00:00.000Z,1.08,False,matched
2025-11-15,Cyprus,Austria,0,2,FIFA World Cup qualification,Limassol,Cyprus,False,away_win,-2,4689313.0,20251116,896540.0,World Cup Qualification UEFA 1st Round Grp. H,Cyprus,Cyprus,0.0,Austria,Austria,2.0,FT,2025-11-15T17:00:00.000Z,1.08,False,matched
2025-11-15,Bosnia and Herzegovina,Romania,3,1,FIFA World Cup qualification,Zenica,Bosnia and Herzegovina,False,home_win,2,4689314.0,20251116,896540.0,World Cup Qualification UEFA 1st Round Grp. H,Bosnia and Herzegovina,Bosnia and Herzegovina,3.0,Romania,Romania,1.0,FT,2025-11-15T19:45:00.000Z,1.08,False,matched
2025-11-15,Kazakhstan,Belgium,1,1,FIFA World Cup qualification,Astana,Kazakhstan,False,draw,0,4689450.0,20251115,896542.0,World Cup Qualification UEFA 1st Round Grp. J,Kazakhstan,Kazakhstan,1.0,Belgium,Belgium,1.0,FT,2025-11-15T14:00:00.000Z,1.08,False,matched
2025-11-16,Nigeria,DR Congo,1,1,FIFA World Cup qualification,Rabat,Morocco,True,draw,0,5013628.0,20251117,900008.0,World Cup Qualification CAF Final Stage,Nigeria,Nigeria,1.0,DR Congo,DR Congo,1.0,Pen,2025-11-16T19:00:00.000Z,1.08,False,matched
2025-11-16,Azerbaijan,France,1,3,FIFA World Cup qualification,Baku,Azerbaijan,False,away_win,-2,4689337.0,20251117,896536.0,World Cup Qualification UEFA 1st Round Grp. D,Azerbaijan,Azerbaijan,1.0,France,France,3.0,FT,2025-11-16T17:00:00.000Z,1.08,False,matched
2025-11-16,Portugal,Armenia,9,1,FIFA World Cup qualification,Porto,Portugal,False,home_win,8,4689362.0,20251116,896538.0,World Cup Qualification UEFA 1st Round Grp. F,Portugal,Portugal,9.0,Armenia,Armenia,1.0,FT,2025-11-16T14:00:00.000Z,1.08,False,matched
2025-11-16,Italy,Norway,1,4,FIFA World Cup qualification,Milan,Italy,False,away_win,-3,4689494.0,20251117,896541.0,World Cup Qualification UEFA 1st Round Grp. I,Italy,Italy,1.0,Norway,Norway,4.0,FT,2025-11-16T19:45:00.000Z,1.08,False,matched
2025-11-16,Albania,England,0,2,FIFA World Cup qualification,Tirana,Albania,False,away_win,-2,4689417.0,20251117,896543.0,World Cup Qualification UEFA 1st Round Grp. K,Albania,Albania,0.0,England,England,2.0,FT,2025-11-16T17:00:00.000Z,1.08,False,matched
2025-11-17,Qatar,Zimbabwe,1,2,Friendly,Al Rayyan,Qatar,False,away_win,-1,5061366.0,20251118,896519.0,Friendlies,Qatar,Qatar,1.0,Zimbabwe,Zimbabwe,2.0,FT,2025-11-17T16:30:00.000Z,1.08,False,matched
2025-11-17,Germany,Slovakia,6,0,FIFA World Cup qualification,Leipzig,Germany,False,home_win,6,4689260.0,20251118,896533.0,World Cup Qualification UEFA 1st Round Grp. A,Germany,Germany,6.0,Slovakia,Slovakia,0.0,FT,2025-11-17T19:45:00.000Z,1.08,False,matched
2025-11-17,Netherlands,Lithuania,4,0,FIFA World Cup qualification,Amsterdam,Netherlands,False,home_win,4,4689280.0,20251118,896539.0,World Cup Qualification UEFA 1st Round Grp. G,Netherlands,Netherlands,4.0,Lithuania,Lithuania,0.0,FT,2025-11-17T19:45:00.000Z,1.08,False,matched
2025-11-17,Czech Republic,Gibraltar,6,0,FIFA World Cup qualification,Olomouc,Czech Republic,False,home_win,6,4689381.0,20251118,896544.0,World Cup Qualification UEFA 1st Round Grp. L,Czechia,Czechia,6.0,Gibraltar,Gibraltar,0.0,FT,2025-11-17T19:45:00.000Z,1.08,False,matched
2025-11-17,Montenegro,Croatia,2,3,FIFA World Cup qualification,Podgorica,Montenegro,False,away_win,-1,4689382.0,20251118,896544.0,World Cup Qualification UEFA 1st Round Grp. L,Montenegro,Montenegro,2.0,Croatia,Croatia,3.0,FT,2025-11-17T19:45:00.000Z,1.08,False,matched
2025-11-17,Cape Verde,Egypt,1,1,Al Ain International Cup,Al Ain,United Arab Emirates,True,draw,0,5060482.0,20251118,896519.0,Friendlies,Egypt,Egypt,1.0,Cape Verde,Cape Verde,1.0,Pen,2025-11-17T16:00:00.000Z,1.08,True,matched
2025-11-18,Morocco,Uganda,4,0,Friendly,Tangier,Morocco,False,home_win,4,5050858.0,20251119,896519.0,Friendlies,Morocco,Morocco,4.0,Uganda,Uganda,0.0,FT,2025-11-18T19:00:00.000Z,1.08,False,matched
2025-11-18,Oman,Ivory Coast,0,2,Friendly,Seeb,Oman,False,away_win,-2,5050779.0,20251119,896519.0,Friendlies,Oman,Oman,0.0,Ivory Coast,Ivory Coast,2.0,FT,2025-11-18T15:00:00.000Z,1.08,False,matched
2025-11-18,Saudi Arabia,Algeria,0,2,Friendly,Jeddah,Saudi Arabia,False,away_win,-2,5050656.0,20251119,896519.0,Friendlies,Saudi Arabia,Saudi Arabia,0.0,Algeria,Algeria,2.0,FT,2025-11-18T16:30:00.000Z,1.08,False,matched
2025-11-18,Kenya,Senegal,0,8,Friendly,Antalya,Turkey,True,away_win,-8,5050844.0,20251119,896519.0,Friendlies,Kenya,Kenya,0.0,Senegal,Senegal,8.0,FT,2025-11-18T15:00:00.000Z,1.08,False,matched
2025-11-18,Japan,Bolivia,3,0,Kirin Cup,Tokyo,Japan,False,home_win,3,5031705.0,20251118,896519.0,Friendlies,Japan,Japan,3.0,Bolivia,Bolivia,0.0,FT,2025-11-18T10:15:00.000Z,1.08,False,matched
2025-11-18,Mali,Jordan,3,2,Friendly,Radès,Tunisia,True,home_win,1,,,,,,,,,,,,,,,not_matched
2025-11-18,Brazil,Tunisia,1,1,Friendly,Lille,France,True,draw,0,5017004.0,20251119,896519.0,Friendlies,Brazil,Brazil,1.0,Tunisia,Tunisia,1.0,FT,2025-11-18T19:30:00.000Z,1.08,False,matched
2025-11-18,Canada,Venezuela,2,0,Friendly,Fort Lauderdale,United States,True,home_win,2,5009313.0,20251119,896519.0,Friendlies,Venezuela,Venezuela,0.0,Canada,Canada,2.0,FT,2025-11-19T01:30:00.000Z,1.08,True,matched
2025-11-18,Colombia,Australia,3,0,Friendly,New York,United States,True,home_win,3,5031708.0,20251119,896519.0,Friendlies,Colombia,Colombia,3.0,Australia,Australia,0.0,FT,2025-11-19T01:30:00.000Z,1.08,False,matched
2025-11-18,Ecuador,New Zealand,2,0,Friendly,Harrison,United States,True,home_win,2,5031709.0,20251119,896519.0,Friendlies,Ecuador,Ecuador,2.0,New Zealand,New Zealand,0.0,FT,2025-11-19T01:30:00.000Z,1.08,False,matched
2025-11-18,South Korea,Ghana,1,0,Friendly,Seoul,South Korea,False,home_win,1,5031706.0,20251118,896519.0,Friendlies,South Korea,South Korea,1.0,Ghana,Ghana,0.0,FT,2025-11-18T11:00:00.000Z,1.08,False,matched
2025-11-18,Mexico,Paraguay,1,2,Friendly,San Antonio,United States,True,away_win,-1,5031707.0,20251119,896519.0,Friendlies,Mexico,Mexico,1.0,Paraguay,Paraguay,2.0,FT,2025-11-19T01:30:00.000Z,1.08,False,matched
2025-11-18,United States,Uruguay,5,1,Friendly,Tampa,United States,False,home_win,4,4959855.0,20251119,896519.0,Friendlies,USA,USA,5.0,Uruguay,Uruguay,1.0,FT,2025-11-19T00:00:00.000Z,1.08,False,matched
2025-11-18,Iraq,United Arab Emirates,2,1,FIFA World Cup qualification,Basra,Iraq,False,home_win,1,,,,,,,,,,,,,,,not_matched
2025-11-18,Kosovo,Switzerland,1,1,FIFA World Cup qualification,Pristina,Kosovo,False,draw,0,4689291.0,20251119,896534.0,World Cup Qualification UEFA 1st Round Grp. B,Kosovo,Kosovo,1.0,Switzerland,Switzerland,1.0,FT,2025-11-18T19:45:00.000Z,1.08,False,matched
2025-11-18,Sweden,Slovenia,1,1,FIFA World Cup qualification,Solna,Sweden,False,draw,0,4689292.0,20251119,896534.0,World Cup Qualification UEFA 1st Round Grp. B,Sweden,Sweden,1.0,Slovenia,Slovenia,1.0,FT,2025-11-18T19:45:00.000Z,1.08,False,matched
2025-11-18,Scotland,Denmark,4,2,FIFA World Cup qualification,Glasgow,Scotland,False,home_win,2,4689324.0,20251119,896535.0,World Cup Qualification UEFA 1st Round Grp. C,Scotland,Scotland,4.0,Denmark,Denmark,2.0,FT,2025-11-18T19:45:00.000Z,1.08,False,matched
2025-11-18,Spain,Turkey,2,2,FIFA World Cup qualification,Seville,Spain,False,draw,0,4689350.0,20251119,896537.0,World Cup Qualification UEFA 1st Round Grp. E,Spain,Spain,2.0,Turkiye,Turkiye,2.0,FT,2025-11-18T19:45:00.000Z,1.08,False,matched
2025-11-18,Austria,Bosnia and Herzegovina,1,1,FIFA World Cup qualification,Vienna,Austria,False,draw,0,4689315.0,20251119,896540.0,World Cup Qualification UEFA 1st Round Grp. H,Austria,Austria,1.0,Bosnia and Herzegovina,Bosnia and Herzegovina,1.0,FT,2025-11-18T19:45:00.000Z,1.08,False,matched
2025-11-18,Belgium,Liechtenstein,7,0,FIFA World Cup qualification,Liège,Belgium,False,home_win,7,4689452.0,20251119,896542.0,World Cup Qualification UEFA 1st Round Grp. J,Belgium,Belgium,7.0,Liechtenstein,Liechtenstein,0.0,FT,2025-11-18T19:45:00.000Z,1.08,False,matched
2025-11-18,Iran,Uzbekistan,0,0,Al Ain International Cup,Al Ain,United Arab Emirates,True,draw,0,5060481.0,20251119,896519.0,Friendlies,Uzbekistan,Uzbekistan,0.0,Iran,Iran,0.0,Pen,2025-11-18T16:00:00.000Z,1.08,True,matched
2025-11-18,Panama,El Salvador,3,0,FIFA World Cup qualification,Panama City,Panama,False,home_win,3,4822532.0,20251119,900009.0,World Cup Qualification CONCACAF 3rd Round Grp. A,Panama,Panama,3.0,El Salvador,El Salvador,0.0,FT,2025-11-19T01:00:00.000Z,1.08,False,matched
2025-11-18,Jamaica,Curaçao,0,0,FIFA World Cup qualification,Kingston,Jamaica,False,draw,0,4822544.0,20251119,900010.0,World Cup Qualification CONCACAF 3rd Round Grp. B,Jamaica,Jamaica,0.0,Curacao,Curacao,0.0,FT,2025-11-19T01:00:00.000Z,1.08,False,matched
2025-11-18,Haiti,Nicaragua,2,0,FIFA World Cup qualification,Willemstad,Curaçao,True,home_win,2,4822558.0,20251119,900011.0,World Cup Qualification CONCACAF 3rd Round Grp. C,Haiti,Haiti,2.0,Nicaragua,Nicaragua,0.0,FT,2025-11-19T01:00:00.000Z,1.08,False,matched
2025-12-01,Tunisia,Syria,0,1,Arab Cup,Al Rayyan,Qatar,True,away_win,-1,1000005154.0,20251201,1000001149.0,Arab Cup 1 A,Tunisia,Tunisia,0.0,Syria,Syria,1.0,FT,2025-12-01T13:00:00.000Z,1.08,False,matched
2025-12-01,Qatar,Palestine,0,1,Arab Cup,Al Khor,Qatar,False,away_win,-1,1000005159.0,20251202,1000001149.0,Arab Cup 1 A,Qatar,Qatar,0.0,Palestine,Palestine,1.0,FT,2025-12-01T15:45:00.000Z,1.08,False,matched
2025-12-02,Morocco,Comoros,3,1,Arab Cup,Al Rayyan,Qatar,True,home_win,2,5075536.0,20251202,1000001149.0,Arab Cup 1 B,Morocco,Morocco,3.0,Comoros,Comoros,1.0,FT,2025-12-02T12:00:00.000Z,1.08,False,matched
2025-12-02,Saudi Arabia,Oman,2,1,Arab Cup,Al Rayyan,Qatar,True,home_win,1,1000005166.0,20251203,1000001149.0,Arab Cup 1 B,Saudi Arabia,Saudi Arabia,2.0,Oman,Oman,1.0,FT,2025-12-02T17:00:00.000Z,1.08,False,matched
2025-12-02,Egypt,Kuwait,1,1,Arab Cup,Lusail,Qatar,True,draw,0,1000005156.0,20251202,1000001149.0,Arab Cup 1 C,Egypt,Egypt,1.0,Kuwait,Kuwait,1.0,FT,2025-12-02T14:30:00.000Z,1.08,False,matched
2025-12-03,Jordan,United Arab Emirates,2,1,Arab Cup,Al Khor,Qatar,True,home_win,1,,,,,,,,,,,,,,,not_matched
2025-12-03,Algeria,Sudan,0,0,Arab Cup,Al Rayyan,Qatar,True,draw,0,5075547.0,20251203,1000001149.0,Arab Cup 1 D,Algeria,Algeria,0.0,Sudan,Sudan,0.0,FT,2025-12-03T12:00:00.000Z,1.08,False,matched
2025-12-03,Iraq,Bahrain,2,1,Arab Cup,Doha,Qatar,True,home_win,1,1000005165.0,20251203,1000001149.0,Arab Cup 1 D,Iraq,Iraq,2.0,Bahrain,Bahrain,1.0,FT,2025-12-03T14:30:00.000Z,1.08,False,matched
2025-12-04,Palestine,Tunisia,2,2,Arab Cup,Lusail,Qatar,True,draw,0,1000005155.0,20251204,1000001149.0,Arab Cup A,Palestine,Palestine,2.0,Tunisia,Tunisia,2.0,FT,2025-12-04T14:30:00.000Z,1.08,False,matched
2025-12-04,Qatar,Syria,1,1,Arab Cup,Al Rayyan,Qatar,False,draw,0,1000005157.0,20251205,1000001149.0,Arab Cup A,Syria,Syria,1.0,Qatar,Qatar,1.0,FT,2025-12-04T17:00:00.000Z,1.08,True,matched
2025-12-05,Oman,Morocco,0,0,Arab Cup,Al Rayyan,Qatar,True,draw,0,1000005164.0,20251205,1000001149.0,Arab Cup B,Oman,Oman,0.0,Morocco,Morocco,0.0,FT,2025-12-05T14:30:00.000Z,1.08,False,matched
2025-12-05,Comoros,Saudi Arabia,1,3,Arab Cup,Al Khor,Qatar,True,away_win,-2,5075539.0,20251206,1000001149.0,Arab Cup B,Comoros,Comoros,1.0,Saudi Arabia,Saudi Arabia,3.0,FT,2025-12-05T18:30:00.000Z,1.08,False,matched
2025-12-06,Kuwait,Jordan,1,3,Arab Cup,Al Rayyan,Qatar,True,away_win,-2,1000005160.0,20251206,1000001149.0,Arab Cup C,Kuwait,Kuwait,1.0,Jordan,Jordan,3.0,FT,2025-12-06T11:00:00.000Z,1.08,False,matched
2025-12-06,United Arab Emirates,Egypt,1,1,Arab Cup,Lusail,Qatar,True,draw,0,,,,,,,,,,,,,,,not_matched
2025-12-06,Bahrain,Algeria,1,5,Arab Cup,Al Rayyan,Qatar,True,away_win,-4,1000005167.0,20251206,1000001149.0,Arab Cup D,Bahrain,Bahrain,1.0,Algeria,Algeria,5.0,FT,2025-12-06T13:30:00.000Z,1.08,False,matched
2025-12-06,Sudan,Iraq,0,2,Arab Cup,Doha,Qatar,True,away_win,-2,5075550.0,20251207,1000001149.0,Arab Cup D,Sudan,Sudan,0.0,Iraq,Iraq,2.0,FT,2025-12-06T16:00:00.000Z,1.08,False,matched
2025-12-07,Qatar,Tunisia,0,3,Arab Cup,Al Khor,Qatar,False,away_win,-3,1000004646.0,20251208,1000001149.0,Arab Cup A,Qatar,Qatar,0.0,Tunisia,Tunisia,3.0,FT,2025-12-07T17:00:00.000Z,1.08,False,matched
2025-12-08,Morocco,Saudi Arabia,1,0,Arab Cup,Lusail,Qatar,True,home_win,1,1000004647.0,20251209,1000001149.0,Arab Cup B,Morocco,Morocco,1.0,Saudi Arabia,Saudi Arabia,0.0,FT,2025-12-08T17:00:00.000Z,1.08,False,matched
2025-12-09,Egypt,Jordan,0,3,Arab Cup,Al Khor,Qatar,True,away_win,-3,1000004648.0,20251209,1000001149.0,Arab Cup C,Egypt,Egypt,0.0,Jordan,Jordan,3.0,FT,2025-12-09T14:30:00.000Z,1.08,False,matched
2025-12-09,Algeria,Iraq,2,0,Arab Cup,Al Rayyan,Qatar,True,home_win,2,1000004651.0,20251210,1000001149.0,Arab Cup D,Algeria,Algeria,2.0,Iraq,Iraq,0.0,FT,2025-12-09T17:00:00.000Z,1.08,False,matched
2025-12-11,Morocco,Syria,1,0,Arab Cup,Al Rayyan,Qatar,True,home_win,1,5075563.0,20251211,1000001150.0,Arab Cup Quarter-finals,Morocco,Morocco,1.0,Syria,Syria,0.0,FT,2025-12-11T14:30:00.000Z,1.08,False,matched
2025-12-11,Palestine,Saudi Arabia,1,2,Arab Cup,Lusail,Qatar,True,away_win,-1,5075564.0,20251212,1000001150.0,Arab Cup Quarter-finals,Palestine,Palestine,1.0,Saudi Arabia,Saudi Arabia,2.0,FT,2025-12-11T17:30:00.000Z,1.08,False,matched
2025-12-12,Jordan,Iraq,1,0,Arab Cup,Al Rayyan,Qatar,True,home_win,1,5075565.0,20251212,1000001150.0,Arab Cup Quarter-finals,Jordan,Jordan,1.0,Iraq,Iraq,0.0,FT,2025-12-12T14:30:00.000Z,1.08,False,matched
2025-12-12,Algeria,United Arab Emirates,1,1,Arab Cup,Al Khor,Qatar,True,draw,0,,,,,,,,,,,,,,,not_matched
2025-12-15,Morocco,United Arab Emirates,3,0,Arab Cup,Al Rayyan,Qatar,True,home_win,3,,,,,,,,,,,,,,,not_matched
2025-12-15,Saudi Arabia,Jordan,0,1,Arab Cup,Al Khor,Qatar,True,away_win,-1,1000005340.0,20251216,1000001151.0,Arab Cup Semi-finals,Saudi Arabia,Saudi Arabia,0.0,Jordan,Jordan,1.0,FT,2025-12-15T17:30:00.000Z,1.08,False,matched
2025-12-18,Jordan,Morocco,2,3,Arab Cup,Lusail,Qatar,True,away_win,-1,1000005354.0,20251219,1000001148.0,Arab Cup Final,Jordan,Jordan,2.0,Morocco,Morocco,3.0,FT,2025-12-18T16:00:00.000Z,1.08,False,matched
2025-12-21,Morocco,Comoros,2,0,African Cup of Nations,Rabat,Morocco,False,home_win,2,4721983.0,20251222,895039.0,Africa Cup of Nations Grp. A,Morocco,Morocco,2.0,Comoros,Comoros,0.0,FT,2025-12-21T19:00:00.000Z,1.08,False,matched
2025-12-22,South Africa,Angola,2,1,African Cup of Nations,Marrakesh,Morocco,True,home_win,1,4721990.0,20251223,895040.0,Africa Cup of Nations Grp. B,South Africa,South Africa,2.0,Angola,Angola,1.0,FT,2025-12-22T17:00:00.000Z,1.08,False,matched
2025-12-22,Egypt,Zimbabwe,2,1,African Cup of Nations,Agadir,Morocco,True,home_win,1,4721989.0,20251223,895040.0,Africa Cup of Nations Grp. B,Egypt,Egypt,2.0,Zimbabwe,Zimbabwe,1.0,FT,2025-12-22T20:00:00.000Z,1.08,False,matched
2025-12-23,Tunisia,Uganda,3,1,African Cup of Nations,Rabat,Morocco,True,home_win,2,4721996.0,20251224,895041.0,Africa Cup of Nations Grp. C,Tunisia,Tunisia,3.0,Uganda,Uganda,1.0,FT,2025-12-23T20:00:00.000Z,1.08,False,matched
2025-12-23,DR Congo,Benin,1,0,African Cup of Nations,Rabat,Morocco,True,home_win,1,4722002.0,20251223,895042.0,Africa Cup of Nations Grp. D,DR Congo,DR Congo,1.0,Benin,Benin,0.0,FT,2025-12-23T12:30:00.000Z,1.08,False,matched
2025-12-23,Senegal,Botswana,3,0,African Cup of Nations,Tangier,Morocco,True,home_win,3,4722001.0,20251224,895042.0,Africa Cup of Nations Grp. D,Senegal,Senegal,3.0,Botswana,Botswana,0.0,FT,2025-12-23T15:00:00.000Z,1.08,False,matched
2025-12-24,Algeria,Sudan,3,0,African Cup of Nations,Rabat,Morocco,True,home_win,3,4722007.0,20251225,895043.0,Africa Cup of Nations Grp. E,Algeria,Algeria,3.0,Sudan,Sudan,0.0,FT,2025-12-24T15:00:00.000Z,1.08,False,matched
2025-12-24,Ivory Coast,Mozambique,1,0,African Cup of Nations,Marrakesh,Morocco,True,home_win,1,4722013.0,20251225,895044.0,Africa Cup of Nations Grp. F,Ivory Coast,Ivory Coast,1.0,Mozambique,Mozambique,0.0,FT,2025-12-24T17:30:00.000Z,1.08,False,matched
2025-12-26,Morocco,Mali,1,1,African Cup of Nations,Rabat,Morocco,False,draw,0,4721985.0,20251227,895039.0,Africa Cup of Nations Grp. A,Morocco,Morocco,1.0,Mali,Mali,1.0,FT,2025-12-26T20:00:00.000Z,1.08,False,matched
2025-12-26,Egypt,South Africa,1,0,African Cup of Nations,Agadir,Morocco,True,home_win,1,4721991.0,20251227,895040.0,Africa Cup of Nations Grp. B,Egypt,Egypt,1.0,South Africa,South Africa,0.0,FT,2025-12-26T15:00:00.000Z,1.08,False,matched
2025-12-27,Nigeria,Tunisia,3,2,African Cup of Nations,Fez,Morocco,True,home_win,1,4721997.0,20251228,895041.0,Africa Cup of Nations Grp. C,Nigeria,Nigeria,3.0,Tunisia,Tunisia,2.0,FT,2025-12-27T20:00:00.000Z,1.08,False,matched
2025-12-27,Senegal,DR Congo,1,1,African Cup of Nations,Tangier,Morocco,True,draw,0,4722003.0,20251228,895042.0,Africa Cup of Nations Grp. D,Senegal,Senegal,1.0,DR Congo,DR Congo,1.0,FT,2025-12-27T15:00:00.000Z,1.08,False,matched
2025-12-28,Algeria,Burkina Faso,1,0,African Cup of Nations,Rabat,Morocco,True,home_win,1,4722009.0,20251229,895043.0,Africa Cup of Nations Grp. E,Algeria,Algeria,1.0,Burkina Faso,Burkina Faso,0.0,FT,2025-12-28T17:30:00.000Z,1.08,False,matched
2025-12-28,Ivory Coast,Cameroon,1,1,African Cup of Nations,Marrakesh,Morocco,True,draw,0,4722015.0,20251229,895044.0,Africa Cup of Nations Grp. F,Ivory Coast,Ivory Coast,1.0,Cameroon,Cameroon,1.0,FT,2025-12-28T20:00:00.000Z,1.08,False,matched
2025-12-29,Morocco,Zambia,3,0,African Cup of Nations,Rabat,Morocco,False,home_win,3,4721987.0,20251230,895039.0,Africa Cup of Nations Grp. A,Zambia,Zambia,0.0,Morocco,Morocco,3.0,FT,2025-12-29T19:00:00.000Z,1.08,True,matched
2025-12-29,Angola,Egypt,0,0,African Cup of Nations,Agadir,Morocco,True,draw,0,4721993.0,20251230,895040.0,Africa Cup of Nations Grp. B,Angola,Angola,0.0,Egypt,Egypt,0.0,FT,2025-12-29T16:00:00.000Z,1.08,False,matched
2025-12-29,Zimbabwe,South Africa,2,3,African Cup of Nations,Marrakesh,Morocco,True,away_win,-1,4721994.0,20251230,895040.0,Africa Cup of Nations Grp. B,Zimbabwe,Zimbabwe,2.0,South Africa,South Africa,3.0,FT,2025-12-29T16:00:00.000Z,1.08,False,matched
2025-12-30,Tanzania,Tunisia,1,1,African Cup of Nations,Rabat,Morocco,True,draw,0,4722000.0,20251231,895041.0,Africa Cup of Nations Grp. C,Tanzania,Tanzania,1.0,Tunisia,Tunisia,1.0,FT,2025-12-30T16:00:00.000Z,1.08,False,matched
2025-12-30,Benin,Senegal,0,3,African Cup of Nations,Tangier,Morocco,True,away_win,-3,4722005.0,20251231,895042.0,Africa Cup of Nations Grp. D,Benin,Benin,0.0,Senegal,Senegal,3.0,FT,2025-12-30T19:00:00.000Z,1.08,False,matched
2025-12-30,Botswana,DR Congo,0,3,African Cup of Nations,Rabat,Morocco,True,away_win,-3,4722006.0,20251231,895042.0,Africa Cup of Nations Grp. D,Botswana,Botswana,0.0,DR Congo,DR Congo,3.0,FT,2025-12-30T19:00:00.000Z,1.08,False,matched
2025-12-31,Equatorial Guinea,Algeria,1,3,African Cup of Nations,Rabat,Morocco,True,away_win,-2,4722011.0,20260101,895043.0,Africa Cup of Nations Grp. E,Equatorial Guinea,Equatorial Guinea,1.0,Algeria,Algeria,3.0,FT,2025-12-31T16:00:00.000Z,1.08,False,matched
2025-12-31,Gabon,Ivory Coast,2,3,African Cup of Nations,Marrakesh,Morocco,True,away_win,-1,4722017.0,20260101,895044.0,Africa Cup of Nations Grp. F,Gabon,Gabon,2.0,Ivory Coast,Ivory Coast,3.0,FT,2025-12-31T19:00:00.000Z,1.08,False,matched
2026-01-03,Senegal,Sudan,3,1,African Cup of Nations,Tangier,Morocco,True,home_win,2,5073456.0,20260104,895045.0,Africa Cup of Nations Final Stage,Senegal,Senegal,3.0,Sudan,Sudan,1.0,FT,2026-01-03T16:00:00.000Z,1.08,False,matched
2026-01-03,Mali,Tunisia,1,1,African Cup of Nations,Casablanca,Morocco,True,draw,0,5073457.0,20260104,895045.0,Africa Cup of Nations Final Stage,Mali,Mali,1.0,Tunisia,Tunisia,1.0,Pen,2026-01-03T19:00:00.000Z,1.08,False,matched
2026-01-04,Morocco,Tanzania,1,0,African Cup of Nations,Rabat,Morocco,False,home_win,1,5073458.0,20260105,895045.0,Africa Cup of Nations Final Stage,Morocco,Morocco,1.0,Tanzania,Tanzania,0.0,FT,2026-01-04T16:00:00.000Z,1.08,False,matched
2026-01-04,South Africa,Cameroon,1,2,African Cup of Nations,Rabat,Morocco,True,away_win,-1,5073459.0,20260105,895045.0,Africa Cup of Nations Final Stage,South Africa,South Africa,1.0,Cameroon,Cameroon,2.0,FT,2026-01-04T19:00:00.000Z,1.08,False,matched
2026-01-05,Egypt,Benin,3,1,African Cup of Nations,Agadir,Morocco,True,home_win,2,5073460.0,20260106,895045.0,Africa Cup of Nations Final Stage,Egypt,Egypt,3.0,Benin,Benin,1.0,AET,2026-01-05T16:00:00.000Z,1.08,False,matched
2026-01-06,Algeria,DR Congo,1,0,African Cup of Nations,Rabat,Morocco,True,home_win,1,5073462.0,20260107,895045.0,Africa Cup of Nations Final Stage,Algeria,Algeria,1.0,DR Congo,DR Congo,0.0,AET,2026-01-06T16:00:00.000Z,1.08,False,matched
2026-01-06,Ivory Coast,Burkina Faso,3,0,African Cup of Nations,Marrakesh,Morocco,True,home_win,3,5073463.0,20260107,895045.0,Africa Cup of Nations Final Stage,Ivory Coast,Ivory Coast,3.0,Burkina Faso,Burkina Faso,0.0,FT,2026-01-06T19:00:00.000Z,1.08,False,matched
2026-01-09,Mali,Senegal,0,1,African Cup of Nations,Tangier,Morocco,True,away_win,-1,5073471.0,20260110,895045.0,Africa Cup of Nations Final Stage,Mali,Mali,0.0,Senegal,Senegal,1.0,FT,2026-01-09T16:00:00.000Z,1.08,False,matched
2026-01-09,Morocco,Cameroon,2,0,African Cup of Nations,Rabat,Morocco,False,home_win,2,5073472.0,20260110,895045.0,Africa Cup of Nations Final Stage,Cameroon,Cameroon,0.0,Morocco,Morocco,2.0,FT,2026-01-09T19:00:00.000Z,1.08,True,matched
2026-01-10,Algeria,Nigeria,0,2,African Cup of Nations,Marrakesh,Morocco,True,away_win,-2,5073473.0,20260111,895045.0,Africa Cup of Nations Final Stage,Algeria,Algeria,0.0,Nigeria,Nigeria,2.0,FT,2026-01-10T16:00:00.000Z,1.08,False,matched
2026-01-10,Egypt,Ivory Coast,3,2,African Cup of Nations,Agadir,Morocco,True,home_win,1,5073474.0,20260111,895045.0,Africa Cup of Nations Final Stage,Egypt,Egypt,3.0,Ivory Coast,Ivory Coast,2.0,FT,2026-01-10T19:00:00.000Z,1.08,False,matched
2026-01-14,Senegal,Egypt,1,0,African Cup of Nations,Tangier,Morocco,True,home_win,1,5073475.0,20260115,895045.0,Africa Cup of Nations Final Stage,Senegal,Senegal,1.0,Egypt,Egypt,0.0,FT,2026-01-14T17:00:00.000Z,1.08,False,matched
2026-01-14,Morocco,Nigeria,0,0,African Cup of Nations,Rabat,Morocco,False,draw,0,5073476.0,20260115,895045.0,Africa Cup of Nations Final Stage,Nigeria,Nigeria,0.0,Morocco,Morocco,0.0,Pen,2026-01-14T20:00:00.000Z,1.08,True,matched
2026-01-17,Egypt,Nigeria,0,0,African Cup of Nations,Casablanca,Morocco,True,draw,0,5073477.0,20260118,895045.0,Africa Cup of Nations Final Stage,Egypt,Egypt,0.0,Nigeria,Nigeria,0.0,Pen,2026-01-17T16:00:00.000Z,1.08,False,matched
2026-01-18,Morocco,Senegal,3,0,African Cup of Nations,Rabat,Morocco,False,home_win,3,,,,,,,,,,,,,,,not_matched
2026-01-18,Bolivia,Panama,1,1,Friendly,Tarija,Bolivia,False,draw,0,5120890.0,20260119,914609.0,Friendlies,Bolivia,Bolivia,1.0,Panama,Panama,1.0,FT,2026-01-18T21:00:00.000Z,1.08,False,matched
2026-01-22,Panama,Mexico,0,1,Friendly,Panama City,Panama,False,away_win,-1,5102655.0,20260123,914609.0,Friendlies,Mexico,Mexico,1.0,Panama,Panama,0.0,FT,2026-01-23T01:00:00.000Z,1.08,True,matched
2026-01-25,Bolivia,Mexico,0,1,Friendly,Santa Cruz,Bolivia,False,away_win,-1,5102656.0,20260126,914609.0,Friendlies,Mexico,Mexico,1.0,Bolivia,Bolivia,0.0,FT,2026-01-25T19:30:00.000Z,1.08,True,matched
2026-01-26,Uzbekistan,China,2,2,Friendly,Dubai,United Arab Emirates,True,draw,0,,,,,,,,,,,,,,,not_matched
2026-02-25,Mexico,Iceland,4,0,Friendly,Querétaro,Mexico,False,home_win,4,5159787.0,20260226,914609.0,Friendlies,Mexico,Mexico,4.0,Iceland,Iceland,0.0,FT,2026-02-26T02:00:00.000Z,1.08,False,matched
2026-03-25,Bermuda,DR Congo,0,2,Friendly,Zapopan,Mexico,True,away_win,-2,5272311.0,20260326,914609.0,Friendlies,DR Congo,DR Congo,2.0,Bermuda,Bermuda,0.0,FT,2026-03-25T21:00:00.000Z,1.08,True,matched
2026-03-26,Brazil,France,1,2,Friendly,Foxborough,United States,True,away_win,-1,5089476.0,20260327,914609.0,Friendlies,Brazil,Brazil,1.0,France,France,2.0,FT,2026-03-26T20:00:00.000Z,1.08,False,matched
2026-03-26,Colombia,Croatia,1,2,Friendly,Orlando,United States,True,away_win,-1,5147840.0,20260327,914609.0,Friendlies,Colombia,Colombia,1.0,Croatia,Croatia,2.0,FT,2026-03-26T23:30:00.000Z,1.08,False,matched
2026-03-26,Wales,Bosnia and Herzegovina,1,1,FIFA World Cup qualification,Cardiff,Wales,False,draw,0,5067291.0,20260327,913098.0,World Cup Qualification UEFA 2nd Round,Wales,Wales,1.0,Bosnia and Herzegovina,Bosnia and Herzegovina,1.0,Pen,2026-03-26T19:45:00.000Z,1.08,False,matched
2026-03-26,Ukraine,Sweden,1,3,FIFA World Cup qualification,Valencia,Spain,True,away_win,-2,5067288.0,20260327,913098.0,World Cup Qualification UEFA 2nd Round,Ukraine,Ukraine,1.0,Sweden,Sweden,3.0,FT,2026-03-26T19:45:00.000Z,1.08,False,matched
2026-03-26,Turkey,Romania,1,0,FIFA World Cup qualification,Istanbul,Turkey,False,home_win,1,5067289.0,20260327,913098.0,World Cup Qualification UEFA 2nd Round,Turkiye,Turkiye,1.0,Romania,Romania,0.0,FT,2026-03-26T17:00:00.000Z,1.08,False,matched
2026-03-26,Czech Republic,Republic of Ireland,2,2,FIFA World Cup qualification,Prague,Czech Republic,False,draw,0,5067294.0,20260327,913098.0,World Cup Qualification UEFA 2nd Round,Czechia,Czechia,2.0,Ireland,Ireland,2.0,Pen,2026-03-26T19:45:00.000Z,1.04,False,matched
2026-03-27,Algeria,Guatemala,7,0,Friendly,Genoa,Italy,True,home_win,7,5250866.0,20260328,914609.0,Friendlies,Algeria,Algeria,7.0,Guatemala,Guatemala,0.0,FT,2026-03-27T19:30:00.000Z,1.08,False,matched
2026-03-27,Argentina,Mauritania,2,1,Friendly,Buenos Aires,Argentina,False,home_win,1,5264689.0,20260328,914609.0,Friendlies,Argentina,Argentina,2.0,Mauritania,Mauritania,1.0,FT,2026-03-27T23:15:00.000Z,1.08,False,matched
2026-03-27,Austria,Ghana,5,1,Friendly,Vienna,Austria,False,home_win,4,5154117.0,20260328,914609.0,Friendlies,Austria,Austria,5.0,Ghana,Ghana,1.0,FT,2026-03-27T17:00:00.000Z,1.08,False,matched
2026-03-27,England,Uruguay,1,1,Friendly,London,England,False,draw,0,5124809.0,20260328,914609.0,Friendlies,England,England,1.0,Uruguay,Uruguay,1.0,FT,2026-03-27T19:45:00.000Z,1.08,False,matched
2026-03-27,Greece,Paraguay,0,1,Friendly,Athens,Greece,False,away_win,-1,5213030.0,20260328,914609.0,Friendlies,Greece,Greece,0.0,Paraguay,Paraguay,1.0,FT,2026-03-27T19:00:00.000Z,1.08,False,matched
2026-03-27,Morocco,Ecuador,1,1,Friendly,Madrid,Spain,True,draw,0,5217275.0,20260328,914609.0,Friendlies,Morocco,Morocco,1.0,Ecuador,Ecuador,1.0,FT,2026-03-27T20:15:00.000Z,1.08,False,matched
2026-03-27,Netherlands,Norway,2,1,Friendly,Amsterdam,Netherlands,False,home_win,1,5110541.0,20260328,914609.0,Friendlies,Netherlands,Netherlands,2.0,Norway,Norway,1.0,FT,2026-03-27T19:45:00.000Z,1.08,False,matched
2026-03-27,Saudi Arabia,Egypt,0,4,Friendly,Jeddah,Saudi Arabia,False,away_win,-4,5267632.0,20260328,914609.0,Friendlies,Saudi Arabia,Saudi Arabia,0.0,Egypt,Egypt,4.0,FT,2026-03-27T17:30:00.000Z,1.08,False,matched
2026-03-27,South Africa,Panama,1,1,Friendly,Durban,South Africa,False,draw,0,5267352.0,20260328,914609.0,Friendlies,South Africa,South Africa,1.0,Panama,Panama,1.0,FT,2026-03-27T17:00:00.000Z,1.08,False,matched
2026-03-27,Spain,Serbia,3,0,Friendly,Villarreal,Spain,False,home_win,3,5249576.0,20260328,914609.0,Friendlies,Spain,Spain,3.0,Serbia,Serbia,0.0,FT,2026-03-27T20:00:00.000Z,1.08,False,matched
2026-03-27,Switzerland,Germany,3,4,Friendly,Basel,Switzerland,False,away_win,-1,5098972.0,20260328,914609.0,Friendlies,Switzerland,Switzerland,3.0,Germany,Germany,4.0,FT,2026-03-27T19:45:00.000Z,1.08,False,matched
2026-03-27,Costa Rica,Jordan,2,2,Friendly,Antalya,Turkey,True,draw,0,5277217.0,20260328,914609.0,Friendlies,Jordan,Jordan,2.0,Costa Rica,Costa Rica,2.0,FT,2026-03-27T17:30:00.000Z,1.08,True,matched
2026-03-27,Iran,Nigeria,1,2,Friendly,Antalya,Turkey,True,away_win,-1,5277213.0,20260327,914609.0,Friendlies,Iran,Iran,1.0,Nigeria,Nigeria,2.0,FT,2026-03-27T12:30:00.000Z,1.08,False,matched
2026-03-27,China,Curaçao,2,0,FIFA Series,Sydney,Australia,True,home_win,2,5187278.0,20260327,914609.0,Friendlies,China,China,2.0,Curacao,Curacao,0.0,FT,2026-03-27T06:00:00.000Z,1.08,False,matched
2026-03-27,Australia,Cameroon,1,0,FIFA Series,Sydney,Australia,False,home_win,1,5187279.0,20260327,914609.0,Friendlies,Australia,Australia,1.0,Cameroon,Cameroon,0.0,FT,2026-03-27T09:10:00.000Z,1.08,False,matched
2026-03-27,Chile,Cape Verde,4,2,FIFA Series,Auckland,New Zealand,True,home_win,2,5187284.0,20260327,914609.0,Friendlies,Chile,Chile,4.0,Cape Verde,Cape Verde,2.0,FT,2026-03-27T03:00:00.000Z,1.08,False,matched
2026-03-27,New Zealand,Finland,0,2,FIFA Series,Auckland,New Zealand,False,away_win,-2,5187285.0,20260327,914609.0,Friendlies,New Zealand,New Zealand,0.0,Finland,Finland,2.0,FT,2026-03-27T06:15:00.000Z,1.08,False,matched
2026-03-27,Uzbekistan,Gabon,3,1,FIFA Series,Tashkent,Uzbekistan,False,home_win,2,5187289.0,20260327,914609.0,Friendlies,Uzbekistan,Uzbekistan,3.0,Gabon,Gabon,1.0,FT,2026-03-27T14:00:00.000Z,1.08,False,matched
2026-03-28,Canada,Iceland,2,2,Friendly,Toronto,Canada,False,draw,0,5159760.0,20260329,914609.0,Friendlies,Canada,Canada,2.0,Iceland,Iceland,2.0,FT,2026-03-28T17:00:00.000Z,1.08,False,matched
2026-03-28,Haiti,Tunisia,0,1,Friendly,Toronto,Canada,True,away_win,-1,5154124.0,20260329,914609.0,Friendlies,Haiti,Haiti,0.0,Tunisia,Tunisia,1.0,FT,2026-03-29T00:00:00.000Z,1.08,False,matched
2026-03-28,Ivory Coast,South Korea,4,0,Friendly,Milton Keynes,England,True,home_win,4,5267317.0,20260328,914609.0,Friendlies,South Korea,South Korea,0.0,Ivory Coast,Ivory Coast,4.0,FT,2026-03-28T14:00:00.000Z,1.08,True,matched
2026-03-28,Mexico,Portugal,0,0,Friendly,Mexico City,Mexico,False,draw,0,5083233.0,20260329,914609.0,Friendlies,Mexico,Mexico,0.0,Portugal,Portugal,0.0,FT,2026-03-29T01:00:00.000Z,1.08,False,matched
2026-03-28,Scotland,Japan,0,1,Friendly,Glasgow,Scotland,False,away_win,-1,5147837.0,20260329,914609.0,Friendlies,Scotland,Scotland,0.0,Japan,Japan,1.0,FT,2026-03-28T17:00:00.000Z,1.08,False,matched
2026-03-28,Senegal,Peru,2,0,Friendly,Paris,France,True,home_win,2,5266832.0,20260329,914609.0,Friendlies,Senegal,Senegal,2.0,Peru,Peru,0.0,FT,2026-03-28T16:00:00.000Z,1.08,False,matched
2026-03-28,United States,Belgium,2,5,Friendly,Atlanta,United States,False,away_win,-3,5124810.0,20260329,914609.0,Friendlies,USA,USA,2.0,Belgium,Belgium,5.0,FT,2026-03-28T19:30:00.000Z,1.08,False,matched
2026-03-29,Colombia,France,1,3,Friendly,Landover,United States,True,away_win,-2,5089478.0,20260330,914609.0,Friendlies,Colombia,Colombia,1.0,France,France,3.0,FT,2026-03-29T19:00:00.000Z,1.08,False,matched
2026-03-30,Germany,Ghana,2,1,Friendly,Stuttgart,Germany,False,home_win,1,5100790.0,20260331,914609.0,Friendlies,Germany,Germany,2.0,Ghana,Ghana,1.0,FT,2026-03-30T18:45:00.000Z,1.08,False,matched
2026-03-30,Cape Verde,Finland,1,1,FIFA Series,Auckland,New Zealand,True,draw,0,5187286.0,20260330,914609.0,Friendlies,Cape Verde,Cape Verde,1.0,Finland,Finland,1.0,Pen,2026-03-30T03:00:00.000Z,1.08,False,matched
2026-03-30,New Zealand,Chile,4,1,FIFA Series,Auckland,New Zealand,False,home_win,3,5187287.0,20260330,914609.0,Friendlies,New Zealand,New Zealand,4.0,Chile,Chile,1.0,FT,2026-03-30T06:15:00.000Z,1.08,False,matched
2026-03-30,Uzbekistan,Venezuela,0,0,FIFA Series,Tashkent,Uzbekistan,False,draw,0,5187291.0,20260330,914609.0,Friendlies,Uzbekistan,Uzbekistan,0.0,Venezuela,Venezuela,0.0,Pen,2026-03-30T14:00:00.000Z,1.08,False,matched
2026-03-31,Algeria,Uruguay,0,0,Friendly,Turin,Italy,True,draw,0,5271629.0,20260401,914609.0,Friendlies,Algeria,Algeria,0.0,Uruguay,Uruguay,0.0,FT,2026-03-31T18:30:00.000Z,1.08,False,matched
2026-03-31,Argentina,Zambia,5,0,Friendly,Buenos Aires,Argentina,False,home_win,5,5266496.0,20260401,914609.0,Friendlies,Argentina,Argentina,5.0,Zambia,Zambia,0.0,FT,2026-03-31T23:30:00.000Z,1.08,False,matched
2026-03-31,Austria,South Korea,1,0,Friendly,Vienna,Austria,False,home_win,1,5154118.0,20260401,914609.0,Friendlies,Austria,Austria,1.0,South Korea,South Korea,0.0,FT,2026-03-31T18:45:00.000Z,1.08,False,matched
2026-03-31,Brazil,Croatia,3,1,Friendly,Orlando,United States,True,home_win,2,5110104.0,20260401,914609.0,Friendlies,Brazil,Brazil,3.0,Croatia,Croatia,1.0,FT,2026-04-01T00:00:00.000Z,1.08,False,matched
2026-03-31,Canada,Tunisia,0,0,Friendly,Toronto,Canada,False,draw,0,5154125.0,20260401,914609.0,Friendlies,Canada,Canada,0.0,Tunisia,Tunisia,0.0,FT,2026-04-01T00:58:00.000Z,1.08,False,matched
2026-03-31,Costa Rica,Iran,0,5,Friendly,Antalya,Turkey,True,away_win,-5,,,,,,,,,,,,,,,not_matched
2026-03-31,England,Japan,0,1,Friendly,London,England,False,away_win,-1,5124812.0,20260401,914609.0,Friendlies,England,England,0.0,Japan,Japan,1.0,FT,2026-03-31T18:45:00.000Z,1.08,False,matched
2026-03-31,Haiti,Iceland,1,1,Friendly,Toronto,Canada,True,draw,0,5159768.0,20260401,914609.0,Friendlies,Haiti,Haiti,1.0,Iceland,Iceland,1.0,FT,2026-03-31T17:30:00.000Z,1.08,False,matched
2026-03-31,Ivory Coast,Scotland,1,0,Friendly,Liverpool,England,True,home_win,1,5156668.0,20260401,914609.0,Friendlies,Ivory Coast,Ivory Coast,1.0,Scotland,Scotland,0.0,FT,2026-03-31T18:30:00.000Z,1.08,False,matched
2026-03-31,Jordan,Nigeria,2,2,Friendly,Antalya,Turkey,True,draw,0,,,,,,,,,,,,,,,not_matched
2026-03-31,Mexico,Belgium,1,1,Friendly,Chicago,United States,True,draw,0,5124813.0,20260401,914609.0,Friendlies,Mexico,Mexico,1.0,Belgium,Belgium,1.0,FT,2026-04-01T01:00:00.000Z,1.08,False,matched
2026-03-31,Morocco,Paraguay,2,1,Friendly,Lens,France,True,home_win,1,5217276.0,20260401,914609.0,Friendlies,Morocco,Morocco,2.0,Paraguay,Paraguay,1.0,FT,2026-03-31T18:00:00.000Z,1.08,False,matched
2026-03-31,Netherlands,Ecuador,1,1,Friendly,Eindhoven,Netherlands,False,draw,0,5110542.0,20260401,914609.0,Friendlies,Netherlands,Netherlands,1.0,Ecuador,Ecuador,1.0,FT,2026-03-31T18:45:00.000Z,1.08,False,matched
2026-03-31,Norway,Switzerland,0,0,Friendly,Oslo,Norway,False,draw,0,5124811.0,20260401,914609.0,Friendlies,Norway,Norway,0.0,Switzerland,Switzerland,0.0,FT,2026-03-31T16:00:00.000Z,1.08,False,matched
2026-03-31,Senegal,Gambia,3,1,Friendly,Diamniadio,Senegal,False,home_win,2,5285787.0,20260401,914609.0,Friendlies,Senegal,Senegal,3.0,Gambia,Gambia,1.0,FT,2026-03-31T19:00:00.000Z,1.08,False,matched
2026-03-31,Serbia,Saudi Arabia,2,1,Friendly,Bačka Topola,Serbia,False,home_win,1,5159765.0,20260401,914609.0,Friendlies,Serbia,Serbia,2.0,Saudi Arabia,Saudi Arabia,1.0,FT,2026-03-31T16:00:00.000Z,1.08,False,matched
2026-03-31,South Africa,Panama,1,2,Friendly,Cape Town,South Africa,False,away_win,-1,5267353.0,20260401,914609.0,Friendlies,South Africa,South Africa,1.0,Panama,Panama,2.0,FT,2026-03-31T17:30:00.000Z,1.08,False,matched
2026-03-31,Spain,Egypt,0,0,Friendly,Barcelona,Spain,False,draw,0,5137675.0,20260401,914609.0,Friendlies,Spain,Spain,0.0,Egypt,Egypt,0.0,FT,2026-03-31T19:00:00.000Z,1.08,False,matched
2026-03-31,United States,Portugal,0,2,Friendly,Atlanta,United States,False,away_win,-2,5083234.0,20260401,914609.0,Friendlies,USA,USA,0.0,Portugal,Portugal,2.0,FT,2026-03-31T23:00:00.000Z,1.08,False,matched
2026-03-31,DR Congo,Jamaica,1,0,FIFA World Cup qualification,Zapopan,Mexico,True,home_win,1,5067218.0,20260401,10201.0,World Cup Qualification Inter-Confederation Playoff,DR Congo,DR Congo,1.0,Jamaica,Jamaica,0.0,AET,2026-03-31T21:00:00.000Z,1.08,False,matched
2026-03-31,Iraq,Bolivia,2,1,FIFA World Cup qualification,Guadalupe,Mexico,True,home_win,1,5067219.0,20260401,10201.0,World Cup Qualification Inter-Confederation Playoff,Iraq,Iraq,2.0,Bolivia,Bolivia,1.0,FT,2026-04-01T03:00:00.000Z,1.08,False,matched
2026-03-31,Bosnia and Herzegovina,Italy,1,1,FIFA World Cup qualification,Zenica,Bosnia and Herzegovina,False,draw,0,5067299.0,20260401,913098.0,World Cup Qualification UEFA 2nd Round,Bosnia and Herzegovina,Bosnia and Herzegovina,1.0,Italy,Italy,1.0,Pen,2026-03-31T18:45:00.000Z,1.08,False,matched
2026-03-31,Sweden,Poland,3,2,FIFA World Cup qualification,Solna,Sweden,False,home_win,1,5067300.0,20260401,913098.0,World Cup Qualification UEFA 2nd Round,Sweden,Sweden,3.0,Poland,Poland,2.0,FT,2026-03-31T18:45:00.000Z,1.08,False,matched
2026-03-31,Kosovo,Turkey,0,1,FIFA World Cup qualification,Pristina,Kosovo,False,away_win,-1,5067301.0,20260401,913098.0,World Cup Qualification UEFA 2nd Round,Kosovo,Kosovo,0.0,Turkiye,Turkiye,1.0,FT,2026-03-31T18:45:00.000Z,1.08,False,matched
2026-03-31,Czech Republic,Denmark,2,2,FIFA World Cup qualification,Prague,Czech Republic,False,draw,0,5067302.0,20260401,913098.0,World Cup Qualification UEFA 2nd Round,Czechia,Czechia,2.0,Denmark,Denmark,2.0,Pen,2026-03-31T18:45:00.000Z,1.08,False,matched
2026-03-31,Australia,Curaçao,5,1,FIFA Series,Melbourne,Australia,False,home_win,4,5187281.0,20260331,914609.0,Friendlies,Australia,Australia,5.0,Curacao,Curacao,1.0,FT,2026-03-31T09:10:00.000Z,1.08,False,matched
2026-05-22,Mexico,Ghana,2,0,Friendly,Puebla,Mexico,False,home_win,2,5217284.0,20260523,914609.0,Friendlies,Mexico,Mexico,2.0,Ghana,Ghana,0.0,FT,2026-05-23T02:00:00.000Z,1.08,False,matched
2026-05-26,Morocco,Burundi,5,0,Friendly,Salé,Morocco,False,home_win,5,,,,,,,,,,,,,,,not_matched
2026-05-28,Republic of Ireland,Qatar,1,0,Friendly,Dublin,Republic of Ireland,False,home_win,1,5213041.0,20260529,914609.0,Friendlies,Ireland,Ireland,1.0,Qatar,Qatar,0.0,FT,2026-05-28T18:45:00.000Z,1.04,False,matched
2026-05-28,Egypt,Russia,1,0,Friendly,Cairo,Egypt,False,home_win,1,5451193.0,20260529,914609.0,Friendlies,Egypt,Egypt,1.0,Russia,Russia,0.0,FT,2026-05-28T18:00:00.000Z,1.08,False,matched
2026-05-29,Andorra,Iraq,0,1,Friendly,Girona,Spain,True,away_win,-1,5628898.0,20260530,914609.0,Friendlies,Iraq,Iraq,1.0,Andorra,Andorra,0.0,FT,2026-05-29T16:00:00.000Z,1.08,True,matched
2026-05-29,Bosnia and Herzegovina,North Macedonia,0,0,Friendly,Sarajevo,Bosnia and Herzegovina,False,draw,0,5648176.0,20260530,914609.0,Friendlies,Bosnia and Herzegovina,Bosnia and Herzegovina,0.0,North Macedonia,North Macedonia,0.0,FT,2026-05-29T18:30:00.000Z,1.08,False,matched
2026-05-29,Iran,Gambia,3,1,Friendly,Aksu,Turkey,True,home_win,2,5628832.0,20260530,914609.0,Friendlies,Iran,Iran,3.0,Gambia,Gambia,1.0,FT,2026-05-29T15:30:00.000Z,1.08,False,matched
2026-05-29,South Africa,Nicaragua,0,0,Friendly,Johannesburg,South Africa,False,draw,0,5628897.0,20260530,914609.0,Friendlies,South Africa,South Africa,0.0,Nicaragua,Nicaragua,0.0,FT,2026-05-29T16:00:00.000Z,1.08,False,matched
2026-05-30,Ecuador,Saudi Arabia,2,1,Friendly,Harrison,United States,True,home_win,1,5628899.0,20260531,914609.0,Friendlies,Ecuador,Ecuador,2.0,Saudi Arabia,Saudi Arabia,1.0,FT,2026-05-31T00:00:00.000Z,1.08,False,matched
2026-05-30,South Korea,Trinidad and Tobago,5,0,Friendly,Provo,United States,True,home_win,5,5628900.0,20260531,914609.0,Friendlies,South Korea,South Korea,5.0,Trinidad and Tobago,Trinidad and Tobago,0.0,FT,2026-05-31T01:00:00.000Z,1.08,False,matched
2026-05-30,Mexico,Australia,1,0,Friendly,Pasadena,United States,True,home_win,1,5217285.0,20260531,914609.0,Friendlies,Mexico,Mexico,1.0,Australia,Australia,0.0,FT,2026-05-31T02:00:00.000Z,1.08,False,matched
2026-05-30,Scotland,Curaçao,4,1,Friendly,Glasgow,Scotland,False,home_win,3,5147838.0,20260530,914609.0,Friendlies,Scotland,Scotland,4.0,Curacao,Curacao,1.0,FT,2026-05-30T12:00:00.000Z,1.08,False,matched
2026-05-31,Brazil,Panama,6,2,Friendly,Rio de Janeiro,Brazil,False,home_win,4,5629007.0,20260601,914609.0,Friendlies,Brazil,Brazil,6.0,Panama,Panama,2.0,FT,2026-05-31T21:30:00.000Z,1.08,False,matched
2026-05-31,Cape Verde,Serbia,3,0,Friendly,Lisbon,Portugal,True,home_win,3,5667645.0,20260601,914609.0,Friendlies,Cape Verde,Cape Verde,3.0,Serbia,Serbia,0.0,FT,2026-05-31T15:00:00.000Z,1.08,False,matched
2026-05-31,Czech Republic,Kosovo,2,1,Friendly,Prague,Czech Republic,False,home_win,1,5629006.0,20260531,914609.0,Friendlies,Czechia,Czechia,2.0,Kosovo,Kosovo,1.0,FT,2026-05-31T14:00:00.000Z,1.08,False,matched
2026-05-31,Germany,Finland,4,0,Friendly,Mainz,Germany,False,home_win,4,5084826.0,20260601,914609.0,Friendlies,Germany,Germany,4.0,Finland,Finland,0.0,FT,2026-05-31T18:45:00.000Z,1.08,False,matched
2026-05-31,Switzerland,Jordan,4,1,Friendly,St. Gallen,Switzerland,False,home_win,3,5418294.0,20260531,914609.0,Friendlies,Switzerland,Switzerland,4.0,Jordan,Jordan,1.0,FT,2026-05-31T13:00:00.000Z,1.08,False,matched
2026-05-31,United States,Senegal,3,2,Friendly,Charlotte,United States,False,home_win,1,5098971.0,20260601,914609.0,Friendlies,USA,USA,3.0,Senegal,Senegal,2.0,FT,2026-05-31T19:30:00.000Z,1.08,False,matched
2026-05-31,Japan,Iceland,1,0,Friendly,Tokyo,Japan,False,home_win,1,5418293.0,20260531,914609.0,Friendlies,Japan,Japan,1.0,Iceland,Iceland,0.0,FT,2026-05-31T10:25:00.000Z,1.08,False,matched
2026-06-01,Austria,Tunisia,1,0,Friendly,Vienna,Austria,False,home_win,1,5154119.0,20260602,914609.0,Friendlies,Austria,Austria,1.0,Tunisia,Tunisia,0.0,FT,2026-06-01T18:45:00.000Z,1.08,False,matched
2026-06-01,Canada,Uzbekistan,2,0,Friendly,Edmonton,Canada,False,home_win,2,5142040.0,20260602,914609.0,Friendlies,Canada,Canada,2.0,Uzbekistan,Uzbekistan,0.0,FT,2026-06-02T01:00:00.000Z,1.08,False,matched
2026-06-01,Colombia,Costa Rica,3,1,Friendly,Bogotá,Colombia,False,home_win,2,5629008.0,20260602,914609.0,Friendlies,Colombia,Colombia,3.0,Costa Rica,Costa Rica,1.0,FT,2026-06-01T23:00:00.000Z,1.08,False,matched
2026-06-01,Norway,Sweden,3,1,Friendly,Oslo,Norway,False,home_win,2,5269692.0,20260602,914609.0,Friendlies,Norway,Norway,3.0,Sweden,Sweden,1.0,FT,2026-06-01T17:00:00.000Z,1.08,False,matched
2026-06-01,Turkey,North Macedonia,4,0,Friendly,Istanbul,Turkey,False,home_win,4,5483930.0,20260602,914609.0,Friendlies,Turkiye,Turkiye,4.0,North Macedonia,North Macedonia,0.0,FT,2026-06-01T17:30:00.000Z,1.08,False,matched
2026-06-02,Croatia,Belgium,0,2,Friendly,Rijeka,Croatia,False,away_win,-2,5147839.0,20260603,914609.0,Friendlies,Croatia,Croatia,0.0,Belgium,Belgium,2.0,FT,2026-06-02T16:00:00.000Z,1.08,False,matched
2026-06-02,Haiti,New Zealand,4,0,Friendly,Fort Lauderdale,United States,True,home_win,4,5629010.0,20260603,914609.0,Friendlies,Haiti,Haiti,4.0,New Zealand,New Zealand,0.0,FT,2026-06-03T00:36:00.000Z,1.08,False,matched
2026-06-02,Morocco,Madagascar,4,0,Friendly,Rabat,Morocco,False,home_win,4,5604660.0,20260603,914609.0,Friendlies,Morocco,Morocco,4.0,Madagascar,Madagascar,0.0,FT,2026-06-02T17:00:00.000Z,1.08,False,matched
2026-06-02,Wales,Ghana,1,1,Friendly,Cardiff,Wales,False,draw,0,5226683.0,20260603,914609.0,Friendlies,Wales,Wales,1.0,Ghana,Ghana,1.0,FT,2026-06-02T18:45:00.000Z,1.08,False,matched
2026-06-03,DR Congo,Denmark,0,0,Friendly,Liège,Belgium,True,draw,0,5425678.0,20260604,914609.0,Friendlies,DR Congo,DR Congo,0.0,Denmark,Denmark,0.0,FT,2026-06-03T18:00:00.000Z,1.08,False,matched
2026-06-03,South Korea,El Salvador,1,0,Friendly,Provo,United States,True,home_win,1,5628901.0,20260604,914609.0,Friendlies,South Korea,South Korea,1.0,El Salvador,El Salvador,0.0,FT,2026-06-04T01:00:00.000Z,1.08,False,matched
2026-06-03,Netherlands,Algeria,0,1,Friendly,Rotterdam,Netherlands,False,away_win,-1,5212021.0,20260604,914609.0,Friendlies,Netherlands,Netherlands,0.0,Algeria,Algeria,1.0,FT,2026-06-03T18:45:00.000Z,1.08,False,matched
2026-06-03,Panama,Dominican Republic,4,2,Friendly,Panama City,Panama,False,home_win,2,5729607.0,20260604,914609.0,Friendlies,Panama,Panama,4.0,Dominican Republic,Dominican Republic,2.0,FT,2026-06-04T00:45:00.000Z,1.08,False,matched
2026-06-04,France,Ivory Coast,1,2,Friendly,Nantes,France,False,away_win,-1,5246832.0,20260605,914609.0,Friendlies,France,France,1.0,Ivory Coast,Ivory Coast,2.0,FT,2026-06-04T19:10:00.000Z,1.08,False,matched
2026-06-04,Guatemala,Czech Republic,1,5,Friendly,Harrison,United States,True,away_win,-4,,,,,,,,,,,,,,,not_matched
2026-06-04,Iran,Mali,2,0,Friendly,Antalya,Turkey,True,home_win,2,,,,,,,,,,,,,,,not_matched
2026-06-04,Mexico,Serbia,5,1,Friendly,Toluca,Mexico,False,home_win,4,5217286.0,20260605,914609.0,Friendlies,Mexico,Mexico,5.0,Serbia,Serbia,1.0,FT,2026-06-05T02:00:00.000Z,1.08,False,matched
2026-06-04,Spain,Iraq,1,1,Friendly,A Coruña,Spain,False,draw,0,5451161.0,20260605,914609.0,Friendlies,Spain,Spain,1.0,Iraq,Iraq,1.0,FT,2026-06-04T19:00:00.000Z,1.08,False,matched
2026-06-04,Sweden,Greece,2,2,Friendly,Solna,Sweden,False,draw,0,5418296.0,20260605,914609.0,Friendlies,Sweden,Sweden,2.0,Greece,Greece,2.0,FT,2026-06-04T17:00:00.000Z,1.08,False,matched
2026-06-05,Canada,Republic of Ireland,1,1,Friendly,Montreal,Canada,False,draw,0,5418305.0,20260606,914609.0,Friendlies,Canada,Canada,1.0,Ireland,Ireland,1.0,FT,2026-06-05T23:45:00.000Z,1.04,False,matched
2026-06-05,Haiti,Peru,1,2,Friendly,Miami,United States,True,away_win,-1,5729844.0,20260606,914609.0,Friendlies,Haiti,Haiti,1.0,Peru,Peru,2.0,FT,2026-06-06T00:00:00.000Z,1.08,False,matched
2026-06-05,Paraguay,Nicaragua,4,0,Friendly,Asunción,Paraguay,False,home_win,4,5729928.0,20260606,914609.0,Friendlies,Paraguay,Paraguay,4.0,Nicaragua,Nicaragua,0.0,FT,2026-06-05T22:45:00.000Z,1.08,False,matched
2026-06-05,Puerto Rico,Saudi Arabia,0,3,Friendly,Austin,United States,True,away_win,-3,5737559.0,20260606,914609.0,Friendlies,Puerto Rico,Puerto Rico,0.0,Saudi Arabia,Saudi Arabia,3.0,FT,2026-06-05T23:00:00.000Z,1.08,False,matched
2026-06-06,Argentina,Honduras,2,0,Friendly,College Station,United States,True,home_win,2,5656195.0,20260607,914609.0,Friendlies,Argentina,Argentina,2.0,Honduras,Honduras,0.0,FT,2026-06-07T00:00:00.000Z,1.08,False,matched
2026-06-06,Australia,Switzerland,1,1,Friendly,San Diego,United States,True,draw,0,5418306.0,20260607,914609.0,Friendlies,Switzerland,Switzerland,1.0,Australia,Australia,1.0,FT,2026-06-06T19:00:00.000Z,1.08,True,matched
2026-06-06,Belgium,Tunisia,5,0,Friendly,Brussels,Belgium,False,home_win,5,5154126.0,20260606,914609.0,Friendlies,Belgium,Belgium,5.0,Tunisia,Tunisia,0.0,FT,2026-06-06T13:00:00.000Z,1.08,False,matched
2026-06-06,Bermuda,Cape Verde,3,0,Friendly,East Hartford,United States,True,home_win,3,,,,,,,,,,,,,,,not_matched
2026-06-06,Bolivia,Scotland,0,4,Friendly,Harrison,United States,True,away_win,-4,5418303.0,20260607,914609.0,Friendlies,Bolivia,Bolivia,0.0,Scotland,Scotland,4.0,FT,2026-06-06T20:00:00.000Z,1.08,False,matched
2026-06-06,Brazil,Egypt,2,1,Friendly,Cleveland,United States,True,home_win,1,5667813.0,20260607,914609.0,Friendlies,Brazil,Brazil,2.0,Egypt,Egypt,1.0,FT,2026-06-06T22:00:00.000Z,1.08,False,matched
2026-06-06,Curaçao,Aruba,4,0,Friendly,Willemstad,Curaçao,False,home_win,4,,,,,,,,,,,,,,,not_matched
2026-06-06,England,New Zealand,1,0,Friendly,Tampa,United States,True,home_win,1,5213042.0,20260607,914609.0,Friendlies,England,England,1.0,New Zealand,New Zealand,0.0,FT,2026-06-06T20:00:00.000Z,1.08,False,matched
2026-06-06,Jamaica,South Africa,0,1,Friendly,Pachuca,Mexico,True,away_win,-1,,,,,,,,,,,,,,,not_matched
2026-06-06,Panama,Bosnia and Herzegovina,1,1,Friendly,St. Louis,United States,True,draw,0,5737313.0,20260607,914609.0,Friendlies,Panama,Panama,1.0,Bosnia and Herzegovina,Bosnia and Herzegovina,1.0,FT,2026-06-06T19:00:00.000Z,1.08,False,matched
2026-06-06,Portugal,Chile,2,1,Friendly,Oeiras,Portugal,False,home_win,1,5418304.0,20260607,914609.0,Friendlies,Portugal,Portugal,2.0,Chile,Chile,1.0,FT,2026-06-06T17:45:00.000Z,1.08,False,matched
2026-06-06,Qatar,El Salvador,0,0,Friendly,Los Angeles,United States,True,draw,0,5406266.0,20260607,914609.0,Friendlies,Qatar,Qatar,0.0,El Salvador,El Salvador,0.0,FT,2026-06-06T20:00:00.000Z,1.08,False,matched
2026-06-06,United States,Germany,1,2,Friendly,Chicago,United States,False,away_win,-1,5084645.0,20260607,914609.0,Friendlies,USA,USA,1.0,Germany,Germany,2.0,FT,2026-06-06T18:30:00.000Z,1.08,False,matched
2026-06-06,Venezuela,Turkey,1,2,Friendly,Fort Lauderdale,United States,True,away_win,-1,5483931.0,20260607,914609.0,Friendlies,Turkiye,Turkiye,2.0,Venezuela,Venezuela,1.0,FT,2026-06-06T22:00:00.000Z,1.08,True,matched
2026-06-07,Croatia,Slovenia,2,1,Friendly,Varaždin,Croatia,False,home_win,1,5159769.0,20260608,914609.0,Friendlies,Croatia,Croatia,2.0,Slovenia,Slovenia,1.0,FT,2026-06-07T18:45:00.000Z,1.08,False,matched
2026-06-07,Ecuador,Guatemala,3,0,Friendly,Columbus,United States,True,home_win,3,5349852.0,20260608,914609.0,Friendlies,Ecuador,Ecuador,3.0,Guatemala,Guatemala,0.0,FT,2026-06-07T20:15:00.000Z,1.08,False,matched
2026-06-07,Jordan,Colombia,0,2,Friendly,San Diego,United States,True,away_win,-2,5629009.0,20260608,914609.0,Friendlies,Colombia,Colombia,2.0,Jordan,Jordan,0.0,FT,2026-06-07T23:00:00.000Z,1.08,True,matched
2026-06-07,Morocco,Norway,1,1,Friendly,Harrison,United States,True,draw,0,5333656.0,20260608,914609.0,Friendlies,Morocco,Morocco,1.0,Norway,Norway,1.0,FT,2026-06-07T19:00:00.000Z,1.08,False,matched
2026-06-08,France,Northern Ireland,3,1,Friendly,Lille,France,False,home_win,2,5344896.0,20260609,914609.0,Friendlies,France,France,3.0,Northern Ireland,Northern Ireland,1.0,FT,2026-06-08T19:10:00.000Z,1.08,False,matched
2026-06-08,Netherlands,Uzbekistan,2,1,Friendly,New York,United States,True,home_win,1,5648191.0,20260609,914609.0,Friendlies,Netherlands,Netherlands,2.0,Uzbekistan,Uzbekistan,1.0,FT,2026-06-08T18:45:00.000Z,1.08,False,matched
2026-06-08,Peru,Spain,1,3,Friendly,Puebla,Mexico,True,away_win,-2,5293453.0,20260609,914609.0,Friendlies,Peru,Peru,1.0,Spain,Spain,3.0,FT,2026-06-09T02:00:00.000Z,1.08,False,matched
2026-06-09,Argentina,Iceland,3,0,Friendly,Auburn,United States,True,home_win,3,5418307.0,20260610,914609.0,Friendlies,Argentina,Argentina,3.0,Iceland,Iceland,0.0,FT,2026-06-10T01:00:00.000Z,1.08,False,matched
2026-06-09,DR Congo,Chile,1,2,Friendly,Orléans,France,True,away_win,-1,5737637.0,20260610,914609.0,Friendlies,DR Congo,DR Congo,1.0,Chile,Chile,2.0,FT,2026-06-09T16:00:00.000Z,1.08,False,matched
2026-06-09,Saudi Arabia,Senegal,0,0,Friendly,San Antonio,United States,True,draw,0,5737639.0,20260610,914609.0,Friendlies,Saudi Arabia,Saudi Arabia,0.0,Senegal,Senegal,0.0,FT,2026-06-09T23:00:00.000Z,1.08,False,matched
2026-06-09,Iraq,Venezuela,0,2,Friendly,Bridgeview,United States,True,away_win,-2,5737640.0,20260610,914609.0,Friendlies,Iraq,Iraq,0.0,Venezuela,Venezuela,2.0,FT,2026-06-10T01:00:00.000Z,1.08,False,matched
2026-06-10,Bolivia,Algeria,0,4,Friendly,Kansas City,United States,True,away_win,-4,5736393.0,20260611,914609.0,Friendlies,Bolivia,Bolivia,0.0,Algeria,Algeria,4.0,FT,2026-06-11T00:00:00.000Z,1.08,False,matched
2026-06-10,England,Costa Rica,3,0,Friendly,Orlando,United States,True,home_win,3,5213043.0,20260611,914609.0,Friendlies,England,England,3.0,Costa Rica,Costa Rica,0.0,FT,2026-06-10T21:00:00.000Z,1.08,False,matched
2026-06-10,Portugal,Nigeria,2,1,Friendly,Leiria,Portugal,False,home_win,1,5293170.0,20260611,914609.0,Friendlies,Portugal,Portugal,2.0,Nigeria,Nigeria,1.0,FT,2026-06-10T19:45:00.000Z,1.08,False,matched
